paper_id,doi,source,query_id,query,outlet,url,title,summary,published_date,retrieved_on
1,10.1001/jama.2025.16613,serpapi_google_news,Q2_author_topic,"""Nagata"" ""Adolescent Brain Cognitive Development"" ""social media""",NPR,https://www.npr.org/sections/shots-health-news/2025/10/13/nx-s1-5571050/social-media-teens-brains-reading-memory,"Kids who use social media score lower on reading and memory tests, a study shows",,"10/13/2025, 07:00 AM, +0000 UTC",2026-05-09T03:52:00.118064Z
1,10.1001/jama.2025.16613,serpapi_google_news,Q2_author_topic,"""Nagata"" ""Adolescent Brain Cognitive Development"" ""social media""",PsyPost,https://www.psypost.org/more-time-spent-on-social-media-is-linked-to-a-thinner-cerebral-cortex-in-young-adolescents/,More time spent on social media is linked to a thinner cerebral cortex in young adolescents,,"04/15/2026, 07:00 AM, +0000 UTC",2026-05-09T03:52:00.118064Z
1,10.1001/jama.2025.16613,serpapi_google_news,Q2_author_topic,"""Nagata"" ""Adolescent Brain Cognitive Development"" ""social media""",MedPage Today,https://www.medpagetoday.com/pediatrics/generalpediatrics/117911,Increasing Social Media Use in Preteens May Be Hurting Cognition Too,,"10/13/2025, 07:00 AM, +0000 UTC",2026-05-09T03:52:00.118064Z
1,10.1001/jama.2025.16613,serpapi_google_news,Q2_author_topic,"""Nagata"" ""Adolescent Brain Cognitive Development"" ""social media""",Medical Xpress,https://medicalxpress.com/news/2026-01-teens-cellphones-hour-day-school.html,"Teens use cellphones for an hour a day at school, study finds",,"01/10/2026, 08:00 AM, +0000 UTC",2026-05-09T03:52:00.118064Z
1,10.1001/jama.2025.16613,serpapi_google_news,Q2_author_topic,"""Nagata"" ""Adolescent Brain Cognitive Development"" ""social media""",the Manitoban,https://themanitoban.com/2025/11/social-media-use-linked-to-cognitive-decline-in-youth/51082/,Social media use linked to cognitive decline in youth,,"11/26/2025, 08:00 AM, +0000 UTC",2026-05-09T03:52:00.118064Z
1,10.1001/jama.2025.16613,serpapi_google_news,Q2_author_topic,"""Nagata"" ""Adolescent Brain Cognitive Development"" ""social media""",U.S. News & World Report,https://www.usnews.com/news/health-news/articles/2025-10-14/social-media-might-stunt-students-intellect-study-says,"Social Media Might Stunt Students' Intellect, Study Says",,"10/14/2025, 07:00 AM, +0000 UTC",2026-05-09T03:52:00.118064Z
1,10.1001/jama.2025.16613,serpapi_google_news,Q2_author_topic,"""Nagata"" ""Adolescent Brain Cognitive Development"" ""social media""",Contemporary Pediatrics,https://www.contemporarypediatrics.com/view/jason-nagata-md-msc-highlights-frequent-teen-smartphone-use-during-school-hours,"Jason Nagata, MD, MSc, highlights frequent teen smartphone use during school hours",,"01/19/2026, 08:00 AM, +0000 UTC",2026-05-09T03:52:00.118064Z
1,10.1001/jama.2025.16613,serpapi_google_news,Q2_author_topic,"""Nagata"" ""Adolescent Brain Cognitive Development"" ""social media""",Education Week,https://www.edweek.org/leadership/kids-social-media-use-linked-to-lower-reading-and-memory-scores-study-suggests/2025/10,"Kids’ Social Media Use Linked to Lower Reading and Memory Scores, Study Suggests",,"10/17/2025, 07:00 AM, +0000 UTC",2026-05-09T03:52:00.118064Z
1,10.1001/jama.2025.16613,serpapi_google_news,Q2_author_topic,"""Nagata"" ""Adolescent Brain Cognitive Development"" ""social media""",The Washington Post,https://www.washingtonpost.com/lifestyle/2025/06/11/social-media-use-depression-tweens/,New study shows social media use predicted future depression in tweens,,"06/11/2025, 07:00 AM, +0000 UTC",2026-05-09T03:52:00.118064Z
1,10.1001/jama.2025.16613,serpapi_google_news,Q2_author_topic,"""Nagata"" ""Adolescent Brain Cognitive Development"" ""social media""",LiveNOW from FOX,https://www.livenowfox.com/news/adolescent-social-media-depression-study,Social media use triples depression symptoms for pre-teens: Study,,"05/23/2025, 07:00 AM, +0000 UTC",2026-05-09T03:52:00.118064Z
1,10.1001/jama.2025.16613,serpapi_google_news,Q2_author_topic,"""Nagata"" ""Adolescent Brain Cognitive Development"" ""social media""",MedPage Today,https://www.medpagetoday.com/pediatrics/generalpediatrics/119288,Teens Spend an Hour on Their Smartphones at School,,"01/05/2026, 08:00 AM, +0000 UTC",2026-05-09T03:52:00.118064Z
1,10.1001/jama.2025.16613,serpapi_google_news,Q2_author_topic,"""Nagata"" ""Adolescent Brain Cognitive Development"" ""social media""",Jang,https://jang.com.pk/en/49920-prolonged-social-media-use-may-reduce-intelligence-study-news,"Prolonged social media use may reduce intelligence, study",,"10/14/2025, 07:00 AM, +0000 UTC",2026-05-09T03:52:00.118064Z
1,10.1001/jama.2025.16613,serpapi_google_news,Q2_author_topic,"""Nagata"" ""Adolescent Brain Cognitive Development"" ""social media""",Contemporary Pediatrics,https://www.contemporarypediatrics.com/view/social-media-potentially-linked-to-depression-in-children,Social media potentially linked to depression in children,,"05/22/2025, 07:00 AM, +0000 UTC",2026-05-09T03:52:00.118064Z
1,10.1001/jama.2025.16613,serpapi_google_news,Q2_author_topic,"""Nagata"" ""Adolescent Brain Cognitive Development"" ""social media""",Science News,https://www.sciencenews.org/article/social-media-addictive-meta-youtube,"Social media is designed to be addictive, jury finds. Research links excessive use to mental harm",,"03/26/2026, 07:00 AM, +0000 UTC",2026-05-09T03:52:00.118064Z
1,10.1001/jama.2025.16613,serpapi_google_news,Q2_author_topic,"""Nagata"" ""Adolescent Brain Cognitive Development"" ""social media""",SciTechDaily,https://scitechdaily.com/excessive-screen-time-in-preteens-linked-to-suicidal-behavior/,Excessive Screen Time in Preteens Linked to Suicidal Behavior,,"03/11/2023, 08:00 AM, +0000 UTC",2026-05-09T03:52:00.118064Z
1,10.1001/jama.2025.16613,serpapi_google_news,Q2_author_topic,"""Nagata"" ""Adolescent Brain Cognitive Development"" ""social media""",Arab Times Kuwait News,https://www.arabtimesonline.com/news/kids-who-use-more-social-media-perform-worse-on-reading-and-memory-tests-study/,Kids who use more social media perform worse on reading and memory tests: study,,"10/14/2025, 07:00 AM, +0000 UTC",2026-05-09T03:52:00.118064Z
1,10.1001/jama.2025.16613,serpapi_google_news,Q3_title_fragment,"""Social Media Use Trajectories and Cognitive""",MedPage Today,https://www.medpagetoday.com/pediatrics/generalpediatrics/117911,Increasing Social Media Use in Preteens May Be Hurting Cognition Too,,"10/13/2025, 07:00 AM, +0000 UTC",2026-05-09T03:52:00.695575Z
1,10.1001/jama.2025.16613,serpapi_google_news,Q3_title_fragment,"""Social Media Use Trajectories and Cognitive""",The People's Pharmacy,https://www.peoplespharmacy.com/articles/screentime-before-bedtime-means-less-sleep-for-tweens,Does More Screen Time Pose Hazards for Everyone?,,"04/20/2026, 07:00 AM, +0000 UTC",2026-05-09T03:52:00.695575Z
1,10.1001/jama.2025.16613,serpapi_google_news,Q3_title_fragment,"""Social Media Use Trajectories and Cognitive""",Medical Xpress,https://medicalxpress.com/news/2025-10-social-media-usage-linked-cognitive.html,Social media usage linked to lower cognitive performance in preteens,,"10/18/2025, 07:00 AM, +0000 UTC",2026-05-09T03:52:00.695575Z
1,10.1001/jama.2025.16613,serpapi_google_news,Q3_title_fragment,"""Social Media Use Trajectories and Cognitive""",PsyPost,https://www.psypost.org/higher-social-media-engagement-linked-to-reduced-performance-on-cognitive-assessments/,Higher social media engagement linked to reduced performance on cognitive assessments,,"12/02/2025, 08:00 AM, +0000 UTC",2026-05-09T03:52:00.695575Z
1,10.1001/jama.2025.16613,serpapi_google_news,Q3_title_fragment,"""Social Media Use Trajectories and Cognitive""",American Medical Association,https://www.ama-assn.org/about/publications-newsletters/look-out-pickleball-s-popularity-soars-so-do-eye-injuries,"Look out! As pickleball’s popularity soars, so do eye injuries",,"10/16/2025, 07:00 AM, +0000 UTC",2026-05-09T03:52:00.695575Z
1,10.1001/jama.2025.16613,serpapi_google,Q4_eurekalert,"""Nagata"" ""social media"" site:eurekalert.org",https://www.eurekalert.org › news-releases,https://www.eurekalert.org/news-releases/1101286,Social media use trajectories and cognitive performance in ...,"Social media use trajectories and cognitive performance in adolescents ... Nagata, MD, MSc, email jason.nagata@ucsf.edu. To access the ...","Oct 13, 2025",2026-05-09T03:52:04.116387Z
1,10.1001/jama.2025.16613,serpapi_google,Q4_eurekalert,"""Nagata"" ""social media"" site:eurekalert.org",https://www.eurekalert.org › news-releases,https://www.eurekalert.org/news-releases/1065105,Social media linked to early substance use in US pre-teens,"Social media linked to early substance use in US pre-teens ... Nagata, MD, an associate professor of pediatrics at the University ...","Nov 15, 2024",2026-05-09T03:52:04.116387Z
1,10.1001/jama.2025.16613,serpapi_google,Q4_eurekalert,"""Nagata"" ""social media"" site:eurekalert.org",https://www.eurekalert.org › news-releases,https://www.eurekalert.org/news-releases/1111741,Study: Teens use cellphones for an hour a day at school,"Social media apps are the main content. The effect of state laws ... Jason Nagata, an associate professor of pediatrics at the University of ...","Jan 6, 2026",2026-05-09T03:52:04.116387Z
1,10.1001/jama.2025.16613,serpapi_google,Q4_eurekalert,"""Nagata"" ""social media"" site:eurekalert.org",https://www.eurekalert.org › news-releases,https://www.eurekalert.org/news-releases/1084464,Social media use and depressive symptoms during early ...,"Social media use and depressive symptoms during early adolescence ... Nagata, MD, email Jason.nagata@ucsf.edu. To access the embargoed ...","May 21, 2025",2026-05-09T03:52:04.116387Z
1,10.1001/jama.2025.16613,serpapi_google,Q4_eurekalert,"""Nagata"" ""social media"" site:eurekalert.org",https://www.eurekalert.org › news-releases,https://www.eurekalert.org/news-releases/990379,unveiling teen-friendly social media habits for optimal sleep,"... social media use in adolescence. Both advisories note potential ... Nagata, MD, assistant professor of pediatrics at the University of ...","May 24, 2023",2026-05-09T03:52:04.116387Z
1,10.1001/jama.2025.16613,serpapi_google,Q4_eurekalert,"""Nagata"" ""social media"" site:eurekalert.org",https://www.eurekalert.org › news-releases,https://www.eurekalert.org/news-releases/763232,Excessive social media use linked to binge eating in US ...,"Excessive social media use linked to binge eating in US preteens ... Nagata, MD, assistant professor of pediatrics at the University of ...","Mar 1, 2021",2026-05-09T03:52:04.116387Z
1,10.1001/jama.2025.16613,serpapi_google,Q4_eurekalert,"""Nagata"" ""social media"" site:eurekalert.org",https://www.eurekalert.org › news-releases,https://www.eurekalert.org/news-releases/1084461,"Yes, social media might be making kids depressed",... Nagata. “These findings provide evidence that social media may be contributing to the development of depressive symptoms.” While it's ...,"May 21, 2025",2026-05-09T03:52:04.116387Z
1,10.1001/jama.2025.16613,serpapi_google,Q4_eurekalert,"""Nagata"" ""social media"" site:eurekalert.org",https://www.eurekalert.org › news-releases,https://www.eurekalert.org/news-releases/1052053,Sleep and social media in tweens: Tips for better rest,"“Ensuring adolescents get enough sleep is vital, as it supports their physical and mental growth and development,” says lead author Jason Nagata ...","Jul 22, 2024",2026-05-09T03:52:04.116387Z
1,10.1001/jama.2025.16613,serpapi_google,Q4_eurekalert,"""Nagata"" ""social media"" site:eurekalert.org",https://www.eurekalert.org › news-releases,https://www.eurekalert.org/news-releases/938448,Parents underestimate teens' social media use during ...,"... social media and multi-player video games (versus texting, video ... Nagata, MD, assistant professor of pediatrics at the University of ...","Dec 17, 2021",2026-05-09T03:52:04.116387Z
1,10.1001/jama.2025.16613,serpapi_google,Q4_eurekalert,"""Nagata"" ""social media"" site:eurekalert.org",https://www.eurekalert.org › news-releases,https://www.eurekalert.org/news-releases/1074319,Screen time linked to bipolar and manic symptoms in U.S. ...,"The findings reveal that 10- to 11-year-olds who engage heavily with social media ... Nagata, MD, an associate professor of pediatrics at ...","Feb 20, 2025",2026-05-09T03:52:04.116387Z
3,10.1001/jama.2025.7829,serpapi_google_news,Q2_author_topic,"""Xiao"" ""Adolescent Brain Cognitive Development"" ""screen use""",Columbia University Irving Medical Center,https://www.cuimc.columbia.edu/news/addictive-use-social-media-not-total-time-associated-youth-mental-health,"Addictive Use of Social Media, Not Total Time, Associated with Youth Mental Health",,"06/18/2025, 07:00 AM, +0000 UTC",2026-05-09T03:52:05.440890Z
3,10.1001/jama.2025.7829,serpapi_google_news,Q2_author_topic,"""Xiao"" ""Adolescent Brain Cognitive Development"" ""screen use""",Science News,https://www.sciencenews.org/article/screen-addiction-teens-mental-health,"Screen addiction affects teens’ mental health. How to spot it, and help",,"07/22/2025, 07:00 AM, +0000 UTC",2026-05-09T03:52:05.440890Z
3,10.1001/jama.2025.7829,serpapi_google_news,Q2_author_topic,"""Xiao"" ""Adolescent Brain Cognitive Development"" ""screen use""",MedPage Today,https://www.medpagetoday.com/pediatrics/generalpediatrics/116127,Addiction to Screen Time Tied to Suicidality in U.S. Kids,,"06/18/2025, 07:00 AM, +0000 UTC",2026-05-09T03:52:05.440890Z
3,10.1001/jama.2025.7829,serpapi_google_news,Q2_author_topic,"""Xiao"" ""Adolescent Brain Cognitive Development"" ""screen use""",Medscape,https://www.medscape.com/viewarticle/addictive-screen-use-not-total-time-linked-poor-mental-2025a1000gbs,"Addictive Screen Use, Not Total Time, Linked to Poor Mental Health in Teens",,"06/19/2025, 07:00 AM, +0000 UTC",2026-05-09T03:52:05.440890Z
3,10.1001/jama.2025.7829,serpapi_google_news,Q2_author_topic,"""Xiao"" ""Adolescent Brain Cognitive Development"" ""screen use""",NPR,https://www.npr.org/sections/shots-health-news/2025/06/18/nx-s1-5436951/jama-screens-teens-addiction-suicide-abcd,"Screen addiction and suicidal behaviors are linked for teens, a study shows : Shots - Health News",,"06/18/2025, 07:00 AM, +0000 UTC",2026-05-09T03:52:05.440890Z
3,10.1001/jama.2025.7829,serpapi_google_news,Q2_author_topic,"""Xiao"" ""Adolescent Brain Cognitive Development"" ""screen use""",Neuroscience News,https://neurosciencenews.com/teen-screen-addiction-suicide-29302/,"Addictive Screen Use, Not Time, Tied to Teen Suicide Risk",,"06/19/2025, 07:00 AM, +0000 UTC",2026-05-09T03:52:05.440890Z
3,10.1001/jama.2025.7829,serpapi_google_news,Q3_title_fragment,"""Addictive Screen Use Trajectories and Suicidal""",Mad In America,https://www.madinamerica.com/2026/05/the-digital-mental-health-paradox/,The Digital Mental Health Paradox,,"05/01/2026, 10:00 AM, +0000 UTC",2026-05-09T03:52:08.766356Z
3,10.1001/jama.2025.7829,serpapi_google_news,Q3_title_fragment,"""Addictive Screen Use Trajectories and Suicidal""",Medical Xpress,https://medicalxpress.com/news/2025-06-addictive-screen-total-linked-youth.html,"Addictive screen use, not total screen time, linked to youth suicide risk",,"06/18/2025, 07:00 AM, +0000 UTC",2026-05-09T03:52:08.766356Z
3,10.1001/jama.2025.7829,serpapi_google_news,Q3_title_fragment,"""Addictive Screen Use Trajectories and Suicidal""",Columbia University Irving Medical Center,https://www.cuimc.columbia.edu/news/addictive-use-social-media-not-total-time-associated-youth-mental-health,"Addictive Use of Social Media, Not Total Time, Associated with Youth Mental Health",,"06/18/2025, 07:00 AM, +0000 UTC",2026-05-09T03:52:08.766356Z
3,10.1001/jama.2025.7829,serpapi_google_news,Q3_title_fragment,"""Addictive Screen Use Trajectories and Suicidal""",Contemporary Pediatrics,https://www.contemporarypediatrics.com/view/addictive-screen-use-tied-to-youth-mental-health-risks,Addictive screen use tied to youth mental health risks,,"06/19/2025, 07:00 AM, +0000 UTC",2026-05-09T03:52:08.766356Z
3,10.1001/jama.2025.7829,serpapi_google_news,Q3_title_fragment,"""Addictive Screen Use Trajectories and Suicidal""",MedPage Today,https://www.medpagetoday.com/pediatrics/generalpediatrics/116127,Addiction to Screen Time Tied to Suicidality in U.S. Kids,,"06/18/2025, 07:00 AM, +0000 UTC",2026-05-09T03:52:08.766356Z
3,10.1001/jama.2025.7829,serpapi_google_news,Q3_title_fragment,"""Addictive Screen Use Trajectories and Suicidal""",Psychiatric Times,https://www.psychiatrictimes.com/view/teen-suicide-attempts-linked-to-late-night-screen-use-and-medication-access,Teen Suicide Attempts Linked to Late Night Screen Use and Medication Access,,"09/30/2025, 07:00 AM, +0000 UTC",2026-05-09T03:52:08.766356Z
3,10.1001/jama.2025.7829,serpapi_google_news,Q3_title_fragment,"""Addictive Screen Use Trajectories and Suicidal""",Neuroscience News,https://neurosciencenews.com/teen-screen-addiction-suicide-29302/,"Addictive Screen Use, Not Time, Tied to Teen Suicide Risk",,"06/19/2025, 07:00 AM, +0000 UTC",2026-05-09T03:52:08.766356Z
3,10.1001/jama.2025.7829,serpapi_google_news,Q3_title_fragment,"""Addictive Screen Use Trajectories and Suicidal""",Science News,https://www.sciencenews.org/article/screen-addiction-teens-mental-health,"Screen addiction affects teens’ mental health. How to spot it, and help",,"07/22/2025, 07:00 AM, +0000 UTC",2026-05-09T03:52:08.766356Z
3,10.1001/jama.2025.7829,serpapi_google_news,Q3_title_fragment,"""Addictive Screen Use Trajectories and Suicidal""",Psychology Today,https://www.psychologytoday.com/us/blog/some-assembly-required/202507/problematic-use-not-screen-time-impairs-youth-mental-health,Youth mental health concerns are more complicated than just screen time.,,"07/27/2025, 07:00 AM, +0000 UTC",2026-05-09T03:52:08.766356Z
3,10.1001/jama.2025.7829,serpapi_google_news,Q3_title_fragment,"""Addictive Screen Use Trajectories and Suicidal""",GIGAZINE,https://gigazine.net/gsc_news/en/20250620-addictive-use-sns-smartphones-suicidal-behaviors/,Teens addicted to social media and smartphones are at higher risk of suicidal behavior,,"06/20/2025, 07:00 AM, +0000 UTC",2026-05-09T03:52:08.766356Z
3,10.1001/jama.2025.7829,serpapi_google_news,Q3_title_fragment,"""Addictive Screen Use Trajectories and Suicidal""",Psychology Today,https://www.psychologytoday.com/us/blog/addiction-outlook/202506/hooked-on-screens,Suicidal behaviors in youths track compulsive social media use.,,"07/01/2025, 07:00 AM, +0000 UTC",2026-05-09T03:52:08.766356Z
3,10.1001/jama.2025.7829,serpapi_google,Q4_eurekalert,"""Xiao"" ""screen use"" site:eurekalert.org",https://www.eurekalert.org › news-releases,https://www.eurekalert.org/news-releases/1087939,"Study finds addictive screen use, not total ...",Xiao said. Though the study does not prove addictive screen use causes mental health problems—higher addiction use trajectories are linked to ...,"Jun 18, 2025",2026-05-09T03:52:11.029254Z
3,10.1001/jama.2025.7829,serpapi_google,Q4_eurekalert,"""Xiao"" ""screen use"" site:eurekalert.org",https://www.eurekalert.org › news-releases,https://www.eurekalert.org/news-releases/1087953,"Addictive use of social media, not total time, associated ...","... screen use,” says Yunyu Xiao, PhD, the first and lead author, assistant professor of population health science and psychiatry at Weill ...","Jun 18, 2025",2026-05-09T03:52:11.029254Z
3,10.1001/jama.2025.7829,serpapi_google,Q4_eurekalert,"""Xiao"" ""screen use"" site:eurekalert.org",https://www.eurekalert.org › news-releases,https://www.eurekalert.org/news-releases/1087529,Addictive screen use trajectories and suicidal behaviors ...,"Addictive screen use ... Corresponding Author: To contact the corresponding author, Yunyu Xiao, PhD, email yux4008@med.cornell.edu.","Jun 18, 2025",2026-05-09T03:52:11.029254Z
3,10.1001/jama.2025.7829,serpapi_google,Q4_eurekalert,"""Xiao"" ""screen use"" site:eurekalert.org",https://www.eurekalert.org › news-releases,https://www.eurekalert.org/news-releases/1067510,Too much screen time can reduce sleep quality in ...,"Excessive screen use by preschool-age children can lead to reduced ... Xiao, an expert in children's socio-emotional functioning and ...","Dec 12, 2024",2026-05-09T03:52:11.029254Z
3,10.1001/jama.2025.7829,serpapi_google,Q4_eurekalert,"""Xiao"" ""screen use"" site:eurekalert.org",https://www.eurekalert.org › news-releases,https://www.eurekalert.org/news-releases/994570,Screen time not harmful for academic skills of preschoolers,Results showed no significant effects of screen use time on the academic skills assessed in the study. High levels of screen media use were ...,"Jul 4, 2023",2026-05-09T03:52:11.029254Z
8,10.1001/jamanetworkopen.2025.11704,serpapi_google_news,Q2_author_topic,"""Nagata"" ""Adolescent Brain Cognitive Development"" ""social media""",NPR,https://www.npr.org/sections/shots-health-news/2025/10/13/nx-s1-5571050/social-media-teens-brains-reading-memory,"Kids who use social media score lower on reading and memory tests, a study shows",,"10/13/2025, 07:00 AM, +0000 UTC",2026-05-09T03:52:12.815424Z
8,10.1001/jamanetworkopen.2025.11704,serpapi_google_news,Q2_author_topic,"""Nagata"" ""Adolescent Brain Cognitive Development"" ""social media""",PsyPost,https://www.psypost.org/more-time-spent-on-social-media-is-linked-to-a-thinner-cerebral-cortex-in-young-adolescents/,More time spent on social media is linked to a thinner cerebral cortex in young adolescents,,"04/15/2026, 07:00 AM, +0000 UTC",2026-05-09T03:52:12.815424Z
8,10.1001/jamanetworkopen.2025.11704,serpapi_google_news,Q2_author_topic,"""Nagata"" ""Adolescent Brain Cognitive Development"" ""social media""",MedPage Today,https://www.medpagetoday.com/pediatrics/generalpediatrics/117911,Increasing Social Media Use in Preteens May Be Hurting Cognition Too,,"10/13/2025, 07:00 AM, +0000 UTC",2026-05-09T03:52:12.815424Z
8,10.1001/jamanetworkopen.2025.11704,serpapi_google_news,Q2_author_topic,"""Nagata"" ""Adolescent Brain Cognitive Development"" ""social media""",Medical Xpress,https://medicalxpress.com/news/2026-01-teens-cellphones-hour-day-school.html,"Teens use cellphones for an hour a day at school, study finds",,"01/10/2026, 08:00 AM, +0000 UTC",2026-05-09T03:52:12.815424Z
8,10.1001/jamanetworkopen.2025.11704,serpapi_google_news,Q2_author_topic,"""Nagata"" ""Adolescent Brain Cognitive Development"" ""social media""",the Manitoban,https://themanitoban.com/2025/11/social-media-use-linked-to-cognitive-decline-in-youth/51082/,Social media use linked to cognitive decline in youth,,"11/26/2025, 08:00 AM, +0000 UTC",2026-05-09T03:52:12.815424Z
8,10.1001/jamanetworkopen.2025.11704,serpapi_google_news,Q2_author_topic,"""Nagata"" ""Adolescent Brain Cognitive Development"" ""social media""",U.S. News & World Report,https://www.usnews.com/news/health-news/articles/2025-10-14/social-media-might-stunt-students-intellect-study-says,"Social Media Might Stunt Students' Intellect, Study Says",,"10/14/2025, 07:00 AM, +0000 UTC",2026-05-09T03:52:12.815424Z
8,10.1001/jamanetworkopen.2025.11704,serpapi_google_news,Q2_author_topic,"""Nagata"" ""Adolescent Brain Cognitive Development"" ""social media""",Contemporary Pediatrics,https://www.contemporarypediatrics.com/view/jason-nagata-md-msc-highlights-frequent-teen-smartphone-use-during-school-hours,"Jason Nagata, MD, MSc, highlights frequent teen smartphone use during school hours",,"01/19/2026, 08:00 AM, +0000 UTC",2026-05-09T03:52:12.815424Z
8,10.1001/jamanetworkopen.2025.11704,serpapi_google_news,Q2_author_topic,"""Nagata"" ""Adolescent Brain Cognitive Development"" ""social media""",Education Week,https://www.edweek.org/leadership/kids-social-media-use-linked-to-lower-reading-and-memory-scores-study-suggests/2025/10,"Kids’ Social Media Use Linked to Lower Reading and Memory Scores, Study Suggests",,"10/17/2025, 07:00 AM, +0000 UTC",2026-05-09T03:52:12.815424Z
8,10.1001/jamanetworkopen.2025.11704,serpapi_google_news,Q2_author_topic,"""Nagata"" ""Adolescent Brain Cognitive Development"" ""social media""",The Washington Post,https://www.washingtonpost.com/lifestyle/2025/06/11/social-media-use-depression-tweens/,New study shows social media use predicted future depression in tweens,,"06/11/2025, 07:00 AM, +0000 UTC",2026-05-09T03:52:12.815424Z
8,10.1001/jamanetworkopen.2025.11704,serpapi_google_news,Q2_author_topic,"""Nagata"" ""Adolescent Brain Cognitive Development"" ""social media""",LiveNOW from FOX,https://www.livenowfox.com/news/adolescent-social-media-depression-study,Social media use triples depression symptoms for pre-teens: Study,,"05/23/2025, 07:00 AM, +0000 UTC",2026-05-09T03:52:12.815424Z
8,10.1001/jamanetworkopen.2025.11704,serpapi_google_news,Q2_author_topic,"""Nagata"" ""Adolescent Brain Cognitive Development"" ""social media""",MedPage Today,https://www.medpagetoday.com/pediatrics/generalpediatrics/119288,Teens Spend an Hour on Their Smartphones at School,,"01/05/2026, 08:00 AM, +0000 UTC",2026-05-09T03:52:12.815424Z
8,10.1001/jamanetworkopen.2025.11704,serpapi_google_news,Q2_author_topic,"""Nagata"" ""Adolescent Brain Cognitive Development"" ""social media""",Jang,https://jang.com.pk/en/49920-prolonged-social-media-use-may-reduce-intelligence-study-news,"Prolonged social media use may reduce intelligence, study",,"10/14/2025, 07:00 AM, +0000 UTC",2026-05-09T03:52:12.815424Z
8,10.1001/jamanetworkopen.2025.11704,serpapi_google_news,Q2_author_topic,"""Nagata"" ""Adolescent Brain Cognitive Development"" ""social media""",Contemporary Pediatrics,https://www.contemporarypediatrics.com/view/social-media-potentially-linked-to-depression-in-children,Social media potentially linked to depression in children,,"05/22/2025, 07:00 AM, +0000 UTC",2026-05-09T03:52:12.815424Z
8,10.1001/jamanetworkopen.2025.11704,serpapi_google_news,Q2_author_topic,"""Nagata"" ""Adolescent Brain Cognitive Development"" ""social media""",Science News,https://www.sciencenews.org/article/social-media-addictive-meta-youtube,"Social media is designed to be addictive, jury finds. Research links excessive use to mental harm",,"03/26/2026, 07:00 AM, +0000 UTC",2026-05-09T03:52:12.815424Z
8,10.1001/jamanetworkopen.2025.11704,serpapi_google_news,Q2_author_topic,"""Nagata"" ""Adolescent Brain Cognitive Development"" ""social media""",SciTechDaily,https://scitechdaily.com/excessive-screen-time-in-preteens-linked-to-suicidal-behavior/,Excessive Screen Time in Preteens Linked to Suicidal Behavior,,"03/11/2023, 08:00 AM, +0000 UTC",2026-05-09T03:52:12.815424Z
8,10.1001/jamanetworkopen.2025.11704,serpapi_google_news,Q2_author_topic,"""Nagata"" ""Adolescent Brain Cognitive Development"" ""social media""",Arab Times Kuwait News,https://www.arabtimesonline.com/news/kids-who-use-more-social-media-perform-worse-on-reading-and-memory-tests-study/,Kids who use more social media perform worse on reading and memory tests: study,,"10/14/2025, 07:00 AM, +0000 UTC",2026-05-09T03:52:12.815424Z
8,10.1001/jamanetworkopen.2025.11704,serpapi_google_news,Q3_title_fragment,"""Social Media Use and Depressive Symptoms""",Nature,https://www.nature.com/articles/s41598-025-29258-x,Effects of problematic social media use on depressive symptoms,,"12/01/2025, 08:00 AM, +0000 UTC",2026-05-09T03:52:13.391973Z
8,10.1001/jamanetworkopen.2025.11704,serpapi_google_news,Q3_title_fragment,"""Social Media Use and Depressive Symptoms""",Medical Xpress,https://medicalxpress.com/news/2026-03-problematic-social-media-higher-depressive.html,Problematic social media use predicts higher depressive symptoms in adolescents under 16,,"03/16/2026, 07:00 AM, +0000 UTC",2026-05-09T03:52:13.391973Z
8,10.1001/jamanetworkopen.2025.11704,serpapi_google_news,Q3_title_fragment,"""Social Media Use and Depressive Symptoms""",Frontiers,https://www.frontiersin.org/journals/psychology/articles/10.3389/fpsyg.2026.1769765/full,Effects of social media use on depressive symptoms among Chinese university students: the mediating roles of self-esteem and social support,,"02/16/2026, 03:18 PM, +0000 UTC",2026-05-09T03:52:13.391973Z
8,10.1001/jamanetworkopen.2025.11704,serpapi_google_news,Q3_title_fragment,"""Social Media Use and Depressive Symptoms""",The Washington Post,https://www.washingtonpost.com/lifestyle/2025/06/11/social-media-use-depression-tweens/,New study shows social media use predicted future depression in tweens,,"06/11/2025, 07:00 AM, +0000 UTC",2026-05-09T03:52:13.391973Z
8,10.1001/jamanetworkopen.2025.11704,serpapi_google_news,Q3_title_fragment,"""Social Media Use and Depressive Symptoms""",Psychology Today,https://www.psychologytoday.com/us/blog/no-more-fomo/202507/is-social-media-making-teens-depressed,New research offers a clearer answer to the social media and depression link.,,"07/25/2025, 07:00 AM, +0000 UTC",2026-05-09T03:52:13.391973Z
8,10.1001/jamanetworkopen.2025.11704,serpapi_google_news,Q3_title_fragment,"""Social Media Use and Depressive Symptoms""",AJMC,https://www.ajmc.com/view/increased-social-media-use-linked-to-rising-depressive-symptoms-in-early-adolescents,Increased Social Media Use Linked to Rising Depressive Symptoms in Early Adolescents,,"05/21/2025, 07:00 AM, +0000 UTC",2026-05-09T03:52:13.391973Z
8,10.1001/jamanetworkopen.2025.11704,serpapi_google_news,Q3_title_fragment,"""Social Media Use and Depressive Symptoms""",Psychiatric Times,https://www.psychiatrictimes.com/view/social-media-use-in-older-adults-may-promote-positive-psychosocial-outcomes,Social Media Use in Older Adults May Promote Positive Psychosocial Outcomes,,"07/17/2025, 07:00 AM, +0000 UTC",2026-05-09T03:52:13.391973Z
8,10.1001/jamanetworkopen.2025.11704,serpapi_google_news,Q3_title_fragment,"""Social Media Use and Depressive Symptoms""",LiveNOW from FOX,https://www.livenowfox.com/news/adolescent-social-media-depression-study,Social media use triples depression symptoms for pre-teens: Study,,"05/23/2025, 07:00 AM, +0000 UTC",2026-05-09T03:52:13.391973Z
8,10.1001/jamanetworkopen.2025.11704,serpapi_google_news,Q3_title_fragment,"""Social Media Use and Depressive Symptoms""",Neuroscience News,https://neurosciencenews.com/social-media-teen-depression-29115/,"More Social Media, More Depression: Study Links Cause and Effect",,"05/22/2025, 07:00 AM, +0000 UTC",2026-05-09T03:52:13.391973Z
8,10.1001/jamanetworkopen.2025.11704,serpapi_google_news,Q3_title_fragment,"""Social Media Use and Depressive Symptoms""",Contemporary Pediatrics,https://www.contemporarypediatrics.com/view/social-media-potentially-linked-to-depression-in-children,Social media potentially linked to depression in children,,"05/22/2025, 07:00 AM, +0000 UTC",2026-05-09T03:52:13.391973Z
8,10.1001/jamanetworkopen.2025.11704,serpapi_google_news,Q3_title_fragment,"""Social Media Use and Depressive Symptoms""",Frontiers,https://www.frontiersin.org/journals/psychology/articles/10.3389/fpsyg.2025.1597241/full,The associations between social comparison on social media and young adults’ mental health,,"08/07/2025, 07:00 AM, +0000 UTC",2026-05-09T03:52:13.391973Z
8,10.1001/jamanetworkopen.2025.11704,serpapi_google_news,Q3_title_fragment,"""Social Media Use and Depressive Symptoms""",SciTechDaily,https://scitechdaily.com/science-confirms-social-media-could-be-making-kids-depressed/,Science Confirms: Social Media Could Be Making Kids Depressed,,"06/06/2025, 07:00 AM, +0000 UTC",2026-05-09T03:52:13.391973Z
8,10.1001/jamanetworkopen.2025.11704,serpapi_google_news,Q3_title_fragment,"""Social Media Use and Depressive Symptoms""",Nature,https://www.nature.com/articles/s41598-025-13909-0,Effect of patterns of social activities on depressive symptoms among older adults in china: a latent class analysis of CHARLS,,"08/06/2025, 07:00 AM, +0000 UTC",2026-05-09T03:52:13.391973Z
8,10.1001/jamanetworkopen.2025.11704,serpapi_google_news,Q3_title_fragment,"""Social Media Use and Depressive Symptoms""",Public Health Communication Centre,https://www.phcc.org.nz/briefing/evidence-supports-need-protect-adolescents-social-media-harms,Evidence supports the need to protect adolescents from social media harms,,"07/25/2025, 07:00 AM, +0000 UTC",2026-05-09T03:52:13.391973Z
8,10.1001/jamanetworkopen.2025.11704,serpapi_google_news,Q3_title_fragment,"""Social Media Use and Depressive Symptoms""",Medical Xpress,https://medicalxpress.com/news/2025-05-social-media-depression-preteens-vice.html,"Social media use increases depression in preteens, not vice versa, researchers find",,"05/21/2025, 07:00 AM, +0000 UTC",2026-05-09T03:52:13.391973Z
8,10.1001/jamanetworkopen.2025.11704,serpapi_google_news,Q3_title_fragment,"""Social Media Use and Depressive Symptoms""",Nature,https://www.nature.com/articles/s41598-025-05173-z,Exploring the relationship between physical activity and social media addiction among adolescents through a moderated mediation model,,"07/01/2025, 07:00 AM, +0000 UTC",2026-05-09T03:52:13.391973Z
8,10.1001/jamanetworkopen.2025.11704,serpapi_google_news,Q3_title_fragment,"""Social Media Use and Depressive Symptoms""",Nature,https://www.nature.com/articles/s41398-024-03142-0,Association between social media use and depressive symptoms in middle-aged and older Chinese adults,,"10/11/2024, 07:00 AM, +0000 UTC",2026-05-09T03:52:13.391973Z
8,10.1001/jamanetworkopen.2025.11704,serpapi_google_news,Q3_title_fragment,"""Social Media Use and Depressive Symptoms""",Nature,https://www.nature.com/articles/s41598-025-03163-9,Exploring the mediating role of insomnia on the nexus between social media addiction and mental health among university students,,"05/22/2025, 07:00 AM, +0000 UTC",2026-05-09T03:52:13.391973Z
8,10.1001/jamanetworkopen.2025.11704,serpapi_google_news,Q3_title_fragment,"""Social Media Use and Depressive Symptoms""",Nature,https://www.nature.com/articles/s41598-025-89762-y,A harsher reality for adolescents with depression on social media - Scientific Reports,,"03/31/2025, 07:00 AM, +0000 UTC",2026-05-09T03:52:13.391973Z
8,10.1001/jamanetworkopen.2025.11704,serpapi_google_news,Q3_title_fragment,"""Social Media Use and Depressive Symptoms""",Nature,https://www.nature.com/articles/s44271-023-00013-0,Associations between youth’s daily social media use and well-being are mediated by upward comparisons,,"08/22/2023, 07:00 AM, +0000 UTC",2026-05-09T03:52:13.391973Z
8,10.1001/jamanetworkopen.2025.11704,serpapi_google_news,Q3_title_fragment,"""Social Media Use and Depressive Symptoms""",Frontiers,https://www.frontiersin.org/journals/public-health/articles/10.3389/fpubh.2022.1062688/full,Social media use as a coping mechanism during the COVID-19 pandemic: A multidimensional perspective on adolescents' well-being,,"02/07/2024, 12:11 AM, +0000 UTC",2026-05-09T03:52:13.391973Z
8,10.1001/jamanetworkopen.2025.11704,serpapi_google_news,Q3_title_fragment,"""Social Media Use and Depressive Symptoms""",News-Medical,https://www.news-medical.net/news/20240130/Social-media-usage-and-depressive-symptoms-among-adolescents-in-India.aspx,Social media usage and depressive symptoms among adolescents in India,,"01/30/2024, 08:00 AM, +0000 UTC",2026-05-09T03:52:13.391973Z
8,10.1001/jamanetworkopen.2025.11704,serpapi_google_news,Q3_title_fragment,"""Social Media Use and Depressive Symptoms""",Medical Xpress,https://medicalxpress.com/news/2024-01-reveals-link-teen-personalities-social.html,"Research reveals possible link between teen personalities, social media preferences and depressive symptoms",,"01/18/2024, 08:00 AM, +0000 UTC",2026-05-09T03:52:13.391973Z
8,10.1001/jamanetworkopen.2025.11704,serpapi_google_news,Q3_title_fragment,"""Social Media Use and Depressive Symptoms""",Frontiers,https://www.frontiersin.org/journals/psychiatry/articles/10.3389/fpsyt.2022.1106004/full,Problematic Social Networking Site use-effects on mental health and the brain,,"01/30/2024, 09:31 AM, +0000 UTC",2026-05-09T03:52:13.391973Z
8,10.1001/jamanetworkopen.2025.11704,serpapi_google_news,Q3_title_fragment,"""Social Media Use and Depressive Symptoms""",Association for Psychological Science – APS,https://www.psychologicalscience.org/observer/longitudinal-data-show-no-evidence-of-teens-social-media-use-leading-to-depression,Longitudinal Data Show No Evidence of Teens’ Social Media Use Leading to Depression,,"02/27/2019, 08:00 AM, +0000 UTC",2026-05-09T03:52:13.391973Z
8,10.1001/jamanetworkopen.2025.11704,serpapi_google_news,Q3_title_fragment,"""Social Media Use and Depressive Symptoms""",Nature,https://www.nature.com/articles/s44277-024-00006-9,Probing the digital exposome: associations of social media use patterns with youth mental health,,"04/23/2024, 07:00 AM, +0000 UTC",2026-05-09T03:52:13.391973Z
8,10.1001/jamanetworkopen.2025.11704,serpapi_google_news,Q3_title_fragment,"""Social Media Use and Depressive Symptoms""",Frontiers,https://www.frontiersin.org/journals/psychology/articles/10.3389/fpsyg.2020.01949/full,Social Media Use and Mental Health and Well-Being Among Adolescents – A Scoping Review,,"08/13/2020, 07:00 AM, +0000 UTC",2026-05-09T03:52:13.391973Z
8,10.1001/jamanetworkopen.2025.11704,serpapi_google_news,Q3_title_fragment,"""Social Media Use and Depressive Symptoms""",HealthCentral,https://www.healthcentral.com/condition/depression/social-media-and-depression,Social Media and Depression: How to Help Your Kids,,"06/08/2022, 07:00 AM, +0000 UTC",2026-05-09T03:52:13.391973Z
8,10.1001/jamanetworkopen.2025.11704,serpapi_google_news,Q3_title_fragment,"""Social Media Use and Depressive Symptoms""",The Lancet,https://www.thelancet.com/journals/lanchi/article/PIIS2352-4642(24)00332-8/abstract,From social media to artificial intelligence: improving research on digital harms in youth,,"01/21/2025, 08:00 AM, +0000 UTC",2026-05-09T03:52:13.391973Z
8,10.1001/jamanetworkopen.2025.11704,serpapi_google_news,Q3_title_fragment,"""Social Media Use and Depressive Symptoms""",HCPLive,https://www.hcplive.com/view/study-shows-a-correlation-between-social-media-use-irritability,Study Shows a Correlation Between Social Media Use and Irritability,,"01/10/2025, 08:00 AM, +0000 UTC",2026-05-09T03:52:13.391973Z
8,10.1001/jamanetworkopen.2025.11704,serpapi_google_news,Q3_title_fragment,"""Social Media Use and Depressive Symptoms""",Nature,https://www.nature.com/articles/s41598-023-37185-y,The association between passive social network usage and depression/negative emotions with envy as a mediator,,"06/21/2023, 07:00 AM, +0000 UTC",2026-05-09T03:52:13.391973Z
8,10.1001/jamanetworkopen.2025.11704,serpapi_google_news,Q3_title_fragment,"""Social Media Use and Depressive Symptoms""",Frontiers,https://www.frontiersin.org/journals/psychiatry/articles/10.3389/fpsyt.2024.1517533/full,The youth mental health crisis: analysis and solutions,,"12/09/2024, 10:48 PM, +0000 UTC",2026-05-09T03:52:13.391973Z
8,10.1001/jamanetworkopen.2025.11704,serpapi_google_news,Q3_title_fragment,"""Social Media Use and Depressive Symptoms""",The Guardian,https://www.theguardian.com/society/2019/jan/04/depression-in-girls-linked-to-higher-use-of-social-media,Depression in girls linked to higher use of social media,,"01/04/2019, 08:00 AM, +0000 UTC",2026-05-09T03:52:13.391973Z
8,10.1001/jamanetworkopen.2025.11704,serpapi_google_news,Q3_title_fragment,"""Social Media Use and Depressive Symptoms""",Frontiers,https://www.frontiersin.org/journals/psychology/articles/10.3389/fpsyg.2023.1161300/full,"Should I post? The relationships among social media use, emotion recognition, and mental health",,"05/22/2023, 07:00 AM, +0000 UTC",2026-05-09T03:52:13.391973Z
8,10.1001/jamanetworkopen.2025.11704,serpapi_google_news,Q3_title_fragment,"""Social Media Use and Depressive Symptoms""",Neuroscience News,https://neurosciencenews.com/personality-social-media-teen-depression-25477/,Personality Traits and Social Media’s Influence on Teen Depression,,"01/17/2024, 08:00 AM, +0000 UTC",2026-05-09T03:52:13.391973Z
8,10.1001/jamanetworkopen.2025.11704,serpapi_google_news,Q3_title_fragment,"""Social Media Use and Depressive Symptoms""",Harvard Health,https://www.health.harvard.edu/mind-and-mood/scroll-smarter-to-protect-your-mental-health,Scroll smarter to protect your mental health,,"05/01/2022, 07:00 AM, +0000 UTC",2026-05-09T03:52:13.391973Z
8,10.1001/jamanetworkopen.2025.11704,serpapi_google_news,Q3_title_fragment,"""Social Media Use and Depressive Symptoms""",UCL | University College London,https://www.ucl.ac.uk/news/2019/jan/depression-linked-social-media-twice-high-among-girls-0,Depression linked to social media twice as high among girls | UCL News - UCL,,"01/04/2019, 08:00 AM, +0000 UTC",2026-05-09T03:52:13.391973Z
8,10.1001/jamanetworkopen.2025.11704,serpapi_google_news,Q3_title_fragment,"""Social Media Use and Depressive Symptoms""",Earth.com,https://www.earth.com/news/exercise-over-social-media-less-stress-more-life-satisfaction/,"Exercise over social media: less stress, more life satisfaction",,"02/08/2023, 08:00 AM, +0000 UTC",2026-05-09T03:52:13.391973Z
8,10.1001/jamanetworkopen.2025.11704,serpapi_google_news,Q3_title_fragment,"""Social Media Use and Depressive Symptoms""",Frontiers,https://www.frontiersin.org/journals/psychiatry/articles/10.3389/fpsyt.2023.1332930/full,"Editorial: The intersection among the internet and social media use, mental health, and Trust & Safety practices",,"02/05/2024, 08:47 PM, +0000 UTC",2026-05-09T03:52:13.391973Z
8,10.1001/jamanetworkopen.2025.11704,serpapi_google_news,Q3_title_fragment,"""Social Media Use and Depressive Symptoms""",Nature,https://www.nature.com/articles/s41598-022-05291-y,Dynamics of adolescents’ smartphone use and well-being are positive but ephemeral,,"01/25/2022, 08:00 AM, +0000 UTC",2026-05-09T03:52:13.391973Z
8,10.1001/jamanetworkopen.2025.11704,serpapi_google_news,Q3_title_fragment,"""Social Media Use and Depressive Symptoms""",Frontiers,https://www.frontiersin.org/journals/psychology/articles/10.3389/fpsyg.2021.711447/full,"Regulating Self-Image on Instagram: Links Between Social Anxiety, Instagram Contingent Self-Worth, and Content Control Behaviors",,"08/24/2021, 07:00 AM, +0000 UTC",2026-05-09T03:52:13.391973Z
8,10.1001/jamanetworkopen.2025.11704,serpapi_google_news,Q3_title_fragment,"""Social Media Use and Depressive Symptoms""",Nature,https://www.nature.com/articles/s41598-023-46040-z,Frontoparietal functional connectivity moderates the link between time spent on social media and subsequent negative affect in daily life | Scientific Reports,,"11/22/2023, 08:00 AM, +0000 UTC",2026-05-09T03:52:13.391973Z
8,10.1001/jamanetworkopen.2025.11704,serpapi_google_news,Q3_title_fragment,"""Social Media Use and Depressive Symptoms""",Sia.az,https://sia.az/en/news/social/1288918.html,The pressure to be perfect – The idealisation syndrome on social media and its impact on mental health,,"10/03/2025, 02:37 PM, +0000 UTC",2026-05-09T03:52:13.391973Z
8,10.1001/jamanetworkopen.2025.11704,serpapi_google_news,Q3_title_fragment,"""Social Media Use and Depressive Symptoms""",BBC,https://www.bbc.com/news/articles/c89z2v0pjl3o,"Internet use linked to higher wellbeing, global study suggests",,"05/12/2024, 07:00 AM, +0000 UTC",2026-05-09T03:52:13.391973Z
8,10.1001/jamanetworkopen.2025.11704,serpapi_google_news,Q3_title_fragment,"""Social Media Use and Depressive Symptoms""",Frontiers,https://www.frontiersin.org/journals/psychology/articles/10.3389/fpsyg.2020.00211/full,Social Networks Use Disorder and Associations With Depression and Anxiety Symptoms: A Systematic Review of Recent Research in China,,"02/20/2020, 08:00 AM, +0000 UTC",2026-05-09T03:52:13.391973Z
8,10.1001/jamanetworkopen.2025.11704,serpapi_google_news,Q3_title_fragment,"""Social Media Use and Depressive Symptoms""",HealthCentral,https://www.healthcentral.com/condition/depression/male-depression-and-anxiety-in-athletes,Male Depression a& Anxiety in Athletes: Overcoming the Taboo,,"06/09/2022, 07:00 AM, +0000 UTC",2026-05-09T03:52:13.391973Z
8,10.1001/jamanetworkopen.2025.11704,serpapi_google_news,Q3_title_fragment,"""Social Media Use and Depressive Symptoms""",vox.com,https://www.vox.com/science-and-health/2019/2/20/18210498/smartphones-tech-social-media-teens-depression-anxiety-research,Have smartphones really destroyed a generation? We don’t know.,,"02/20/2019, 08:00 AM, +0000 UTC",2026-05-09T03:52:13.391973Z
8,10.1001/jamanetworkopen.2025.11704,serpapi_google_news,Q3_title_fragment,"""Social Media Use and Depressive Symptoms""",Institute for Family Studies,https://ifstudies.org/blog/six-facts-about-screens-and-teen-mental-health-that%20a-recent-new-york-times-article-ignores,Six Facts About Screens and Teen Mental Health That a Recent New York Times’ Article Ignores,,"01/22/2020, 08:00 AM, +0000 UTC",2026-05-09T03:52:13.391973Z
8,10.1001/jamanetworkopen.2025.11704,serpapi_google_news,Q3_title_fragment,"""Social Media Use and Depressive Symptoms""",EL PAÍS English,https://english.elpais.com/technology/2024-06-27/does-internet-use-improve-well-being-study-suggests-it-does-for-everyone-except-young-women.html,Does internet use improve well-being? Study suggests it does for everyone except young women,,"06/27/2024, 07:00 AM, +0000 UTC",2026-05-09T03:52:13.391973Z
8,10.1001/jamanetworkopen.2025.11704,serpapi_google_news,Q3_title_fragment,"""Social Media Use and Depressive Symptoms""",Meer | English edition,https://www.meer.com/en/67168-how-digital-technology-can-affect-our-brains,How digital technology can affect our brains,,"02/10/2022, 08:00 AM, +0000 UTC",2026-05-09T03:52:13.391973Z
8,10.1001/jamanetworkopen.2025.11704,serpapi_google_news,Q3_title_fragment,"""Social Media Use and Depressive Symptoms""",The Journalist's Resource,https://journalistsresource.org/education/screen-time-children-health-research/,The health effects of screen time on children: A research roundup,,"05/14/2019, 07:00 AM, +0000 UTC",2026-05-09T03:52:13.391973Z
8,10.1001/jamanetworkopen.2025.11704,serpapi_google_news,Q3_title_fragment,"""Social Media Use and Depressive Symptoms""",The Mirror,https://www.mirror.co.uk/news/uk-news/teenage-girls-depression-linked-directly-13809402,Teenage girls' depression linked directly to social media use for first time,,"01/04/2019, 08:00 AM, +0000 UTC",2026-05-09T03:52:13.391973Z
8,10.1001/jamanetworkopen.2025.11704,serpapi_google_news,Q3_title_fragment,"""Social Media Use and Depressive Symptoms""",Gulf News,https://gulfnews.com/world/europe/girls-hyperactive-on-social-media-more-prone-to-depression-than-boys-study-1.1546662817760,Girls hyperactive on social media more prone to depression than boys: Study,,"01/05/2019, 08:00 AM, +0000 UTC",2026-05-09T03:52:13.391973Z
8,10.1001/jamanetworkopen.2025.11704,serpapi_google_news,Q3_title_fragment,"""Social Media Use and Depressive Symptoms""",Hindustan Times,https://www.hindustantimes.com/health/girls-twice-more-likely-to-be-depressed-due-to-social-media-use/story-WoncaqdK4zzuketrFlN7iN.html,Girls twice more likely to be depressed due to social media use | Health,,"01/07/2019, 08:00 AM, +0000 UTC",2026-05-09T03:52:13.391973Z
8,10.1001/jamanetworkopen.2025.11704,serpapi_google_news,Q3_title_fragment,"""Social Media Use and Depressive Symptoms""",SMH.com.au,https://www.smh.com.au/education/we-can-combat-the-use-of-envy-by-social-media-20190723-p529tm.html,We can combat the use of envy by social media,,"09/15/2019, 07:00 AM, +0000 UTC",2026-05-09T03:52:13.391973Z
8,10.1001/jamanetworkopen.2025.11704,serpapi_google,Q4_eurekalert,"""Nagata"" ""social media"" site:eurekalert.org",https://www.eurekalert.org › news-releases,https://www.eurekalert.org/news-releases/1101286,Social media use trajectories and cognitive performance in ...,"Social media use trajectories and cognitive performance in adolescents ... Nagata, MD, MSc, email jason.nagata@ucsf.edu. To access the ...","Oct 13, 2025",2026-05-09T03:52:20.128377Z
8,10.1001/jamanetworkopen.2025.11704,serpapi_google,Q4_eurekalert,"""Nagata"" ""social media"" site:eurekalert.org",https://www.eurekalert.org › news-releases,https://www.eurekalert.org/news-releases/1065105,Social media linked to early substance use in US pre-teens,"Social media linked to early substance use in US pre-teens ... Nagata, MD, an associate professor of pediatrics at the University ...","Nov 15, 2024",2026-05-09T03:52:20.128377Z
8,10.1001/jamanetworkopen.2025.11704,serpapi_google,Q4_eurekalert,"""Nagata"" ""social media"" site:eurekalert.org",https://www.eurekalert.org › news-releases,https://www.eurekalert.org/news-releases/1111741,Study: Teens use cellphones for an hour a day at school,"Social media apps are the main content. The effect of state laws ... Jason Nagata, an associate professor of pediatrics at the University of ...","Jan 6, 2026",2026-05-09T03:52:20.128377Z
8,10.1001/jamanetworkopen.2025.11704,serpapi_google,Q4_eurekalert,"""Nagata"" ""social media"" site:eurekalert.org",https://www.eurekalert.org › news-releases,https://www.eurekalert.org/news-releases/1084464,Social media use and depressive symptoms during early ...,"Social media use and depressive symptoms during early adolescence ... Nagata, MD, email Jason.nagata@ucsf.edu. To access the embargoed ...","May 21, 2025",2026-05-09T03:52:20.128377Z
8,10.1001/jamanetworkopen.2025.11704,serpapi_google,Q4_eurekalert,"""Nagata"" ""social media"" site:eurekalert.org",https://www.eurekalert.org › news-releases,https://www.eurekalert.org/news-releases/990379,unveiling teen-friendly social media habits for optimal sleep,"... social media use in adolescence. Both advisories note potential ... Nagata, MD, assistant professor of pediatrics at the University of ...","May 24, 2023",2026-05-09T03:52:20.128377Z
8,10.1001/jamanetworkopen.2025.11704,serpapi_google,Q4_eurekalert,"""Nagata"" ""social media"" site:eurekalert.org",https://www.eurekalert.org › news-releases,https://www.eurekalert.org/news-releases/763232,Excessive social media use linked to binge eating in US ...,"Excessive social media use linked to binge eating in US preteens ... Nagata, MD, assistant professor of pediatrics at the University of ...","Mar 1, 2021",2026-05-09T03:52:20.128377Z
8,10.1001/jamanetworkopen.2025.11704,serpapi_google,Q4_eurekalert,"""Nagata"" ""social media"" site:eurekalert.org",https://www.eurekalert.org › news-releases,https://www.eurekalert.org/news-releases/1084461,"Yes, social media might be making kids depressed",... Nagata. “These findings provide evidence that social media may be contributing to the development of depressive symptoms.” While it's ...,"May 21, 2025",2026-05-09T03:52:20.128377Z
8,10.1001/jamanetworkopen.2025.11704,serpapi_google,Q4_eurekalert,"""Nagata"" ""social media"" site:eurekalert.org",https://www.eurekalert.org › news-releases,https://www.eurekalert.org/news-releases/1052053,Sleep and social media in tweens: Tips for better rest,"“Ensuring adolescents get enough sleep is vital, as it supports their physical and mental growth and development,” says lead author Jason Nagata ...","Jul 22, 2024",2026-05-09T03:52:20.128377Z
8,10.1001/jamanetworkopen.2025.11704,serpapi_google,Q4_eurekalert,"""Nagata"" ""social media"" site:eurekalert.org",https://www.eurekalert.org › news-releases,https://www.eurekalert.org/news-releases/938448,Parents underestimate teens' social media use during ...,"... social media and multi-player video games (versus texting, video ... Nagata, MD, assistant professor of pediatrics at the University of ...","Dec 17, 2021",2026-05-09T03:52:20.128377Z
8,10.1001/jamanetworkopen.2025.11704,serpapi_google,Q4_eurekalert,"""Nagata"" ""social media"" site:eurekalert.org",https://www.eurekalert.org › news-releases,https://www.eurekalert.org/news-releases/1074319,Screen time linked to bipolar and manic symptoms in U.S. ...,"The findings reveal that 10- to 11-year-olds who engage heavily with social media ... Nagata, MD, an associate professor of pediatrics at ...","Feb 20, 2025",2026-05-09T03:52:20.128377Z
13,10.1001/jamapediatrics.2025.1718,serpapi_google_news,Q2_author_topic,"""Lima Santos"" ""Adolescent Brain Cognitive Development"" ""screen time""",Brain and Behavior Research,https://bbrfoundation.org/content/link-between-more-screen-time-childhood-and-depression-early-adolescence-related-less-sleep,"A Link Between More Screen Time in Childhood and Depression in Early Adolescence Is Related to Less Sleep and White Matter Changes, Study Finds",,"08/28/2025, 07:00 AM, +0000 UTC",2026-05-09T03:52:20.630461Z
13,10.1001/jamapediatrics.2025.1718,serpapi_google_news,Q3_title_fragment,"""Role of Sleep and White Matter""",EMJ,https://www.emjreviews.com/general-healthcare/news/screen-time-in-childhood-linked-to-teen-depression/,Screen Time in Childhood Linked to Teen Depression,,"07/06/2025, 07:00 AM, +0000 UTC",2026-05-09T03:52:23.615740Z
13,10.1001/jamapediatrics.2025.1718,serpapi_google_news,Q3_title_fragment,"""Role of Sleep and White Matter""",Medical Xpress,https://medicalxpress.com/news/2025-06-teen-depression-clues-screen-quality.html,Teen depression? Study finds clues in screen use and sleep quality,,"06/23/2025, 07:00 AM, +0000 UTC",2026-05-09T03:52:23.615740Z
13,10.1001/jamapediatrics.2025.1718,serpapi_google_news,Q3_title_fragment,"""Role of Sleep and White Matter""",Motherly,https://www.mother.ly/parenting/how-screens-affect-child-sleep-and-mood/,How screen time affects sleep—and why it matters for your child’s mental health,,"07/04/2025, 07:00 AM, +0000 UTC",2026-05-09T03:52:23.615740Z
13,10.1001/jamapediatrics.2025.1718,serpapi_google_news,Q3_title_fragment,"""Role of Sleep and White Matter""",Psychology Today,https://www.psychologytoday.com/us/blog/modern-minds/202507/5-ways-teens-can-break-the-phone-scrolling-sadness-cycle,5 Ways Teens Can Break the Phone Scrolling-Sadness Cycle,,"07/25/2025, 07:00 AM, +0000 UTC",2026-05-09T03:52:23.615740Z
13,10.1001/jamapediatrics.2025.1718,serpapi_google,Q4_eurekalert,"""Lima Santos"" ""screen time"" site:eurekalert.org",https://www.eurekalert.org › news-releases,https://www.eurekalert.org/news-releases/1088083,Role of sleep and white matter in the link between screen ...,"About The Study: The results of this study show that more screen time in late childhood was associated with more depressive symptoms, ...","Jun 23, 2025",2026-05-09T03:52:25.878611Z
13,10.1001/jamapediatrics.2025.1718,serpapi_google,Q4_eurekalert,"""Lima Santos"" ""screen time"" site:eurekalert.org",https://www.eurekalert.org › news-releases,https://www.eurekalert.org/news-releases/1088374,Teen depression? Study finds clues in screen use and ...,"“Our study considered digital screen time as a broad definition but it's really important to look at the nuances,” Lima Santos said. “Time ...","Jun 23, 2025",2026-05-09T03:52:25.878611Z
18,10.1002/advs.202307540,serpapi_google_news,Q2_author_topic,"""Li"" ""Adolescent Brain Cognitive Development"" ""screen use""",Nature,https://www.nature.com/articles/s41398-025-03672-1,Association of screen time with attention-deficit/hyperactivity disorder symptoms and their development: the mediating role of brain structure,,"10/31/2025, 07:00 AM, +0000 UTC",2026-05-09T03:52:28.345759Z
18,10.1002/advs.202307540,serpapi_google_news,Q2_author_topic,"""Li"" ""Adolescent Brain Cognitive Development"" ""screen use""",Advanced Science News,https://www.advancedsciencenews.com/new-study-reveals-surprising-impact-of-screen-time-on-the-developing-brain/,New study reveals surprising impact of screen time on the developing brain,,"01/25/2024, 08:00 AM, +0000 UTC",2026-05-09T03:52:28.345759Z
18,10.1002/advs.202307540,serpapi_google_news,Q2_author_topic,"""Li"" ""Adolescent Brain Cognitive Development"" ""screen use""",Frontiers,https://www.frontiersin.org/journals/psychiatry/articles/10.3389/fpsyt.2024.1512149/full,Commentary: Relationships between screen time and childhood attention deficit hyperactivity disorder: a Mendelian randomization study,,"11/25/2024, 07:27 AM, +0000 UTC",2026-05-09T03:52:28.345759Z
18,10.1002/advs.202307540,serpapi_google_news,Q2_author_topic,"""Li"" ""Adolescent Brain Cognitive Development"" ""screen use""",Medical Xpress,https://medicalxpress.com/news/2026-02-addictive-digital-habits-early-adolescence.html,"Addictive digital habits in early adolescence linked to mental health struggles, study finds",,"02/12/2026, 08:00 AM, +0000 UTC",2026-05-09T03:52:28.345759Z
18,10.1002/advs.202307540,serpapi_google_news,Q2_author_topic,"""Li"" ""Adolescent Brain Cognitive Development"" ""screen use""",Cureus,https://www.cureus.com/articles/432746-sleep-duration-quality-and-factors-affecting-sleep-health-among-young-people-in-the-california-bay-area-a-cross-sectional-study,"Sleep Duration, Quality, and Factors Affecting Sleep Health Among Young People in the California Bay Area: A Cross-Sectional Study",,"12/03/2025, 08:00 AM, +0000 UTC",2026-05-09T03:52:28.345759Z
18,10.1002/advs.202307540,serpapi_google_news,Q2_author_topic,"""Li"" ""Adolescent Brain Cognitive Development"" ""screen use""",Nature,https://www.nature.com/articles/s41598-024-63566-y,Long-term impact of digital media on brain development in children - Scientific Reports,,"06/06/2024, 07:00 AM, +0000 UTC",2026-05-09T03:52:28.345759Z
18,10.1002/advs.202307540,serpapi_google_news,Q2_author_topic,"""Li"" ""Adolescent Brain Cognitive Development"" ""screen use""",Bioengineer.org,https://bioengineer.org/study-finds-early-adolescent-addictive-digital-habits-tied-to-mental-health-challenges/,Study Finds Early Adolescent Addictive Digital Habits Tied to Mental Health Challenges,,"02/12/2026, 08:00 AM, +0000 UTC",2026-05-09T03:52:28.345759Z
18,10.1002/advs.202307540,serpapi_google_news,Q2_author_topic,"""Li"" ""Adolescent Brain Cognitive Development"" ""screen use""",Nature,https://www.nature.com/articles/s44277-024-00006-9,Probing the digital exposome: associations of social media use patterns with youth mental health,,"04/23/2024, 07:00 AM, +0000 UTC",2026-05-09T03:52:28.345759Z
18,10.1002/advs.202307540,serpapi_google_news,Q2_author_topic,"""Li"" ""Adolescent Brain Cognitive Development"" ""screen use""",Nature,https://www.nature.com/articles/s41398-025-03467-4,Neural correlates differ between crystallized and fluid intelligence in adolescents | Translational Psychiatry,,"07/17/2025, 07:00 AM, +0000 UTC",2026-05-09T03:52:28.345759Z
18,10.1002/advs.202307540,serpapi_google_news,Q2_author_topic,"""Li"" ""Adolescent Brain Cognitive Development"" ""screen use""",Nature,https://www.nature.com/articles/s41467-024-52222-8,Cognitive processing speed and accuracy are intrinsically different in genetic architecture and brain phenotypes,,"09/06/2024, 07:00 AM, +0000 UTC",2026-05-09T03:52:28.345759Z
18,10.1002/advs.202307540,serpapi_google_news,Q3_title_fragment,"""Causal Relationships Between Screen Use, Reading,""",Advanced Science News,https://www.advancedsciencenews.com/new-study-reveals-surprising-impact-of-screen-time-on-the-developing-brain/,New study reveals surprising impact of screen time on the developing brain,,"01/25/2024, 08:00 AM, +0000 UTC",2026-05-09T03:52:30.284662Z
18,10.1002/advs.202307540,serpapi_google_news,Q3_title_fragment,"""Causal Relationships Between Screen Use, Reading,""",Nature,https://www.nature.com/articles/s41398-025-03672-1,Association of screen time with attention-deficit/hyperactivity disorder symptoms and their development: the mediating role of brain structure,,"10/31/2025, 07:00 AM, +0000 UTC",2026-05-09T03:52:30.284662Z
18,10.1002/advs.202307540,serpapi_google_news,Q3_title_fragment,"""Causal Relationships Between Screen Use, Reading,""",Nature,https://www.nature.com/articles/s41467-024-52222-8,Cognitive processing speed and accuracy are intrinsically different in genetic architecture and brain phenotypes,,"09/06/2024, 07:00 AM, +0000 UTC",2026-05-09T03:52:30.284662Z
18,10.1002/advs.202307540,serpapi_google_news,Q3_title_fragment,"""Causal Relationships Between Screen Use, Reading,""",Nature,https://www.nature.com/articles/s41398-025-03467-4,Neural correlates differ between crystallized and fluid intelligence in adolescents | Translational Psychiatry,,"07/17/2025, 07:00 AM, +0000 UTC",2026-05-09T03:52:30.284662Z
18,10.1002/advs.202307540,serpapi_google,Q4_eurekalert,"""Li"" ""screen use"" site:eurekalert.org",https://www.eurekalert.org › news-releases,https://www.eurekalert.org/news-releases/938851,"Screen use, mental health symptoms in children during ...","Screen use, mental health symptoms in children during pandemic ... Authors: Xuedi Li, M.Sc., of the Hospital for Sick Children in Toronto, is the ...","Dec 28, 2021",2026-05-09T03:52:32.081496Z
18,10.1002/advs.202307540,serpapi_google,Q4_eurekalert,"""Li"" ""screen use"" site:eurekalert.org",https://www.eurekalert.org › news-releases,https://www.eurekalert.org/news-releases/1067510,Too much screen time can reduce sleep quality in ...,"Excessive screen use by preschool-age children can lead to reduced ... Li, an expert in preschool education from Shanghai Normal University.","Dec 12, 2024",2026-05-09T03:52:32.081496Z
18,10.1002/advs.202307540,serpapi_google,Q4_eurekalert,"""Li"" ""screen use"" site:eurekalert.org",https://www.eurekalert.org › news-releases,https://www.eurekalert.org/news-releases/908325,Study links screen time to insomnia symptoms and ...,"She added, ""We're very interested to see whether the adverse influences of social media and screen use on sleep and mental health persist during ...","Jun 4, 2018",2026-05-09T03:52:32.081496Z
18,10.1002/advs.202307540,serpapi_google,Q4_eurekalert,"""Li"" ""screen use"" site:eurekalert.org",https://www.eurekalert.org › news-releases,https://www.eurekalert.org/news-releases/1101141,Screen time linked to lower academic achievement among ...,"... Li, first author and Epidemiologist at SickKids. The team emphasised ... screen use habits and improve academic outcomes. This study ...","Oct 10, 2025",2026-05-09T03:52:32.081496Z
18,10.1002/advs.202307540,serpapi_google,Q4_eurekalert,"""Li"" ""screen use"" site:eurekalert.org",https://www.eurekalert.org › news-releases,https://www.eurekalert.org/news-releases/1084461,"Yes, social media might be making kids depressed","“Parents can lead by example with open, nonjudgmental conversations about screen use. ... Li, M.P.H., Abubakr A.A. Al-Shoaibi, Ph.D., and Iris Y.","May 21, 2025",2026-05-09T03:52:32.081496Z
24,10.1002/eat.23489,serpapi_google_news,Q2_author_topic,"""Nagata"" ""Adolescent Brain Cognitive Development"" ""screen time""",MedPage Today,https://www.medpagetoday.com/pediatrics/generalpediatrics/117911,Increasing Social Media Use in Preteens May Be Hurting Cognition Too,,"10/13/2025, 07:00 AM, +0000 UTC",2026-05-09T03:52:33.232328Z
24,10.1002/eat.23489,serpapi_google_news,Q2_author_topic,"""Nagata"" ""Adolescent Brain Cognitive Development"" ""screen time""",the Manitoban,https://themanitoban.com/2025/11/social-media-use-linked-to-cognitive-decline-in-youth/51082/,Social media use linked to cognitive decline in youth,,"11/26/2025, 08:00 AM, +0000 UTC",2026-05-09T03:52:33.232328Z
24,10.1002/eat.23489,serpapi_google_news,Q2_author_topic,"""Nagata"" ""Adolescent Brain Cognitive Development"" ""screen time""",LiveNOW from FOX,https://www.livenowfox.com/news/excessive-screen-time-manic-symptoms-kids-study,"Excessive screen time linked to manic symptoms in kids, study finds",,"03/05/2025, 08:00 AM, +0000 UTC",2026-05-09T03:52:33.232328Z
24,10.1002/eat.23489,serpapi_google_news,Q2_author_topic,"""Nagata"" ""Adolescent Brain Cognitive Development"" ""screen time""",Medical Xpress,https://medicalxpress.com/news/2024-10-screen-depression-anxiety-year-olds.html,"Screen time tied to depression, anxiety in 9- and 10-year-olds",,"10/07/2024, 07:00 AM, +0000 UTC",2026-05-09T03:52:33.232328Z
24,10.1002/eat.23489,serpapi_google_news,Q2_author_topic,"""Nagata"" ""Adolescent Brain Cognitive Development"" ""screen time""",News-Medical,https://www.news-medical.net/news/20260212/Addictive-screen-habits-harm-early-adolescent-mental-health.aspx,Addictive screen habits harm early adolescent mental health,,"02/12/2026, 08:00 AM, +0000 UTC",2026-05-09T03:52:33.232328Z
24,10.1002/eat.23489,serpapi_google_news,Q2_author_topic,"""Nagata"" ""Adolescent Brain Cognitive Development"" ""screen time""",SciTechDaily,https://scitechdaily.com/excessive-screen-time-in-preteens-linked-to-suicidal-behavior/,Excessive Screen Time in Preteens Linked to Suicidal Behavior,,"03/11/2023, 08:00 AM, +0000 UTC",2026-05-09T03:52:33.232328Z
24,10.1002/eat.23489,serpapi_google_news,Q2_author_topic,"""Nagata"" ""Adolescent Brain Cognitive Development"" ""screen time""",NPR,https://www.npr.org/sections/shots-health-news/2025/06/18/nx-s1-5436951/jama-screens-teens-addiction-suicide-abcd,"Screen addiction and suicidal behaviors are linked for teens, a study shows : Shots - Health News",,"06/18/2025, 07:00 AM, +0000 UTC",2026-05-09T03:52:33.232328Z
24,10.1002/eat.23489,serpapi_google_news,Q2_author_topic,"""Nagata"" ""Adolescent Brain Cognitive Development"" ""screen time""",PsyPost,https://www.psypost.org/more-time-spent-on-social-media-is-linked-to-a-thinner-cerebral-cortex-in-young-adolescents/,More time spent on social media is linked to a thinner cerebral cortex in young adolescents,,"04/15/2026, 07:00 AM, +0000 UTC",2026-05-09T03:52:33.232328Z
24,10.1002/eat.23489,serpapi_google_news,Q2_author_topic,"""Nagata"" ""Adolescent Brain Cognitive Development"" ""screen time""",MedPage Today,https://www.medpagetoday.com/pediatrics/generalpediatrics/119288,Teens Spend an Hour on Their Smartphones at School,,"01/05/2026, 08:00 AM, +0000 UTC",2026-05-09T03:52:33.232328Z
24,10.1002/eat.23489,serpapi_google_news,Q2_author_topic,"""Nagata"" ""Adolescent Brain Cognitive Development"" ""screen time""",Medical Xpress,https://medicalxpress.com/news/2025-02-screen-linked-bipolar-manic-symptoms.html,Screen time linked to bipolar and manic symptoms in U.S. preteens,,"02/20/2025, 08:00 AM, +0000 UTC",2026-05-09T03:52:33.232328Z
24,10.1002/eat.23489,serpapi_google_news,Q2_author_topic,"""Nagata"" ""Adolescent Brain Cognitive Development"" ""screen time""",PsyPost,https://www.psypost.org/three-types-of-screen-time-linked-to-substance-experimentation-in-early-adolescents/,Three types of screen time linked to substance experimentation in early adolescents,,"01/10/2025, 08:00 AM, +0000 UTC",2026-05-09T03:52:33.232328Z
24,10.1002/eat.23489,serpapi_google_news,Q2_author_topic,"""Nagata"" ""Adolescent Brain Cognitive Development"" ""screen time""",Medical Xpress,https://medicalxpress.com/news/2024-05-transgender-preteens-hours-daily-screen.html,Transgender preteens report 13 hours of daily screen time,,"05/13/2024, 07:00 AM, +0000 UTC",2026-05-09T03:52:33.232328Z
24,10.1002/eat.23489,serpapi_google_news,Q2_author_topic,"""Nagata"" ""Adolescent Brain Cognitive Development"" ""screen time""",Medical Xpress,https://medicalxpress.com/news/2023-03-gay-lesbian-bisexual-preteens-hours.html,"Gay, lesbian, bisexual preteens spend 4 more hours on screens daily, finds study",,"03/31/2023, 07:00 AM, +0000 UTC",2026-05-09T03:52:33.232328Z
24,10.1002/eat.23489,serpapi_google_news,Q3_title_fragment,"""Contemporary screen time modalities among children""",Frontiers,https://www.frontiersin.org/journals/psychology/articles/10.3389/fpsyg.2025.1649571/full,A systematic review on the eating behaviors of youth exceeding electronic device recommendations,,"08/29/2025, 03:51 PM, +0000 UTC",2026-05-09T03:52:36.495119Z
24,10.1002/eat.23489,serpapi_google,Q4_eurekalert,"""Nagata"" ""screen time"" site:eurekalert.org",https://www.eurekalert.org › news-releases,https://www.eurekalert.org/news-releases/981045,Excessive screen time linked to suicidal behaviors in US ...,"Excessive screen time linked to suicidal behaviors in US preteens ... Nagata, MD, assistant professor of pediatrics at the University of ...","Feb 27, 2023",2026-05-09T03:52:38.871830Z
24,10.1002/eat.23489,serpapi_google,Q4_eurekalert,"""Nagata"" ""screen time"" site:eurekalert.org",https://www.eurekalert.org › news-releases,https://www.eurekalert.org/news-releases/1074319,Screen time linked to bipolar and manic symptoms in U.S. ...,"“Screen addictions and irregular sleep patterns may exacerbate manic symptoms in susceptible teens,” said Nagata. The study adds to the wealth ...","Feb 20, 2025",2026-05-09T03:52:38.871830Z
24,10.1002/eat.23489,serpapi_google,Q4_eurekalert,"""Nagata"" ""screen time"" site:eurekalert.org",https://www.eurekalert.org › news-releases,https://www.eurekalert.org/news-releases/1111741,Study: Teens use cellphones for an hour a day at school,"Teens are not always accurate reporters of their own screen time. Objective smartphone data gives us a clearer picture of actual use,” Nagata ...","Jan 6, 2026",2026-05-09T03:52:38.871830Z
24,10.1002/eat.23489,serpapi_google,Q4_eurekalert,"""Nagata"" ""screen time"" site:eurekalert.org",https://www.eurekalert.org › news-releases,https://www.eurekalert.org/news-releases/1072583,How parents can protect children from mature and adult ...,"“One key factor in a child's exposure to mature content is how much screen time their parents use,” says Nagata. “Children often model their ...","Feb 5, 2025",2026-05-09T03:52:38.871830Z
24,10.1002/eat.23489,serpapi_google,Q4_eurekalert,"""Nagata"" ""screen time"" site:eurekalert.org",https://www.eurekalert.org › news-releases,https://www.eurekalert.org/news-releases/933424,Adolescents' recreational screen time doubled during ...,"Excessive screen use in adolescents also is associated with weight gain and binge eating, Nagata noted: “Screen time lends itself to more ...","Nov 1, 2021",2026-05-09T03:52:38.871830Z
24,10.1002/eat.23489,serpapi_google,Q4_eurekalert,"""Nagata"" ""screen time"" site:eurekalert.org",https://www.eurekalert.org › news-releases,https://www.eurekalert.org/news-releases/1060422,"For preteens, more screen time is tied to depression, ...",Nagata said parents can play an essential role in helping to mitigate the negative effects of excessive screen time. “The American Academy of ...,"Oct 7, 2024",2026-05-09T03:52:38.871830Z
24,10.1002/eat.23489,serpapi_google,Q4_eurekalert,"""Nagata"" ""screen time"" site:eurekalert.org",https://www.eurekalert.org › news-releases,https://www.eurekalert.org/news-releases/753397,Excessive screen time linked to obesity in US preteen,"Parents should regularly talk to their children about screen-time usage and develop a family media use plan,"" said Nagata. ###. Nagata, JM, Iyer ...","Jun 28, 2021",2026-05-09T03:52:38.871830Z
24,10.1002/eat.23489,serpapi_google,Q4_eurekalert,"""Nagata"" ""screen time"" site:eurekalert.org",https://www.eurekalert.org › news-releases,https://www.eurekalert.org/news-releases/973956,Screen time linked to OCD in U.S. preteens,"In July, Nagata and his colleagues discovered excessive screen time was linked to disruptive behavior disorders in 9-11 year olds, though ...","Dec 12, 2022",2026-05-09T03:52:38.871830Z
24,10.1002/eat.23489,serpapi_google,Q4_eurekalert,"""Nagata"" ""screen time"" site:eurekalert.org",https://www.eurekalert.org › news-releases,https://www.eurekalert.org/news-releases/1057483,Screen time and social media use linked to eating disorder ...,"Screen time and social media use linked to eating disorder symptoms in young adolescents ... Nagata, MD, an associate professor of pediatrics at ...","Sep 10, 2024",2026-05-09T03:52:38.871830Z
24,10.1002/eat.23489,serpapi_google,Q4_eurekalert,"""Nagata"" ""screen time"" site:eurekalert.org",https://www.eurekalert.org › news-releases,https://www.eurekalert.org/news-releases/1046791,"Great news, parents: You do have power over your tweens' ...","""Screen time at bedtime displaces sleep time, which is essential for health and development in young adolescents,” Nagata said. “Parents can ...","Jun 5, 2024",2026-05-09T03:52:38.871830Z
31,10.1002/jad.70069,serpapi_google,Q4_eurekalert,"""Zheng"" ""screen time"" site:eurekalert.org",https://www.eurekalert.org › news-releases,https://www.eurekalert.org/news-releases/681975,"Despite health warnings, Americans still sit too much","In addition, computer screen time outside of work and school increased over this period. ... Yang L, Cao C, Kantor ED, Nguyen LH, Zheng X ...","Apr 23, 2019",2026-05-09T03:53:06.205248Z
35,10.1002/oby.24199,serpapi_google_news,Q2_author_topic,"""Shi"" ""Adolescent Brain Cognitive Development"" ""social media""",Contemporary Pediatrics,https://www.contemporarypediatrics.com/view/social-media-use-and-binge-eating-in-early-adolescence,Social media use and binge eating in early adolescence,,"01/06/2025, 08:00 AM, +0000 UTC",2026-05-09T03:53:07.617375Z
35,10.1002/oby.24199,serpapi_google_news,Q2_author_topic,"""Shi"" ""Adolescent Brain Cognitive Development"" ""social media""",Nature,https://www.nature.com/articles/s41467-024-50305-0,Investigating grey matter volumetric trajectories through the lifespan at the individual level,,"07/15/2024, 07:00 AM, +0000 UTC",2026-05-09T03:53:07.617375Z
35,10.1002/oby.24199,serpapi_google_news,Q3_title_fragment,"""Concurrent and prospective associations of social""",Contemporary Pediatrics,https://www.contemporarypediatrics.com/view/social-media-use-and-binge-eating-in-early-adolescence,Social media use and binge eating in early adolescence,,"01/06/2025, 08:00 AM, +0000 UTC",2026-05-09T03:53:10.220842Z
35,10.1002/oby.24199,serpapi_google_news,Q3_title_fragment,"""Concurrent and prospective associations of social""",Contemporary Pediatrics,https://www.contemporarypediatrics.com/view/weekly-review-new-peanut-patch-data-norovirus-outbreaks-and-more,"Weekly review: New peanut patch data, norovirus outbreaks, and more",,"01/13/2025, 08:00 AM, +0000 UTC",2026-05-09T03:53:10.220842Z
35,10.1002/oby.24199,serpapi_google,Q4_eurekalert,"""Shi"" ""social media"" site:eurekalert.org",https://www.eurekalert.org › news-releases,https://www.eurekalert.org/news-releases/1115579,"AI-generated arguments are persuasive, even when labeled",... social media platform liability. Participants were randomly assigned ... Weiyan Shi Northeastern University Khoury College of Computer ...,"Feb 10, 2026",2026-05-09T03:53:13.287839Z
35,10.1002/oby.24199,serpapi_google,Q4_eurekalert,"""Shi"" ""social media"" site:eurekalert.org",https://www.eurekalert.org › news-releases,https://www.eurekalert.org/news-releases/1118742,“AI slop” hurts consumers and creators. But high-quality ...,The study was inspired by the rapid rise in AI-generated or AI-enhanced content on most social media platforms. The generative AI tools can ...,"Mar 4, 2026",2026-05-09T03:53:13.287839Z
35,10.1002/oby.24199,serpapi_google,Q4_eurekalert,"""Shi"" ""social media"" site:eurekalert.org",https://www.eurekalert.org › news-releases,https://www.eurekalert.org/news-releases/1125370,Enhancer provides a potential target for 'undruggable' MYC ...,"... Shi, Justin Williams, Virginia Valentine, Barbara Passaia, Bensheng ... Jude on social media @stjuderesearch. Journal. Cancer Research ...","Apr 22, 2026",2026-05-09T03:53:13.287839Z
35,10.1002/oby.24199,serpapi_google,Q4_eurekalert,"""Shi"" ""social media"" site:eurekalert.org",https://www.eurekalert.org › news-releases,https://www.eurekalert.org/news-releases/1122639,Reprogramming 'gatekeeper' immune cell may boost ...,"The study's other authors are Nicole Chapman, Hao Shi, Yan ... Jude on social media at @stjuderesearch. Journal. Science. DOI. 10.1126 ...","Apr 2, 2026",2026-05-09T03:53:13.287839Z
35,10.1002/oby.24199,serpapi_google,Q4_eurekalert,"""Shi"" ""social media"" site:eurekalert.org",https://www.eurekalert.org › news-releases,https://www.eurekalert.org/news-releases/938589,News media amplified rather than rectified misleading ...,"While social media platforms try to identify and eliminate fake news ... Shi, Assistant Professor of Marketing at HKUST, a coauthor who ...","Dec 20, 2021",2026-05-09T03:53:13.287839Z
35,10.1002/oby.24199,serpapi_google,Q4_eurekalert,"""Shi"" ""social media"" site:eurekalert.org",https://www.eurekalert.org › news-releases,https://www.eurekalert.org/news-releases/627040,Social media activism is driving corporate agendas,"Social media activism is driving corporate agendas. Social ... Wang Shi, chairman of Vanke, China's largest real estate development ...","Nov 16, 2016",2026-05-09T03:53:13.287839Z
35,10.1002/oby.24199,serpapi_google,Q4_eurekalert,"""Shi"" ""social media"" site:eurekalert.org",https://www.eurekalert.org › news-releases,https://www.eurekalert.org/news-releases/772621,NATO taps UH professor to keep big data secure on the ...,"Shi is the recipient of a $369,803 NATO award through its Science for Peace and Security (SPS) Programme to keep big data secure on the cloud.","Mar 23, 2016",2026-05-09T03:53:13.287839Z
35,10.1002/oby.24199,serpapi_google,Q4_eurekalert,"""Shi"" ""social media"" site:eurekalert.org",https://e3.eurekalert.org › specialtopic › biology,https://e3.eurekalert.org/specialtopic/biology/home?page=214,Biology,"... Shi at Hainan Normal University in China and colleagues warn in a ... Follow EurekAlert! on social media for daily trending science news, images, videos, & more.",,2026-05-09T03:53:13.287839Z
35,10.1002/oby.24199,serpapi_google,Q4_eurekalert,"""Shi"" ""social media"" site:eurekalert.org",https://www.eurekalert.org › news-releases,https://www.eurekalert.org/news-releases/1063995,Scientists calculate predictions for meson measurements,"Shi and Xiang Gao, a postdoctoral researcher in the group, used ... Follow @BrookhavenLab on social media. Find us on Instagram ...","Nov 6, 2024",2026-05-09T03:53:13.287839Z
35,10.1002/oby.24199,serpapi_google,Q4_eurekalert,"""Shi"" ""social media"" site:eurekalert.org",https://www.eurekalert.org › news-releases,https://www.eurekalert.org/news-releases/1077517,Removing a protein 'signal jammer' improves immunotherapy,"The study's other authors are Hao Shi, Nicole Chapman, Cliff Guy ... Jude on social media at @stjuderesearch. Journal. Nature. Method of ...","Mar 19, 2025",2026-05-09T03:53:13.287839Z
48,10.1007/s00127-024-02669-3,serpapi_google_news,Q2_author_topic,"""Keyes"" ""Adolescent Brain Cognitive Development"" ""screen time""",Columbia University Irving Medical Center,https://www.cuimc.columbia.edu/news/addictive-use-social-media-not-total-time-associated-youth-mental-health,"Addictive Use of Social Media, Not Total Time, Associated with Youth Mental Health",,"06/18/2025, 07:00 AM, +0000 UTC",2026-05-09T03:53:16.253495Z
48,10.1007/s00127-024-02669-3,serpapi_google_news,Q2_author_topic,"""Keyes"" ""Adolescent Brain Cognitive Development"" ""screen time""",Contemporary Pediatrics,https://www.contemporarypediatrics.com/view/addictive-screen-use-tied-to-youth-mental-health-risks,Addictive screen use tied to youth mental health risks,,"06/19/2025, 07:00 AM, +0000 UTC",2026-05-09T03:53:16.253495Z
48,10.1007/s00127-024-02669-3,serpapi_google,Q4_eurekalert,"""Keyes"" ""screen time"" site:eurekalert.org",https://www.eurekalert.org › news-releases,https://www.eurekalert.org/news-releases/1087939,"Study finds addictive screen use, not total ...","Study finds addictive screen use, not total screen time, linked to youth suicide risk ... Keyes, professor of epidemiology at the Columbia ...","Jun 18, 2025",2026-05-09T03:53:27.210086Z
48,10.1007/s00127-024-02669-3,serpapi_google,Q4_eurekalert,"""Keyes"" ""screen time"" site:eurekalert.org",https://www.eurekalert.org › news-releases,https://www.eurekalert.org/news-releases/1087953,"Addictive use of social media, not total time, associated ...","Most research has focused on total screen time, rather than the nature of screen time or how that use may change over time. ... Keyes (Columbia), ...","Jun 18, 2025",2026-05-09T03:53:27.210086Z
49,10.1007/s00127-025-02814-6,serpapi_google_news,Q2_author_topic,"""Nagata"" ""Adolescent Brain Cognitive Development"" ""screen time""",MedPage Today,https://www.medpagetoday.com/pediatrics/generalpediatrics/117911,Increasing Social Media Use in Preteens May Be Hurting Cognition Too,,"10/13/2025, 07:00 AM, +0000 UTC",2026-05-09T03:53:31.412099Z
49,10.1007/s00127-025-02814-6,serpapi_google_news,Q2_author_topic,"""Nagata"" ""Adolescent Brain Cognitive Development"" ""screen time""",the Manitoban,https://themanitoban.com/2025/11/social-media-use-linked-to-cognitive-decline-in-youth/51082/,Social media use linked to cognitive decline in youth,,"11/26/2025, 08:00 AM, +0000 UTC",2026-05-09T03:53:31.412099Z
49,10.1007/s00127-025-02814-6,serpapi_google_news,Q2_author_topic,"""Nagata"" ""Adolescent Brain Cognitive Development"" ""screen time""",LiveNOW from FOX,https://www.livenowfox.com/news/excessive-screen-time-manic-symptoms-kids-study,"Excessive screen time linked to manic symptoms in kids, study finds",,"03/05/2025, 08:00 AM, +0000 UTC",2026-05-09T03:53:31.412099Z
49,10.1007/s00127-025-02814-6,serpapi_google_news,Q2_author_topic,"""Nagata"" ""Adolescent Brain Cognitive Development"" ""screen time""",Medical Xpress,https://medicalxpress.com/news/2024-10-screen-depression-anxiety-year-olds.html,"Screen time tied to depression, anxiety in 9- and 10-year-olds",,"10/07/2024, 07:00 AM, +0000 UTC",2026-05-09T03:53:31.412099Z
49,10.1007/s00127-025-02814-6,serpapi_google_news,Q2_author_topic,"""Nagata"" ""Adolescent Brain Cognitive Development"" ""screen time""",News-Medical,https://www.news-medical.net/news/20260212/Addictive-screen-habits-harm-early-adolescent-mental-health.aspx,Addictive screen habits harm early adolescent mental health,,"02/12/2026, 08:00 AM, +0000 UTC",2026-05-09T03:53:31.412099Z
49,10.1007/s00127-025-02814-6,serpapi_google_news,Q2_author_topic,"""Nagata"" ""Adolescent Brain Cognitive Development"" ""screen time""",SciTechDaily,https://scitechdaily.com/excessive-screen-time-in-preteens-linked-to-suicidal-behavior/,Excessive Screen Time in Preteens Linked to Suicidal Behavior,,"03/11/2023, 08:00 AM, +0000 UTC",2026-05-09T03:53:31.412099Z
49,10.1007/s00127-025-02814-6,serpapi_google_news,Q2_author_topic,"""Nagata"" ""Adolescent Brain Cognitive Development"" ""screen time""",NPR,https://www.npr.org/sections/shots-health-news/2025/06/18/nx-s1-5436951/jama-screens-teens-addiction-suicide-abcd,"Screen addiction and suicidal behaviors are linked for teens, a study shows : Shots - Health News",,"06/18/2025, 07:00 AM, +0000 UTC",2026-05-09T03:53:31.412099Z
49,10.1007/s00127-025-02814-6,serpapi_google_news,Q2_author_topic,"""Nagata"" ""Adolescent Brain Cognitive Development"" ""screen time""",PsyPost,https://www.psypost.org/more-time-spent-on-social-media-is-linked-to-a-thinner-cerebral-cortex-in-young-adolescents/,More time spent on social media is linked to a thinner cerebral cortex in young adolescents,,"04/15/2026, 07:00 AM, +0000 UTC",2026-05-09T03:53:31.412099Z
49,10.1007/s00127-025-02814-6,serpapi_google_news,Q2_author_topic,"""Nagata"" ""Adolescent Brain Cognitive Development"" ""screen time""",MedPage Today,https://www.medpagetoday.com/pediatrics/generalpediatrics/119288,Teens Spend an Hour on Their Smartphones at School,,"01/05/2026, 08:00 AM, +0000 UTC",2026-05-09T03:53:31.412099Z
49,10.1007/s00127-025-02814-6,serpapi_google_news,Q2_author_topic,"""Nagata"" ""Adolescent Brain Cognitive Development"" ""screen time""",Medical Xpress,https://medicalxpress.com/news/2025-02-screen-linked-bipolar-manic-symptoms.html,Screen time linked to bipolar and manic symptoms in U.S. preteens,,"02/20/2025, 08:00 AM, +0000 UTC",2026-05-09T03:53:31.412099Z
49,10.1007/s00127-025-02814-6,serpapi_google_news,Q2_author_topic,"""Nagata"" ""Adolescent Brain Cognitive Development"" ""screen time""",PsyPost,https://www.psypost.org/three-types-of-screen-time-linked-to-substance-experimentation-in-early-adolescents/,Three types of screen time linked to substance experimentation in early adolescents,,"01/10/2025, 08:00 AM, +0000 UTC",2026-05-09T03:53:31.412099Z
49,10.1007/s00127-025-02814-6,serpapi_google_news,Q2_author_topic,"""Nagata"" ""Adolescent Brain Cognitive Development"" ""screen time""",Medical Xpress,https://medicalxpress.com/news/2024-05-transgender-preteens-hours-daily-screen.html,Transgender preteens report 13 hours of daily screen time,,"05/13/2024, 07:00 AM, +0000 UTC",2026-05-09T03:53:31.412099Z
49,10.1007/s00127-025-02814-6,serpapi_google_news,Q2_author_topic,"""Nagata"" ""Adolescent Brain Cognitive Development"" ""screen time""",Medical Xpress,https://medicalxpress.com/news/2023-03-gay-lesbian-bisexual-preteens-hours.html,"Gay, lesbian, bisexual preteens spend 4 more hours on screens daily, finds study",,"03/31/2023, 07:00 AM, +0000 UTC",2026-05-09T03:53:31.412099Z
49,10.1007/s00127-025-02814-6,serpapi_google_news,Q3_title_fragment,"""Screen time and manic symptoms in""",News-Medical,https://www.news-medical.net/news/20250220/Study-links-screen-time-to-increased-risk-of-manic-symptoms-in-preteens.aspx,Study links screen time to increased risk of manic symptoms in preteens,,"02/20/2025, 08:00 AM, +0000 UTC",2026-05-09T03:53:31.970548Z
49,10.1007/s00127-025-02814-6,serpapi_google_news,Q3_title_fragment,"""Screen time and manic symptoms in""",LiveNOW from FOX,https://www.livenowfox.com/news/excessive-screen-time-manic-symptoms-kids-study,"Excessive screen time linked to manic symptoms in kids, study finds",,"03/05/2025, 08:00 AM, +0000 UTC",2026-05-09T03:53:31.970548Z
49,10.1007/s00127-025-02814-6,serpapi_google_news,Q3_title_fragment,"""Screen time and manic symptoms in""",University of Mississippi | Ole Miss,https://olemiss.edu/news/2025/05/tiktok-detox-paradox/index.html,Efforts to Reduce TikTok Screen Time Often Increase Usage,,"05/19/2025, 07:00 AM, +0000 UTC",2026-05-09T03:53:31.970548Z
49,10.1007/s00127-025-02814-6,serpapi_google_news,Q3_title_fragment,"""Screen time and manic symptoms in""",HealthDay,https://www.healthday.com/healthpro-news/child-health/screen-time-tied-to-manic-symptoms-in-preteens,Screen Time Tied to Manic Symptoms in Preteens,,"02/24/2025, 08:00 AM, +0000 UTC",2026-05-09T03:53:31.970548Z
49,10.1007/s00127-025-02814-6,serpapi_google_news,Q3_title_fragment,"""Screen time and manic symptoms in""",News-Medical,https://www.news-medical.net/news/20250225/Excessive-screen-time-linked-to-manic-symptoms-in-teens.aspx,Excessive screen time linked to manic symptoms in teens,,"02/25/2025, 08:00 AM, +0000 UTC",2026-05-09T03:53:31.970548Z
49,10.1007/s00127-025-02814-6,serpapi_google_news,Q3_title_fragment,"""Screen time and manic symptoms in""",Movieguide,https://www.movieguide.org/news-articles/adolescence-screen-time-spikes-risk-of-bipolar-disorder.html,Adolescence Screen Time Spikes Risk of This Mental Health Disorder,,"02/24/2025, 08:00 AM, +0000 UTC",2026-05-09T03:53:31.970548Z
49,10.1007/s00127-025-02814-6,serpapi_google_news,Q3_title_fragment,"""Screen time and manic symptoms in""",Movieguide,https://www.movieguide.org/news-articles/this-new-study-gives-yet-another-reason-to-keep-your-kids-from-screens.html,This New Study Gives Yet Another Reason to Keep Your Kids From Screens,,"03/10/2025, 07:00 AM, +0000 UTC",2026-05-09T03:53:31.970548Z
49,10.1007/s00127-025-02814-6,serpapi_google,Q4_eurekalert,"""Nagata"" ""screen time"" site:eurekalert.org",https://www.eurekalert.org › news-releases,https://www.eurekalert.org/news-releases/981045,Excessive screen time linked to suicidal behaviors in US ...,"Excessive screen time linked to suicidal behaviors in US preteens ... Nagata, MD, assistant professor of pediatrics at the University of ...","Feb 27, 2023",2026-05-09T03:53:35.818989Z
49,10.1007/s00127-025-02814-6,serpapi_google,Q4_eurekalert,"""Nagata"" ""screen time"" site:eurekalert.org",https://www.eurekalert.org › news-releases,https://www.eurekalert.org/news-releases/1074319,Screen time linked to bipolar and manic symptoms in U.S. ...,"“Screen addictions and irregular sleep patterns may exacerbate manic symptoms in susceptible teens,” said Nagata. The study adds to the wealth ...","Feb 20, 2025",2026-05-09T03:53:35.818989Z
49,10.1007/s00127-025-02814-6,serpapi_google,Q4_eurekalert,"""Nagata"" ""screen time"" site:eurekalert.org",https://www.eurekalert.org › news-releases,https://www.eurekalert.org/news-releases/1111741,Study: Teens use cellphones for an hour a day at school,"Teens are not always accurate reporters of their own screen time. Objective smartphone data gives us a clearer picture of actual use,” Nagata ...","Jan 6, 2026",2026-05-09T03:53:35.818989Z
49,10.1007/s00127-025-02814-6,serpapi_google,Q4_eurekalert,"""Nagata"" ""screen time"" site:eurekalert.org",https://www.eurekalert.org › news-releases,https://www.eurekalert.org/news-releases/1072583,How parents can protect children from mature and adult ...,"“One key factor in a child's exposure to mature content is how much screen time their parents use,” says Nagata. “Children often model their ...","Feb 5, 2025",2026-05-09T03:53:35.818989Z
49,10.1007/s00127-025-02814-6,serpapi_google,Q4_eurekalert,"""Nagata"" ""screen time"" site:eurekalert.org",https://www.eurekalert.org › news-releases,https://www.eurekalert.org/news-releases/933424,Adolescents' recreational screen time doubled during ...,"Excessive screen use in adolescents also is associated with weight gain and binge eating, Nagata noted: “Screen time lends itself to more ...","Nov 1, 2021",2026-05-09T03:53:35.818989Z
49,10.1007/s00127-025-02814-6,serpapi_google,Q4_eurekalert,"""Nagata"" ""screen time"" site:eurekalert.org",https://www.eurekalert.org › news-releases,https://www.eurekalert.org/news-releases/1060422,"For preteens, more screen time is tied to depression, ...",Nagata said parents can play an essential role in helping to mitigate the negative effects of excessive screen time. “The American Academy of ...,"Oct 7, 2024",2026-05-09T03:53:35.818989Z
49,10.1007/s00127-025-02814-6,serpapi_google,Q4_eurekalert,"""Nagata"" ""screen time"" site:eurekalert.org",https://www.eurekalert.org › news-releases,https://www.eurekalert.org/news-releases/753397,Excessive screen time linked to obesity in US preteen,"Parents should regularly talk to their children about screen-time usage and develop a family media use plan,"" said Nagata. ###. Nagata, JM, Iyer ...","Jun 28, 2021",2026-05-09T03:53:35.818989Z
49,10.1007/s00127-025-02814-6,serpapi_google,Q4_eurekalert,"""Nagata"" ""screen time"" site:eurekalert.org",https://www.eurekalert.org › news-releases,https://www.eurekalert.org/news-releases/973956,Screen time linked to OCD in U.S. preteens,"In July, Nagata and his colleagues discovered excessive screen time was linked to disruptive behavior disorders in 9-11 year olds, though ...","Dec 12, 2022",2026-05-09T03:53:35.818989Z
49,10.1007/s00127-025-02814-6,serpapi_google,Q4_eurekalert,"""Nagata"" ""screen time"" site:eurekalert.org",https://www.eurekalert.org › news-releases,https://www.eurekalert.org/news-releases/1057483,Screen time and social media use linked to eating disorder ...,"Screen time and social media use linked to eating disorder symptoms in young adolescents ... Nagata, MD, an associate professor of pediatrics at ...","Sep 10, 2024",2026-05-09T03:53:35.818989Z
49,10.1007/s00127-025-02814-6,serpapi_google,Q4_eurekalert,"""Nagata"" ""screen time"" site:eurekalert.org",https://www.eurekalert.org › news-releases,https://www.eurekalert.org/news-releases/1046791,"Great news, parents: You do have power over your tweens' ...","""Screen time at bedtime displaces sleep time, which is essential for health and development in young adolescents,” Nagata said. “Parents can ...","Jun 5, 2024",2026-05-09T03:53:35.818989Z
55,10.1007/s10578-019-00892-7,serpapi_google_news,Q2_author_topic,"""Fors"" ""Adolescent Brain Cognitive Development"" ""media use""",Brain and Behavior Research,https://bbrfoundation.org/content/study-finds-small-significant-impact-electronic-media-use-mental-health-children,Study Finds “Small But Significant” Impact of Electronic Media Use on Mental Health in Children,,"02/27/2020, 08:00 AM, +0000 UTC",2026-05-09T03:53:42.265873Z
55,10.1007/s10578-019-00892-7,serpapi_google_news,Q2_author_topic,"""Fors"" ""Adolescent Brain Cognitive Development"" ""media use""",PNAS,https://www.pnas.org/doi/10.1073/pnas.2109860118,Adolescent civic engagement: Lessons from Black Lives Matter,,"10/04/2021, 07:00 AM, +0000 UTC",2026-05-09T03:53:42.265873Z
55,10.1007/s10578-019-00892-7,serpapi_google,Q4_eurekalert,"""Fors"" ""media use"" site:eurekalert.org",https://www.eurekalert.org › multimedia,https://www.eurekalert.org/multimedia/1009009,Anne-Marie Fors Connolly [IMAGE],Caption. Anne-Marie Fors Connolly ; Credit. Mattias Pettersson ; Usage Restrictions. Media use ; License. Licensed content.,,2026-05-09T03:53:55.286817Z
57,10.1007/s10802-020-00703-x,serpapi_google_news,Q2_author_topic,"""Lin"" ""Adolescent Brain Cognitive Development"" ""screen time""",Nature,https://www.nature.com/articles/s44277-024-00006-9,Probing the digital exposome: associations of social media use patterns with youth mental health,,"04/23/2024, 07:00 AM, +0000 UTC",2026-05-09T03:53:57.011445Z
57,10.1007/s10802-020-00703-x,serpapi_google_news,Q2_author_topic,"""Lin"" ""Adolescent Brain Cognitive Development"" ""screen time""",Frontiers,https://www.frontiersin.org/journals/medicine/articles/10.3389/fmed.2026.1736060/full,Digital media use and cognitive networks in medical students: linking screen time with intelligence and academic performance,,"01/27/2026, 06:14 PM, +0000 UTC",2026-05-09T03:53:57.011445Z
57,10.1007/s10802-020-00703-x,serpapi_google_news,Q2_author_topic,"""Lin"" ""Adolescent Brain Cognitive Development"" ""screen time""",Cureus,https://www.cureus.com/articles/434434-the-impact-of-screen-time-on-the-health-of-the-pediatric-population-short--and-long-term-consequences-for-lifestyle-ophthalmology-and-mental-health,"The Impact of Screen Time on the Health of the Pediatric Population: Short- and Long-Term Consequences for Lifestyle, Ophthalmology, and Mental Health",,"11/16/2025, 08:00 AM, +0000 UTC",2026-05-09T03:53:57.011445Z
57,10.1007/s10802-020-00703-x,serpapi_google_news,Q2_author_topic,"""Lin"" ""Adolescent Brain Cognitive Development"" ""screen time""",The Lancet,https://www.thelancet.com/journals/lanchi/article/PIIS2352-4642(18)30278-5/abstract,Associations between 24 hour movement behaviours and global cognition in US children: a cross-sectional observational study,,"09/26/2018, 07:00 AM, +0000 UTC",2026-05-09T03:53:57.011445Z
57,10.1007/s10802-020-00703-x,serpapi_google_news,Q2_author_topic,"""Lin"" ""Adolescent Brain Cognitive Development"" ""screen time""",Nature,https://www.nature.com/articles/s41598-022-20922-0,Associations between digital media use and brain surface structural measures in preschool-aged children,,"11/09/2022, 08:00 AM, +0000 UTC",2026-05-09T03:53:57.011445Z
57,10.1007/s10802-020-00703-x,serpapi_google_news,Q2_author_topic,"""Lin"" ""Adolescent Brain Cognitive Development"" ""screen time""",Frontiers,https://www.frontiersin.org/journals/psychology/articles/10.3389/fpsyg.2025.1596595/full,Smartphones through children’s eyes: perceived benefits and educational considerations,,"06/18/2025, 07:00 AM, +0000 UTC",2026-05-09T03:53:57.011445Z
57,10.1007/s10802-020-00703-x,serpapi_google_news,Q2_author_topic,"""Lin"" ""Adolescent Brain Cognitive Development"" ""screen time""",Cureus,https://www.cureus.com/articles/432746-sleep-duration-quality-and-factors-affecting-sleep-health-among-young-people-in-the-california-bay-area-a-cross-sectional-study,"Sleep Duration, Quality, and Factors Affecting Sleep Health Among Young People in the California Bay Area: A Cross-Sectional Study",,"12/03/2025, 08:00 AM, +0000 UTC",2026-05-09T03:53:57.011445Z
57,10.1007/s10802-020-00703-x,serpapi_google_news,Q2_author_topic,"""Lin"" ""Adolescent Brain Cognitive Development"" ""screen time""",Nature,https://www.nature.com/articles/s41398-025-03467-4,Neural correlates differ between crystallized and fluid intelligence in adolescents | Translational Psychiatry,,"07/17/2025, 07:00 AM, +0000 UTC",2026-05-09T03:53:57.011445Z
57,10.1007/s10802-020-00703-x,serpapi_google_news,Q3_title_fragment,"""Unpacking Associations between Mood Symptoms and""",American Psychological Association (APA),https://www.apa.org/topics/social-media-internet/healthy-teen-video-viewing,APA Recommendations for Healthy Teen Video Viewing,,"11/20/2024, 06:13 AM, +0000 UTC",2026-05-09T03:54:05.382460Z
57,10.1007/s10802-020-00703-x,serpapi_google,Q4_eurekalert,"""Lin"" ""screen time"" site:eurekalert.org",https://www.eurekalert.org › news-releases,https://www.eurekalert.org/news-releases/1111150,Too much screen time too soon? A*STAR study links infant ...,"... Lin School of Medicine, using data from the Growing Up in Singapore ... screen time in infancy. Importantly, the study focuses on ...","Dec 30, 2025",2026-05-09T03:54:07.763509Z
57,10.1007/s10802-020-00703-x,serpapi_google,Q4_eurekalert,"""Lin"" ""screen time"" site:eurekalert.org",https://www.eurekalert.org › news-releases,https://www.eurekalert.org/news-releases/978215,Study: Infants exposed to excessive screen time show ...,Study: Infants exposed to excessive screen time show ... The study was a collaborative effort comprising researchers from the Yong Loo Lin ...,"Jan 30, 2023",2026-05-09T03:54:07.763509Z
57,10.1007/s10802-020-00703-x,serpapi_google,Q4_eurekalert,"""Lin"" ""screen time"" site:eurekalert.org",https://www.eurekalert.org › news-releases,https://www.eurekalert.org/news-releases/1092444,First graders who use more educational media spend ...,"Finding that educational media use does not crowd out reading time or extend overall screen time ... Co-authors were Kelly Purtell, Tzu-Jung Lin ...","Jul 25, 2025",2026-05-09T03:54:07.763509Z
57,10.1007/s10802-020-00703-x,serpapi_google,Q4_eurekalert,"""Lin"" ""screen time"" site:eurekalert.org",https://www.eurekalert.org › news-releases,https://www.eurekalert.org/news-releases/779888,"Study finds links between early screen exposure, sleep ...",- Screen time - Majority (93.9%) of the children exceeded the 1 hour ... Lin School of Medicine andLee Kong Chian School of Medicine.,"Nov 13, 2019",2026-05-09T03:54:07.763509Z
57,10.1007/s10802-020-00703-x,serpapi_google,Q4_eurekalert,"""Lin"" ""screen time"" site:eurekalert.org",https://www.eurekalert.org › news-releases,https://www.eurekalert.org/news-releases/1126732,Singapore's largest parenting intervention study on ...,"As families weave through hectic and time-scarce modern lifestyles, increasing digital exposure and screen-time ... Lin School of Medicine ...",6 days ago,2026-05-09T03:54:07.763509Z
57,10.1007/s10802-020-00703-x,serpapi_google,Q4_eurekalert,"""Lin"" ""screen time"" site:eurekalert.org",https://www.eurekalert.org › news-releases,https://www.eurekalert.org/news-releases/681975,"Despite health warnings, Americans still sit too much","In addition, computer screen time outside of work and school increased over this period. ... Lin Yang, PhD, at the Alberta Health Services ...","Apr 23, 2019",2026-05-09T03:54:07.763509Z
70,10.1007/s40519-024-01685-1,serpapi_google_news,Q2_author_topic,"""Chu"" ""Adolescent Brain Cognitive Development"" ""screen time""",Medical Xpress,https://medicalxpress.com/news/2023-02-excessive-screen-linked-suicidal-behaviors.html,Excessive screen time linked to suicidal behaviors in US preteens,,"02/27/2023, 08:00 AM, +0000 UTC",2026-05-09T03:54:09.677847Z
70,10.1007/s40519-024-01685-1,serpapi_google_news,Q2_author_topic,"""Chu"" ""Adolescent Brain Cognitive Development"" ""screen time""",SciTechDaily,https://scitechdaily.com/excessive-screen-time-in-preteens-linked-to-suicidal-behavior/,Excessive Screen Time in Preteens Linked to Suicidal Behavior,,"03/11/2023, 08:00 AM, +0000 UTC",2026-05-09T03:54:09.677847Z
70,10.1007/s40519-024-01685-1,serpapi_google_news,Q2_author_topic,"""Chu"" ""Adolescent Brain Cognitive Development"" ""screen time""",Frontiers,https://www.frontiersin.org/journals/psychology/articles/10.3389/fpsyg.2025.1666581/full,Association between 24-hour movement guidelines and working memory in early Chinese adolescents,,"10/01/2025, 07:00 AM, +0000 UTC",2026-05-09T03:54:09.677847Z
70,10.1007/s40519-024-01685-1,serpapi_google_news,Q2_author_topic,"""Chu"" ""Adolescent Brain Cognitive Development"" ""screen time""",Medical Xpress,https://medicalxpress.com/news/2024-09-screen-social-media-linked-disorder.html,Screen time and social media use linked to eating disorder symptoms in young adolescents,,"09/10/2024, 07:00 AM, +0000 UTC",2026-05-09T03:54:09.677847Z
70,10.1007/s40519-024-01685-1,serpapi_google_news,Q2_author_topic,"""Chu"" ""Adolescent Brain Cognitive Development"" ""screen time""",ADDitude,https://www.additudemag.com/emotional-dysregulation-ocd-screen-time-adhd-study/,"Research Links Screen Time to Emotional Dysregulation, OCD",,"12/20/2022, 08:00 AM, +0000 UTC",2026-05-09T03:54:09.677847Z
70,10.1007/s40519-024-01685-1,serpapi_google_news,Q2_author_topic,"""Chu"" ""Adolescent Brain Cognitive Development"" ""screen time""",Frontiers,https://www.frontiersin.org/journals/psychology/articles/10.3389/fpsyg.2025.1649571/full,A systematic review on the eating behaviors of youth exceeding electronic device recommendations,,"08/29/2025, 03:51 PM, +0000 UTC",2026-05-09T03:54:09.677847Z
70,10.1007/s40519-024-01685-1,serpapi_google_news,Q3_title_fragment,"""Screen time, problematic screen use, and""",Medical Xpress,https://medicalxpress.com/news/2024-09-screen-social-media-linked-disorder.html,Screen time and social media use linked to eating disorder symptoms in young adolescents,,"09/10/2024, 07:00 AM, +0000 UTC",2026-05-09T03:54:13.079355Z
70,10.1007/s40519-024-01685-1,serpapi_google_news,Q3_title_fragment,"""Screen time, problematic screen use, and""",Frontiers,https://www.frontiersin.org/journals/psychology/articles/10.3389/fpsyg.2025.1649571/full,A systematic review on the eating behaviors of youth exceeding electronic device recommendations,,"08/29/2025, 03:51 PM, +0000 UTC",2026-05-09T03:54:13.079355Z
70,10.1007/s40519-024-01685-1,serpapi_google_news,Q3_title_fragment,"""Screen time, problematic screen use, and""",The Economic Times,https://m.economictimes.com/magazines/panache/study-reveals-social-medias-growing-influence-on-eating-disorders-among-adolescents-here-is-what-parents-need-to-know/articleshow/117641253.cms,Study reveals social media's growing influence on eating disorders among adolescents. Here is what parents,,"01/28/2025, 08:00 AM, +0000 UTC",2026-05-09T03:54:13.079355Z
70,10.1007/s40519-024-01685-1,serpapi_google,Q4_eurekalert,"""Chu"" ""screen time"" site:eurekalert.org",https://www.eurekalert.org › news-releases,https://www.eurekalert.org/news-releases/753397,Excessive screen time linked to obesity in US preteen,"Excessive screen time linked to obesity in US preteen. For kids ... Nagata, JM, Iyer, P, Chu, J, Baker, FC, Gabriel, KP, Garber, AK ...","Jun 28, 2021",2026-05-09T03:54:15.124795Z
70,10.1007/s40519-024-01685-1,serpapi_google,Q4_eurekalert,"""Chu"" ""screen time"" site:eurekalert.org",https://www.eurekalert.org › news-releases,https://www.eurekalert.org/news-releases/763232,Excessive social media use linked to binge eating in US ...,"Parents should regularly talk to their children about screen-time usage and develop a family media use plan."" ###. Nagata, JM, Iyer, P, Chu, J, ...","Mar 1, 2021",2026-05-09T03:54:15.124795Z
70,10.1007/s40519-024-01685-1,serpapi_google,Q4_eurekalert,"""Chu"" ""screen time"" site:eurekalert.org",https://www.eurekalert.org › news-releases,https://www.eurekalert.org/news-releases/792245,Toddlers who chill in front of TV are at later risk of being ...,"Assuming that the programs watched are developmentally appropriate, the American Academy of Pediatrics recommends that daily screen time not ...","Jul 17, 2015",2026-05-09T03:54:15.124795Z
70,10.1007/s40519-024-01685-1,serpapi_google,Q4_eurekalert,"""Chu"" ""screen time"" site:eurekalert.org",https://www.eurekalert.org › news-releases,https://www.eurekalert.org/news-releases/607547,The long-term benefits of improving your toddler's memory ...,The researchers note that another promising strategy for improving working memory in children is to limit screen time ... CHU Sainte-Justine.,"Jan 12, 2016",2026-05-09T03:54:15.124795Z
70,10.1007/s40519-024-01685-1,serpapi_google,Q4_eurekalert,"""Chu"" ""screen time"" site:eurekalert.org",https://www.eurekalert.org › multimedia,https://www.eurekalert.org/multimedia/912909,Lack of Safety at School and Poverty Linked to Childhood Obesity,"... CHU Sainte Justine children's hospital. ... ""Surprisingly, we have found that although victimization at school is linked to childhood obesity and more screen-time ...",,2026-05-09T03:54:15.124795Z
80,10.1016/j.acap.2024.01.023,serpapi_google_news,Q2_author_topic,"""Nagata"" ""Adolescent Brain Cognitive Development"" ""screen time""",MedPage Today,https://www.medpagetoday.com/pediatrics/generalpediatrics/117911,Increasing Social Media Use in Preteens May Be Hurting Cognition Too,,"10/13/2025, 07:00 AM, +0000 UTC",2026-05-09T03:54:16.335564Z
80,10.1016/j.acap.2024.01.023,serpapi_google_news,Q2_author_topic,"""Nagata"" ""Adolescent Brain Cognitive Development"" ""screen time""",the Manitoban,https://themanitoban.com/2025/11/social-media-use-linked-to-cognitive-decline-in-youth/51082/,Social media use linked to cognitive decline in youth,,"11/26/2025, 08:00 AM, +0000 UTC",2026-05-09T03:54:16.335564Z
80,10.1016/j.acap.2024.01.023,serpapi_google_news,Q2_author_topic,"""Nagata"" ""Adolescent Brain Cognitive Development"" ""screen time""",LiveNOW from FOX,https://www.livenowfox.com/news/excessive-screen-time-manic-symptoms-kids-study,"Excessive screen time linked to manic symptoms in kids, study finds",,"03/05/2025, 08:00 AM, +0000 UTC",2026-05-09T03:54:16.335564Z
80,10.1016/j.acap.2024.01.023,serpapi_google_news,Q2_author_topic,"""Nagata"" ""Adolescent Brain Cognitive Development"" ""screen time""",Medical Xpress,https://medicalxpress.com/news/2024-10-screen-depression-anxiety-year-olds.html,"Screen time tied to depression, anxiety in 9- and 10-year-olds",,"10/07/2024, 07:00 AM, +0000 UTC",2026-05-09T03:54:16.335564Z
80,10.1016/j.acap.2024.01.023,serpapi_google_news,Q2_author_topic,"""Nagata"" ""Adolescent Brain Cognitive Development"" ""screen time""",News-Medical,https://www.news-medical.net/news/20260212/Addictive-screen-habits-harm-early-adolescent-mental-health.aspx,Addictive screen habits harm early adolescent mental health,,"02/12/2026, 08:00 AM, +0000 UTC",2026-05-09T03:54:16.335564Z
80,10.1016/j.acap.2024.01.023,serpapi_google_news,Q2_author_topic,"""Nagata"" ""Adolescent Brain Cognitive Development"" ""screen time""",SciTechDaily,https://scitechdaily.com/excessive-screen-time-in-preteens-linked-to-suicidal-behavior/,Excessive Screen Time in Preteens Linked to Suicidal Behavior,,"03/11/2023, 08:00 AM, +0000 UTC",2026-05-09T03:54:16.335564Z
80,10.1016/j.acap.2024.01.023,serpapi_google_news,Q2_author_topic,"""Nagata"" ""Adolescent Brain Cognitive Development"" ""screen time""",NPR,https://www.npr.org/sections/shots-health-news/2025/06/18/nx-s1-5436951/jama-screens-teens-addiction-suicide-abcd,"Screen addiction and suicidal behaviors are linked for teens, a study shows : Shots - Health News",,"06/18/2025, 07:00 AM, +0000 UTC",2026-05-09T03:54:16.335564Z
80,10.1016/j.acap.2024.01.023,serpapi_google_news,Q2_author_topic,"""Nagata"" ""Adolescent Brain Cognitive Development"" ""screen time""",PsyPost,https://www.psypost.org/more-time-spent-on-social-media-is-linked-to-a-thinner-cerebral-cortex-in-young-adolescents/,More time spent on social media is linked to a thinner cerebral cortex in young adolescents,,"04/15/2026, 07:00 AM, +0000 UTC",2026-05-09T03:54:16.335564Z
80,10.1016/j.acap.2024.01.023,serpapi_google_news,Q2_author_topic,"""Nagata"" ""Adolescent Brain Cognitive Development"" ""screen time""",MedPage Today,https://www.medpagetoday.com/pediatrics/generalpediatrics/119288,Teens Spend an Hour on Their Smartphones at School,,"01/05/2026, 08:00 AM, +0000 UTC",2026-05-09T03:54:16.335564Z
80,10.1016/j.acap.2024.01.023,serpapi_google_news,Q2_author_topic,"""Nagata"" ""Adolescent Brain Cognitive Development"" ""screen time""",Medical Xpress,https://medicalxpress.com/news/2025-02-screen-linked-bipolar-manic-symptoms.html,Screen time linked to bipolar and manic symptoms in U.S. preteens,,"02/20/2025, 08:00 AM, +0000 UTC",2026-05-09T03:54:16.335564Z
80,10.1016/j.acap.2024.01.023,serpapi_google_news,Q2_author_topic,"""Nagata"" ""Adolescent Brain Cognitive Development"" ""screen time""",PsyPost,https://www.psypost.org/three-types-of-screen-time-linked-to-substance-experimentation-in-early-adolescents/,Three types of screen time linked to substance experimentation in early adolescents,,"01/10/2025, 08:00 AM, +0000 UTC",2026-05-09T03:54:16.335564Z
80,10.1016/j.acap.2024.01.023,serpapi_google_news,Q2_author_topic,"""Nagata"" ""Adolescent Brain Cognitive Development"" ""screen time""",Medical Xpress,https://medicalxpress.com/news/2024-05-transgender-preteens-hours-daily-screen.html,Transgender preteens report 13 hours of daily screen time,,"05/13/2024, 07:00 AM, +0000 UTC",2026-05-09T03:54:16.335564Z
80,10.1016/j.acap.2024.01.023,serpapi_google_news,Q2_author_topic,"""Nagata"" ""Adolescent Brain Cognitive Development"" ""screen time""",Medical Xpress,https://medicalxpress.com/news/2023-03-gay-lesbian-bisexual-preteens-hours.html,"Gay, lesbian, bisexual preteens spend 4 more hours on screens daily, finds study",,"03/31/2023, 07:00 AM, +0000 UTC",2026-05-09T03:54:16.335564Z
80,10.1016/j.acap.2024.01.023,serpapi_google,Q4_eurekalert,"""Nagata"" ""screen time"" site:eurekalert.org",https://www.eurekalert.org › news-releases,https://www.eurekalert.org/news-releases/981045,Excessive screen time linked to suicidal behaviors in US ...,"Excessive screen time linked to suicidal behaviors in US preteens ... Nagata, MD, assistant professor of pediatrics at the University of ...","Feb 27, 2023",2026-05-09T03:54:28.136118Z
80,10.1016/j.acap.2024.01.023,serpapi_google,Q4_eurekalert,"""Nagata"" ""screen time"" site:eurekalert.org",https://www.eurekalert.org › news-releases,https://www.eurekalert.org/news-releases/1074319,Screen time linked to bipolar and manic symptoms in U.S. ...,"“Screen addictions and irregular sleep patterns may exacerbate manic symptoms in susceptible teens,” said Nagata. The study adds to the wealth ...","Feb 20, 2025",2026-05-09T03:54:28.136118Z
80,10.1016/j.acap.2024.01.023,serpapi_google,Q4_eurekalert,"""Nagata"" ""screen time"" site:eurekalert.org",https://www.eurekalert.org › news-releases,https://www.eurekalert.org/news-releases/1111741,Study: Teens use cellphones for an hour a day at school,"Teens are not always accurate reporters of their own screen time. Objective smartphone data gives us a clearer picture of actual use,” Nagata ...","Jan 6, 2026",2026-05-09T03:54:28.136118Z
80,10.1016/j.acap.2024.01.023,serpapi_google,Q4_eurekalert,"""Nagata"" ""screen time"" site:eurekalert.org",https://www.eurekalert.org › news-releases,https://www.eurekalert.org/news-releases/1072583,How parents can protect children from mature and adult ...,"“One key factor in a child's exposure to mature content is how much screen time their parents use,” says Nagata. “Children often model their ...","Feb 5, 2025",2026-05-09T03:54:28.136118Z
80,10.1016/j.acap.2024.01.023,serpapi_google,Q4_eurekalert,"""Nagata"" ""screen time"" site:eurekalert.org",https://www.eurekalert.org › news-releases,https://www.eurekalert.org/news-releases/933424,Adolescents' recreational screen time doubled during ...,"Excessive screen use in adolescents also is associated with weight gain and binge eating, Nagata noted: “Screen time lends itself to more ...","Nov 1, 2021",2026-05-09T03:54:28.136118Z
80,10.1016/j.acap.2024.01.023,serpapi_google,Q4_eurekalert,"""Nagata"" ""screen time"" site:eurekalert.org",https://www.eurekalert.org › news-releases,https://www.eurekalert.org/news-releases/1060422,"For preteens, more screen time is tied to depression, ...",Nagata said parents can play an essential role in helping to mitigate the negative effects of excessive screen time. “The American Academy of ...,"Oct 7, 2024",2026-05-09T03:54:28.136118Z
80,10.1016/j.acap.2024.01.023,serpapi_google,Q4_eurekalert,"""Nagata"" ""screen time"" site:eurekalert.org",https://www.eurekalert.org › news-releases,https://www.eurekalert.org/news-releases/753397,Excessive screen time linked to obesity in US preteen,"Parents should regularly talk to their children about screen-time usage and develop a family media use plan,"" said Nagata. ###. Nagata, JM, Iyer ...","Jun 28, 2021",2026-05-09T03:54:28.136118Z
80,10.1016/j.acap.2024.01.023,serpapi_google,Q4_eurekalert,"""Nagata"" ""screen time"" site:eurekalert.org",https://www.eurekalert.org › news-releases,https://www.eurekalert.org/news-releases/973956,Screen time linked to OCD in U.S. preteens,"In July, Nagata and his colleagues discovered excessive screen time was linked to disruptive behavior disorders in 9-11 year olds, though ...","Dec 12, 2022",2026-05-09T03:54:28.136118Z
80,10.1016/j.acap.2024.01.023,serpapi_google,Q4_eurekalert,"""Nagata"" ""screen time"" site:eurekalert.org",https://www.eurekalert.org › news-releases,https://www.eurekalert.org/news-releases/1057483,Screen time and social media use linked to eating disorder ...,"Screen time and social media use linked to eating disorder symptoms in young adolescents ... Nagata, MD, an associate professor of pediatrics at ...","Sep 10, 2024",2026-05-09T03:54:28.136118Z
80,10.1016/j.acap.2024.01.023,serpapi_google,Q4_eurekalert,"""Nagata"" ""screen time"" site:eurekalert.org",https://www.eurekalert.org › news-releases,https://www.eurekalert.org/news-releases/1046791,"Great news, parents: You do have power over your tweens' ...","""Screen time at bedtime displaces sleep time, which is essential for health and development in young adolescents,” Nagata said. “Parents can ...","Jun 5, 2024",2026-05-09T03:54:28.136118Z
84,10.1016/j.actpsy.2026.106742,serpapi_google_news,Q2_author_topic,"""Shou"" ""Adolescent Brain Cognitive Development"" ""screen time""",Nature,https://www.nature.com/articles/s41398-025-03672-1,Association of screen time with attention-deficit/hyperactivity disorder symptoms and their development: the mediating role of brain structure,,"10/31/2025, 07:00 AM, +0000 UTC",2026-05-09T03:54:28.659735Z
84,10.1016/j.actpsy.2026.106742,serpapi_google_news,Q2_author_topic,"""Shou"" ""Adolescent Brain Cognitive Development"" ""screen time""",EurekAlert!,https://www.eurekalert.org/news-releases/1107002,Higher screen time linked to ADHD symptoms and altered brain development,,"11/21/2025, 08:00 AM, +0000 UTC",2026-05-09T03:54:28.659735Z
84,10.1016/j.actpsy.2026.106742,serpapi_google_news,Q2_author_topic,"""Shou"" ""Adolescent Brain Cognitive Development"" ""screen time""",HMP Global Learning Network,https://www.hmpgloballearningnetwork.com/site/pcn/news/higher-screen-time-tied-adhd-symptoms-altered-brain-structure-children,"Higher Screen Time Tied to ADHD Symptoms, Altered Brain Structure in Children",,"12/03/2025, 08:00 AM, +0000 UTC",2026-05-09T03:54:28.659735Z
84,10.1016/j.actpsy.2026.106742,serpapi_google_news,Q2_author_topic,"""Shou"" ""Adolescent Brain Cognitive Development"" ""screen time""",Medical Xpress,https://medicalxpress.com/news/2025-11-higher-screen-linked-adhd-symptoms.html,Higher screen time linked to ADHD symptoms and altered brain development,,"11/21/2025, 08:00 AM, +0000 UTC",2026-05-09T03:54:28.659735Z
84,10.1016/j.actpsy.2026.106742,serpapi_google_news,Q2_author_topic,"""Shou"" ""Adolescent Brain Cognitive Development"" ""screen time""",Neuroscience News,https://neurosciencenews.com/screentime-adhd-neurodevelopment-29964/,"Screen Time in Tweens Predicts ADHD, Slower Brain Growth",,"11/21/2025, 08:00 AM, +0000 UTC",2026-05-09T03:54:28.659735Z
84,10.1016/j.actpsy.2026.106742,serpapi_google_news,Q2_author_topic,"""Shou"" ""Adolescent Brain Cognitive Development"" ""screen time""",NR Times,https://nrtimes.co.uk/higher-screen-time-linked-to-adhd-symptoms-and-altered-brain-development-np25/,Higher screen time linked to ADHD symptoms and altered brain development,,"11/24/2025, 08:00 AM, +0000 UTC",2026-05-09T03:54:28.659735Z
84,10.1016/j.actpsy.2026.106742,serpapi_google_news,Q2_author_topic,"""Shou"" ""Adolescent Brain Cognitive Development"" ""screen time""",U.S. Right to Know,https://usrtk.org/healthwire/screen-time-linked-to-brain-abnormalities-and-adhd-symptoms-in-children/,"Higher screen time linked to brain abnormalities and ADHD symptoms in children, study shows",,"11/21/2025, 08:00 AM, +0000 UTC",2026-05-09T03:54:28.659735Z
84,10.1016/j.actpsy.2026.106742,serpapi_google_news,Q2_author_topic,"""Shou"" ""Adolescent Brain Cognitive Development"" ""screen time""",PsyPost,https://www.psypost.org/brain-structure-changes-may-partially-explain-the-link-between-screen-time-and-adhd/,Brain structure changes may partially explain the link between screen time and ADHD,,"11/26/2025, 08:00 AM, +0000 UTC",2026-05-09T03:54:28.659735Z
84,10.1016/j.actpsy.2026.106742,serpapi_google_news,Q3_title_fragment,"""The association between screen time and""",Nature,https://www.nature.com/articles/s41599-026-06609-1,Excessive screen time is associated with mental health problems in US children and adolescents: physical activity and sleep as parallel mediators,,"01/31/2026, 08:00 AM, +0000 UTC",2026-05-09T03:54:30.657271Z
84,10.1016/j.actpsy.2026.106742,serpapi_google_news,Q3_title_fragment,"""The association between screen time and""",Frontiers,https://www.frontiersin.org/journals/psychology/articles/10.3389/fpsyg.2026.1737937/full,Passive and active screen time relate differently to attention in preschool children,,"02/27/2026, 03:21 PM, +0000 UTC",2026-05-09T03:54:30.657271Z
84,10.1016/j.actpsy.2026.106742,serpapi_google_news,Q3_title_fragment,"""The association between screen time and""",Cureus,https://www.cureus.com/articles/434434-the-impact-of-screen-time-on-the-health-of-the-pediatric-population-short--and-long-term-consequences-for-lifestyle-ophthalmology-and-mental-health,"The Impact of Screen Time on the Health of the Pediatric Population: Short- and Long-Term Consequences for Lifestyle, Ophthalmology, and Mental Health",,"11/16/2025, 08:00 AM, +0000 UTC",2026-05-09T03:54:30.657271Z
84,10.1016/j.actpsy.2026.106742,serpapi_google_news,Q3_title_fragment,"""The association between screen time and""",www.heart.org,https://newsroom.heart.org/news/excessive-screen-time-among-youth-may-pose-heart-health-risks,Excessive screen time among youth may pose heart health risks,,"08/06/2025, 07:00 AM, +0000 UTC",2026-05-09T03:54:30.657271Z
84,10.1016/j.actpsy.2026.106742,serpapi_google_news,Q3_title_fragment,"""The association between screen time and""",ScienceDaily,https://www.sciencedaily.com/releases/2025/11/251101000418.htm,Too much screen time may be hurting kids’ hearts,,"11/01/2025, 07:00 AM, +0000 UTC",2026-05-09T03:54:30.657271Z
84,10.1016/j.actpsy.2026.106742,serpapi_google_news,Q3_title_fragment,"""The association between screen time and""",News-Medical,https://www.news-medical.net/news/20260115/Screen-time-may-increase-body-fat-in-children.aspx,Screen time may increase body fat in children,,"01/15/2026, 08:00 AM, +0000 UTC",2026-05-09T03:54:30.657271Z
84,10.1016/j.actpsy.2026.106742,serpapi_google_news,Q3_title_fragment,"""The association between screen time and""",HMP Global Learning Network,https://www.hmpgloballearningnetwork.com/site/pcn/news/higher-screen-time-tied-adhd-symptoms-altered-brain-structure-children,"Higher Screen Time Tied to ADHD Symptoms, Altered Brain Structure in Children",,"12/03/2025, 08:00 AM, +0000 UTC",2026-05-09T03:54:30.657271Z
84,10.1016/j.actpsy.2026.106742,serpapi_google_news,Q3_title_fragment,"""The association between screen time and""",Psychology Today,https://www.psychologytoday.com/us/blog/the-asymmetric-brain/202510/screen-time-and-mental-illness-is-more-always-worse,A new study yields important new insights into screen time and mental health.,,"10/05/2025, 07:00 AM, +0000 UTC",2026-05-09T03:54:30.657271Z
84,10.1016/j.actpsy.2026.106742,serpapi_google_news,Q3_title_fragment,"""The association between screen time and""",Healio,https://www.healio.com/news/cardiology/20250806/too-much-screen-time-may-negatively-impact-kids-cardiometabolic-health,Too much screen time may negatively impact kids’ cardiometabolic health,,"08/06/2025, 07:00 AM, +0000 UTC",2026-05-09T03:54:30.657271Z
84,10.1016/j.actpsy.2026.106742,serpapi_google_news,Q3_title_fragment,"""The association between screen time and""",Nature,https://www.nature.com/articles/s41398-025-03672-1,Association of screen time with attention-deficit/hyperactivity disorder symptoms and their development: the mediating role of brain structure,,"10/31/2025, 07:00 AM, +0000 UTC",2026-05-09T03:54:30.657271Z
84,10.1016/j.actpsy.2026.106742,serpapi_google_news,Q3_title_fragment,"""The association between screen time and""",EMJ,https://www.emjreviews.com/general-healthcare/news/screen-time-in-childhood-linked-to-teen-depression/,Screen Time in Childhood Linked to Teen Depression,,"07/06/2025, 07:00 AM, +0000 UTC",2026-05-09T03:54:30.657271Z
84,10.1016/j.actpsy.2026.106742,serpapi_google_news,Q3_title_fragment,"""The association between screen time and""",Neuroscience News,https://neurosciencenews.com/screentime-adhd-neurodevelopment-29964/,"Screen Time in Tweens Predicts ADHD, Slower Brain Growth",,"11/21/2025, 08:00 AM, +0000 UTC",2026-05-09T03:54:30.657271Z
84,10.1016/j.actpsy.2026.106742,serpapi_google_news,Q3_title_fragment,"""The association between screen time and""",PsyPost,https://www.psypost.org/brain-structure-changes-may-partially-explain-the-link-between-screen-time-and-adhd/,Brain structure changes may partially explain the link between screen time and ADHD,,"11/26/2025, 08:00 AM, +0000 UTC",2026-05-09T03:54:30.657271Z
84,10.1016/j.actpsy.2026.106742,serpapi_google_news,Q3_title_fragment,"""The association between screen time and""",Open Access Government,https://www.openaccessgovernment.org/excessive-screen-time-may-raise-kids-risk-of-heart-disease-and-diabetes/196487/,Excessive screen time may raise kids’ risk of heart disease and diabetes,,"08/08/2025, 07:00 AM, +0000 UTC",2026-05-09T03:54:30.657271Z
84,10.1016/j.actpsy.2026.106742,serpapi_google_news,Q3_title_fragment,"""The association between screen time and""",Earth.com,https://www.earth.com/news/too-much-screen-time-could-put-kids-hearts-at-risk/,Too much screen time could put kids’ hearts at risk,,"08/10/2025, 07:00 AM, +0000 UTC",2026-05-09T03:54:30.657271Z
84,10.1016/j.actpsy.2026.106742,serpapi_google_news,Q3_title_fragment,"""The association between screen time and""",U.S. News & World Report,https://www.usnews.com/news/health-news/articles/2025-08-06/youngsters-face-heart-health-risks-from-too-much-screen-time,Youngsters Face Heart Health Risks From Too Much Screen Time,,"08/06/2025, 07:00 AM, +0000 UTC",2026-05-09T03:54:30.657271Z
84,10.1016/j.actpsy.2026.106742,serpapi_google_news,Q3_title_fragment,"""The association between screen time and""",Medical Dialogues,https://medicaldialogues.in/pediatrics-neonatology/news/higher-screen-time-in-toddlers-linked-to-increased-risk-of-autism-symptoms-new-study-finds-156779,"Higher Screen Time in Toddlers Linked to Increased Risk of Autism Symptoms, New Study Finds",,"10/12/2025, 07:00 AM, +0000 UTC",2026-05-09T03:54:30.657271Z
84,10.1016/j.actpsy.2026.106742,serpapi_google_news,Q3_title_fragment,"""The association between screen time and""",News-Medical,https://www.news-medical.net/news/20250807/How-too-much-screen-time-affects-kidse28099-heart-health-and-what-can-reduce-the-risk.aspx,How too much screen time affects kids’ heart health and what can reduce the risk,,"08/07/2025, 07:00 AM, +0000 UTC",2026-05-09T03:54:30.657271Z
84,10.1016/j.actpsy.2026.106742,serpapi_google_news,Q3_title_fragment,"""The association between screen time and""",Cureus,https://www.cureus.com/articles/349191-association-between-screen-time-dietary-patterns-and-oral-health-among-children-a-cross-sectional-study,"Association Between Screen Time, Dietary Patterns, and Oral Health Among Children: A Cross-Sectional Study",,"03/28/2025, 07:00 AM, +0000 UTC",2026-05-09T03:54:30.657271Z
84,10.1016/j.actpsy.2026.106742,serpapi_google_news,Q3_title_fragment,"""The association between screen time and""",Frontiers,https://www.frontiersin.org/journals/developmental-psychology/articles/10.3389/fdpys.2024.1439040/full,Screen on = development off? A systematic scoping review and a developmental psychology perspective on the effects of screen time on early childhood development,,"12/02/2024, 01:38 PM, +0000 UTC",2026-05-09T03:54:30.657271Z
84,10.1016/j.actpsy.2026.106742,serpapi_google_news,Q3_title_fragment,"""The association between screen time and""",Nature,https://www.nature.com/articles/s41598-024-74854-y,Association between ocular diseases and screen time and sedentary time derived from job-exposure matrices,,"11/07/2024, 08:00 AM, +0000 UTC",2026-05-09T03:54:30.657271Z
84,10.1016/j.actpsy.2026.106742,serpapi_google_news,Q3_title_fragment,"""The association between screen time and""",Nature,https://www.nature.com/articles/s41598-023-50767-0,Associations between screen viewing at 2 and 3.5 years and drawing ability at 3.5 years among children from the French nationwide Elfe birth cohort | Scientific Reports,,"01/03/2024, 08:00 AM, +0000 UTC",2026-05-09T03:54:30.657271Z
84,10.1016/j.actpsy.2026.106742,serpapi_google_news,Q3_title_fragment,"""The association between screen time and""",Cureus,https://www.cureus.com/articles/73980-the-association-between-screen-time-exposure-and-autism-spectrum-disorder-like-symptoms-in-children,The Association Between Screen Time Exposure and Autism Spectrum Disorder-Like Symptoms in Children,,"10/14/2021, 07:00 AM, +0000 UTC",2026-05-09T03:54:30.657271Z
84,10.1016/j.actpsy.2026.106742,serpapi_google_news,Q3_title_fragment,"""The association between screen time and""",BMJ Blogs,https://blogs.bmj.com/bmjopen/2025/11/18/top-10-most-read-in-october-2025-algorithms-singing-vaping-smartphone-use-and-fast-food/,"Top 10 most read in October 2025 – algorithms, singing, vaping, smartphone use and fast food!",,"11/18/2025, 08:00 AM, +0000 UTC",2026-05-09T03:54:30.657271Z
84,10.1016/j.actpsy.2026.106742,serpapi_google_news,Q3_title_fragment,"""The association between screen time and""",Contemporary Pediatrics,https://www.contemporarypediatrics.com/view/screen-time-under-2-years-of-age-and-autism-risk-at-12-years,Screen time under 2 years of age and autism risk at 12 years,,"01/07/2025, 08:00 AM, +0000 UTC",2026-05-09T03:54:30.657271Z
84,10.1016/j.actpsy.2026.106742,serpapi_google_news,Q3_title_fragment,"""The association between screen time and""",Frontiers,https://www.frontiersin.org/journals/psychiatry/articles/10.3389/fpsyt.2024.1512149/full,Commentary: Relationships between screen time and childhood attention deficit hyperactivity disorder: a Mendelian randomization study,,"11/25/2024, 07:27 AM, +0000 UTC",2026-05-09T03:54:30.657271Z
84,10.1016/j.actpsy.2026.106742,serpapi_google_news,Q3_title_fragment,"""The association between screen time and""",EurekAlert!,https://www.eurekalert.org/news-releases/1078851,Study links teen girls’ screen time to sleep disruptions and depression,,"04/02/2025, 07:00 AM, +0000 UTC",2026-05-09T03:54:30.657271Z
84,10.1016/j.actpsy.2026.106742,serpapi_google_news,Q3_title_fragment,"""The association between screen time and""",Cureus,https://www.cureus.com/articles/242036-screen-time-among-medical-and-nursing-students-and-its-correlation-with-sleep-quality-and-attention-span-a-cross-sectional-study,Screen Time Among Medical and Nursing Students and Its Correlation With Sleep Quality and Attention Span: A Cross-Sectional Study,,"04/15/2024, 07:00 AM, +0000 UTC",2026-05-09T03:54:30.657271Z
84,10.1016/j.actpsy.2026.106742,serpapi_google_news,Q3_title_fragment,"""The association between screen time and""",medRxiv,https://www.medrxiv.org/content/10.1101/2024.07.12.24310353v1.full-text,Screen Time is Associated with Cardiometabolic and Cardiovascular Disease Risk in Childhood and Adolescence,,"07/14/2024, 07:00 AM, +0000 UTC",2026-05-09T03:54:30.657271Z
84,10.1016/j.actpsy.2026.106742,serpapi_google_news,Q3_title_fragment,"""The association between screen time and""",EurekAlert!,https://www.eurekalert.org/news-releases/1000060,Lengthy screen time associated with childhood development delays,,"08/30/2023, 07:00 AM, +0000 UTC",2026-05-09T03:54:30.657271Z
84,10.1016/j.actpsy.2026.106742,serpapi_google_news,Q3_title_fragment,"""The association between screen time and""",The Transmitter,https://www.thetransmitter.org/spectrum/studies-investigating-link-between-screen-time-and-autism-must-improve/,Studies investigating link between screen time and autism must improve,,"05/03/2024, 02:11 PM, +0000 UTC",2026-05-09T03:54:30.657271Z
84,10.1016/j.actpsy.2026.106742,serpapi_google_news,Q3_title_fragment,"""The association between screen time and""",SciTechDaily,https://scitechdaily.com/new-research-links-screen-time-with-childhood-development-delays/,New Research Links Screen Time With Childhood Development Delays,,"12/06/2023, 08:00 AM, +0000 UTC",2026-05-09T03:54:30.657271Z
84,10.1016/j.actpsy.2026.106742,serpapi_google_news,Q3_title_fragment,"""The association between screen time and""",mghpsychnews.org,https://mghpsychnews.org/excessive-screen-time-and-cognitive-deficits/,Does Excessive Screen Time Contribute to Cognitive Deficits in Adolescents?,,"10/17/2022, 07:00 AM, +0000 UTC",2026-05-09T03:54:30.657271Z
84,10.1016/j.actpsy.2026.106742,serpapi_google_news,Q3_title_fragment,"""The association between screen time and""",News-Medical,https://www.news-medical.net/health/Screen-Time-and-Insomnia.aspx,Screen Time and Insomnia,,"02/01/2021, 08:00 AM, +0000 UTC",2026-05-09T03:54:30.657271Z
84,10.1016/j.actpsy.2026.106742,serpapi_google_news,Q3_title_fragment,"""The association between screen time and""",News-Medical,https://www.news-medical.net/health/Screen-Time-and-Mental-Health.aspx,Screen Time and Mental Health,,"06/29/2022, 07:00 AM, +0000 UTC",2026-05-09T03:54:30.657271Z
84,10.1016/j.actpsy.2026.106742,serpapi_google_news,Q3_title_fragment,"""The association between screen time and""",HealthDay,https://www.healthday.com/healthday-tv/eye-care/just-one-hour-of-daily-screen-time-can-increase-your-childs-risk-of-nearsightedness,Just One Hour of Daily Screen Time Can Increase Your Child’s Risk of Nearsightedness,,"02/21/2025, 08:00 AM, +0000 UTC",2026-05-09T03:54:30.657271Z
84,10.1016/j.actpsy.2026.106742,serpapi_google_news,Q3_title_fragment,"""The association between screen time and""",Neuroscience News,https://neurosciencenews.com/screen-time-brain-maturity-22410/,Infants Exposed to Excessive Screen Time Show Differences in Brain Function Beyond Eight Years of Age,,"01/31/2023, 08:00 AM, +0000 UTC",2026-05-09T03:54:30.657271Z
84,10.1016/j.actpsy.2026.106742,serpapi_google_news,Q3_title_fragment,"""The association between screen time and""",Medical Xpress,https://medicalxpress.com/news/2023-10-genetic-autism-adhd-screen-children.html,Genetic risks of autism and ADHD may be related to more screen time in children,,"10/26/2023, 07:00 AM, +0000 UTC",2026-05-09T03:54:30.657271Z
84,10.1016/j.actpsy.2026.106742,serpapi_google_news,Q3_title_fragment,"""The association between screen time and""",SciTechDaily,https://scitechdaily.com/scrolling-in-the-dark-how-screens-steal-sleep-and-trigger-teen-depression/,Scrolling in the Dark: How Screens Steal Sleep and Trigger Teen Depression,,"04/08/2025, 07:00 AM, +0000 UTC",2026-05-09T03:54:30.657271Z
84,10.1016/j.actpsy.2026.106742,serpapi_google_news,Q3_title_fragment,"""The association between screen time and""",Cambridge University Press & Assessment,https://www.cambridge.org/core/journals/british-journal-of-nutrition/article/ultraprocessed-food-consumption-is-related-to-screen-time-among-brazilian-adolescents-adults-and-older-adults/E983BB91DC5D35C5B3D0DA84708A5894,"Ultra-processed food consumption is related to screen time among Brazilian adolescents, adults and older adults",,"11/11/2024, 08:00 AM, +0000 UTC",2026-05-09T03:54:30.657271Z
84,10.1016/j.actpsy.2026.106742,serpapi_google_news,Q3_title_fragment,"""The association between screen time and""",MedPage Today,https://www.medpagetoday.com/pediatrics/generalpediatrics/105970,Toddlers' Screen Time Linked to Delayed Development,,"08/21/2023, 07:00 AM, +0000 UTC",2026-05-09T03:54:30.657271Z
84,10.1016/j.actpsy.2026.106742,serpapi_google_news,Q3_title_fragment,"""The association between screen time and""",Frontiers,https://www.frontiersin.org/journals/public-health/articles/10.3389/fpubh.2020.560378/full,The Relationship Between Screen and Outdoor Time With Rates of Myopia in Spanish Children,,"10/13/2020, 07:00 AM, +0000 UTC",2026-05-09T03:54:30.657271Z
84,10.1016/j.actpsy.2026.106742,serpapi_google_news,Q3_title_fragment,"""The association between screen time and""",PsyPost,https://www.psypost.org/early-screen-time-not-a-cause-of-autism-study-concludes/,"Early screen time not a cause of autism, study concludes",,"12/31/2024, 08:00 AM, +0000 UTC",2026-05-09T03:54:30.657271Z
84,10.1016/j.actpsy.2026.106742,serpapi_google_news,Q3_title_fragment,"""The association between screen time and""",Nature,https://www.nature.com/articles/s41598-019-46971-6,"Heavy screen users are the heaviest among 10,000 children",,"08/01/2019, 07:00 AM, +0000 UTC",2026-05-09T03:54:30.657271Z
84,10.1016/j.actpsy.2026.106742,serpapi_google_news,Q3_title_fragment,"""The association between screen time and""",Neuroscience News,https://neurosciencenews.com/adhd-asd-screentime-genetics-25109/,Screen Time’s Link to Autism and ADHD Explored,,"10/27/2023, 07:00 AM, +0000 UTC",2026-05-09T03:54:30.657271Z
84,10.1016/j.actpsy.2026.106742,serpapi_google_news,Q3_title_fragment,"""The association between screen time and""",Nature,https://www.nature.com/articles/s41598-022-11341-2,The impact of digital media on children’s intelligence while controlling for genetic differences in cognition and socioeconomic background | Scientific Reports,,"05/11/2022, 07:00 AM, +0000 UTC",2026-05-09T03:54:30.657271Z
84,10.1016/j.actpsy.2026.106742,serpapi_google_news,Q3_title_fragment,"""The association between screen time and""",Folkehelseinstituttet - FHI,https://www.fhi.no/en/publ/2024/Screen-use-and-children-and-adolescents-physical-health-assessed-as-musculosceletal-pain-headache-and-eye-health/,"Screen use and children and adolescents’ physical health assessed as musculosceletal pain, headache and eye health",,"05/15/2024, 07:00 AM, +0000 UTC",2026-05-09T03:54:30.657271Z
84,10.1016/j.actpsy.2026.106742,serpapi_google_news,Q3_title_fragment,"""The association between screen time and""",NR Times,https://nrtimes.co.uk/screen-time-can-lead-to-developmental-delay-npstory/,Screen time ‘can lead to developmental delay’,,"08/31/2023, 07:00 AM, +0000 UTC",2026-05-09T03:54:30.657271Z
84,10.1016/j.actpsy.2026.106742,serpapi_google_news,Q3_title_fragment,"""The association between screen time and""",CNBC,https://www.cnbc.com/2017/03/14/screentime-linked-to-increased-diabetes-risk-in-children-study.html,Screen time linked to increased diabetes risk in children: study,,"03/14/2017, 07:00 AM, +0000 UTC",2026-05-09T03:54:30.657271Z
84,10.1016/j.actpsy.2026.106742,serpapi_google_news,Q3_title_fragment,"""The association between screen time and""",PsyPost,https://www.psypost.org/from-likes-to-anxiety-examining-the-psychological-costs-of-social-media-among-teens/,From likes to anxiety: Examining the psychological costs of social media among teens,,"03/15/2024, 07:00 AM, +0000 UTC",2026-05-09T03:54:30.657271Z
84,10.1016/j.actpsy.2026.106742,serpapi_google_news,Q3_title_fragment,"""The association between screen time and""",Ophthalmology Advisor,https://www.ophthalmologyadvisor.com/news/screen-time-rasies-youth-myopia-risk/,Continuous Teen Smartphone Use Associated with Myopic Refractive Errors,,"08/05/2021, 07:00 AM, +0000 UTC",2026-05-09T03:54:30.657271Z
84,10.1016/j.actpsy.2026.106742,serpapi_google_news,Q3_title_fragment,"""The association between screen time and""",Nature,https://www.nature.com/articles/s41598-021-02021-8,"The impact of sleep, physical activity and sedentary behaviour on symptoms of depression and anxiety before and during the COVID-19 pandemic in a sample of South African participants",,"12/15/2021, 08:00 AM, +0000 UTC",2026-05-09T03:54:30.657271Z
84,10.1016/j.actpsy.2026.106742,serpapi_google_news,Q3_title_fragment,"""The association between screen time and""",Medical Dialogues,https://medicaldialogues.in/pediatrics-neonatology/news/screen-time-in-infants-leads-to-developmental-delays-in-communication-and-problem-solving-116550,Screen time in infants leads to developmental delays in communication and problem-solving,,"08/29/2023, 07:00 AM, +0000 UTC",2026-05-09T03:54:30.657271Z
84,10.1016/j.actpsy.2026.106742,serpapi_google_news,Q3_title_fragment,"""The association between screen time and""",University of Calgary,https://ucalgary.ca/news/excessive-screen-time-linked-preschool-learning-delays,Excessive screen time linked to preschool learning delays,,"01/28/2019, 08:00 AM, +0000 UTC",2026-05-09T03:54:30.657271Z
84,10.1016/j.actpsy.2026.106742,serpapi_google_news,Q3_title_fragment,"""The association between screen time and""",HealthDay,https://www.healthday.com/healthpro-news/child-health/screen-time-has-effect-on-presentation-treatment-of-nocturnal-enuresis-2659687761.html,"Screen Time Has Effect on Presentation, Treatment of Nocturnal Enuresis",,"03/30/2023, 07:00 AM, +0000 UTC",2026-05-09T03:54:30.657271Z
84,10.1016/j.actpsy.2026.106742,serpapi_google_news,Q3_title_fragment,"""The association between screen time and""",ADDitude,https://www.additudemag.com/digital-media-adhd-symptoms-teens/,New Study Reports Association Between Heavy Media Use and ADHD Symptoms in Adolescents,,"07/19/2018, 07:00 AM, +0000 UTC",2026-05-09T03:54:30.657271Z
84,10.1016/j.actpsy.2026.106742,serpapi_google_news,Q3_title_fragment,"""The association between screen time and""",The Straits Times,https://www.straitstimes.com/singapore/how-singaporean-researchers-measured-the-effects-of-screen-time-on-children-s-brains,How Singaporean researchers measured the effects of screen time on children’s brains,,"01/31/2023, 07:31 AM, +0000 UTC",2026-05-09T03:54:30.657271Z
84,10.1016/j.actpsy.2026.106742,serpapi_google_news,Q3_title_fragment,"""The association between screen time and""",guampdn.com,https://www.guampdn.com/news/from-vaping-to-cancer-uog-students-research-at-health-awareness-fair/article_7566e3d6-358b-4068-9bc4-99f51ad581a9.html,From vaping to cancer: UOG students' research at health awareness fair,,"05/04/2025, 07:00 AM, +0000 UTC",2026-05-09T03:54:30.657271Z
84,10.1016/j.actpsy.2026.106742,serpapi_google_news,Q3_title_fragment,"""The association between screen time and""",Business Insider,https://www.businessinsider.com/research-proves-it-your-ipad-is-killing-you-2011-1,RESEARCH PROVES IT: Your iPad Is Killing You,,"01/16/2011, 08:00 AM, +0000 UTC",2026-05-09T03:54:30.657271Z
84,10.1016/j.actpsy.2026.106742,serpapi_google_news,Q3_title_fragment,"""The association between screen time and""",Times of Malta,https://timesofmalta.com/article/Reduce-screen-time.440441,Reduce screen time,,"10/09/2012, 07:00 AM, +0000 UTC",2026-05-09T03:54:30.657271Z
84,10.1016/j.actpsy.2026.106742,serpapi_google,Q4_eurekalert,"""Shou"" ""screen time"" site:eurekalert.org",https://www.eurekalert.org › news-releases,https://www.eurekalert.org/news-releases/1107002,Higher screen time linked to ADHD symptoms and altered ...,Higher screen time linked to ADHD symptoms and altered brain development ... Qiulu Shou serves as an Assistant Professor at the Research Centre ...,"Nov 21, 2025",2026-05-09T03:54:33.406361Z
85,10.1016/j.addbeh.2024.108211,serpapi_google_news,Q3_title_fragment,"""Mobile phone ownership, social media use,""",Cureus,https://www.cureus.com/articles/336341-digital-detox-strategies-and-mental-health-a-comprehensive-scoping-review-of-why-where-and-how,"Digital Detox Strategies and Mental Health: A Comprehensive Scoping Review of Why, Where, and How",,"02/01/2025, 08:00 AM, +0000 UTC",2026-05-09T03:54:45.597472Z
85,10.1016/j.addbeh.2024.108211,serpapi_google,Q4_eurekalert,"""Doran"" ""social media"" site:eurekalert.org",https://www.eurekalert.org › news-releases,https://www.eurekalert.org/news-releases/1089371,European high school students emerge from isolation after ...,"Rosa Doran (NUCLIO, Chair of COSPAR's Panel on Education) commented ... Social media: www.facebook.com/EXPLOREprojectEU and www ...","Jun 30, 2025",2026-05-09T03:54:47.545070Z
85,10.1016/j.addbeh.2024.108211,serpapi_google,Q4_eurekalert,"""Doran"" ""social media"" site:eurekalert.org",https://www.eurekalert.org › news-releases,https://www.eurekalert.org/news-releases/1032411,Brookhaven Lab scientists complete 2023 Oppenheimer ...,Professor Kevin Doran serves as the program director. Inquiries ... Follow @BrookhavenLab on social media. Find us on Instagram ...,"Jan 25, 2024",2026-05-09T03:54:47.545070Z
85,10.1016/j.addbeh.2024.108211,serpapi_google,Q4_eurekalert,"""Doran"" ""social media"" site:eurekalert.org",https://www.eurekalert.org › news-releases,https://www.eurekalert.org/news-releases/1009675,Bringing asteroids to class: COSPAR joins new Erasmus+ ...,"The COSPAR Panel on Education, under the dynamic Chair Rosa Doran ... COSPAR Social Media: LinkedIn: Committee on Space Research - COSPAR","Nov 30, 2023",2026-05-09T03:54:47.545070Z
86,10.1016/j.amepre.2025.108248,serpapi_google_news,Q2_author_topic,"""Nagata"" ""Adolescent Brain Cognitive Development"" ""screen use""",News-Medical,https://www.news-medical.net/news/20260212/Addictive-screen-habits-harm-early-adolescent-mental-health.aspx,Addictive screen habits harm early adolescent mental health,,"02/12/2026, 08:00 AM, +0000 UTC",2026-05-09T03:54:53.998940Z
86,10.1016/j.amepre.2025.108248,serpapi_google_news,Q2_author_topic,"""Nagata"" ""Adolescent Brain Cognitive Development"" ""screen use""",The Washington Post,https://www.washingtonpost.com/lifestyle/2025/06/11/social-media-use-depression-tweens/,New study shows social media use predicted future depression in tweens,,"06/11/2025, 07:00 AM, +0000 UTC",2026-05-09T03:54:53.998940Z
86,10.1016/j.amepre.2025.108248,serpapi_google_news,Q2_author_topic,"""Nagata"" ""Adolescent Brain Cognitive Development"" ""screen use""",LiveNOW from FOX,https://www.livenowfox.com/news/excessive-screen-time-manic-symptoms-kids-study,"Excessive screen time linked to manic symptoms in kids, study finds",,"03/05/2025, 08:00 AM, +0000 UTC",2026-05-09T03:54:53.998940Z
86,10.1016/j.amepre.2025.108248,serpapi_google_news,Q2_author_topic,"""Nagata"" ""Adolescent Brain Cognitive Development"" ""screen use""",NPR,https://www.npr.org/sections/shots-health-news/2025/06/18/nx-s1-5436951/jama-screens-teens-addiction-suicide-abcd,"Screen addiction and suicidal behaviors are linked for teens, a study shows : Shots - Health News",,"06/18/2025, 07:00 AM, +0000 UTC",2026-05-09T03:54:53.998940Z
86,10.1016/j.amepre.2025.108248,serpapi_google_news,Q2_author_topic,"""Nagata"" ""Adolescent Brain Cognitive Development"" ""screen use""",Medical Xpress,https://medicalxpress.com/news/2024-10-screen-depression-anxiety-year-olds.html,"Screen time tied to depression, anxiety in 9- and 10-year-olds",,"10/07/2024, 07:00 AM, +0000 UTC",2026-05-09T03:54:53.998940Z
86,10.1016/j.amepre.2025.108248,serpapi_google_news,Q2_author_topic,"""Nagata"" ""Adolescent Brain Cognitive Development"" ""screen use""",SciTechDaily,https://scitechdaily.com/excessive-screen-time-in-preteens-linked-to-suicidal-behavior/,Excessive Screen Time in Preteens Linked to Suicidal Behavior,,"03/11/2023, 08:00 AM, +0000 UTC",2026-05-09T03:54:53.998940Z
86,10.1016/j.amepre.2025.108248,serpapi_google_news,Q2_author_topic,"""Nagata"" ""Adolescent Brain Cognitive Development"" ""screen use""",Medical Xpress,https://medicalxpress.com/news/2025-02-screen-linked-bipolar-manic-symptoms.html,Screen time linked to bipolar and manic symptoms in U.S. preteens,,"02/20/2025, 08:00 AM, +0000 UTC",2026-05-09T03:54:53.998940Z
86,10.1016/j.amepre.2025.108248,serpapi_google_news,Q2_author_topic,"""Nagata"" ""Adolescent Brain Cognitive Development"" ""screen use""",Medical Xpress,https://medicalxpress.com/news/2024-05-transgender-preteens-hours-daily-screen.html,Transgender preteens report 13 hours of daily screen time,,"05/13/2024, 07:00 AM, +0000 UTC",2026-05-09T03:54:53.998940Z
86,10.1016/j.amepre.2025.108248,serpapi_google_news,Q2_author_topic,"""Nagata"" ""Adolescent Brain Cognitive Development"" ""screen use""",Medical Xpress,https://medicalxpress.com/news/2023-03-gay-lesbian-bisexual-preteens-hours.html,"Gay, lesbian, bisexual preteens spend 4 more hours on screens daily, finds study",,"03/31/2023, 07:00 AM, +0000 UTC",2026-05-09T03:54:53.998940Z
86,10.1016/j.amepre.2025.108248,serpapi_google_news,Q3_title_fragment,"""Prospective Associations Between Early Adolescent Problematic""",Medical Xpress,https://medicalxpress.com/news/2026-02-addictive-digital-habits-early-adolescence.html,"Addictive digital habits in early adolescence linked to mental health struggles, study finds",,"02/12/2026, 08:00 AM, +0000 UTC",2026-05-09T03:54:55.931286Z
86,10.1016/j.amepre.2025.108248,serpapi_google_news,Q3_title_fragment,"""Prospective Associations Between Early Adolescent Problematic""",Science News,https://www.sciencenews.org/article/social-media-addictive-meta-youtube,"Social media is designed to be addictive, jury finds. Research links excessive use to mental harm",,"03/26/2026, 07:00 AM, +0000 UTC",2026-05-09T03:54:55.931286Z
86,10.1016/j.amepre.2025.108248,serpapi_google_news,Q3_title_fragment,"""Prospective Associations Between Early Adolescent Problematic""",Bioengineer.org,https://bioengineer.org/study-finds-early-adolescent-addictive-digital-habits-tied-to-mental-health-challenges/,Study Finds Early Adolescent Addictive Digital Habits Tied to Mental Health Challenges,,"02/12/2026, 08:00 AM, +0000 UTC",2026-05-09T03:54:55.931286Z
86,10.1016/j.amepre.2025.108248,serpapi_google_news,Q3_title_fragment,"""Prospective Associations Between Early Adolescent Problematic""",Science News Explores,https://www.snexplores.org/article/brain-rot-social-media-teen-health,Got brain rot?,,"03/19/2026, 07:00 AM, +0000 UTC",2026-05-09T03:54:55.931286Z
86,10.1016/j.amepre.2025.108248,serpapi_google,Q4_eurekalert,"""Nagata"" ""screen use"" site:eurekalert.org",https://www.eurekalert.org › news-releases,https://www.eurekalert.org/news-releases/1074319,Screen time linked to bipolar and manic symptoms in U.S. ...,... Nagata. The study adds to the wealth of knowledge on the associations between screen use and poor mental health in adolescents. The study ...,"Feb 20, 2025",2026-05-09T03:54:57.795552Z
86,10.1016/j.amepre.2025.108248,serpapi_google,Q4_eurekalert,"""Nagata"" ""screen use"" site:eurekalert.org",https://www.eurekalert.org › news-releases,https://www.eurekalert.org/news-releases/1046791,"Great news, parents: You do have power over your tweens' ...","... screen use was problematic. Then, they asked parents how they used ... Nagata, MD, a pediatrician at UCSF Benioff Children's Hospitals ...","Jun 5, 2024",2026-05-09T03:54:57.795552Z
86,10.1016/j.amepre.2025.108248,serpapi_google,Q4_eurekalert,"""Nagata"" ""screen use"" site:eurekalert.org",https://www.eurekalert.org › news-releases,https://www.eurekalert.org/news-releases/1057483,Screen time and social media use linked to eating disorder ...,"... screen use and disordered eating concerns,” says Nagata. The study builds on existing knowledge surrounding eating disorders in adolescents ...","Sep 10, 2024",2026-05-09T03:54:57.795552Z
86,10.1016/j.amepre.2025.108248,serpapi_google,Q4_eurekalert,"""Nagata"" ""screen use"" site:eurekalert.org",https://www.eurekalert.org › news-releases,https://www.eurekalert.org/news-releases/990379,unveiling teen-friendly social media habits for optimal sleep,"... Nagata, MD, assistant professor of pediatrics at the University of ... Article Title. Bedtime screen use behaviors and sleep outcomes ...","May 24, 2023",2026-05-09T03:54:57.795552Z
86,10.1016/j.amepre.2025.108248,serpapi_google,Q4_eurekalert,"""Nagata"" ""screen use"" site:eurekalert.org",https://www.eurekalert.org › news-releases,https://www.eurekalert.org/news-releases/1088219,Want better sleep for your tween? Start with their screens,"... Nagata, MD, an associate professor of pediatrics at the University ... Researchers also identified sociodemographic differences in both screen use ...","Jun 20, 2025",2026-05-09T03:54:57.795552Z
86,10.1016/j.amepre.2025.108248,serpapi_google,Q4_eurekalert,"""Nagata"" ""screen use"" site:eurekalert.org",https://www.eurekalert.org › news-releases,https://www.eurekalert.org/news-releases/933424,Adolescents' recreational screen time doubled during ...,"Excessive screen use in adolescents also is associated with weight gain and binge eating, Nagata noted: “Screen time lends itself to more ...","Nov 1, 2021",2026-05-09T03:54:57.795552Z
86,10.1016/j.amepre.2025.108248,serpapi_google,Q4_eurekalert,"""Nagata"" ""screen use"" site:eurekalert.org",https://www.eurekalert.org › news-releases,https://www.eurekalert.org/news-releases/1052053,Sleep and social media in tweens: Tips for better rest,"... Nagata, MD, associate professor of pediatrics at the University of ... Bedtime screen use behaviors and sleep outcomes in early adolescents: a ...","Jul 22, 2024",2026-05-09T03:54:57.795552Z
86,10.1016/j.amepre.2025.108248,serpapi_google,Q4_eurekalert,"""Nagata"" ""screen use"" site:eurekalert.org",https://www.eurekalert.org › news-releases,https://www.eurekalert.org/news-releases/1060422,"For preteens, more screen time is tied to depression, ...","“Screen use may replace time spent engaging in physical activity ... Nagata, MD, associate professor at UCSF Benioff Children's ...","Oct 7, 2024",2026-05-09T03:54:57.795552Z
86,10.1016/j.amepre.2025.108248,serpapi_google,Q4_eurekalert,"""Nagata"" ""screen use"" site:eurekalert.org",https://www.eurekalert.org › news-releases,https://www.eurekalert.org/news-releases/938448,Parents underestimate teens' social media use during ...,"Nagata noted. “Parents should discuss screen use with their teens and develop a family media use plan,” he said. “Discussions about time ...","Dec 17, 2021",2026-05-09T03:54:57.795552Z
86,10.1016/j.amepre.2025.108248,serpapi_google,Q4_eurekalert,"""Nagata"" ""screen use"" site:eurekalert.org",https://www.eurekalert.org › news-releases,https://www.eurekalert.org/news-releases/1072583,How parents can protect children from mature and adult ...,"“Bedroom screen use emerged as the strongest predictor of mature media consumption,” says lead author Jason M. Nagata, MD, Associate ...","Feb 5, 2025",2026-05-09T03:54:57.795552Z
95,10.1016/j.chb.2025.108554,serpapi_google_news,Q2_author_topic,"""He"" ""Adolescent Brain Cognitive Development"" ""social media""",NPR,https://www.npr.org/sections/shots-health-news/2025/10/13/nx-s1-5571050/social-media-teens-brains-reading-memory,"Kids who use social media score lower on reading and memory tests, a study shows",,"10/13/2025, 07:00 AM, +0000 UTC",2026-05-09T03:55:08.368752Z
95,10.1016/j.chb.2025.108554,serpapi_google_news,Q2_author_topic,"""He"" ""Adolescent Brain Cognitive Development"" ""social media""",Medical Xpress,https://medicalxpress.com/news/2026-01-teens-cellphones-hour-day-school.html,"Teens use cellphones for an hour a day at school, study finds",,"01/10/2026, 08:00 AM, +0000 UTC",2026-05-09T03:55:08.368752Z
95,10.1016/j.chb.2025.108554,serpapi_google_news,Q2_author_topic,"""He"" ""Adolescent Brain Cognitive Development"" ""social media""",The New York Times,https://www.nytimes.com/2026/01/24/us/children-genetics-race-science.html,"Genetic Data From Over 20,000 U.S. Children Misused for ‘Race Science’",,"01/24/2026, 08:00 AM, +0000 UTC",2026-05-09T03:55:08.368752Z
95,10.1016/j.chb.2025.108554,serpapi_google_news,Q2_author_topic,"""He"" ""Adolescent Brain Cognitive Development"" ""social media""",Orange County Register,https://www.ocregister.com/2026/04/29/csuf-professor-and-grad-student-examine-how-sports-mental-health-and-social-media-interact/,"CSUF professor and grad student examine how sports, mental health and social media interact",,"04/29/2026, 07:00 AM, +0000 UTC",2026-05-09T03:55:08.368752Z
95,10.1016/j.chb.2025.108554,serpapi_google_news,Q2_author_topic,"""He"" ""Adolescent Brain Cognitive Development"" ""social media""",New York Post,https://nypost.com/2025/10/15/health/social-media-is-hurting-kids-memory-vocabulary-study/,Social media is rotting kids’ brains — and especially hurting their memory and vocabulary: study,,"10/15/2025, 07:00 AM, +0000 UTC",2026-05-09T03:55:08.368752Z
95,10.1016/j.chb.2025.108554,serpapi_google_news,Q2_author_topic,"""He"" ""Adolescent Brain Cognitive Development"" ""social media""",U.S. News & World Report,https://www.usnews.com/news/health-news/articles/2025-10-14/social-media-might-stunt-students-intellect-study-says,"Social Media Might Stunt Students' Intellect, Study Says",,"10/14/2025, 07:00 AM, +0000 UTC",2026-05-09T03:55:08.368752Z
95,10.1016/j.chb.2025.108554,serpapi_google_news,Q2_author_topic,"""He"" ""Adolescent Brain Cognitive Development"" ""social media""",The Washington Post,https://www.washingtonpost.com/lifestyle/2025/06/11/social-media-use-depression-tweens/,New study shows social media use predicted future depression in tweens,,"06/11/2025, 07:00 AM, +0000 UTC",2026-05-09T03:55:08.368752Z
95,10.1016/j.chb.2025.108554,serpapi_google_news,Q2_author_topic,"""He"" ""Adolescent Brain Cognitive Development"" ""social media""",Toronto Sun,https://torontosun.com/news/world/study-social-media-is-harming-kids-brains,Study reveals how social media is harming kids' brains,,"10/19/2025, 07:00 AM, +0000 UTC",2026-05-09T03:55:08.368752Z
95,10.1016/j.chb.2025.108554,serpapi_google_news,Q2_author_topic,"""He"" ""Adolescent Brain Cognitive Development"" ""social media""",Jang,https://jang.com.pk/en/49920-prolonged-social-media-use-may-reduce-intelligence-study-news,"Prolonged social media use may reduce intelligence, study",,"10/14/2025, 07:00 AM, +0000 UTC",2026-05-09T03:55:08.368752Z
95,10.1016/j.chb.2025.108554,serpapi_google_news,Q2_author_topic,"""He"" ""Adolescent Brain Cognitive Development"" ""social media""",The New York Times,https://www.nytimes.com/2025/12/01/well/family/early-smartphone-ownership-study.html,"A Smartphone Before Age 12 Could Carry Health Risks, Study Says",,"12/01/2025, 08:00 AM, +0000 UTC",2026-05-09T03:55:08.368752Z
95,10.1016/j.chb.2025.108554,serpapi_google_news,Q2_author_topic,"""He"" ""Adolescent Brain Cognitive Development"" ""social media""",Yale School of Medicine,https://medicine.yale.edu/news-article/social-media-and-youth-mental-health/,Social Media and Youth Mental Health: Does More Use Always Mean More Harm?,,"03/30/2026, 07:00 AM, +0000 UTC",2026-05-09T03:55:08.368752Z
95,10.1016/j.chb.2025.108554,serpapi_google_news,Q2_author_topic,"""He"" ""Adolescent Brain Cognitive Development"" ""social media""",MedPage Today,https://www.medpagetoday.com/pediatrics/generalpediatrics/117911,Increasing Social Media Use in Preteens May Be Hurting Cognition Too,,"10/13/2025, 07:00 AM, +0000 UTC",2026-05-09T03:55:08.368752Z
95,10.1016/j.chb.2025.108554,serpapi_google_news,Q2_author_topic,"""He"" ""Adolescent Brain Cognitive Development"" ""social media""",NPR,https://www.npr.org/sections/shots-health-news/2025/06/18/nx-s1-5436951/jama-screens-teens-addiction-suicide-abcd,"Screen addiction and suicidal behaviors are linked for teens, a study shows : Shots - Health News",,"06/18/2025, 07:00 AM, +0000 UTC",2026-05-09T03:55:08.368752Z
95,10.1016/j.chb.2025.108554,serpapi_google_news,Q2_author_topic,"""He"" ""Adolescent Brain Cognitive Development"" ""social media""",The Detroit News,https://www.detroitnews.com/story/life/wellness/2025/06/17/is-brain-rot-real-heres-what-brain-health-experts-say/84239428007/,Is brain rot real? Here's what brain health experts say,,"06/17/2025, 07:00 AM, +0000 UTC",2026-05-09T03:55:08.368752Z
95,10.1016/j.chb.2025.108554,serpapi_google_news,Q2_author_topic,"""He"" ""Adolescent Brain Cognitive Development"" ""social media""",PhillyVoice,https://www.phillyvoice.com/social-media-children-reading-memory/,Social media use hurts preteens' development of reading and memory skills,,"10/14/2025, 07:00 AM, +0000 UTC",2026-05-09T03:55:08.368752Z
95,10.1016/j.chb.2025.108554,serpapi_google_news,Q2_author_topic,"""He"" ""Adolescent Brain Cognitive Development"" ""social media""",Science News Explores,https://www.snexplores.org/article/brain-rot-social-media-teen-health,Got brain rot?,,"03/19/2026, 07:00 AM, +0000 UTC",2026-05-09T03:55:08.368752Z
95,10.1016/j.chb.2025.108554,serpapi_google_news,Q2_author_topic,"""He"" ""Adolescent Brain Cognitive Development"" ""social media""",Yale School of Medicine,https://medicine.yale.edu/news-article/yale-study-probes-connection-between-excessive-screen-media-activity-and-mental-health-problems-in-youth/,Study Probes Connection Between Excessive Screen Media Activity and Mental Health Problems in Youth,,"03/21/2023, 07:00 AM, +0000 UTC",2026-05-09T03:55:08.368752Z
95,10.1016/j.chb.2025.108554,serpapi_google_news,Q2_author_topic,"""He"" ""Adolescent Brain Cognitive Development"" ""social media""",The New York Times,https://www.nytimes.com/2023/09/20/well/family/social-media-teen-brain-mental-health.html,What Social Media Does to the Teen Brain (Published 2023),,"09/20/2023, 07:00 AM, +0000 UTC",2026-05-09T03:55:08.368752Z
95,10.1016/j.chb.2025.108554,serpapi_google_news,Q2_author_topic,"""He"" ""Adolescent Brain Cognitive Development"" ""social media""",NPR,https://www.npr.org/sections/health-shots/2018/06/19/621136346/a-look-at-social-media-finds-some-possible-benefits-for-kids,A Look At Social Media Finds Some Possible Benefits For Kids,,"06/19/2018, 07:00 AM, +0000 UTC",2026-05-09T03:55:08.368752Z
95,10.1016/j.chb.2025.108554,serpapi_google_news,Q2_author_topic,"""He"" ""Adolescent Brain Cognitive Development"" ""social media""",Medical Xpress,https://medicalxpress.com/news/2026-02-addictive-digital-habits-early-adolescence.html,"Addictive digital habits in early adolescence linked to mental health struggles, study finds",,"02/12/2026, 08:00 AM, +0000 UTC",2026-05-09T03:55:08.368752Z
95,10.1016/j.chb.2025.108554,serpapi_google_news,Q2_author_topic,"""He"" ""Adolescent Brain Cognitive Development"" ""social media""",Android Police,https://www.androidpolice.com/study-shows-smartphones-for-kids-under-13-could-carry-health-risks/,Study shows smartphones for kids under 13 could carry health risks,,"12/01/2025, 08:00 AM, +0000 UTC",2026-05-09T03:55:08.368752Z
95,10.1016/j.chb.2025.108554,serpapi_google_news,Q2_author_topic,"""He"" ""Adolescent Brain Cognitive Development"" ""social media""",Bioengineer.org,https://bioengineer.org/study-finds-early-adolescent-addictive-digital-habits-tied-to-mental-health-challenges/,Study Finds Early Adolescent Addictive Digital Habits Tied to Mental Health Challenges,,"02/12/2026, 08:00 AM, +0000 UTC",2026-05-09T03:55:08.368752Z
95,10.1016/j.chb.2025.108554,serpapi_google_news,Q2_author_topic,"""He"" ""Adolescent Brain Cognitive Development"" ""social media""",PsyPost,https://www.psypost.org/tiktok-leads-as-the-most-popular-platform-among-underage-users-research-reveals/,"TikTok leads as the most popular platform among underage users, research reveals",,"01/10/2025, 08:00 AM, +0000 UTC",2026-05-09T03:55:08.368752Z
95,10.1016/j.chb.2025.108554,serpapi_google_news,Q2_author_topic,"""He"" ""Adolescent Brain Cognitive Development"" ""social media""",Health and Me,https://www.healthandme.com/parenting/should-parents-limit-social-media-for-teens-new-study-shows-it-is-lowering-their-memory-score-article-153000534,Should Parents Limit Social Media For Teens? New Study Shows It Is Lowering Their Memory Score,,"10/14/2025, 07:00 AM, +0000 UTC",2026-05-09T03:55:08.368752Z
95,10.1016/j.chb.2025.108554,serpapi_google_news,Q2_author_topic,"""He"" ""Adolescent Brain Cognitive Development"" ""social media""",ABC7 Los Angeles,https://abc7.com/post/ucla-study-looks-at-how-kids-grow-up-to-be-successful/1664717/,"UCLA, CHLA study looks at how kids grow up to be successful",,"12/19/2016, 08:00 AM, +0000 UTC",2026-05-09T03:55:08.368752Z
95,10.1016/j.chb.2025.108554,serpapi_google_news,Q2_author_topic,"""He"" ""Adolescent Brain Cognitive Development"" ""social media""",The Washington Post,https://www.washingtonpost.com/lifestyle/2018/12/27/how-much-screentime-debate-all-parents-are-just-trying-figure-it-out/,Perspective | How much screen time? Silicon Valley parents are still trying to figure it out.,,"12/27/2018, 08:00 AM, +0000 UTC",2026-05-09T03:55:08.368752Z
95,10.1016/j.chb.2025.108554,serpapi_google_news,Q3_title_fragment,"""Elevated loss sensitivity in the reward""",Frontiers,https://www.frontiersin.org/journals/psychology/articles/10.3389/fpsyg.2025.1505360/full,Short-term exposure to aggressive card game: releasing emotion without escalating post-game aggression,,"03/31/2025, 07:00 AM, +0000 UTC",2026-05-09T03:55:11.128855Z
95,10.1016/j.chb.2025.108554,serpapi_google,Q4_eurekalert,"""He"" ""social media"" site:eurekalert.org",https://www.eurekalert.org › news-releases,https://www.eurekalert.org/news-releases/1073001,Social media's double-edged sword: New study links both ...,The findings showed that both passive (PSMU) and active (ASMU) social media use were associated with increased feelings of loneliness over time.,"Feb 7, 2025",2026-05-09T03:55:13.119274Z
95,10.1016/j.chb.2025.108554,serpapi_google,Q4_eurekalert,"""He"" ""social media"" site:eurekalert.org",https://www.eurekalert.org › news-releases,https://www.eurekalert.org/news-releases/1117890,Social media is a treasure trove for interdisciplinary ...,"“60 per cent of the world's population already uses social media. For researchers, this offers enormous potential for approaching any ...","Feb 26, 2026",2026-05-09T03:55:13.119274Z
95,10.1016/j.chb.2025.108554,serpapi_google,Q4_eurekalert,"""He"" ""social media"" site:eurekalert.org",https://www.eurekalert.org › news-releases,https://www.eurekalert.org/news-releases/1076585,Social media use amplifies delusional disorders: SFU study,“Social media is creating conditions where delusions can more easily be generated and sustained due to the presence of platforms and apps that ...,"Mar 11, 2025",2026-05-09T03:55:13.119274Z
95,10.1016/j.chb.2025.108554,serpapi_google,Q4_eurekalert,"""He"" ""social media"" site:eurekalert.org",https://www.eurekalert.org › news-releases,https://www.eurekalert.org/news-releases/1091562,International study by NTU Singapore and Research ...,The use of social media is contributing to ... social media triggers the brain's dopamine reward system in ways that mimic addiction.,"Jul 17, 2025",2026-05-09T03:55:13.119274Z
95,10.1016/j.chb.2025.108554,serpapi_google,Q4_eurekalert,"""He"" ""social media"" site:eurekalert.org",https://www.eurekalert.org › news-releases,https://www.eurekalert.org/news-releases/1125539,"At best, social media connections unlikely to make you less ...",The findings suggest that “people experiencing loneliness may wish to examine critically their interactions with strangers on social media and ...,2 days ago,2026-05-09T03:55:13.119274Z
95,10.1016/j.chb.2025.108554,serpapi_google,Q4_eurekalert,"""He"" ""social media"" site:eurekalert.org",https://www.eurekalert.org › news-releases,https://www.eurekalert.org/news-releases/998256,Social media's addictive loop compels users to share ...,"There will have to be something really disruptive structurally on these social media sites to change the behavior of habitual users,” he said.","Aug 10, 2023",2026-05-09T03:55:13.119274Z
95,10.1016/j.chb.2025.108554,serpapi_google,Q4_eurekalert,"""He"" ""social media"" site:eurekalert.org",https://www.eurekalert.org › news-releases,https://www.eurekalert.org/news-releases/981375,"On social media platforms, more sharing means less caring ...","On social media platforms, more sharing means less caring about accuracy. An MIT-led study reveals a core tension between the impulse to share ...","Mar 3, 2023",2026-05-09T03:55:13.119274Z
95,10.1016/j.chb.2025.108554,serpapi_google,Q4_eurekalert,"""He"" ""social media"" site:eurekalert.org",https://www.eurekalert.org › news-releases,https://www.eurekalert.org/news-releases/1043172,Social-media break has huge impact on young women's ...,"The paper, out this week in the journal Body Image, is thought to be the first to look specifically at social-media breaks and body image. Mills ...","May 1, 2024",2026-05-09T03:55:13.119274Z
95,10.1016/j.chb.2025.108554,serpapi_google,Q4_eurekalert,"""He"" ""social media"" site:eurekalert.org",https://www.eurekalert.org › news-releases,https://www.eurekalert.org/news-releases/1055881,How do new words arise in social media?,"The more centrally connected someone is within their social media network, the more likely that new words they use will become adopted into ...","Sep 3, 2024",2026-05-09T03:55:13.119274Z
96,10.1016/j.comppsych.2024.152509,serpapi_google,Q4_eurekalert,"""Hein"" ""digital media"" site:eurekalert.org",https://www.eurekalert.org › news-releases,https://www.eurekalert.org/news-releases/1046884,DFG to fund 17 new research training groups,Research Training Groups offer doctoral researchers the opportunity to complete their doctorates by following a structured research and training ...,"May 10, 2024",2026-05-09T03:55:24.498726Z
96,10.1016/j.comppsych.2024.152509,serpapi_google,Q4_eurekalert,"""Hein"" ""digital media"" site:eurekalert.org",https://www.eurekalert.org › news-releases,https://www.eurekalert.org/news-releases/1038232,PR55α-controlled PP2A Inhibits p16 Expression and ...,"In this new study, researchers Chitra Palanivel, Lepakshe S. V. Madduri, Ashley L. Hein, Christopher B. Jenkins, Brendan T. Graff, Alison L.","Mar 19, 2024",2026-05-09T03:55:24.498726Z
97,10.1016/j.cortex.2023.09.009,serpapi_google_news,Q3_title_fragment,"""Impact of digital screen media activity""",Nature,https://www.nature.com/articles/s41598-024-63566-y,Long-term impact of digital media on brain development in children - Scientific Reports,,"06/06/2024, 07:00 AM, +0000 UTC",2026-05-09T03:55:28.505009Z
97,10.1016/j.cortex.2023.09.009,serpapi_google_news,Q3_title_fragment,"""Impact of digital screen media activity""",Psychology Today,https://www.psychologytoday.com/za/blog/managing-with-meaning/202507/why-ai-not-silly-videos-might-be-brain-rot,"Worry about tools that fail to give kids’ brains a workout, not how kids recharge.",,"07/18/2025, 07:00 AM, +0000 UTC",2026-05-09T03:55:28.505009Z
106,10.1016/j.drugalcdep.2024.112504,serpapi_google_news,Q2_author_topic,"""Nagata"" ""Adolescent Brain Cognitive Development"" ""screen use""",News-Medical,https://www.news-medical.net/news/20260212/Addictive-screen-habits-harm-early-adolescent-mental-health.aspx,Addictive screen habits harm early adolescent mental health,,"02/12/2026, 08:00 AM, +0000 UTC",2026-05-09T03:55:30.440991Z
106,10.1016/j.drugalcdep.2024.112504,serpapi_google_news,Q2_author_topic,"""Nagata"" ""Adolescent Brain Cognitive Development"" ""screen use""",The Washington Post,https://www.washingtonpost.com/lifestyle/2025/06/11/social-media-use-depression-tweens/,New study shows social media use predicted future depression in tweens,,"06/11/2025, 07:00 AM, +0000 UTC",2026-05-09T03:55:30.440991Z
106,10.1016/j.drugalcdep.2024.112504,serpapi_google_news,Q2_author_topic,"""Nagata"" ""Adolescent Brain Cognitive Development"" ""screen use""",LiveNOW from FOX,https://www.livenowfox.com/news/excessive-screen-time-manic-symptoms-kids-study,"Excessive screen time linked to manic symptoms in kids, study finds",,"03/05/2025, 08:00 AM, +0000 UTC",2026-05-09T03:55:30.440991Z
106,10.1016/j.drugalcdep.2024.112504,serpapi_google_news,Q2_author_topic,"""Nagata"" ""Adolescent Brain Cognitive Development"" ""screen use""",NPR,https://www.npr.org/sections/shots-health-news/2025/06/18/nx-s1-5436951/jama-screens-teens-addiction-suicide-abcd,"Screen addiction and suicidal behaviors are linked for teens, a study shows : Shots - Health News",,"06/18/2025, 07:00 AM, +0000 UTC",2026-05-09T03:55:30.440991Z
106,10.1016/j.drugalcdep.2024.112504,serpapi_google_news,Q2_author_topic,"""Nagata"" ""Adolescent Brain Cognitive Development"" ""screen use""",Medical Xpress,https://medicalxpress.com/news/2024-10-screen-depression-anxiety-year-olds.html,"Screen time tied to depression, anxiety in 9- and 10-year-olds",,"10/07/2024, 07:00 AM, +0000 UTC",2026-05-09T03:55:30.440991Z
106,10.1016/j.drugalcdep.2024.112504,serpapi_google_news,Q2_author_topic,"""Nagata"" ""Adolescent Brain Cognitive Development"" ""screen use""",SciTechDaily,https://scitechdaily.com/excessive-screen-time-in-preteens-linked-to-suicidal-behavior/,Excessive Screen Time in Preteens Linked to Suicidal Behavior,,"03/11/2023, 08:00 AM, +0000 UTC",2026-05-09T03:55:30.440991Z
106,10.1016/j.drugalcdep.2024.112504,serpapi_google_news,Q2_author_topic,"""Nagata"" ""Adolescent Brain Cognitive Development"" ""screen use""",Medical Xpress,https://medicalxpress.com/news/2025-02-screen-linked-bipolar-manic-symptoms.html,Screen time linked to bipolar and manic symptoms in U.S. preteens,,"02/20/2025, 08:00 AM, +0000 UTC",2026-05-09T03:55:30.440991Z
106,10.1016/j.drugalcdep.2024.112504,serpapi_google_news,Q2_author_topic,"""Nagata"" ""Adolescent Brain Cognitive Development"" ""screen use""",Medical Xpress,https://medicalxpress.com/news/2024-05-transgender-preteens-hours-daily-screen.html,Transgender preteens report 13 hours of daily screen time,,"05/13/2024, 07:00 AM, +0000 UTC",2026-05-09T03:55:30.440991Z
106,10.1016/j.drugalcdep.2024.112504,serpapi_google_news,Q2_author_topic,"""Nagata"" ""Adolescent Brain Cognitive Development"" ""screen use""",Medical Xpress,https://medicalxpress.com/news/2023-03-gay-lesbian-bisexual-preteens-hours.html,"Gay, lesbian, bisexual preteens spend 4 more hours on screens daily, finds study",,"03/31/2023, 07:00 AM, +0000 UTC",2026-05-09T03:55:30.440991Z
106,10.1016/j.drugalcdep.2024.112504,serpapi_google_news,Q3_title_fragment,"""Prospective association between screen use modalities""",Medical Xpress,https://medicalxpress.com/news/2024-11-excessive-social-media-substance-experimentation.html,Excessive social media use tied to substance experimentation in US pre-teens,,"11/16/2024, 08:00 AM, +0000 UTC",2026-05-09T03:55:30.999235Z
106,10.1016/j.drugalcdep.2024.112504,serpapi_google_news,Q3_title_fragment,"""Prospective association between screen use modalities""",PsyPost,https://www.psypost.org/three-types-of-screen-time-linked-to-substance-experimentation-in-early-adolescents/,Three types of screen time linked to substance experimentation in early adolescents,,"01/10/2025, 08:00 AM, +0000 UTC",2026-05-09T03:55:30.999235Z
106,10.1016/j.drugalcdep.2024.112504,serpapi_google_news,Q3_title_fragment,"""Prospective association between screen use modalities""",Levin Papantonio,https://levinlaw.com/newsroom/last-scroll-for-alcohol/,Last Scroll for Alcohol? Study Links Teen Social Media Bingeing to Early Substance Use,,"11/20/2024, 08:00 AM, +0000 UTC",2026-05-09T03:55:30.999235Z
106,10.1016/j.drugalcdep.2024.112504,serpapi_google,Q4_eurekalert,"""Nagata"" ""screen use"" site:eurekalert.org",https://www.eurekalert.org › news-releases,https://www.eurekalert.org/news-releases/1074319,Screen time linked to bipolar and manic symptoms in U.S. ...,... Nagata. The study adds to the wealth of knowledge on the associations between screen use and poor mental health in adolescents. The study ...,"Feb 20, 2025",2026-05-09T03:55:33.311049Z
106,10.1016/j.drugalcdep.2024.112504,serpapi_google,Q4_eurekalert,"""Nagata"" ""screen use"" site:eurekalert.org",https://www.eurekalert.org › news-releases,https://www.eurekalert.org/news-releases/1046791,"Great news, parents: You do have power over your tweens' ...","... screen use was problematic. Then, they asked parents how they used ... Nagata, MD, a pediatrician at UCSF Benioff Children's Hospitals ...","Jun 5, 2024",2026-05-09T03:55:33.311049Z
106,10.1016/j.drugalcdep.2024.112504,serpapi_google,Q4_eurekalert,"""Nagata"" ""screen use"" site:eurekalert.org",https://www.eurekalert.org › news-releases,https://www.eurekalert.org/news-releases/1057483,Screen time and social media use linked to eating disorder ...,"... screen use and disordered eating concerns,” says Nagata. The study builds on existing knowledge surrounding eating disorders in adolescents ...","Sep 10, 2024",2026-05-09T03:55:33.311049Z
106,10.1016/j.drugalcdep.2024.112504,serpapi_google,Q4_eurekalert,"""Nagata"" ""screen use"" site:eurekalert.org",https://www.eurekalert.org › news-releases,https://www.eurekalert.org/news-releases/990379,unveiling teen-friendly social media habits for optimal sleep,"... Nagata, MD, assistant professor of pediatrics at the University of ... Article Title. Bedtime screen use behaviors and sleep outcomes ...","May 24, 2023",2026-05-09T03:55:33.311049Z
106,10.1016/j.drugalcdep.2024.112504,serpapi_google,Q4_eurekalert,"""Nagata"" ""screen use"" site:eurekalert.org",https://www.eurekalert.org › news-releases,https://www.eurekalert.org/news-releases/1088219,Want better sleep for your tween? Start with their screens,"... Nagata, MD, an associate professor of pediatrics at the University ... Researchers also identified sociodemographic differences in both screen use ...","Jun 20, 2025",2026-05-09T03:55:33.311049Z
106,10.1016/j.drugalcdep.2024.112504,serpapi_google,Q4_eurekalert,"""Nagata"" ""screen use"" site:eurekalert.org",https://www.eurekalert.org › news-releases,https://www.eurekalert.org/news-releases/933424,Adolescents' recreational screen time doubled during ...,"Excessive screen use in adolescents also is associated with weight gain and binge eating, Nagata noted: “Screen time lends itself to more ...","Nov 1, 2021",2026-05-09T03:55:33.311049Z
106,10.1016/j.drugalcdep.2024.112504,serpapi_google,Q4_eurekalert,"""Nagata"" ""screen use"" site:eurekalert.org",https://www.eurekalert.org › news-releases,https://www.eurekalert.org/news-releases/1052053,Sleep and social media in tweens: Tips for better rest,"... Nagata, MD, associate professor of pediatrics at the University of ... Bedtime screen use behaviors and sleep outcomes in early adolescents: a ...","Jul 22, 2024",2026-05-09T03:55:33.311049Z
106,10.1016/j.drugalcdep.2024.112504,serpapi_google,Q4_eurekalert,"""Nagata"" ""screen use"" site:eurekalert.org",https://www.eurekalert.org › news-releases,https://www.eurekalert.org/news-releases/1060422,"For preteens, more screen time is tied to depression, ...","“Screen use may replace time spent engaging in physical activity ... Nagata, MD, associate professor at UCSF Benioff Children's ...","Oct 7, 2024",2026-05-09T03:55:33.311049Z
106,10.1016/j.drugalcdep.2024.112504,serpapi_google,Q4_eurekalert,"""Nagata"" ""screen use"" site:eurekalert.org",https://www.eurekalert.org › news-releases,https://www.eurekalert.org/news-releases/938448,Parents underestimate teens' social media use during ...,"Nagata noted. “Parents should discuss screen use with their teens and develop a family media use plan,” he said. “Discussions about time ...","Dec 17, 2021",2026-05-09T03:55:33.311049Z
106,10.1016/j.drugalcdep.2024.112504,serpapi_google,Q4_eurekalert,"""Nagata"" ""screen use"" site:eurekalert.org",https://www.eurekalert.org › news-releases,https://www.eurekalert.org/news-releases/1072583,How parents can protect children from mature and adult ...,"“Bedroom screen use emerged as the strongest predictor of mature media consumption,” says lead author Jason M. Nagata, MD, Associate ...","Feb 5, 2025",2026-05-09T03:55:33.311049Z
107,10.1016/j.drugalcdep.2025.112947,serpapi_google_news,Q2_author_topic,"""Nagata"" ""Adolescent Brain Cognitive Development"" ""social media""",NPR,https://www.npr.org/sections/shots-health-news/2025/10/13/nx-s1-5571050/social-media-teens-brains-reading-memory,"Kids who use social media score lower on reading and memory tests, a study shows",,"10/13/2025, 07:00 AM, +0000 UTC",2026-05-09T03:55:33.831689Z
107,10.1016/j.drugalcdep.2025.112947,serpapi_google_news,Q2_author_topic,"""Nagata"" ""Adolescent Brain Cognitive Development"" ""social media""",PsyPost,https://www.psypost.org/more-time-spent-on-social-media-is-linked-to-a-thinner-cerebral-cortex-in-young-adolescents/,More time spent on social media is linked to a thinner cerebral cortex in young adolescents,,"04/15/2026, 07:00 AM, +0000 UTC",2026-05-09T03:55:33.831689Z
107,10.1016/j.drugalcdep.2025.112947,serpapi_google_news,Q2_author_topic,"""Nagata"" ""Adolescent Brain Cognitive Development"" ""social media""",MedPage Today,https://www.medpagetoday.com/pediatrics/generalpediatrics/117911,Increasing Social Media Use in Preteens May Be Hurting Cognition Too,,"10/13/2025, 07:00 AM, +0000 UTC",2026-05-09T03:55:33.831689Z
107,10.1016/j.drugalcdep.2025.112947,serpapi_google_news,Q2_author_topic,"""Nagata"" ""Adolescent Brain Cognitive Development"" ""social media""",Medical Xpress,https://medicalxpress.com/news/2026-01-teens-cellphones-hour-day-school.html,"Teens use cellphones for an hour a day at school, study finds",,"01/10/2026, 08:00 AM, +0000 UTC",2026-05-09T03:55:33.831689Z
107,10.1016/j.drugalcdep.2025.112947,serpapi_google_news,Q2_author_topic,"""Nagata"" ""Adolescent Brain Cognitive Development"" ""social media""",the Manitoban,https://themanitoban.com/2025/11/social-media-use-linked-to-cognitive-decline-in-youth/51082/,Social media use linked to cognitive decline in youth,,"11/26/2025, 08:00 AM, +0000 UTC",2026-05-09T03:55:33.831689Z
107,10.1016/j.drugalcdep.2025.112947,serpapi_google_news,Q2_author_topic,"""Nagata"" ""Adolescent Brain Cognitive Development"" ""social media""",U.S. News & World Report,https://www.usnews.com/news/health-news/articles/2025-10-14/social-media-might-stunt-students-intellect-study-says,"Social Media Might Stunt Students' Intellect, Study Says",,"10/14/2025, 07:00 AM, +0000 UTC",2026-05-09T03:55:33.831689Z
107,10.1016/j.drugalcdep.2025.112947,serpapi_google_news,Q2_author_topic,"""Nagata"" ""Adolescent Brain Cognitive Development"" ""social media""",Contemporary Pediatrics,https://www.contemporarypediatrics.com/view/jason-nagata-md-msc-highlights-frequent-teen-smartphone-use-during-school-hours,"Jason Nagata, MD, MSc, highlights frequent teen smartphone use during school hours",,"01/19/2026, 08:00 AM, +0000 UTC",2026-05-09T03:55:33.831689Z
107,10.1016/j.drugalcdep.2025.112947,serpapi_google_news,Q2_author_topic,"""Nagata"" ""Adolescent Brain Cognitive Development"" ""social media""",Education Week,https://www.edweek.org/leadership/kids-social-media-use-linked-to-lower-reading-and-memory-scores-study-suggests/2025/10,"Kids’ Social Media Use Linked to Lower Reading and Memory Scores, Study Suggests",,"10/17/2025, 07:00 AM, +0000 UTC",2026-05-09T03:55:33.831689Z
107,10.1016/j.drugalcdep.2025.112947,serpapi_google_news,Q2_author_topic,"""Nagata"" ""Adolescent Brain Cognitive Development"" ""social media""",The Washington Post,https://www.washingtonpost.com/lifestyle/2025/06/11/social-media-use-depression-tweens/,New study shows social media use predicted future depression in tweens,,"06/11/2025, 07:00 AM, +0000 UTC",2026-05-09T03:55:33.831689Z
107,10.1016/j.drugalcdep.2025.112947,serpapi_google_news,Q2_author_topic,"""Nagata"" ""Adolescent Brain Cognitive Development"" ""social media""",LiveNOW from FOX,https://www.livenowfox.com/news/adolescent-social-media-depression-study,Social media use triples depression symptoms for pre-teens: Study,,"05/23/2025, 07:00 AM, +0000 UTC",2026-05-09T03:55:33.831689Z
107,10.1016/j.drugalcdep.2025.112947,serpapi_google_news,Q2_author_topic,"""Nagata"" ""Adolescent Brain Cognitive Development"" ""social media""",MedPage Today,https://www.medpagetoday.com/pediatrics/generalpediatrics/119288,Teens Spend an Hour on Their Smartphones at School,,"01/05/2026, 08:00 AM, +0000 UTC",2026-05-09T03:55:33.831689Z
107,10.1016/j.drugalcdep.2025.112947,serpapi_google_news,Q2_author_topic,"""Nagata"" ""Adolescent Brain Cognitive Development"" ""social media""",Jang,https://jang.com.pk/en/49920-prolonged-social-media-use-may-reduce-intelligence-study-news,"Prolonged social media use may reduce intelligence, study",,"10/14/2025, 07:00 AM, +0000 UTC",2026-05-09T03:55:33.831689Z
107,10.1016/j.drugalcdep.2025.112947,serpapi_google_news,Q2_author_topic,"""Nagata"" ""Adolescent Brain Cognitive Development"" ""social media""",Contemporary Pediatrics,https://www.contemporarypediatrics.com/view/social-media-potentially-linked-to-depression-in-children,Social media potentially linked to depression in children,,"05/22/2025, 07:00 AM, +0000 UTC",2026-05-09T03:55:33.831689Z
107,10.1016/j.drugalcdep.2025.112947,serpapi_google_news,Q2_author_topic,"""Nagata"" ""Adolescent Brain Cognitive Development"" ""social media""",Science News,https://www.sciencenews.org/article/social-media-addictive-meta-youtube,"Social media is designed to be addictive, jury finds. Research links excessive use to mental harm",,"03/26/2026, 07:00 AM, +0000 UTC",2026-05-09T03:55:33.831689Z
107,10.1016/j.drugalcdep.2025.112947,serpapi_google_news,Q2_author_topic,"""Nagata"" ""Adolescent Brain Cognitive Development"" ""social media""",SciTechDaily,https://scitechdaily.com/excessive-screen-time-in-preteens-linked-to-suicidal-behavior/,Excessive Screen Time in Preteens Linked to Suicidal Behavior,,"03/11/2023, 08:00 AM, +0000 UTC",2026-05-09T03:55:33.831689Z
107,10.1016/j.drugalcdep.2025.112947,serpapi_google_news,Q2_author_topic,"""Nagata"" ""Adolescent Brain Cognitive Development"" ""social media""",Arab Times Kuwait News,https://www.arabtimesonline.com/news/kids-who-use-more-social-media-perform-worse-on-reading-and-memory-tests-study/,Kids who use more social media perform worse on reading and memory tests: study,,"10/14/2025, 07:00 AM, +0000 UTC",2026-05-09T03:55:33.831689Z
107,10.1016/j.drugalcdep.2025.112947,serpapi_google_news,Q3_title_fragment,"""Cannabis expectancies mediate the association between""",Cureus,https://www.cureus.com/articles/442695-cannabis-expectancies-as-a-mediator-in-the-relationship-between-cannabis-use-and-psychiatric-symptoms-in-women-with-post-traumatic-stress-disorder-ptsd-symptoms,Cannabis Expectancies as a Mediator in the Relationship Between Cannabis Use and Psychiatric Symptoms in Women With Post-traumatic Stress Disorder (PTSD) Symptoms,,"05/06/2026, 02:04 AM, +0000 UTC",2026-05-09T03:55:34.348533Z
107,10.1016/j.drugalcdep.2025.112947,serpapi_google,Q4_eurekalert,"""Nagata"" ""social media"" site:eurekalert.org",https://www.eurekalert.org › news-releases,https://www.eurekalert.org/news-releases/1101286,Social media use trajectories and cognitive performance in ...,"Social media use trajectories and cognitive performance in adolescents ... Nagata, MD, MSc, email jason.nagata@ucsf.edu. To access the ...","Oct 13, 2025",2026-05-09T03:55:37.628550Z
107,10.1016/j.drugalcdep.2025.112947,serpapi_google,Q4_eurekalert,"""Nagata"" ""social media"" site:eurekalert.org",https://www.eurekalert.org › news-releases,https://www.eurekalert.org/news-releases/1065105,Social media linked to early substance use in US pre-teens,"Social media linked to early substance use in US pre-teens ... Nagata, MD, an associate professor of pediatrics at the University ...","Nov 15, 2024",2026-05-09T03:55:37.628550Z
107,10.1016/j.drugalcdep.2025.112947,serpapi_google,Q4_eurekalert,"""Nagata"" ""social media"" site:eurekalert.org",https://www.eurekalert.org › news-releases,https://www.eurekalert.org/news-releases/1111741,Study: Teens use cellphones for an hour a day at school,"Social media apps are the main content. The effect of state laws ... Jason Nagata, an associate professor of pediatrics at the University of ...","Jan 6, 2026",2026-05-09T03:55:37.628550Z
107,10.1016/j.drugalcdep.2025.112947,serpapi_google,Q4_eurekalert,"""Nagata"" ""social media"" site:eurekalert.org",https://www.eurekalert.org › news-releases,https://www.eurekalert.org/news-releases/1084464,Social media use and depressive symptoms during early ...,"Social media use and depressive symptoms during early adolescence ... Nagata, MD, email Jason.nagata@ucsf.edu. To access the embargoed ...","May 21, 2025",2026-05-09T03:55:37.628550Z
107,10.1016/j.drugalcdep.2025.112947,serpapi_google,Q4_eurekalert,"""Nagata"" ""social media"" site:eurekalert.org",https://www.eurekalert.org › news-releases,https://www.eurekalert.org/news-releases/990379,unveiling teen-friendly social media habits for optimal sleep,"... social media use in adolescence. Both advisories note potential ... Nagata, MD, assistant professor of pediatrics at the University of ...","May 24, 2023",2026-05-09T03:55:37.628550Z
107,10.1016/j.drugalcdep.2025.112947,serpapi_google,Q4_eurekalert,"""Nagata"" ""social media"" site:eurekalert.org",https://www.eurekalert.org › news-releases,https://www.eurekalert.org/news-releases/763232,Excessive social media use linked to binge eating in US ...,"Excessive social media use linked to binge eating in US preteens ... Nagata, MD, assistant professor of pediatrics at the University of ...","Mar 1, 2021",2026-05-09T03:55:37.628550Z
107,10.1016/j.drugalcdep.2025.112947,serpapi_google,Q4_eurekalert,"""Nagata"" ""social media"" site:eurekalert.org",https://www.eurekalert.org › news-releases,https://www.eurekalert.org/news-releases/1084461,"Yes, social media might be making kids depressed",... Nagata. “These findings provide evidence that social media may be contributing to the development of depressive symptoms.” While it's ...,"May 21, 2025",2026-05-09T03:55:37.628550Z
107,10.1016/j.drugalcdep.2025.112947,serpapi_google,Q4_eurekalert,"""Nagata"" ""social media"" site:eurekalert.org",https://www.eurekalert.org › news-releases,https://www.eurekalert.org/news-releases/1052053,Sleep and social media in tweens: Tips for better rest,"“Ensuring adolescents get enough sleep is vital, as it supports their physical and mental growth and development,” says lead author Jason Nagata ...","Jul 22, 2024",2026-05-09T03:55:37.628550Z
107,10.1016/j.drugalcdep.2025.112947,serpapi_google,Q4_eurekalert,"""Nagata"" ""social media"" site:eurekalert.org",https://www.eurekalert.org › news-releases,https://www.eurekalert.org/news-releases/938448,Parents underestimate teens' social media use during ...,"... social media and multi-player video games (versus texting, video ... Nagata, MD, assistant professor of pediatrics at the University of ...","Dec 17, 2021",2026-05-09T03:55:37.628550Z
107,10.1016/j.drugalcdep.2025.112947,serpapi_google,Q4_eurekalert,"""Nagata"" ""social media"" site:eurekalert.org",https://www.eurekalert.org › news-releases,https://www.eurekalert.org/news-releases/1074319,Screen time linked to bipolar and manic symptoms in U.S. ...,"The findings reveal that 10- to 11-year-olds who engage heavily with social media ... Nagata, MD, an associate professor of pediatrics at ...","Feb 20, 2025",2026-05-09T03:55:37.628550Z
124,10.1016/j.jad.2022.05.071,serpapi_google_news,Q2_author_topic,"""Roberston"" ""Adolescent Brain Cognitive Development"" ""screen time""",Cureus,https://www.cureus.com/articles/298611-game-faces-how-digital-play-affects-the-psychological-landscape-of-youth,Game Faces: How Digital Play Affects the Psychological Landscape of Youth,,"01/15/2025, 08:00 AM, +0000 UTC",2026-05-09T03:55:54.065421Z
124,10.1016/j.jad.2022.05.071,serpapi_google_news,Q3_title_fragment,"""screen time and internalizing disorder diagnoses""",Cureus,https://www.cureus.com/articles/298611-game-faces-how-digital-play-affects-the-psychological-landscape-of-youth,Game Faces: How Digital Play Affects the Psychological Landscape of Youth,,"01/15/2025, 08:00 AM, +0000 UTC",2026-05-09T03:56:00.698991Z
124,10.1016/j.jad.2022.05.071,serpapi_google_news,Q3_title_fragment,"""screen time and internalizing disorder diagnoses""",National Institute on Drug Abuse (NIDA) (.gov),https://nida.nih.gov/about-nida/noras-blog/2024/09/commercial-interests-contribute-to-drug-use-addiction,Commercial interests contribute to drug use and addiction,,"09/26/2024, 07:00 AM, +0000 UTC",2026-05-09T03:56:00.698991Z
124,10.1016/j.jad.2022.05.071,serpapi_google_news,Q3_title_fragment,"""screen time and internalizing disorder diagnoses""",Cureus,https://www.cureus.com/articles/450969-the-effects-of-social-networks-and-digital-technology-on-non-suicidal-self-injury-in-children-and-adolescents-a-systematic-review,The Effects of Social Networks and Digital Technology on Non-suicidal Self-Injury in Children and Adolescents: A Systematic Review,,"01/07/2026, 08:00 AM, +0000 UTC",2026-05-09T03:56:00.698991Z
130,10.1016/j.jadohealth.2021.11.023,serpapi_google_news,Q3_title_fragment,"""The Pandemic's Toll on Young Adolescents:""",Frontiers,https://www.frontiersin.org/journals/psychiatry/articles/10.3389/fpsyt.2022.1043490/full,The directionality of anxiety and gaming disorder: An exploratory analysis of longitudinal data from an Australian youth population,,"11/03/2022, 07:00 AM, +0000 UTC",2026-05-09T03:56:05.615110Z
130,10.1016/j.jadohealth.2021.11.023,serpapi_google_news,Q3_title_fragment,"""The Pandemic's Toll on Young Adolescents:""",Psych Central,https://psychcentral.com/health/us-surgeon-general-vivek-murthy-how-to-address-the-youth-mental-health-crisis,Interview With U.S. Surgeon General Vivek Murthy on Youth Mental Health,,"04/28/2022, 07:00 AM, +0000 UTC",2026-05-09T03:56:05.615110Z
133,10.1016/j.jadohealth.2022.10.023,serpapi_google_news,Q2_author_topic,"""Nagata"" ""Adolescent Brain Cognitive Development"" ""screen time""",MedPage Today,https://www.medpagetoday.com/pediatrics/generalpediatrics/117911,Increasing Social Media Use in Preteens May Be Hurting Cognition Too,,"10/13/2025, 07:00 AM, +0000 UTC",2026-05-09T03:56:11.482922Z
133,10.1016/j.jadohealth.2022.10.023,serpapi_google_news,Q2_author_topic,"""Nagata"" ""Adolescent Brain Cognitive Development"" ""screen time""",the Manitoban,https://themanitoban.com/2025/11/social-media-use-linked-to-cognitive-decline-in-youth/51082/,Social media use linked to cognitive decline in youth,,"11/26/2025, 08:00 AM, +0000 UTC",2026-05-09T03:56:11.482922Z
133,10.1016/j.jadohealth.2022.10.023,serpapi_google_news,Q2_author_topic,"""Nagata"" ""Adolescent Brain Cognitive Development"" ""screen time""",LiveNOW from FOX,https://www.livenowfox.com/news/excessive-screen-time-manic-symptoms-kids-study,"Excessive screen time linked to manic symptoms in kids, study finds",,"03/05/2025, 08:00 AM, +0000 UTC",2026-05-09T03:56:11.482922Z
133,10.1016/j.jadohealth.2022.10.023,serpapi_google_news,Q2_author_topic,"""Nagata"" ""Adolescent Brain Cognitive Development"" ""screen time""",Medical Xpress,https://medicalxpress.com/news/2024-10-screen-depression-anxiety-year-olds.html,"Screen time tied to depression, anxiety in 9- and 10-year-olds",,"10/07/2024, 07:00 AM, +0000 UTC",2026-05-09T03:56:11.482922Z
133,10.1016/j.jadohealth.2022.10.023,serpapi_google_news,Q2_author_topic,"""Nagata"" ""Adolescent Brain Cognitive Development"" ""screen time""",News-Medical,https://www.news-medical.net/news/20260212/Addictive-screen-habits-harm-early-adolescent-mental-health.aspx,Addictive screen habits harm early adolescent mental health,,"02/12/2026, 08:00 AM, +0000 UTC",2026-05-09T03:56:11.482922Z
133,10.1016/j.jadohealth.2022.10.023,serpapi_google_news,Q2_author_topic,"""Nagata"" ""Adolescent Brain Cognitive Development"" ""screen time""",SciTechDaily,https://scitechdaily.com/excessive-screen-time-in-preteens-linked-to-suicidal-behavior/,Excessive Screen Time in Preteens Linked to Suicidal Behavior,,"03/11/2023, 08:00 AM, +0000 UTC",2026-05-09T03:56:11.482922Z
133,10.1016/j.jadohealth.2022.10.023,serpapi_google_news,Q2_author_topic,"""Nagata"" ""Adolescent Brain Cognitive Development"" ""screen time""",NPR,https://www.npr.org/sections/shots-health-news/2025/06/18/nx-s1-5436951/jama-screens-teens-addiction-suicide-abcd,"Screen addiction and suicidal behaviors are linked for teens, a study shows : Shots - Health News",,"06/18/2025, 07:00 AM, +0000 UTC",2026-05-09T03:56:11.482922Z
133,10.1016/j.jadohealth.2022.10.023,serpapi_google_news,Q2_author_topic,"""Nagata"" ""Adolescent Brain Cognitive Development"" ""screen time""",PsyPost,https://www.psypost.org/more-time-spent-on-social-media-is-linked-to-a-thinner-cerebral-cortex-in-young-adolescents/,More time spent on social media is linked to a thinner cerebral cortex in young adolescents,,"04/15/2026, 07:00 AM, +0000 UTC",2026-05-09T03:56:11.482922Z
133,10.1016/j.jadohealth.2022.10.023,serpapi_google_news,Q2_author_topic,"""Nagata"" ""Adolescent Brain Cognitive Development"" ""screen time""",MedPage Today,https://www.medpagetoday.com/pediatrics/generalpediatrics/119288,Teens Spend an Hour on Their Smartphones at School,,"01/05/2026, 08:00 AM, +0000 UTC",2026-05-09T03:56:11.482922Z
133,10.1016/j.jadohealth.2022.10.023,serpapi_google_news,Q2_author_topic,"""Nagata"" ""Adolescent Brain Cognitive Development"" ""screen time""",Medical Xpress,https://medicalxpress.com/news/2025-02-screen-linked-bipolar-manic-symptoms.html,Screen time linked to bipolar and manic symptoms in U.S. preteens,,"02/20/2025, 08:00 AM, +0000 UTC",2026-05-09T03:56:11.482922Z
133,10.1016/j.jadohealth.2022.10.023,serpapi_google_news,Q2_author_topic,"""Nagata"" ""Adolescent Brain Cognitive Development"" ""screen time""",PsyPost,https://www.psypost.org/three-types-of-screen-time-linked-to-substance-experimentation-in-early-adolescents/,Three types of screen time linked to substance experimentation in early adolescents,,"01/10/2025, 08:00 AM, +0000 UTC",2026-05-09T03:56:11.482922Z
133,10.1016/j.jadohealth.2022.10.023,serpapi_google_news,Q2_author_topic,"""Nagata"" ""Adolescent Brain Cognitive Development"" ""screen time""",Medical Xpress,https://medicalxpress.com/news/2024-05-transgender-preteens-hours-daily-screen.html,Transgender preteens report 13 hours of daily screen time,,"05/13/2024, 07:00 AM, +0000 UTC",2026-05-09T03:56:11.482922Z
133,10.1016/j.jadohealth.2022.10.023,serpapi_google_news,Q2_author_topic,"""Nagata"" ""Adolescent Brain Cognitive Development"" ""screen time""",Medical Xpress,https://medicalxpress.com/news/2023-03-gay-lesbian-bisexual-preteens-hours.html,"Gay, lesbian, bisexual preteens spend 4 more hours on screens daily, finds study",,"03/31/2023, 07:00 AM, +0000 UTC",2026-05-09T03:56:11.482922Z
133,10.1016/j.jadohealth.2022.10.023,serpapi_google_news,Q3_title_fragment,"""Screen Time and Obsessive-Compulsive Disorder Among""",ADDitude,https://www.additudemag.com/emotional-dysregulation-ocd-screen-time-adhd-study/,"Research Links Screen Time to Emotional Dysregulation, OCD",,"12/20/2022, 08:00 AM, +0000 UTC",2026-05-09T03:56:12.051544Z
133,10.1016/j.jadohealth.2022.10.023,serpapi_google_news,Q3_title_fragment,"""Screen Time and Obsessive-Compulsive Disorder Among""",SciTechDaily,https://scitechdaily.com/watching-videos-and-playing-video-games-can-increase-childrens-risk-of-ocd/,Watching Videos and Playing Video Games Can Increase Children’s Risk of OCD,,"01/14/2023, 08:00 AM, +0000 UTC",2026-05-09T03:56:12.051544Z
133,10.1016/j.jadohealth.2022.10.023,serpapi_google_news,Q3_title_fragment,"""Screen Time and Obsessive-Compulsive Disorder Among""",Nature,https://www.nature.com/articles/s41598-024-78928-9,Sex-dependent effects of early life sensory overstimulation on later life behavioral function in rats | Scientific Reports,,"11/12/2024, 08:00 AM, +0000 UTC",2026-05-09T03:56:12.051544Z
133,10.1016/j.jadohealth.2022.10.023,serpapi_google,Q4_eurekalert,"""Nagata"" ""screen time"" site:eurekalert.org",https://www.eurekalert.org › news-releases,https://www.eurekalert.org/news-releases/981045,Excessive screen time linked to suicidal behaviors in US ...,"Excessive screen time linked to suicidal behaviors in US preteens ... Nagata, MD, assistant professor of pediatrics at the University of ...","Feb 27, 2023",2026-05-09T03:56:20.051850Z
133,10.1016/j.jadohealth.2022.10.023,serpapi_google,Q4_eurekalert,"""Nagata"" ""screen time"" site:eurekalert.org",https://www.eurekalert.org › news-releases,https://www.eurekalert.org/news-releases/1074319,Screen time linked to bipolar and manic symptoms in U.S. ...,"“Screen addictions and irregular sleep patterns may exacerbate manic symptoms in susceptible teens,” said Nagata. The study adds to the wealth ...","Feb 20, 2025",2026-05-09T03:56:20.051850Z
133,10.1016/j.jadohealth.2022.10.023,serpapi_google,Q4_eurekalert,"""Nagata"" ""screen time"" site:eurekalert.org",https://www.eurekalert.org › news-releases,https://www.eurekalert.org/news-releases/1111741,Study: Teens use cellphones for an hour a day at school,"Teens are not always accurate reporters of their own screen time. Objective smartphone data gives us a clearer picture of actual use,” Nagata ...","Jan 6, 2026",2026-05-09T03:56:20.051850Z
133,10.1016/j.jadohealth.2022.10.023,serpapi_google,Q4_eurekalert,"""Nagata"" ""screen time"" site:eurekalert.org",https://www.eurekalert.org › news-releases,https://www.eurekalert.org/news-releases/1072583,How parents can protect children from mature and adult ...,"“One key factor in a child's exposure to mature content is how much screen time their parents use,” says Nagata. “Children often model their ...","Feb 5, 2025",2026-05-09T03:56:20.051850Z
133,10.1016/j.jadohealth.2022.10.023,serpapi_google,Q4_eurekalert,"""Nagata"" ""screen time"" site:eurekalert.org",https://www.eurekalert.org › news-releases,https://www.eurekalert.org/news-releases/933424,Adolescents' recreational screen time doubled during ...,"Excessive screen use in adolescents also is associated with weight gain and binge eating, Nagata noted: “Screen time lends itself to more ...","Nov 1, 2021",2026-05-09T03:56:20.051850Z
133,10.1016/j.jadohealth.2022.10.023,serpapi_google,Q4_eurekalert,"""Nagata"" ""screen time"" site:eurekalert.org",https://www.eurekalert.org › news-releases,https://www.eurekalert.org/news-releases/1060422,"For preteens, more screen time is tied to depression, ...",Nagata said parents can play an essential role in helping to mitigate the negative effects of excessive screen time. “The American Academy of ...,"Oct 7, 2024",2026-05-09T03:56:20.051850Z
133,10.1016/j.jadohealth.2022.10.023,serpapi_google,Q4_eurekalert,"""Nagata"" ""screen time"" site:eurekalert.org",https://www.eurekalert.org › news-releases,https://www.eurekalert.org/news-releases/753397,Excessive screen time linked to obesity in US preteen,"Parents should regularly talk to their children about screen-time usage and develop a family media use plan,"" said Nagata. ###. Nagata, JM, Iyer ...","Jun 28, 2021",2026-05-09T03:56:20.051850Z
133,10.1016/j.jadohealth.2022.10.023,serpapi_google,Q4_eurekalert,"""Nagata"" ""screen time"" site:eurekalert.org",https://www.eurekalert.org › news-releases,https://www.eurekalert.org/news-releases/973956,Screen time linked to OCD in U.S. preteens,"In July, Nagata and his colleagues discovered excessive screen time was linked to disruptive behavior disorders in 9-11 year olds, though ...","Dec 12, 2022",2026-05-09T03:56:20.051850Z
133,10.1016/j.jadohealth.2022.10.023,serpapi_google,Q4_eurekalert,"""Nagata"" ""screen time"" site:eurekalert.org",https://www.eurekalert.org › news-releases,https://www.eurekalert.org/news-releases/1057483,Screen time and social media use linked to eating disorder ...,"Screen time and social media use linked to eating disorder symptoms in young adolescents ... Nagata, MD, an associate professor of pediatrics at ...","Sep 10, 2024",2026-05-09T03:56:20.051850Z
133,10.1016/j.jadohealth.2022.10.023,serpapi_google,Q4_eurekalert,"""Nagata"" ""screen time"" site:eurekalert.org",https://www.eurekalert.org › news-releases,https://www.eurekalert.org/news-releases/1046791,"Great news, parents: You do have power over your tweens' ...","""Screen time at bedtime displaces sleep time, which is essential for health and development in young adolescents,” Nagata said. “Parents can ...","Jun 5, 2024",2026-05-09T03:56:20.051850Z
136,10.1016/j.jadohealth.2023.09.001,serpapi_google_news,Q2_author_topic,"""Zink"" ""Adolescent Brain Cognitive Development"" ""screen time""",Psychiatric Times,https://www.psychiatrictimes.com/view/screen-media-activity-in-youth-friend-or-fiend,Screen Media Activity in Youth: Friend or Fiend?,,"10/26/2021, 07:00 AM, +0000 UTC",2026-05-09T03:56:20.555053Z
136,10.1016/j.jadohealth.2023.09.001,serpapi_google_news,Q3_title_fragment,"""Bidirectional Associations Between Sleep Duration, Screen""",Nature,https://www.nature.com/articles/s41598-025-33361-4,"Reciprocal relationship among perceived sleep quality, smartphone overdependence, and depression in Korean adolescents: a cross-lagged analysis using national big data",,"12/23/2025, 08:00 AM, +0000 UTC",2026-05-09T03:56:23.009468Z
136,10.1016/j.jadohealth.2023.09.001,serpapi_google,Q4_eurekalert,"""Zink"" ""screen time"" site:eurekalert.org",https://www.eurekalert.org › news-releases,https://www.eurekalert.org/news-releases/1119639,Active ingredient of Viagra helps treat rare genetic disease,The study entailed administering sildenafil continuously to six Leigh syndrome patients between the ages of 9 months and 38 years. Within the ...,"Mar 11, 2026",2026-05-09T03:56:26.542233Z
136,10.1016/j.jadohealth.2023.09.001,serpapi_google,Q4_eurekalert,"""Zink"" ""screen time"" site:eurekalert.org",https://www.eurekalert.org › news-releases,https://www.eurekalert.org/news-releases/1066030,November/December Annals of Family Medicine Tip Sheet,A suburban family medicine residency clinic implemented an innovative approach to reduce behavioral health clinic wait times for adult ADHD ...,"Nov 25, 2024",2026-05-09T03:56:26.542233Z
139,10.1016/j.jadohealth.2024.06.006,serpapi_google_news,Q2_author_topic,"""Nagata"" ""Adolescent Brain Cognitive Development"" ""screen use""",News-Medical,https://www.news-medical.net/news/20260212/Addictive-screen-habits-harm-early-adolescent-mental-health.aspx,Addictive screen habits harm early adolescent mental health,,"02/12/2026, 08:00 AM, +0000 UTC",2026-05-09T03:56:28.667790Z
139,10.1016/j.jadohealth.2024.06.006,serpapi_google_news,Q2_author_topic,"""Nagata"" ""Adolescent Brain Cognitive Development"" ""screen use""",The Washington Post,https://www.washingtonpost.com/lifestyle/2025/06/11/social-media-use-depression-tweens/,New study shows social media use predicted future depression in tweens,,"06/11/2025, 07:00 AM, +0000 UTC",2026-05-09T03:56:28.667790Z
139,10.1016/j.jadohealth.2024.06.006,serpapi_google_news,Q2_author_topic,"""Nagata"" ""Adolescent Brain Cognitive Development"" ""screen use""",LiveNOW from FOX,https://www.livenowfox.com/news/excessive-screen-time-manic-symptoms-kids-study,"Excessive screen time linked to manic symptoms in kids, study finds",,"03/05/2025, 08:00 AM, +0000 UTC",2026-05-09T03:56:28.667790Z
139,10.1016/j.jadohealth.2024.06.006,serpapi_google_news,Q2_author_topic,"""Nagata"" ""Adolescent Brain Cognitive Development"" ""screen use""",NPR,https://www.npr.org/sections/shots-health-news/2025/06/18/nx-s1-5436951/jama-screens-teens-addiction-suicide-abcd,"Screen addiction and suicidal behaviors are linked for teens, a study shows : Shots - Health News",,"06/18/2025, 07:00 AM, +0000 UTC",2026-05-09T03:56:28.667790Z
139,10.1016/j.jadohealth.2024.06.006,serpapi_google_news,Q2_author_topic,"""Nagata"" ""Adolescent Brain Cognitive Development"" ""screen use""",Medical Xpress,https://medicalxpress.com/news/2024-10-screen-depression-anxiety-year-olds.html,"Screen time tied to depression, anxiety in 9- and 10-year-olds",,"10/07/2024, 07:00 AM, +0000 UTC",2026-05-09T03:56:28.667790Z
139,10.1016/j.jadohealth.2024.06.006,serpapi_google_news,Q2_author_topic,"""Nagata"" ""Adolescent Brain Cognitive Development"" ""screen use""",SciTechDaily,https://scitechdaily.com/excessive-screen-time-in-preteens-linked-to-suicidal-behavior/,Excessive Screen Time in Preteens Linked to Suicidal Behavior,,"03/11/2023, 08:00 AM, +0000 UTC",2026-05-09T03:56:28.667790Z
139,10.1016/j.jadohealth.2024.06.006,serpapi_google_news,Q2_author_topic,"""Nagata"" ""Adolescent Brain Cognitive Development"" ""screen use""",Medical Xpress,https://medicalxpress.com/news/2025-02-screen-linked-bipolar-manic-symptoms.html,Screen time linked to bipolar and manic symptoms in U.S. preteens,,"02/20/2025, 08:00 AM, +0000 UTC",2026-05-09T03:56:28.667790Z
139,10.1016/j.jadohealth.2024.06.006,serpapi_google_news,Q2_author_topic,"""Nagata"" ""Adolescent Brain Cognitive Development"" ""screen use""",Medical Xpress,https://medicalxpress.com/news/2024-05-transgender-preteens-hours-daily-screen.html,Transgender preteens report 13 hours of daily screen time,,"05/13/2024, 07:00 AM, +0000 UTC",2026-05-09T03:56:28.667790Z
139,10.1016/j.jadohealth.2024.06.006,serpapi_google_news,Q2_author_topic,"""Nagata"" ""Adolescent Brain Cognitive Development"" ""screen use""",Medical Xpress,https://medicalxpress.com/news/2023-03-gay-lesbian-bisexual-preteens-hours.html,"Gay, lesbian, bisexual preteens spend 4 more hours on screens daily, finds study",,"03/31/2023, 07:00 AM, +0000 UTC",2026-05-09T03:56:28.667790Z
139,10.1016/j.jadohealth.2024.06.006,serpapi_google_news,Q3_title_fragment,"""Bedtime Screen Use Behaviors and Sleep""",Nature,https://www.nature.com/articles/s41599-026-06609-1,Excessive screen time is associated with mental health problems in US children and adolescents: physical activity and sleep as parallel mediators,,"01/31/2026, 08:00 AM, +0000 UTC",2026-05-09T03:56:29.254589Z
139,10.1016/j.jadohealth.2024.06.006,serpapi_google_news,Q3_title_fragment,"""Bedtime Screen Use Behaviors and Sleep""",News-Medical,https://www.news-medical.net/news/20250620/Bedtime-screen-habits-linked-to-poor-sleep-in-tweens.aspx,Bedtime screen habits linked to poor sleep in tweens,,"06/20/2025, 07:00 AM, +0000 UTC",2026-05-09T03:56:29.254589Z
139,10.1016/j.jadohealth.2024.06.006,serpapi_google_news,Q3_title_fragment,"""Bedtime Screen Use Behaviors and Sleep""",Medical Xpress,https://medicalxpress.com/news/2024-07-reveals-screen-affects-preteen.html,New study reveals how screen time affects preteen sleep,,"07/22/2024, 07:00 AM, +0000 UTC",2026-05-09T03:56:29.254589Z
139,10.1016/j.jadohealth.2024.06.006,serpapi_google_news,Q3_title_fragment,"""Bedtime Screen Use Behaviors and Sleep""",News-Medical,https://www.news-medical.net/news/20240723/How-bedtime-screen-use-affects-sleep-in-early-adolescents.aspx,How bedtime screen use affects sleep in early adolescents,,"07/23/2024, 07:00 AM, +0000 UTC",2026-05-09T03:56:29.254589Z
139,10.1016/j.jadohealth.2024.06.006,serpapi_google_news,Q3_title_fragment,"""Bedtime Screen Use Behaviors and Sleep""",Cureus,https://www.cureus.com/articles/432746-sleep-duration-quality-and-factors-affecting-sleep-health-among-young-people-in-the-california-bay-area-a-cross-sectional-study,"Sleep Duration, Quality, and Factors Affecting Sleep Health Among Young People in the California Bay Area: A Cross-Sectional Study",,"12/03/2025, 08:00 AM, +0000 UTC",2026-05-09T03:56:29.254589Z
139,10.1016/j.jadohealth.2024.06.006,serpapi_google_news,Q3_title_fragment,"""Bedtime Screen Use Behaviors and Sleep""",Frontiers,https://www.frontiersin.org/journals/medicine/articles/10.3389/fmed.2026.1736060/full,Digital media use and cognitive networks in medical students: linking screen time with intelligence and academic performance,,"01/27/2026, 06:14 PM, +0000 UTC",2026-05-09T03:56:29.254589Z
139,10.1016/j.jadohealth.2024.06.006,serpapi_google_news,Q3_title_fragment,"""Bedtime Screen Use Behaviors and Sleep""",Everyday Health,https://www.everydayhealth.com/sleep/how-to-make-sure-phone-use-doesnt-ruin-your-sleep/,Screen Time Before Bed: How to Make Sure Phone Use Doesn’t Ruin Your Sleep,,"12/10/2025, 08:00 AM, +0000 UTC",2026-05-09T03:56:29.254589Z
139,10.1016/j.jadohealth.2024.06.006,serpapi_google_news,Q3_title_fragment,"""Bedtime Screen Use Behaviors and Sleep""",Nature,https://www.nature.com/articles/s41598-026-37985-y,Late evening room light and sleep restriction reduces the ability of bright morning light to phase advance adolescents’ circadian clocks,,"02/23/2026, 08:00 AM, +0000 UTC",2026-05-09T03:56:29.254589Z
139,10.1016/j.jadohealth.2024.06.006,serpapi_google_news,Q3_title_fragment,"""Bedtime Screen Use Behaviors and Sleep""",Medical Xpress,https://medicalxpress.com/news/2023-05-restful-nights-teen-friendly-social-media.html,Unlocking restful nights: Teen-friendly social media habits for optimal sleep,,"05/24/2023, 07:00 AM, +0000 UTC",2026-05-09T03:56:29.254589Z
139,10.1016/j.jadohealth.2024.06.006,serpapi_google,Q4_eurekalert,"""Nagata"" ""screen use"" site:eurekalert.org",https://www.eurekalert.org › news-releases,https://www.eurekalert.org/news-releases/1074319,Screen time linked to bipolar and manic symptoms in U.S. ...,... Nagata. The study adds to the wealth of knowledge on the associations between screen use and poor mental health in adolescents. The study ...,"Feb 20, 2025",2026-05-09T03:56:36.001461Z
139,10.1016/j.jadohealth.2024.06.006,serpapi_google,Q4_eurekalert,"""Nagata"" ""screen use"" site:eurekalert.org",https://www.eurekalert.org › news-releases,https://www.eurekalert.org/news-releases/1046791,"Great news, parents: You do have power over your tweens' ...","... screen use was problematic. Then, they asked parents how they used ... Nagata, MD, a pediatrician at UCSF Benioff Children's Hospitals ...","Jun 5, 2024",2026-05-09T03:56:36.001461Z
139,10.1016/j.jadohealth.2024.06.006,serpapi_google,Q4_eurekalert,"""Nagata"" ""screen use"" site:eurekalert.org",https://www.eurekalert.org › news-releases,https://www.eurekalert.org/news-releases/1057483,Screen time and social media use linked to eating disorder ...,"... screen use and disordered eating concerns,” says Nagata. The study builds on existing knowledge surrounding eating disorders in adolescents ...","Sep 10, 2024",2026-05-09T03:56:36.001461Z
139,10.1016/j.jadohealth.2024.06.006,serpapi_google,Q4_eurekalert,"""Nagata"" ""screen use"" site:eurekalert.org",https://www.eurekalert.org › news-releases,https://www.eurekalert.org/news-releases/990379,unveiling teen-friendly social media habits for optimal sleep,"... Nagata, MD, assistant professor of pediatrics at the University of ... Article Title. Bedtime screen use behaviors and sleep outcomes ...","May 24, 2023",2026-05-09T03:56:36.001461Z
139,10.1016/j.jadohealth.2024.06.006,serpapi_google,Q4_eurekalert,"""Nagata"" ""screen use"" site:eurekalert.org",https://www.eurekalert.org › news-releases,https://www.eurekalert.org/news-releases/1088219,Want better sleep for your tween? Start with their screens,"... Nagata, MD, an associate professor of pediatrics at the University ... Researchers also identified sociodemographic differences in both screen use ...","Jun 20, 2025",2026-05-09T03:56:36.001461Z
139,10.1016/j.jadohealth.2024.06.006,serpapi_google,Q4_eurekalert,"""Nagata"" ""screen use"" site:eurekalert.org",https://www.eurekalert.org › news-releases,https://www.eurekalert.org/news-releases/933424,Adolescents' recreational screen time doubled during ...,"Excessive screen use in adolescents also is associated with weight gain and binge eating, Nagata noted: “Screen time lends itself to more ...","Nov 1, 2021",2026-05-09T03:56:36.001461Z
139,10.1016/j.jadohealth.2024.06.006,serpapi_google,Q4_eurekalert,"""Nagata"" ""screen use"" site:eurekalert.org",https://www.eurekalert.org › news-releases,https://www.eurekalert.org/news-releases/1052053,Sleep and social media in tweens: Tips for better rest,"... Nagata, MD, associate professor of pediatrics at the University of ... Bedtime screen use behaviors and sleep outcomes in early adolescents: a ...","Jul 22, 2024",2026-05-09T03:56:36.001461Z
139,10.1016/j.jadohealth.2024.06.006,serpapi_google,Q4_eurekalert,"""Nagata"" ""screen use"" site:eurekalert.org",https://www.eurekalert.org › news-releases,https://www.eurekalert.org/news-releases/1060422,"For preteens, more screen time is tied to depression, ...","“Screen use may replace time spent engaging in physical activity ... Nagata, MD, associate professor at UCSF Benioff Children's ...","Oct 7, 2024",2026-05-09T03:56:36.001461Z
139,10.1016/j.jadohealth.2024.06.006,serpapi_google,Q4_eurekalert,"""Nagata"" ""screen use"" site:eurekalert.org",https://www.eurekalert.org › news-releases,https://www.eurekalert.org/news-releases/938448,Parents underestimate teens' social media use during ...,"Nagata noted. “Parents should discuss screen use with their teens and develop a family media use plan,” he said. “Discussions about time ...","Dec 17, 2021",2026-05-09T03:56:36.001461Z
139,10.1016/j.jadohealth.2024.06.006,serpapi_google,Q4_eurekalert,"""Nagata"" ""screen use"" site:eurekalert.org",https://www.eurekalert.org › news-releases,https://www.eurekalert.org/news-releases/1072583,How parents can protect children from mature and adult ...,"“Bedroom screen use emerged as the strongest predictor of mature media consumption,” says lead author Jason M. Nagata, MD, Associate ...","Feb 5, 2025",2026-05-09T03:56:36.001461Z
144,10.1016/j.lana.2026.101454,serpapi_google_news,Q2_author_topic,"""Nagata"" ""Adolescent Brain Cognitive Development"" ""social media""",NPR,https://www.npr.org/sections/shots-health-news/2025/10/13/nx-s1-5571050/social-media-teens-brains-reading-memory,"Kids who use social media score lower on reading and memory tests, a study shows",,"10/13/2025, 07:00 AM, +0000 UTC",2026-05-09T03:56:36.550221Z
144,10.1016/j.lana.2026.101454,serpapi_google_news,Q2_author_topic,"""Nagata"" ""Adolescent Brain Cognitive Development"" ""social media""",PsyPost,https://www.psypost.org/more-time-spent-on-social-media-is-linked-to-a-thinner-cerebral-cortex-in-young-adolescents/,More time spent on social media is linked to a thinner cerebral cortex in young adolescents,,"04/15/2026, 07:00 AM, +0000 UTC",2026-05-09T03:56:36.550221Z
144,10.1016/j.lana.2026.101454,serpapi_google_news,Q2_author_topic,"""Nagata"" ""Adolescent Brain Cognitive Development"" ""social media""",MedPage Today,https://www.medpagetoday.com/pediatrics/generalpediatrics/117911,Increasing Social Media Use in Preteens May Be Hurting Cognition Too,,"10/13/2025, 07:00 AM, +0000 UTC",2026-05-09T03:56:36.550221Z
144,10.1016/j.lana.2026.101454,serpapi_google_news,Q2_author_topic,"""Nagata"" ""Adolescent Brain Cognitive Development"" ""social media""",Medical Xpress,https://medicalxpress.com/news/2026-01-teens-cellphones-hour-day-school.html,"Teens use cellphones for an hour a day at school, study finds",,"01/10/2026, 08:00 AM, +0000 UTC",2026-05-09T03:56:36.550221Z
144,10.1016/j.lana.2026.101454,serpapi_google_news,Q2_author_topic,"""Nagata"" ""Adolescent Brain Cognitive Development"" ""social media""",the Manitoban,https://themanitoban.com/2025/11/social-media-use-linked-to-cognitive-decline-in-youth/51082/,Social media use linked to cognitive decline in youth,,"11/26/2025, 08:00 AM, +0000 UTC",2026-05-09T03:56:36.550221Z
144,10.1016/j.lana.2026.101454,serpapi_google_news,Q2_author_topic,"""Nagata"" ""Adolescent Brain Cognitive Development"" ""social media""",U.S. News & World Report,https://www.usnews.com/news/health-news/articles/2025-10-14/social-media-might-stunt-students-intellect-study-says,"Social Media Might Stunt Students' Intellect, Study Says",,"10/14/2025, 07:00 AM, +0000 UTC",2026-05-09T03:56:36.550221Z
144,10.1016/j.lana.2026.101454,serpapi_google_news,Q2_author_topic,"""Nagata"" ""Adolescent Brain Cognitive Development"" ""social media""",Contemporary Pediatrics,https://www.contemporarypediatrics.com/view/jason-nagata-md-msc-highlights-frequent-teen-smartphone-use-during-school-hours,"Jason Nagata, MD, MSc, highlights frequent teen smartphone use during school hours",,"01/19/2026, 08:00 AM, +0000 UTC",2026-05-09T03:56:36.550221Z
144,10.1016/j.lana.2026.101454,serpapi_google_news,Q2_author_topic,"""Nagata"" ""Adolescent Brain Cognitive Development"" ""social media""",Education Week,https://www.edweek.org/leadership/kids-social-media-use-linked-to-lower-reading-and-memory-scores-study-suggests/2025/10,"Kids’ Social Media Use Linked to Lower Reading and Memory Scores, Study Suggests",,"10/17/2025, 07:00 AM, +0000 UTC",2026-05-09T03:56:36.550221Z
144,10.1016/j.lana.2026.101454,serpapi_google_news,Q2_author_topic,"""Nagata"" ""Adolescent Brain Cognitive Development"" ""social media""",The Washington Post,https://www.washingtonpost.com/lifestyle/2025/06/11/social-media-use-depression-tweens/,New study shows social media use predicted future depression in tweens,,"06/11/2025, 07:00 AM, +0000 UTC",2026-05-09T03:56:36.550221Z
144,10.1016/j.lana.2026.101454,serpapi_google_news,Q2_author_topic,"""Nagata"" ""Adolescent Brain Cognitive Development"" ""social media""",LiveNOW from FOX,https://www.livenowfox.com/news/adolescent-social-media-depression-study,Social media use triples depression symptoms for pre-teens: Study,,"05/23/2025, 07:00 AM, +0000 UTC",2026-05-09T03:56:36.550221Z
144,10.1016/j.lana.2026.101454,serpapi_google_news,Q2_author_topic,"""Nagata"" ""Adolescent Brain Cognitive Development"" ""social media""",MedPage Today,https://www.medpagetoday.com/pediatrics/generalpediatrics/119288,Teens Spend an Hour on Their Smartphones at School,,"01/05/2026, 08:00 AM, +0000 UTC",2026-05-09T03:56:36.550221Z
144,10.1016/j.lana.2026.101454,serpapi_google_news,Q2_author_topic,"""Nagata"" ""Adolescent Brain Cognitive Development"" ""social media""",Jang,https://jang.com.pk/en/49920-prolonged-social-media-use-may-reduce-intelligence-study-news,"Prolonged social media use may reduce intelligence, study",,"10/14/2025, 07:00 AM, +0000 UTC",2026-05-09T03:56:36.550221Z
144,10.1016/j.lana.2026.101454,serpapi_google_news,Q2_author_topic,"""Nagata"" ""Adolescent Brain Cognitive Development"" ""social media""",Contemporary Pediatrics,https://www.contemporarypediatrics.com/view/social-media-potentially-linked-to-depression-in-children,Social media potentially linked to depression in children,,"05/22/2025, 07:00 AM, +0000 UTC",2026-05-09T03:56:36.550221Z
144,10.1016/j.lana.2026.101454,serpapi_google_news,Q2_author_topic,"""Nagata"" ""Adolescent Brain Cognitive Development"" ""social media""",Science News,https://www.sciencenews.org/article/social-media-addictive-meta-youtube,"Social media is designed to be addictive, jury finds. Research links excessive use to mental harm",,"03/26/2026, 07:00 AM, +0000 UTC",2026-05-09T03:56:36.550221Z
144,10.1016/j.lana.2026.101454,serpapi_google_news,Q2_author_topic,"""Nagata"" ""Adolescent Brain Cognitive Development"" ""social media""",SciTechDaily,https://scitechdaily.com/excessive-screen-time-in-preteens-linked-to-suicidal-behavior/,Excessive Screen Time in Preteens Linked to Suicidal Behavior,,"03/11/2023, 08:00 AM, +0000 UTC",2026-05-09T03:56:36.550221Z
144,10.1016/j.lana.2026.101454,serpapi_google_news,Q2_author_topic,"""Nagata"" ""Adolescent Brain Cognitive Development"" ""social media""",Arab Times Kuwait News,https://www.arabtimesonline.com/news/kids-who-use-more-social-media-perform-worse-on-reading-and-memory-tests-study/,Kids who use more social media perform worse on reading and memory tests: study,,"10/14/2025, 07:00 AM, +0000 UTC",2026-05-09T03:56:36.550221Z
144,10.1016/j.lana.2026.101454,serpapi_google,Q4_eurekalert,"""Nagata"" ""social media"" site:eurekalert.org",https://www.eurekalert.org › news-releases,https://www.eurekalert.org/news-releases/1101286,Social media use trajectories and cognitive performance in ...,"Social media use trajectories and cognitive performance in adolescents ... Nagata, MD, MSc, email jason.nagata@ucsf.edu. To access the ...","Oct 13, 2025",2026-05-09T03:56:49.508932Z
144,10.1016/j.lana.2026.101454,serpapi_google,Q4_eurekalert,"""Nagata"" ""social media"" site:eurekalert.org",https://www.eurekalert.org › news-releases,https://www.eurekalert.org/news-releases/1065105,Social media linked to early substance use in US pre-teens,"Social media linked to early substance use in US pre-teens ... Nagata, MD, an associate professor of pediatrics at the University ...","Nov 15, 2024",2026-05-09T03:56:49.508932Z
144,10.1016/j.lana.2026.101454,serpapi_google,Q4_eurekalert,"""Nagata"" ""social media"" site:eurekalert.org",https://www.eurekalert.org › news-releases,https://www.eurekalert.org/news-releases/1111741,Study: Teens use cellphones for an hour a day at school,"Social media apps are the main content. The effect of state laws ... Jason Nagata, an associate professor of pediatrics at the University of ...","Jan 6, 2026",2026-05-09T03:56:49.508932Z
144,10.1016/j.lana.2026.101454,serpapi_google,Q4_eurekalert,"""Nagata"" ""social media"" site:eurekalert.org",https://www.eurekalert.org › news-releases,https://www.eurekalert.org/news-releases/1084464,Social media use and depressive symptoms during early ...,"Social media use and depressive symptoms during early adolescence ... Nagata, MD, email Jason.nagata@ucsf.edu. To access the embargoed ...","May 21, 2025",2026-05-09T03:56:49.508932Z
144,10.1016/j.lana.2026.101454,serpapi_google,Q4_eurekalert,"""Nagata"" ""social media"" site:eurekalert.org",https://www.eurekalert.org › news-releases,https://www.eurekalert.org/news-releases/990379,unveiling teen-friendly social media habits for optimal sleep,"... social media use in adolescence. Both advisories note potential ... Nagata, MD, assistant professor of pediatrics at the University of ...","May 24, 2023",2026-05-09T03:56:49.508932Z
144,10.1016/j.lana.2026.101454,serpapi_google,Q4_eurekalert,"""Nagata"" ""social media"" site:eurekalert.org",https://www.eurekalert.org › news-releases,https://www.eurekalert.org/news-releases/763232,Excessive social media use linked to binge eating in US ...,"Excessive social media use linked to binge eating in US preteens ... Nagata, MD, assistant professor of pediatrics at the University of ...","Mar 1, 2021",2026-05-09T03:56:49.508932Z
144,10.1016/j.lana.2026.101454,serpapi_google,Q4_eurekalert,"""Nagata"" ""social media"" site:eurekalert.org",https://www.eurekalert.org › news-releases,https://www.eurekalert.org/news-releases/1084461,"Yes, social media might be making kids depressed",... Nagata. “These findings provide evidence that social media may be contributing to the development of depressive symptoms.” While it's ...,"May 21, 2025",2026-05-09T03:56:49.508932Z
144,10.1016/j.lana.2026.101454,serpapi_google,Q4_eurekalert,"""Nagata"" ""social media"" site:eurekalert.org",https://www.eurekalert.org › news-releases,https://www.eurekalert.org/news-releases/1052053,Sleep and social media in tweens: Tips for better rest,"“Ensuring adolescents get enough sleep is vital, as it supports their physical and mental growth and development,” says lead author Jason Nagata ...","Jul 22, 2024",2026-05-09T03:56:49.508932Z
144,10.1016/j.lana.2026.101454,serpapi_google,Q4_eurekalert,"""Nagata"" ""social media"" site:eurekalert.org",https://www.eurekalert.org › news-releases,https://www.eurekalert.org/news-releases/938448,Parents underestimate teens' social media use during ...,"... social media and multi-player video games (versus texting, video ... Nagata, MD, assistant professor of pediatrics at the University of ...","Dec 17, 2021",2026-05-09T03:56:49.508932Z
144,10.1016/j.lana.2026.101454,serpapi_google,Q4_eurekalert,"""Nagata"" ""social media"" site:eurekalert.org",https://www.eurekalert.org › news-releases,https://www.eurekalert.org/news-releases/1074319,Screen time linked to bipolar and manic symptoms in U.S. ...,"The findings reveal that 10- to 11-year-olds who engage heavily with social media ... Nagata, MD, an associate professor of pediatrics at ...","Feb 20, 2025",2026-05-09T03:56:49.508932Z
150,10.1016/j.neuroimage.2026.121860,serpapi_google_news,Q2_author_topic,"""Nagata"" ""Adolescent Brain Cognitive Development"" ""social media""",NPR,https://www.npr.org/sections/shots-health-news/2025/10/13/nx-s1-5571050/social-media-teens-brains-reading-memory,"Kids who use social media score lower on reading and memory tests, a study shows",,"10/13/2025, 07:00 AM, +0000 UTC",2026-05-09T03:56:50.028302Z
150,10.1016/j.neuroimage.2026.121860,serpapi_google_news,Q2_author_topic,"""Nagata"" ""Adolescent Brain Cognitive Development"" ""social media""",PsyPost,https://www.psypost.org/more-time-spent-on-social-media-is-linked-to-a-thinner-cerebral-cortex-in-young-adolescents/,More time spent on social media is linked to a thinner cerebral cortex in young adolescents,,"04/15/2026, 07:00 AM, +0000 UTC",2026-05-09T03:56:50.028302Z
150,10.1016/j.neuroimage.2026.121860,serpapi_google_news,Q2_author_topic,"""Nagata"" ""Adolescent Brain Cognitive Development"" ""social media""",MedPage Today,https://www.medpagetoday.com/pediatrics/generalpediatrics/117911,Increasing Social Media Use in Preteens May Be Hurting Cognition Too,,"10/13/2025, 07:00 AM, +0000 UTC",2026-05-09T03:56:50.028302Z
150,10.1016/j.neuroimage.2026.121860,serpapi_google_news,Q2_author_topic,"""Nagata"" ""Adolescent Brain Cognitive Development"" ""social media""",Medical Xpress,https://medicalxpress.com/news/2026-01-teens-cellphones-hour-day-school.html,"Teens use cellphones for an hour a day at school, study finds",,"01/10/2026, 08:00 AM, +0000 UTC",2026-05-09T03:56:50.028302Z
150,10.1016/j.neuroimage.2026.121860,serpapi_google_news,Q2_author_topic,"""Nagata"" ""Adolescent Brain Cognitive Development"" ""social media""",the Manitoban,https://themanitoban.com/2025/11/social-media-use-linked-to-cognitive-decline-in-youth/51082/,Social media use linked to cognitive decline in youth,,"11/26/2025, 08:00 AM, +0000 UTC",2026-05-09T03:56:50.028302Z
150,10.1016/j.neuroimage.2026.121860,serpapi_google_news,Q2_author_topic,"""Nagata"" ""Adolescent Brain Cognitive Development"" ""social media""",U.S. News & World Report,https://www.usnews.com/news/health-news/articles/2025-10-14/social-media-might-stunt-students-intellect-study-says,"Social Media Might Stunt Students' Intellect, Study Says",,"10/14/2025, 07:00 AM, +0000 UTC",2026-05-09T03:56:50.028302Z
150,10.1016/j.neuroimage.2026.121860,serpapi_google_news,Q2_author_topic,"""Nagata"" ""Adolescent Brain Cognitive Development"" ""social media""",Contemporary Pediatrics,https://www.contemporarypediatrics.com/view/jason-nagata-md-msc-highlights-frequent-teen-smartphone-use-during-school-hours,"Jason Nagata, MD, MSc, highlights frequent teen smartphone use during school hours",,"01/19/2026, 08:00 AM, +0000 UTC",2026-05-09T03:56:50.028302Z
150,10.1016/j.neuroimage.2026.121860,serpapi_google_news,Q2_author_topic,"""Nagata"" ""Adolescent Brain Cognitive Development"" ""social media""",Education Week,https://www.edweek.org/leadership/kids-social-media-use-linked-to-lower-reading-and-memory-scores-study-suggests/2025/10,"Kids’ Social Media Use Linked to Lower Reading and Memory Scores, Study Suggests",,"10/17/2025, 07:00 AM, +0000 UTC",2026-05-09T03:56:50.028302Z
150,10.1016/j.neuroimage.2026.121860,serpapi_google_news,Q2_author_topic,"""Nagata"" ""Adolescent Brain Cognitive Development"" ""social media""",The Washington Post,https://www.washingtonpost.com/lifestyle/2025/06/11/social-media-use-depression-tweens/,New study shows social media use predicted future depression in tweens,,"06/11/2025, 07:00 AM, +0000 UTC",2026-05-09T03:56:50.028302Z
150,10.1016/j.neuroimage.2026.121860,serpapi_google_news,Q2_author_topic,"""Nagata"" ""Adolescent Brain Cognitive Development"" ""social media""",LiveNOW from FOX,https://www.livenowfox.com/news/adolescent-social-media-depression-study,Social media use triples depression symptoms for pre-teens: Study,,"05/23/2025, 07:00 AM, +0000 UTC",2026-05-09T03:56:50.028302Z
150,10.1016/j.neuroimage.2026.121860,serpapi_google_news,Q2_author_topic,"""Nagata"" ""Adolescent Brain Cognitive Development"" ""social media""",MedPage Today,https://www.medpagetoday.com/pediatrics/generalpediatrics/119288,Teens Spend an Hour on Their Smartphones at School,,"01/05/2026, 08:00 AM, +0000 UTC",2026-05-09T03:56:50.028302Z
150,10.1016/j.neuroimage.2026.121860,serpapi_google_news,Q2_author_topic,"""Nagata"" ""Adolescent Brain Cognitive Development"" ""social media""",Jang,https://jang.com.pk/en/49920-prolonged-social-media-use-may-reduce-intelligence-study-news,"Prolonged social media use may reduce intelligence, study",,"10/14/2025, 07:00 AM, +0000 UTC",2026-05-09T03:56:50.028302Z
150,10.1016/j.neuroimage.2026.121860,serpapi_google_news,Q2_author_topic,"""Nagata"" ""Adolescent Brain Cognitive Development"" ""social media""",Contemporary Pediatrics,https://www.contemporarypediatrics.com/view/social-media-potentially-linked-to-depression-in-children,Social media potentially linked to depression in children,,"05/22/2025, 07:00 AM, +0000 UTC",2026-05-09T03:56:50.028302Z
150,10.1016/j.neuroimage.2026.121860,serpapi_google_news,Q2_author_topic,"""Nagata"" ""Adolescent Brain Cognitive Development"" ""social media""",Science News,https://www.sciencenews.org/article/social-media-addictive-meta-youtube,"Social media is designed to be addictive, jury finds. Research links excessive use to mental harm",,"03/26/2026, 07:00 AM, +0000 UTC",2026-05-09T03:56:50.028302Z
150,10.1016/j.neuroimage.2026.121860,serpapi_google_news,Q2_author_topic,"""Nagata"" ""Adolescent Brain Cognitive Development"" ""social media""",SciTechDaily,https://scitechdaily.com/excessive-screen-time-in-preteens-linked-to-suicidal-behavior/,Excessive Screen Time in Preteens Linked to Suicidal Behavior,,"03/11/2023, 08:00 AM, +0000 UTC",2026-05-09T03:56:50.028302Z
150,10.1016/j.neuroimage.2026.121860,serpapi_google_news,Q2_author_topic,"""Nagata"" ""Adolescent Brain Cognitive Development"" ""social media""",Arab Times Kuwait News,https://www.arabtimesonline.com/news/kids-who-use-more-social-media-perform-worse-on-reading-and-memory-tests-study/,Kids who use more social media perform worse on reading and memory tests: study,,"10/14/2025, 07:00 AM, +0000 UTC",2026-05-09T03:56:50.028302Z
150,10.1016/j.neuroimage.2026.121860,serpapi_google_news,Q3_title_fragment,"""Social media use and early adolescent""",PsyPost,https://www.psypost.org/more-time-spent-on-social-media-is-linked-to-a-thinner-cerebral-cortex-in-young-adolescents/,More time spent on social media is linked to a thinner cerebral cortex in young adolescents,,"04/15/2026, 07:00 AM, +0000 UTC",2026-05-09T03:56:50.641900Z
150,10.1016/j.neuroimage.2026.121860,serpapi_google_news,Q3_title_fragment,"""Social media use and early adolescent""",Frontiers,https://www.frontiersin.org/journals/psychology/articles/10.3389/fpsyg.2022.1011951/full,The contributions of gender identification and gender ideologies to the purposes of social media use in adolescence,,"02/06/2024, 02:25 AM, +0000 UTC",2026-05-09T03:56:50.641900Z
150,10.1016/j.neuroimage.2026.121860,serpapi_google_news,Q3_title_fragment,"""Social media use and early adolescent""",UKNow,https://uknow.uky.edu/research/what-new-study-reveals-about-selfies-and-teenage-body-image,What a New Study Reveals About Selfies and Teenage Body Image,,"05/29/2018, 07:00 AM, +0000 UTC",2026-05-09T03:56:50.641900Z
150,10.1016/j.neuroimage.2026.121860,serpapi_google_news,Q3_title_fragment,"""Social media use and early adolescent""",Motley Rice,https://www.motleyrice.com/social-media-lawsuits/self-esteem,Social Media and Self-Esteem: Mental Health Risks Explained,,"03/05/2026, 08:00 AM, +0000 UTC",2026-05-09T03:56:50.641900Z
150,10.1016/j.neuroimage.2026.121860,serpapi_google_news,Q3_title_fragment,"""Social media use and early adolescent""",Refinery29,https://www.refinery29.com/en-ca/2019/08/240691/teen-girls-scribbling-faces-instagram-photos,What's Going On With Young Women Scribbling Out Their Faces On Insta? We Investigate,,"08/15/2019, 07:00 AM, +0000 UTC",2026-05-09T03:56:50.641900Z
150,10.1016/j.neuroimage.2026.121860,serpapi_google_news,Q3_title_fragment,"""Social media use and early adolescent""",Frontiers,https://www.frontiersin.org/journals/psychology/articles/10.3389/fpsyg.2021.758226/full,"Support From Parents, Peers, and Teachers Is Differently Associated With Middle School Students’ Well-Being",,"12/01/2021, 08:00 AM, +0000 UTC",2026-05-09T03:56:50.641900Z
150,10.1016/j.neuroimage.2026.121860,serpapi_google_news,Q3_title_fragment,"""Social media use and early adolescent""",Refinery29,https://www.refinery29.com/en-us/2019/08/239879/teen-girls-scribbling-faces-instagram-photos,What's Going On With Young Women Scribbling Out Their Faces On Insta? We Investigate,,"08/06/2019, 07:00 AM, +0000 UTC",2026-05-09T03:56:50.641900Z
150,10.1016/j.neuroimage.2026.121860,serpapi_google,Q4_eurekalert,"""Nagata"" ""social media"" site:eurekalert.org",https://www.eurekalert.org › news-releases,https://www.eurekalert.org/news-releases/1101286,Social media use trajectories and cognitive performance in ...,"Social media use trajectories and cognitive performance in adolescents ... Nagata, MD, MSc, email jason.nagata@ucsf.edu. To access the ...","Oct 13, 2025",2026-05-09T03:56:52.966099Z
150,10.1016/j.neuroimage.2026.121860,serpapi_google,Q4_eurekalert,"""Nagata"" ""social media"" site:eurekalert.org",https://www.eurekalert.org › news-releases,https://www.eurekalert.org/news-releases/1065105,Social media linked to early substance use in US pre-teens,"Social media linked to early substance use in US pre-teens ... Nagata, MD, an associate professor of pediatrics at the University ...","Nov 15, 2024",2026-05-09T03:56:52.966099Z
150,10.1016/j.neuroimage.2026.121860,serpapi_google,Q4_eurekalert,"""Nagata"" ""social media"" site:eurekalert.org",https://www.eurekalert.org › news-releases,https://www.eurekalert.org/news-releases/1111741,Study: Teens use cellphones for an hour a day at school,"Social media apps are the main content. The effect of state laws ... Jason Nagata, an associate professor of pediatrics at the University of ...","Jan 6, 2026",2026-05-09T03:56:52.966099Z
150,10.1016/j.neuroimage.2026.121860,serpapi_google,Q4_eurekalert,"""Nagata"" ""social media"" site:eurekalert.org",https://www.eurekalert.org › news-releases,https://www.eurekalert.org/news-releases/1084464,Social media use and depressive symptoms during early ...,"Social media use and depressive symptoms during early adolescence ... Nagata, MD, email Jason.nagata@ucsf.edu. To access the embargoed ...","May 21, 2025",2026-05-09T03:56:52.966099Z
150,10.1016/j.neuroimage.2026.121860,serpapi_google,Q4_eurekalert,"""Nagata"" ""social media"" site:eurekalert.org",https://www.eurekalert.org › news-releases,https://www.eurekalert.org/news-releases/990379,unveiling teen-friendly social media habits for optimal sleep,"... social media use in adolescence. Both advisories note potential ... Nagata, MD, assistant professor of pediatrics at the University of ...","May 24, 2023",2026-05-09T03:56:52.966099Z
150,10.1016/j.neuroimage.2026.121860,serpapi_google,Q4_eurekalert,"""Nagata"" ""social media"" site:eurekalert.org",https://www.eurekalert.org › news-releases,https://www.eurekalert.org/news-releases/763232,Excessive social media use linked to binge eating in US ...,"Excessive social media use linked to binge eating in US preteens ... Nagata, MD, assistant professor of pediatrics at the University of ...","Mar 1, 2021",2026-05-09T03:56:52.966099Z
150,10.1016/j.neuroimage.2026.121860,serpapi_google,Q4_eurekalert,"""Nagata"" ""social media"" site:eurekalert.org",https://www.eurekalert.org › news-releases,https://www.eurekalert.org/news-releases/1084461,"Yes, social media might be making kids depressed",... Nagata. “These findings provide evidence that social media may be contributing to the development of depressive symptoms.” While it's ...,"May 21, 2025",2026-05-09T03:56:52.966099Z
150,10.1016/j.neuroimage.2026.121860,serpapi_google,Q4_eurekalert,"""Nagata"" ""social media"" site:eurekalert.org",https://www.eurekalert.org › news-releases,https://www.eurekalert.org/news-releases/1052053,Sleep and social media in tweens: Tips for better rest,"“Ensuring adolescents get enough sleep is vital, as it supports their physical and mental growth and development,” says lead author Jason Nagata ...","Jul 22, 2024",2026-05-09T03:56:52.966099Z
150,10.1016/j.neuroimage.2026.121860,serpapi_google,Q4_eurekalert,"""Nagata"" ""social media"" site:eurekalert.org",https://www.eurekalert.org › news-releases,https://www.eurekalert.org/news-releases/938448,Parents underestimate teens' social media use during ...,"... social media and multi-player video games (versus texting, video ... Nagata, MD, assistant professor of pediatrics at the University of ...","Dec 17, 2021",2026-05-09T03:56:52.966099Z
150,10.1016/j.neuroimage.2026.121860,serpapi_google,Q4_eurekalert,"""Nagata"" ""social media"" site:eurekalert.org",https://www.eurekalert.org › news-releases,https://www.eurekalert.org/news-releases/1074319,Screen time linked to bipolar and manic symptoms in U.S. ...,"The findings reveal that 10- to 11-year-olds who engage heavily with social media ... Nagata, MD, an associate professor of pediatrics at ...","Feb 20, 2025",2026-05-09T03:56:52.966099Z
152,10.1016/j.pmedr.2022.101900,serpapi_google_news,Q3_title_fragment,"""COVID information and masking behaviors in""",Cambridge University Press & Assessment,https://www.cambridge.org/core/journals/epidemiology-and-infection/article/association-between-age-of-paediatric-index-cases-and-household-sarscov2-transmission/1592BD16CAD4CA87DA239416F688F538,Association between age of paediatric index cases and household SARS-CoV-2 transmission,,"11/20/2024, 08:00 AM, +0000 UTC",2026-05-09T03:56:53.480449Z
154,10.1016/j.psychres.2025.116523,serpapi_google_news,Q2_author_topic,"""Alexander"" ""Adolescent Brain Cognitive Development"" ""smartphone""",medRxiv,https://www.medrxiv.org/content/10.1101/2025.11.23.25340847v1.full-text,Longitudinal Patterns of Digital Parenting Restrictions and Adolescent Screen Use: Insights from the Adolescent Brain Cognitive Development (ABCD) Study,,"11/25/2025, 08:00 AM, +0000 UTC",2026-05-09T03:56:55.270790Z
154,10.1016/j.psychres.2025.116523,serpapi_google_news,Q2_author_topic,"""Alexander"" ""Adolescent Brain Cognitive Development"" ""smartphone""",Nature,https://www.nature.com/articles/s41598-024-68467-8,Passively sensing smartphone use in teens with rates of use by sex and across operating systems,,"08/03/2024, 07:00 AM, +0000 UTC",2026-05-09T03:56:55.270790Z
154,10.1016/j.psychres.2025.116523,serpapi_google,Q4_eurekalert,"""Alexander"" ""smartphone"" site:eurekalert.org",https://www.eurekalert.org › news-releases,https://www.eurekalert.org/news-releases/1110164,Penn researchers awarded $25M to conduct trial using ...,"... smartphone fitness trackers gamification to reduce the risk of ... Alexander C. Fanaroff, MD, an assistant professor of Cardiovascular ...","Dec 16, 2025",2026-05-09T03:57:04.474652Z
154,10.1016/j.psychres.2025.116523,serpapi_google,Q4_eurekalert,"""Alexander"" ""smartphone"" site:eurekalert.org",https://www.eurekalert.org › news-releases,https://www.eurekalert.org/news-releases/510314,New nerve gas detector built with legos and a smartphone,"... smartphone and a box made from Lego bricks, which could help first ... Software, developed by graduate student Alexander Boulgakov and ...","Jun 27, 2018",2026-05-09T03:57:04.474652Z
154,10.1016/j.psychres.2025.116523,serpapi_google,Q4_eurekalert,"""Alexander"" ""smartphone"" site:eurekalert.org",https://www.eurekalert.org › news-releases,https://www.eurekalert.org/news-releases/1112196,An earthquake on a chip: New tech could make ...,"Eichenfield says the new device could lead to smaller, higher performance, and lower power wireless devices like cell phones. In a smartphone, ...","Jan 14, 2026",2026-05-09T03:57:04.474652Z
154,10.1016/j.psychres.2025.116523,serpapi_google,Q4_eurekalert,"""Alexander"" ""smartphone"" site:eurekalert.org",https://www.eurekalert.org › news-releases,https://www.eurekalert.org/news-releases/716385,New technology makes artificial intelligence more private ...,"""We feel this has enormous potential,"" said Alexander Wong, a ... When put on a chip and embedded in a smartphone, such compact AI ...","Nov 14, 2017",2026-05-09T03:57:04.474652Z
154,10.1016/j.psychres.2025.116523,serpapi_google,Q4_eurekalert,"""Alexander"" ""smartphone"" site:eurekalert.org",https://www.eurekalert.org › news-releases,https://www.eurekalert.org/news-releases/1060669,AI-supported dermatology: Now for darker skin tones too ...,“Our vision is that each patient will be able to take a photo of their skin problem themselves free of charge using a smartphone and then upload ...,"Oct 10, 2024",2026-05-09T03:57:04.474652Z
154,10.1016/j.psychres.2025.116523,serpapi_google,Q4_eurekalert,"""Alexander"" ""smartphone"" site:eurekalert.org",https://www.eurekalert.org › news-releases,https://www.eurekalert.org/news-releases/1117990,DopFone app can accurately track fetal heart rate using ...,DopFone uses an off-the-shelf smartphone's existing speaker and microphone to accurately estimate fetal heart rate. ... Alexander T. Adams ...,"Feb 26, 2026",2026-05-09T03:57:04.474652Z
154,10.1016/j.psychres.2025.116523,serpapi_google,Q4_eurekalert,"""Alexander"" ""smartphone"" site:eurekalert.org",https://www.eurekalert.org › news-releases,https://www.eurekalert.org/news-releases/703475,Engineers combine AI and wearable cameras in self ...,"The research team also includes engineering professor Alexander Wong, the Canada Research Chair in Artificial Intelligence and Medical Imaging, ...","Mar 15, 2021",2026-05-09T03:57:04.474652Z
154,10.1016/j.psychres.2025.116523,serpapi_google,Q4_eurekalert,"""Alexander"" ""smartphone"" site:eurekalert.org",https://www.eurekalert.org › news-releases,https://www.eurekalert.org/news-releases/632008,Smartphones and intelligent socks to help prevent diabetic ...,"... smartphone app, which in turn informs the patient of developing risk. ... Yaakov Nahmias, director of the Alexander Grass Center for ...","Jan 27, 2016",2026-05-09T03:57:04.474652Z
154,10.1016/j.psychres.2025.116523,serpapi_google,Q4_eurekalert,"""Alexander"" ""smartphone"" site:eurekalert.org",https://www.eurekalert.org › news-releases,https://www.eurekalert.org/news-releases/1050243,A simple firmware update completely hides a device's ...,"A smartphone's unique Bluetooth fingerprint could be used to track ... Hadi Givehchian, Nishant Bhaskar, Alexander Redding, Aaron Schulman, ...","Jul 10, 2024",2026-05-09T03:57:04.474652Z
156,10.1016/j.sleh.2020.07.002,serpapi_google_news,Q2_author_topic,"""Hisler"" ""Adolescent Brain Cognitive Development"" ""media use""",Psychiatric Times,https://www.psychiatrictimes.com/view/screen-media-activity-in-youth-friend-or-fiend,Screen Media Activity in Youth: Friend or Fiend?,,"10/26/2021, 07:00 AM, +0000 UTC",2026-05-09T03:57:05.828443Z
156,10.1016/j.sleh.2020.07.002,serpapi_google_news,Q3_title_fragment,"""Screen media use and sleep disturbance""",Frontiers,https://www.frontiersin.org/journals/sleep/articles/10.3389/frsle.2024.1365784/full,Case report: Nighttime media restriction for pediatric insomnia,,"03/13/2024, 07:00 AM, +0000 UTC",2026-05-09T03:57:10.035654Z
156,10.1016/j.sleh.2020.07.002,serpapi_google_news,Q3_title_fragment,"""Screen media use and sleep disturbance""",Psychiatric Times,https://www.psychiatrictimes.com/view/screen-media-activity-in-youth-friend-or-fiend,Screen Media Activity in Youth: Friend or Fiend?,,"10/26/2021, 07:00 AM, +0000 UTC",2026-05-09T03:57:10.035654Z
156,10.1016/j.sleh.2020.07.002,serpapi_google_news,Q3_title_fragment,"""Screen media use and sleep disturbance""",Frontiers,https://www.frontiersin.org/journals/developmental-psychology/articles/10.3389/fdpys.2024.1377998/full,Measuring parents' regulatory media use for themselves and their children,,"04/03/2024, 07:00 AM, +0000 UTC",2026-05-09T03:57:10.035654Z
156,10.1016/j.sleh.2020.07.002,serpapi_google_news,Q3_title_fragment,"""Screen media use and sleep disturbance""",Medical News Today,https://www.medicalnewstoday.com/articles/best-night-lights,7 best night lights: Products and how to choose,,"08/10/2022, 07:00 AM, +0000 UTC",2026-05-09T03:57:10.035654Z
157,10.1016/j.sleh.2023.02.005,serpapi_google_news,Q2_author_topic,"""Nagata"" ""Adolescent Brain Cognitive Development"" ""screen use""",News-Medical,https://www.news-medical.net/news/20260212/Addictive-screen-habits-harm-early-adolescent-mental-health.aspx,Addictive screen habits harm early adolescent mental health,,"02/12/2026, 08:00 AM, +0000 UTC",2026-05-09T03:57:19.134981Z
157,10.1016/j.sleh.2023.02.005,serpapi_google_news,Q2_author_topic,"""Nagata"" ""Adolescent Brain Cognitive Development"" ""screen use""",The Washington Post,https://www.washingtonpost.com/lifestyle/2025/06/11/social-media-use-depression-tweens/,New study shows social media use predicted future depression in tweens,,"06/11/2025, 07:00 AM, +0000 UTC",2026-05-09T03:57:19.134981Z
157,10.1016/j.sleh.2023.02.005,serpapi_google_news,Q2_author_topic,"""Nagata"" ""Adolescent Brain Cognitive Development"" ""screen use""",LiveNOW from FOX,https://www.livenowfox.com/news/excessive-screen-time-manic-symptoms-kids-study,"Excessive screen time linked to manic symptoms in kids, study finds",,"03/05/2025, 08:00 AM, +0000 UTC",2026-05-09T03:57:19.134981Z
157,10.1016/j.sleh.2023.02.005,serpapi_google_news,Q2_author_topic,"""Nagata"" ""Adolescent Brain Cognitive Development"" ""screen use""",NPR,https://www.npr.org/sections/shots-health-news/2025/06/18/nx-s1-5436951/jama-screens-teens-addiction-suicide-abcd,"Screen addiction and suicidal behaviors are linked for teens, a study shows : Shots - Health News",,"06/18/2025, 07:00 AM, +0000 UTC",2026-05-09T03:57:19.134981Z
157,10.1016/j.sleh.2023.02.005,serpapi_google_news,Q2_author_topic,"""Nagata"" ""Adolescent Brain Cognitive Development"" ""screen use""",Medical Xpress,https://medicalxpress.com/news/2024-10-screen-depression-anxiety-year-olds.html,"Screen time tied to depression, anxiety in 9- and 10-year-olds",,"10/07/2024, 07:00 AM, +0000 UTC",2026-05-09T03:57:19.134981Z
157,10.1016/j.sleh.2023.02.005,serpapi_google_news,Q2_author_topic,"""Nagata"" ""Adolescent Brain Cognitive Development"" ""screen use""",SciTechDaily,https://scitechdaily.com/excessive-screen-time-in-preteens-linked-to-suicidal-behavior/,Excessive Screen Time in Preteens Linked to Suicidal Behavior,,"03/11/2023, 08:00 AM, +0000 UTC",2026-05-09T03:57:19.134981Z
157,10.1016/j.sleh.2023.02.005,serpapi_google_news,Q2_author_topic,"""Nagata"" ""Adolescent Brain Cognitive Development"" ""screen use""",Medical Xpress,https://medicalxpress.com/news/2025-02-screen-linked-bipolar-manic-symptoms.html,Screen time linked to bipolar and manic symptoms in U.S. preteens,,"02/20/2025, 08:00 AM, +0000 UTC",2026-05-09T03:57:19.134981Z
157,10.1016/j.sleh.2023.02.005,serpapi_google_news,Q2_author_topic,"""Nagata"" ""Adolescent Brain Cognitive Development"" ""screen use""",Medical Xpress,https://medicalxpress.com/news/2024-05-transgender-preteens-hours-daily-screen.html,Transgender preteens report 13 hours of daily screen time,,"05/13/2024, 07:00 AM, +0000 UTC",2026-05-09T03:57:19.134981Z
157,10.1016/j.sleh.2023.02.005,serpapi_google_news,Q2_author_topic,"""Nagata"" ""Adolescent Brain Cognitive Development"" ""screen use""",Medical Xpress,https://medicalxpress.com/news/2023-03-gay-lesbian-bisexual-preteens-hours.html,"Gay, lesbian, bisexual preteens spend 4 more hours on screens daily, finds study",,"03/31/2023, 07:00 AM, +0000 UTC",2026-05-09T03:57:19.134981Z
157,10.1016/j.sleh.2023.02.005,serpapi_google_news,Q3_title_fragment,"""Bedtime screen use behaviors and sleep""",Nature,https://www.nature.com/articles/s41599-026-06609-1,Excessive screen time is associated with mental health problems in US children and adolescents: physical activity and sleep as parallel mediators,,"01/31/2026, 08:00 AM, +0000 UTC",2026-05-09T03:57:19.695157Z
157,10.1016/j.sleh.2023.02.005,serpapi_google_news,Q3_title_fragment,"""Bedtime screen use behaviors and sleep""",News-Medical,https://www.news-medical.net/news/20250620/Bedtime-screen-habits-linked-to-poor-sleep-in-tweens.aspx,Bedtime screen habits linked to poor sleep in tweens,,"06/20/2025, 07:00 AM, +0000 UTC",2026-05-09T03:57:19.695157Z
157,10.1016/j.sleh.2023.02.005,serpapi_google_news,Q3_title_fragment,"""Bedtime screen use behaviors and sleep""",Medical Xpress,https://medicalxpress.com/news/2024-07-reveals-screen-affects-preteen.html,New study reveals how screen time affects preteen sleep,,"07/22/2024, 07:00 AM, +0000 UTC",2026-05-09T03:57:19.695157Z
157,10.1016/j.sleh.2023.02.005,serpapi_google_news,Q3_title_fragment,"""Bedtime screen use behaviors and sleep""",News-Medical,https://www.news-medical.net/news/20240723/How-bedtime-screen-use-affects-sleep-in-early-adolescents.aspx,How bedtime screen use affects sleep in early adolescents,,"07/23/2024, 07:00 AM, +0000 UTC",2026-05-09T03:57:19.695157Z
157,10.1016/j.sleh.2023.02.005,serpapi_google_news,Q3_title_fragment,"""Bedtime screen use behaviors and sleep""",Cureus,https://www.cureus.com/articles/432746-sleep-duration-quality-and-factors-affecting-sleep-health-among-young-people-in-the-california-bay-area-a-cross-sectional-study,"Sleep Duration, Quality, and Factors Affecting Sleep Health Among Young People in the California Bay Area: A Cross-Sectional Study",,"12/03/2025, 08:00 AM, +0000 UTC",2026-05-09T03:57:19.695157Z
157,10.1016/j.sleh.2023.02.005,serpapi_google_news,Q3_title_fragment,"""Bedtime screen use behaviors and sleep""",Frontiers,https://www.frontiersin.org/journals/medicine/articles/10.3389/fmed.2026.1736060/full,Digital media use and cognitive networks in medical students: linking screen time with intelligence and academic performance,,"01/27/2026, 06:14 PM, +0000 UTC",2026-05-09T03:57:19.695157Z
157,10.1016/j.sleh.2023.02.005,serpapi_google_news,Q3_title_fragment,"""Bedtime screen use behaviors and sleep""",Everyday Health,https://www.everydayhealth.com/sleep/how-to-make-sure-phone-use-doesnt-ruin-your-sleep/,Screen Time Before Bed: How to Make Sure Phone Use Doesn’t Ruin Your Sleep,,"12/10/2025, 08:00 AM, +0000 UTC",2026-05-09T03:57:19.695157Z
157,10.1016/j.sleh.2023.02.005,serpapi_google_news,Q3_title_fragment,"""Bedtime screen use behaviors and sleep""",Nature,https://www.nature.com/articles/s41598-026-37985-y,Late evening room light and sleep restriction reduces the ability of bright morning light to phase advance adolescents’ circadian clocks,,"02/23/2026, 08:00 AM, +0000 UTC",2026-05-09T03:57:19.695157Z
157,10.1016/j.sleh.2023.02.005,serpapi_google_news,Q3_title_fragment,"""Bedtime screen use behaviors and sleep""",Medical Xpress,https://medicalxpress.com/news/2023-05-restful-nights-teen-friendly-social-media.html,Unlocking restful nights: Teen-friendly social media habits for optimal sleep,,"05/24/2023, 07:00 AM, +0000 UTC",2026-05-09T03:57:19.695157Z
157,10.1016/j.sleh.2023.02.005,serpapi_google,Q4_eurekalert,"""Nagata"" ""screen use"" site:eurekalert.org",https://www.eurekalert.org › news-releases,https://www.eurekalert.org/news-releases/1074319,Screen time linked to bipolar and manic symptoms in U.S. ...,... Nagata. The study adds to the wealth of knowledge on the associations between screen use and poor mental health in adolescents. The study ...,"Feb 20, 2025",2026-05-09T03:57:22.015895Z
157,10.1016/j.sleh.2023.02.005,serpapi_google,Q4_eurekalert,"""Nagata"" ""screen use"" site:eurekalert.org",https://www.eurekalert.org › news-releases,https://www.eurekalert.org/news-releases/1046791,"Great news, parents: You do have power over your tweens' ...","... screen use was problematic. Then, they asked parents how they used ... Nagata, MD, a pediatrician at UCSF Benioff Children's Hospitals ...","Jun 5, 2024",2026-05-09T03:57:22.015895Z
157,10.1016/j.sleh.2023.02.005,serpapi_google,Q4_eurekalert,"""Nagata"" ""screen use"" site:eurekalert.org",https://www.eurekalert.org › news-releases,https://www.eurekalert.org/news-releases/1057483,Screen time and social media use linked to eating disorder ...,"... screen use and disordered eating concerns,” says Nagata. The study builds on existing knowledge surrounding eating disorders in adolescents ...","Sep 10, 2024",2026-05-09T03:57:22.015895Z
157,10.1016/j.sleh.2023.02.005,serpapi_google,Q4_eurekalert,"""Nagata"" ""screen use"" site:eurekalert.org",https://www.eurekalert.org › news-releases,https://www.eurekalert.org/news-releases/990379,unveiling teen-friendly social media habits for optimal sleep,"... Nagata, MD, assistant professor of pediatrics at the University of ... Article Title. Bedtime screen use behaviors and sleep outcomes ...","May 24, 2023",2026-05-09T03:57:22.015895Z
157,10.1016/j.sleh.2023.02.005,serpapi_google,Q4_eurekalert,"""Nagata"" ""screen use"" site:eurekalert.org",https://www.eurekalert.org › news-releases,https://www.eurekalert.org/news-releases/1088219,Want better sleep for your tween? Start with their screens,"... Nagata, MD, an associate professor of pediatrics at the University ... Researchers also identified sociodemographic differences in both screen use ...","Jun 20, 2025",2026-05-09T03:57:22.015895Z
157,10.1016/j.sleh.2023.02.005,serpapi_google,Q4_eurekalert,"""Nagata"" ""screen use"" site:eurekalert.org",https://www.eurekalert.org › news-releases,https://www.eurekalert.org/news-releases/933424,Adolescents' recreational screen time doubled during ...,"Excessive screen use in adolescents also is associated with weight gain and binge eating, Nagata noted: “Screen time lends itself to more ...","Nov 1, 2021",2026-05-09T03:57:22.015895Z
157,10.1016/j.sleh.2023.02.005,serpapi_google,Q4_eurekalert,"""Nagata"" ""screen use"" site:eurekalert.org",https://www.eurekalert.org › news-releases,https://www.eurekalert.org/news-releases/1052053,Sleep and social media in tweens: Tips for better rest,"... Nagata, MD, associate professor of pediatrics at the University of ... Bedtime screen use behaviors and sleep outcomes in early adolescents: a ...","Jul 22, 2024",2026-05-09T03:57:22.015895Z
157,10.1016/j.sleh.2023.02.005,serpapi_google,Q4_eurekalert,"""Nagata"" ""screen use"" site:eurekalert.org",https://www.eurekalert.org › news-releases,https://www.eurekalert.org/news-releases/1060422,"For preteens, more screen time is tied to depression, ...","“Screen use may replace time spent engaging in physical activity ... Nagata, MD, associate professor at UCSF Benioff Children's ...","Oct 7, 2024",2026-05-09T03:57:22.015895Z
157,10.1016/j.sleh.2023.02.005,serpapi_google,Q4_eurekalert,"""Nagata"" ""screen use"" site:eurekalert.org",https://www.eurekalert.org › news-releases,https://www.eurekalert.org/news-releases/938448,Parents underestimate teens' social media use during ...,"Nagata noted. “Parents should discuss screen use with their teens and develop a family media use plan,” he said. “Discussions about time ...","Dec 17, 2021",2026-05-09T03:57:22.015895Z
157,10.1016/j.sleh.2023.02.005,serpapi_google,Q4_eurekalert,"""Nagata"" ""screen use"" site:eurekalert.org",https://www.eurekalert.org › news-releases,https://www.eurekalert.org/news-releases/1072583,How parents can protect children from mature and adult ...,"“Bedroom screen use emerged as the strongest predictor of mature media consumption,” says lead author Jason M. Nagata, MD, Associate ...","Feb 5, 2025",2026-05-09T03:57:22.015895Z
158,10.1016/j.sleh.2025.05.005,serpapi_google_news,Q2_author_topic,"""Nagata"" ""Adolescent Brain Cognitive Development"" ""screen use""",News-Medical,https://www.news-medical.net/news/20260212/Addictive-screen-habits-harm-early-adolescent-mental-health.aspx,Addictive screen habits harm early adolescent mental health,,"02/12/2026, 08:00 AM, +0000 UTC",2026-05-09T03:57:22.523945Z
158,10.1016/j.sleh.2025.05.005,serpapi_google_news,Q2_author_topic,"""Nagata"" ""Adolescent Brain Cognitive Development"" ""screen use""",The Washington Post,https://www.washingtonpost.com/lifestyle/2025/06/11/social-media-use-depression-tweens/,New study shows social media use predicted future depression in tweens,,"06/11/2025, 07:00 AM, +0000 UTC",2026-05-09T03:57:22.523945Z
158,10.1016/j.sleh.2025.05.005,serpapi_google_news,Q2_author_topic,"""Nagata"" ""Adolescent Brain Cognitive Development"" ""screen use""",LiveNOW from FOX,https://www.livenowfox.com/news/excessive-screen-time-manic-symptoms-kids-study,"Excessive screen time linked to manic symptoms in kids, study finds",,"03/05/2025, 08:00 AM, +0000 UTC",2026-05-09T03:57:22.523945Z
158,10.1016/j.sleh.2025.05.005,serpapi_google_news,Q2_author_topic,"""Nagata"" ""Adolescent Brain Cognitive Development"" ""screen use""",NPR,https://www.npr.org/sections/shots-health-news/2025/06/18/nx-s1-5436951/jama-screens-teens-addiction-suicide-abcd,"Screen addiction and suicidal behaviors are linked for teens, a study shows : Shots - Health News",,"06/18/2025, 07:00 AM, +0000 UTC",2026-05-09T03:57:22.523945Z
158,10.1016/j.sleh.2025.05.005,serpapi_google_news,Q2_author_topic,"""Nagata"" ""Adolescent Brain Cognitive Development"" ""screen use""",Medical Xpress,https://medicalxpress.com/news/2024-10-screen-depression-anxiety-year-olds.html,"Screen time tied to depression, anxiety in 9- and 10-year-olds",,"10/07/2024, 07:00 AM, +0000 UTC",2026-05-09T03:57:22.523945Z
158,10.1016/j.sleh.2025.05.005,serpapi_google_news,Q2_author_topic,"""Nagata"" ""Adolescent Brain Cognitive Development"" ""screen use""",SciTechDaily,https://scitechdaily.com/excessive-screen-time-in-preteens-linked-to-suicidal-behavior/,Excessive Screen Time in Preteens Linked to Suicidal Behavior,,"03/11/2023, 08:00 AM, +0000 UTC",2026-05-09T03:57:22.523945Z
158,10.1016/j.sleh.2025.05.005,serpapi_google_news,Q2_author_topic,"""Nagata"" ""Adolescent Brain Cognitive Development"" ""screen use""",Medical Xpress,https://medicalxpress.com/news/2025-02-screen-linked-bipolar-manic-symptoms.html,Screen time linked to bipolar and manic symptoms in U.S. preteens,,"02/20/2025, 08:00 AM, +0000 UTC",2026-05-09T03:57:22.523945Z
158,10.1016/j.sleh.2025.05.005,serpapi_google_news,Q2_author_topic,"""Nagata"" ""Adolescent Brain Cognitive Development"" ""screen use""",Medical Xpress,https://medicalxpress.com/news/2024-05-transgender-preteens-hours-daily-screen.html,Transgender preteens report 13 hours of daily screen time,,"05/13/2024, 07:00 AM, +0000 UTC",2026-05-09T03:57:22.523945Z
158,10.1016/j.sleh.2025.05.005,serpapi_google_news,Q2_author_topic,"""Nagata"" ""Adolescent Brain Cognitive Development"" ""screen use""",Medical Xpress,https://medicalxpress.com/news/2023-03-gay-lesbian-bisexual-preteens-hours.html,"Gay, lesbian, bisexual preteens spend 4 more hours on screens daily, finds study",,"03/31/2023, 07:00 AM, +0000 UTC",2026-05-09T03:57:22.523945Z
158,10.1016/j.sleh.2025.05.005,serpapi_google_news,Q3_title_fragment,"""Social epidemiology of bedtime screen use""",News-Medical,https://www.news-medical.net/news/20250620/Bedtime-screen-habits-linked-to-poor-sleep-in-tweens.aspx,Bedtime screen habits linked to poor sleep in tweens,,"06/20/2025, 07:00 AM, +0000 UTC",2026-05-09T03:57:23.098644Z
158,10.1016/j.sleh.2025.05.005,serpapi_google_news,Q3_title_fragment,"""Social epidemiology of bedtime screen use""",Nature,https://www.nature.com/articles/s41599-026-06609-1,Excessive screen time is associated with mental health problems in US children and adolescents: physical activity and sleep as parallel mediators,,"01/31/2026, 08:00 AM, +0000 UTC",2026-05-09T03:57:23.098644Z
158,10.1016/j.sleh.2025.05.005,serpapi_google,Q4_eurekalert,"""Nagata"" ""screen use"" site:eurekalert.org",https://www.eurekalert.org › news-releases,https://www.eurekalert.org/news-releases/1074319,Screen time linked to bipolar and manic symptoms in U.S. ...,... Nagata. The study adds to the wealth of knowledge on the associations between screen use and poor mental health in adolescents. The study ...,"Feb 20, 2025",2026-05-09T03:57:26.219457Z
158,10.1016/j.sleh.2025.05.005,serpapi_google,Q4_eurekalert,"""Nagata"" ""screen use"" site:eurekalert.org",https://www.eurekalert.org › news-releases,https://www.eurekalert.org/news-releases/1046791,"Great news, parents: You do have power over your tweens' ...","... screen use was problematic. Then, they asked parents how they used ... Nagata, MD, a pediatrician at UCSF Benioff Children's Hospitals ...","Jun 5, 2024",2026-05-09T03:57:26.219457Z
158,10.1016/j.sleh.2025.05.005,serpapi_google,Q4_eurekalert,"""Nagata"" ""screen use"" site:eurekalert.org",https://www.eurekalert.org › news-releases,https://www.eurekalert.org/news-releases/1057483,Screen time and social media use linked to eating disorder ...,"... screen use and disordered eating concerns,” says Nagata. The study builds on existing knowledge surrounding eating disorders in adolescents ...","Sep 10, 2024",2026-05-09T03:57:26.219457Z
158,10.1016/j.sleh.2025.05.005,serpapi_google,Q4_eurekalert,"""Nagata"" ""screen use"" site:eurekalert.org",https://www.eurekalert.org › news-releases,https://www.eurekalert.org/news-releases/990379,unveiling teen-friendly social media habits for optimal sleep,"... Nagata, MD, assistant professor of pediatrics at the University of ... Article Title. Bedtime screen use behaviors and sleep outcomes ...","May 24, 2023",2026-05-09T03:57:26.219457Z
158,10.1016/j.sleh.2025.05.005,serpapi_google,Q4_eurekalert,"""Nagata"" ""screen use"" site:eurekalert.org",https://www.eurekalert.org › news-releases,https://www.eurekalert.org/news-releases/1088219,Want better sleep for your tween? Start with their screens,"... Nagata, MD, an associate professor of pediatrics at the University ... Researchers also identified sociodemographic differences in both screen use ...","Jun 20, 2025",2026-05-09T03:57:26.219457Z
158,10.1016/j.sleh.2025.05.005,serpapi_google,Q4_eurekalert,"""Nagata"" ""screen use"" site:eurekalert.org",https://www.eurekalert.org › news-releases,https://www.eurekalert.org/news-releases/933424,Adolescents' recreational screen time doubled during ...,"Excessive screen use in adolescents also is associated with weight gain and binge eating, Nagata noted: “Screen time lends itself to more ...","Nov 1, 2021",2026-05-09T03:57:26.219457Z
158,10.1016/j.sleh.2025.05.005,serpapi_google,Q4_eurekalert,"""Nagata"" ""screen use"" site:eurekalert.org",https://www.eurekalert.org › news-releases,https://www.eurekalert.org/news-releases/1052053,Sleep and social media in tweens: Tips for better rest,"... Nagata, MD, associate professor of pediatrics at the University of ... Bedtime screen use behaviors and sleep outcomes in early adolescents: a ...","Jul 22, 2024",2026-05-09T03:57:26.219457Z
158,10.1016/j.sleh.2025.05.005,serpapi_google,Q4_eurekalert,"""Nagata"" ""screen use"" site:eurekalert.org",https://www.eurekalert.org › news-releases,https://www.eurekalert.org/news-releases/1060422,"For preteens, more screen time is tied to depression, ...","“Screen use may replace time spent engaging in physical activity ... Nagata, MD, associate professor at UCSF Benioff Children's ...","Oct 7, 2024",2026-05-09T03:57:26.219457Z
158,10.1016/j.sleh.2025.05.005,serpapi_google,Q4_eurekalert,"""Nagata"" ""screen use"" site:eurekalert.org",https://www.eurekalert.org › news-releases,https://www.eurekalert.org/news-releases/938448,Parents underestimate teens' social media use during ...,"Nagata noted. “Parents should discuss screen use with their teens and develop a family media use plan,” he said. “Discussions about time ...","Dec 17, 2021",2026-05-09T03:57:26.219457Z
158,10.1016/j.sleh.2025.05.005,serpapi_google,Q4_eurekalert,"""Nagata"" ""screen use"" site:eurekalert.org",https://www.eurekalert.org › news-releases,https://www.eurekalert.org/news-releases/1072583,How parents can protect children from mature and adult ...,"“Bedroom screen use emerged as the strongest predictor of mature media consumption,” says lead author Jason M. Nagata, MD, Associate ...","Feb 5, 2025",2026-05-09T03:57:26.219457Z
160,10.1016/j.ypmed.2023.107452,serpapi_google_news,Q2_author_topic,"""Chu"" ""Adolescent Brain Cognitive Development"" ""screen time""",Medical Xpress,https://medicalxpress.com/news/2023-02-excessive-screen-linked-suicidal-behaviors.html,Excessive screen time linked to suicidal behaviors in US preteens,,"02/27/2023, 08:00 AM, +0000 UTC",2026-05-09T03:57:26.764104Z
160,10.1016/j.ypmed.2023.107452,serpapi_google_news,Q2_author_topic,"""Chu"" ""Adolescent Brain Cognitive Development"" ""screen time""",SciTechDaily,https://scitechdaily.com/excessive-screen-time-in-preteens-linked-to-suicidal-behavior/,Excessive Screen Time in Preteens Linked to Suicidal Behavior,,"03/11/2023, 08:00 AM, +0000 UTC",2026-05-09T03:57:26.764104Z
160,10.1016/j.ypmed.2023.107452,serpapi_google_news,Q2_author_topic,"""Chu"" ""Adolescent Brain Cognitive Development"" ""screen time""",Frontiers,https://www.frontiersin.org/journals/psychology/articles/10.3389/fpsyg.2025.1666581/full,Association between 24-hour movement guidelines and working memory in early Chinese adolescents,,"10/01/2025, 07:00 AM, +0000 UTC",2026-05-09T03:57:26.764104Z
160,10.1016/j.ypmed.2023.107452,serpapi_google_news,Q2_author_topic,"""Chu"" ""Adolescent Brain Cognitive Development"" ""screen time""",Medical Xpress,https://medicalxpress.com/news/2024-09-screen-social-media-linked-disorder.html,Screen time and social media use linked to eating disorder symptoms in young adolescents,,"09/10/2024, 07:00 AM, +0000 UTC",2026-05-09T03:57:26.764104Z
160,10.1016/j.ypmed.2023.107452,serpapi_google_news,Q2_author_topic,"""Chu"" ""Adolescent Brain Cognitive Development"" ""screen time""",ADDitude,https://www.additudemag.com/emotional-dysregulation-ocd-screen-time-adhd-study/,"Research Links Screen Time to Emotional Dysregulation, OCD",,"12/20/2022, 08:00 AM, +0000 UTC",2026-05-09T03:57:26.764104Z
160,10.1016/j.ypmed.2023.107452,serpapi_google_news,Q2_author_topic,"""Chu"" ""Adolescent Brain Cognitive Development"" ""screen time""",Frontiers,https://www.frontiersin.org/journals/psychology/articles/10.3389/fpsyg.2025.1649571/full,A systematic review on the eating behaviors of youth exceeding electronic device recommendations,,"08/29/2025, 03:51 PM, +0000 UTC",2026-05-09T03:57:26.764104Z
160,10.1016/j.ypmed.2023.107452,serpapi_google_news,Q3_title_fragment,"""Screen time and suicidal behaviors among""",Medical Xpress,https://medicalxpress.com/news/2023-02-excessive-screen-linked-suicidal-behaviors.html,Excessive screen time linked to suicidal behaviors in US preteens,,"02/27/2023, 08:00 AM, +0000 UTC",2026-05-09T03:57:27.537197Z
160,10.1016/j.ypmed.2023.107452,serpapi_google_news,Q3_title_fragment,"""Screen time and suicidal behaviors among""",SciTechDaily,https://scitechdaily.com/excessive-screen-time-in-preteens-linked-to-suicidal-behavior/,Excessive Screen Time in Preteens Linked to Suicidal Behavior,,"03/11/2023, 08:00 AM, +0000 UTC",2026-05-09T03:57:27.537197Z
160,10.1016/j.ypmed.2023.107452,serpapi_google_news,Q3_title_fragment,"""Screen time and suicidal behaviors among""",Psychiatry Online,https://psychiatryonline.org/doi/10.1176/appi.ajp.20240706,National Trends in Suicidal Thoughts and Suicide Attempts Among High School Students in the United States,,"05/28/2025, 07:00 AM, +0000 UTC",2026-05-09T03:57:27.537197Z
160,10.1016/j.ypmed.2023.107452,serpapi_google_news,Q3_title_fragment,"""Screen time and suicidal behaviors among""",Parents,https://www.parents.com/tiktok-launches-screen-time-limits-for-teens-7197989,"TikTok Launches Screen Time Limits for Teens: Too Little, Too Late?",,"03/06/2023, 08:00 AM, +0000 UTC",2026-05-09T03:57:27.537197Z
160,10.1016/j.ypmed.2023.107452,serpapi_google_news,Q3_title_fragment,"""Screen time and suicidal behaviors among""",Psychiatry Online,https://www.psychiatryonline.org/doi/10.1176/appi.focus.20240016,The ABCD and HBCD Studies: Longitudinal Studies to Inform Prevention Science,,"10/15/2024, 07:00 AM, +0000 UTC",2026-05-09T03:57:27.537197Z
160,10.1016/j.ypmed.2023.107452,serpapi_google,Q4_eurekalert,"""Chu"" ""screen time"" site:eurekalert.org",https://www.eurekalert.org › news-releases,https://www.eurekalert.org/news-releases/753397,Excessive screen time linked to obesity in US preteen,"Excessive screen time linked to obesity in US preteen. For kids ... Nagata, JM, Iyer, P, Chu, J, Baker, FC, Gabriel, KP, Garber, AK ...","Jun 28, 2021",2026-05-09T03:57:31.267375Z
160,10.1016/j.ypmed.2023.107452,serpapi_google,Q4_eurekalert,"""Chu"" ""screen time"" site:eurekalert.org",https://www.eurekalert.org › news-releases,https://www.eurekalert.org/news-releases/763232,Excessive social media use linked to binge eating in US ...,"Parents should regularly talk to their children about screen-time usage and develop a family media use plan."" ###. Nagata, JM, Iyer, P, Chu, J, ...","Mar 1, 2021",2026-05-09T03:57:31.267375Z
160,10.1016/j.ypmed.2023.107452,serpapi_google,Q4_eurekalert,"""Chu"" ""screen time"" site:eurekalert.org",https://www.eurekalert.org › news-releases,https://www.eurekalert.org/news-releases/792245,Toddlers who chill in front of TV are at later risk of being ...,"Assuming that the programs watched are developmentally appropriate, the American Academy of Pediatrics recommends that daily screen time not ...","Jul 17, 2015",2026-05-09T03:57:31.267375Z
160,10.1016/j.ypmed.2023.107452,serpapi_google,Q4_eurekalert,"""Chu"" ""screen time"" site:eurekalert.org",https://www.eurekalert.org › news-releases,https://www.eurekalert.org/news-releases/607547,The long-term benefits of improving your toddler's memory ...,The researchers note that another promising strategy for improving working memory in children is to limit screen time ... CHU Sainte-Justine.,"Jan 12, 2016",2026-05-09T03:57:31.267375Z
160,10.1016/j.ypmed.2023.107452,serpapi_google,Q4_eurekalert,"""Chu"" ""screen time"" site:eurekalert.org",https://www.eurekalert.org › multimedia,https://www.eurekalert.org/multimedia/912909,Lack of Safety at School and Poverty Linked to Childhood Obesity,"... CHU Sainte Justine children's hospital. ... ""Surprisingly, we have found that although victimization at school is linked to childhood obesity and more screen-time ...",,2026-05-09T03:57:31.267375Z
167,10.1017/s0954579425100618,serpapi_google_news,Q2_author_topic,"""Carvalho"" ""Adolescent Brain Cognitive Development"" ""smartphone""",UGA Today,https://news.uga.edu/social-media-impacts-kids/,Frequent social media use could impact child development,,"03/25/2026, 07:00 AM, +0000 UTC",2026-05-09T03:57:31.783738Z
167,10.1017/s0954579425100618,serpapi_google_news,Q2_author_topic,"""Carvalho"" ""Adolescent Brain Cognitive Development"" ""smartphone""",futurity.org,https://www.futurity.org/screen-use-family-conflict-mental-health-problems-3299462/,Youth phone use can be bad for family bonds and mental health,,"10/15/2025, 07:00 AM, +0000 UTC",2026-05-09T03:57:31.783738Z
167,10.1017/s0954579425100618,serpapi_google_news,Q3_title_fragment,"""smartphones in adolescent-parent discrepancy in reporting""",Medical Xpress,https://medicalxpress.com/news/2025-10-youth-screen-family-conflict-exacerbate.html,"Youth screen use can cause family conflict, exacerbate mental health problems",,"10/13/2025, 07:00 AM, +0000 UTC",2026-05-09T03:57:33.966206Z
167,10.1017/s0954579425100618,serpapi_google,Q4_eurekalert,"""Carvalho"" ""smartphone"" site:eurekalert.org",https://www.eurekalert.org › news-releases,https://www.eurekalert.org/news-releases/1121373,Frequent social media use could impact child development,"The more you use it, the more it changes according to however you're using it,” said Cory Carvalho, lead author of the study who received ...","Mar 25, 2026",2026-05-09T03:57:37.937750Z
167,10.1017/s0954579425100618,serpapi_google,Q4_eurekalert,"""Carvalho"" ""smartphone"" site:eurekalert.org",https://www.eurekalert.org › news-releases,https://www.eurekalert.org/news-releases/1101639,"Youth screen use can cause family conflict, exacerbate ...","... Carvalho, lead author of the study and an alumnus of the University ... Smartphone ownership can therefore create gaps in parent and ...","Oct 13, 2025",2026-05-09T03:57:37.937750Z
167,10.1017/s0954579425100618,serpapi_google,Q4_eurekalert,"""Carvalho"" ""smartphone"" site:eurekalert.org",https://www.eurekalert.org › news-releases,https://www.eurekalert.org/news-releases/659626,Method detects defects in 2D materials for future ...,"... smartphone and the myriad of other places where small, flexible sensors are required. ... Carvalho, a former visiting scholar in Terrones' group,.","Jan 27, 2020",2026-05-09T03:57:37.937750Z
167,10.1017/s0954579425100618,serpapi_google,Q4_eurekalert,"""Carvalho"" ""smartphone"" site:eurekalert.org",https://www.eurekalert.org › news-releases,https://www.eurekalert.org/news-releases/646887,"Leishmaniasis infection on the rise in US ecotourists, soldiers","As with other IDSA guidelines, the leishmaniasis guidelines will be available in a smartphone format and a pocket-sized quick-reference edition.","Nov 15, 2016",2026-05-09T03:57:37.937750Z
175,10.1037/fam0001390,serpapi_google_news,Q2_author_topic,"""Carvalho"" ""Adolescent Brain Cognitive Development"" ""media use""",UGA Today,https://news.uga.edu/social-media-impacts-kids/,Frequent social media use could impact child development,,"03/25/2026, 07:00 AM, +0000 UTC",2026-05-09T03:57:41.076558Z
175,10.1037/fam0001390,serpapi_google_news,Q2_author_topic,"""Carvalho"" ""Adolescent Brain Cognitive Development"" ""media use""",Yahoo,https://www.yahoo.com/news/articles/frequent-social-media-related-worse-182114530.html,"Frequent Social Media Use Related to Worse Reading Skills for Tweens and Teens, Study Finds",,"03/27/2026, 07:00 AM, +0000 UTC",2026-05-09T03:57:41.076558Z
175,10.1037/fam0001390,serpapi_google_news,Q2_author_topic,"""Carvalho"" ""Adolescent Brain Cognitive Development"" ""media use""",ConsumerAffairs,https://www.consumeraffairs.com/news/heavy-social-media-use-tied-to-declines-in-reading-skills-among-adolescents-032726.html,Heavy social media use tied to declines in reading skills among adolescents,,"03/27/2026, 07:00 AM, +0000 UTC",2026-05-09T03:57:41.076558Z
175,10.1037/fam0001390,serpapi_google_news,Q2_author_topic,"""Carvalho"" ""Adolescent Brain Cognitive Development"" ""media use""",UGA Today,https://news.uga.edu/cellphones-family-conflict-mental-health/,"Cellphones lead to family conflict, mental health problems in kids",,"10/13/2025, 07:00 AM, +0000 UTC",2026-05-09T03:57:41.076558Z
175,10.1037/fam0001390,serpapi_google_news,Q3_title_fragment,"""Youth electronic media use and family""",Medical Xpress,https://medicalxpress.com/news/2025-10-youth-screen-family-conflict-exacerbate.html,"Youth screen use can cause family conflict, exacerbate mental health problems",,"10/13/2025, 07:00 AM, +0000 UTC",2026-05-09T03:57:45.159934Z
175,10.1037/fam0001390,serpapi_google_news,Q3_title_fragment,"""Youth electronic media use and family""",British Psychological Society,https://www.bps.org.uk/research-digest/does-pre-teen-screen-time-lead-later-family-conflict,Does pre-teen screen time lead to later family conflict?,,"12/18/2025, 08:00 AM, +0000 UTC",2026-05-09T03:57:45.159934Z
175,10.1037/fam0001390,serpapi_google,Q4_eurekalert,"""Carvalho"" ""media use"" site:eurekalert.org",https://www.eurekalert.org › news-releases,https://www.eurekalert.org/news-releases/1121373,Frequent social media use could impact child development,"The more you use it, the more it changes according to however you're using it,” said Cory Carvalho ... media use was linked to struggles with ...","Mar 25, 2026",2026-05-09T03:57:47.319007Z
175,10.1037/fam0001390,serpapi_google,Q4_eurekalert,"""Carvalho"" ""media use"" site:eurekalert.org",https://www.eurekalert.org › news-releases,https://www.eurekalert.org/news-releases/1101639,"Youth screen use can cause family conflict, exacerbate ...","... Carvalho, lead author of the study and an alumnus of the University ... Youth electronic media use and family conflict: Bidirectional associations ...","Oct 13, 2025",2026-05-09T03:57:47.319007Z
177,10.1037/hea0001251,serpapi_google_news,Q2_author_topic,"""Kiss"" ""Adolescent Brain Cognitive Development"" ""screen time""",Medscape,https://www.medscape.com/viewarticle/sleep-and-social-media-impact-youth-brain-development-2024a1000ag1,Sleep and Social Media Impact Youth Brain Development,,"06/04/2024, 07:00 AM, +0000 UTC",2026-05-09T03:57:54.799780Z
177,10.1037/hea0001251,serpapi_google_news,Q2_author_topic,"""Kiss"" ""Adolescent Brain Cognitive Development"" ""screen time""",Nature,https://www.nature.com/articles/s41598-024-68467-8,Passively sensing smartphone use in teens with rates of use by sex and across operating systems,,"08/03/2024, 07:00 AM, +0000 UTC",2026-05-09T03:57:54.799780Z
177,10.1037/hea0001251,serpapi_google_news,Q2_author_topic,"""Kiss"" ""Adolescent Brain Cognitive Development"" ""screen time""",Frontiers,https://www.frontiersin.org/journals/medicine/articles/10.3389/fmed.2026.1736060/full,Digital media use and cognitive networks in medical students: linking screen time with intelligence and academic performance,,"01/27/2026, 06:14 PM, +0000 UTC",2026-05-09T03:57:54.799780Z
177,10.1037/hea0001251,serpapi_google_news,Q2_author_topic,"""Kiss"" ""Adolescent Brain Cognitive Development"" ""screen time""",respiratory-therapy.com,https://respiratory-therapy.com/disorders-diseases/infectious-diseases/coronavirus/these-factors-improved-youth-mental-health-during-covid-19-pandemic/,Youth Mental Health During the Pandemic,,"05/02/2024, 08:04 PM, +0000 UTC",2026-05-09T03:57:54.799780Z
177,10.1037/hea0001251,serpapi_google_news,Q2_author_topic,"""Kiss"" ""Adolescent Brain Cognitive Development"" ""screen time""",Nature,https://www.nature.com/articles/s44277-024-00006-9,Probing the digital exposome: associations of social media use patterns with youth mental health,,"04/23/2024, 07:00 AM, +0000 UTC",2026-05-09T03:57:54.799780Z
177,10.1037/hea0001251,serpapi_google_news,Q2_author_topic,"""Kiss"" ""Adolescent Brain Cognitive Development"" ""screen time""",SciTechDaily,https://scitechdaily.com/unlocking-parental-powers-in-the-digital-battle-with-tweens/,Unlocking Parental Powers in the Digital Battle With Tweens,,"06/05/2024, 07:00 AM, +0000 UTC",2026-05-09T03:57:54.799780Z
177,10.1037/hea0001251,serpapi_google_news,Q2_author_topic,"""Kiss"" ""Adolescent Brain Cognitive Development"" ""screen time""",Frontiers,https://www.frontiersin.org/journals/psychiatry/articles/10.3389/fpsyt.2024.1337740/full,Leveraging big data for causal understanding in mental health: a research framework,,"02/18/2024, 08:00 AM, +0000 UTC",2026-05-09T03:57:54.799780Z
177,10.1037/hea0001251,serpapi_google_news,Q3_title_fragment,"""Effects of the COVID-19 pandemic on""",Nature,https://www.nature.com/articles/s41598-026-41311-x,Effects of COVID-19 pandemic on incidence of asthma exacerbation in an urban population | Scientific Reports,,"02/24/2026, 08:00 AM, +0000 UTC",2026-05-09T03:57:56.374154Z
177,10.1037/hea0001251,serpapi_google_news,Q3_title_fragment,"""Effects of the COVID-19 pandemic on""",Cureus,https://www.cureus.com/articles/466434-effects-of-the-covid-19-pandemic-on-orthodontic-practices-in-europe-findings-from-a-survey-by-the-european-federation-of-orthodontics,Effects of the COVID-19 Pandemic on Orthodontic Practices in Europe: Findings From a Survey by the European Federation of Orthodontics,,"03/05/2026, 08:00 AM, +0000 UTC",2026-05-09T03:57:56.374154Z
177,10.1037/hea0001251,serpapi_google_news,Q3_title_fragment,"""Effects of the COVID-19 pandemic on""",Villanova University,https://www.villanova.edu/vu/magazine/spring-2024/features/focus-on-the-front-line.html,Focus on the Front Line,,"02/16/2026, 04:49 AM, +0000 UTC",2026-05-09T03:57:56.374154Z
177,10.1037/hea0001251,serpapi_google_news,Q3_title_fragment,"""Effects of the COVID-19 pandemic on""",Frontiers,https://www.frontiersin.org/journals/psychiatry/articles/10.3389/fpsyt.2025.1717336/full,"Effects of the COVID-19 pandemic on the emotional disorders of adolescents from rural high schools in Dobrogea, Romania",,"01/07/2026, 08:00 AM, +0000 UTC",2026-05-09T03:57:56.374154Z
177,10.1037/hea0001251,serpapi_google_news,Q3_title_fragment,"""Effects of the COVID-19 pandemic on""",The Lancet,https://www.thelancet.com/article/S0140-6736(22)01585-9/fulltext,The Lancet Commission on lessons for the future from the COVID-19 pandemic,,"07/14/2025, 11:12 AM, +0000 UTC",2026-05-09T03:57:56.374154Z
177,10.1037/hea0001251,serpapi_google_news,Q3_title_fragment,"""Effects of the COVID-19 pandemic on""",Nature,https://www.nature.com/articles/s41398-025-03485-2,The effects of the COVID-19 pandemic on neurobiological functioning in adolescents | Translational Psychiatry,,"08/12/2025, 07:00 AM, +0000 UTC",2026-05-09T03:57:56.374154Z
177,10.1037/hea0001251,serpapi_google_news,Q3_title_fragment,"""Effects of the COVID-19 pandemic on""",Wiley Online Library,https://onlinelibrary.wiley.com/doi/abs/10.1002/jid.70025,The Wage Effect of the COVID‐19 Pandemic by Company Size: Evidence From Thailand,,"10/04/2025, 08:04 PM, +0000 UTC",2026-05-09T03:57:56.374154Z
177,10.1037/hea0001251,serpapi_google_news,Q3_title_fragment,"""Effects of the COVID-19 pandemic on""",Centers for Disease Control and Prevention | CDC (.gov),https://www.cdc.gov/mmwr/volumes/69/wr/mm6919e2.htm,"Effects of the COVID-19 Pandemic on Routine Pediatric Vaccine Ordering and Administration — United States, 2020",,"05/15/2020, 07:00 AM, +0000 UTC",2026-05-09T03:57:56.374154Z
177,10.1037/hea0001251,serpapi_google_news,Q3_title_fragment,"""Effects of the COVID-19 pandemic on""",Cureus,https://www.cureus.com/articles/412549-national-trends-and-impact-of-the-covid-19-pandemic-on-trauma-patient-care-in-the-united-states,National Trends and Impact of the COVID-19 Pandemic on Trauma Patient Care in the United States,,"11/24/2025, 08:00 AM, +0000 UTC",2026-05-09T03:57:56.374154Z
177,10.1037/hea0001251,serpapi_google_news,Q3_title_fragment,"""Effects of the COVID-19 pandemic on""",Drexel,https://drexel.edu/medicine/academics/md-program/scholars-programs/womens-health-education-program/whep-scholars/maureen-farrell/,Medical Care and Education in the Age of the COVID-19 Pandemic,,"06/04/2025, 12:54 AM, +0000 UTC",2026-05-09T03:57:56.374154Z
177,10.1037/hea0001251,serpapi_google_news,Q3_title_fragment,"""Effects of the COVID-19 pandemic on""",Nature,https://www.nature.com/articles/s41598-025-12479-5,Impact of the COVID-19 pandemic on incidence of psychiatric disorders using nationwide cohort data and ARIMA models,,"07/28/2025, 07:00 AM, +0000 UTC",2026-05-09T03:57:56.374154Z
177,10.1037/hea0001251,serpapi_google_news,Q3_title_fragment,"""Effects of the COVID-19 pandemic on""",Cureus,https://www.cureus.com/articles/430909-prevalence-of-suicide-among-adolescents-before-and-after-the-covid-19-pandemic,Prevalence of Suicide Among Adolescents Before and After the COVID-19 Pandemic,,"11/18/2025, 08:00 AM, +0000 UTC",2026-05-09T03:57:56.374154Z
177,10.1037/hea0001251,serpapi_google_news,Q3_title_fragment,"""Effects of the COVID-19 pandemic on""",Centers for Disease Control and Prevention | CDC (.gov),https://www.cdc.gov/mmwr/volumes/69/wr/mm6925e2.htm,Potential Indirect Effects of the COVID-19 Pandemic on Use ...,,"06/26/2020, 07:00 AM, +0000 UTC",2026-05-09T03:57:56.374154Z
177,10.1037/hea0001251,serpapi_google_news,Q3_title_fragment,"""Effects of the COVID-19 pandemic on""",Nature,https://www.nature.com/articles/s41467-025-61876-x,Impact of the COVID-19 pandemic on incident diagnoses in German refugee centres 2018 to 2023,,"07/24/2025, 07:00 AM, +0000 UTC",2026-05-09T03:57:56.374154Z
177,10.1037/hea0001251,serpapi_google_news,Q3_title_fragment,"""Effects of the COVID-19 pandemic on""",Cureus,https://www.cureus.com/articles/402675-impact-of-the-covid-19-pandemic-on-patient-flow-in-the-nuclear-medicine-department-of-a-covid-19-reference-hospital-in-greece,Impact of the COVID-19 Pandemic on Patient Flow in the Nuclear Medicine Department of a COVID-19 Reference Hospital in Greece,,"09/29/2025, 07:00 AM, +0000 UTC",2026-05-09T03:57:56.374154Z
177,10.1037/hea0001251,serpapi_google_news,Q3_title_fragment,"""Effects of the COVID-19 pandemic on""",Nature,https://www.nature.com/articles/s41467-025-61033-4,Accelerated brain ageing during the COVID-19 pandemic,,"07/22/2025, 07:00 AM, +0000 UTC",2026-05-09T03:57:56.374154Z
177,10.1037/hea0001251,serpapi_google_news,Q3_title_fragment,"""Effects of the COVID-19 pandemic on""",Nature,https://www.nature.com/articles/s41599-025-05257-1,A systematic literature review on the impact of the COVID-19 pandemic on faculty members’ research performance,,"06/19/2025, 07:00 AM, +0000 UTC",2026-05-09T03:57:56.374154Z
177,10.1037/hea0001251,serpapi_google_news,Q3_title_fragment,"""Effects of the COVID-19 pandemic on""",Nature,https://www.nature.com/articles/s41467-024-46582-4,Projecting the long-term effects of the COVID-19 pandemic on U.S. population structure,,"03/18/2024, 07:00 AM, +0000 UTC",2026-05-09T03:57:56.374154Z
177,10.1037/hea0001251,serpapi_google_news,Q3_title_fragment,"""Effects of the COVID-19 pandemic on""",Nature,https://www.nature.com/articles/s41562-020-0921-y,Unequal effects of the COVID-19 pandemic on scientists,,"07/15/2020, 07:00 AM, +0000 UTC",2026-05-09T03:57:56.374154Z
177,10.1037/hea0001251,serpapi_google_news,Q3_title_fragment,"""Effects of the COVID-19 pandemic on""",Nature,https://www.nature.com/articles/s41579-022-00807-9,The effects of the COVID-19 pandemic on community respiratory virus activity,,"10/17/2022, 07:00 AM, +0000 UTC",2026-05-09T03:57:56.374154Z
177,10.1037/hea0001251,serpapi_google_news,Q3_title_fragment,"""Effects of the COVID-19 pandemic on""",Frontiers,https://www.frontiersin.org/journals/digital-health/articles/10.3389/fdgth.2021.733151/full,"How Digital Technology Mediated the Effects of the COVID-19 Pandemic on Mental Health: The Good, the Bad, and the Indifferent",,"10/17/2023, 06:38 AM, +0000 UTC",2026-05-09T03:57:56.374154Z
177,10.1037/hea0001251,serpapi_google_news,Q3_title_fragment,"""Effects of the COVID-19 pandemic on""",Nature,https://www.nature.com/articles/s41467-022-35770-9,Direct and indirect effects of the COVID-19 pandemic on mortality in Switzerland,,"01/06/2023, 08:00 AM, +0000 UTC",2026-05-09T03:57:56.374154Z
177,10.1037/hea0001251,serpapi_google_news,Q3_title_fragment,"""Effects of the COVID-19 pandemic on""",Centers for Disease Control and Prevention | CDC (.gov),https://www.cdc.gov/mmwr/volumes/70/wr/mm7046a5.htm,"Impact of Hospital Strain on Excess Deaths During the COVID-19 Pandemic — United States, July 2020–July 2021",,"11/19/2021, 08:00 AM, +0000 UTC",2026-05-09T03:57:56.374154Z
177,10.1037/hea0001251,serpapi_google_news,Q3_title_fragment,"""Effects of the COVID-19 pandemic on""",Office of Advocacy (.gov),https://advocacy.sba.gov/2021/03/02/the-effects-of-the-covid-19-pandemic-on-small-businesses/,Issue Brief No. 16 – The Effects of the COVID-19 Pandemic on Small Businesses,,"03/02/2021, 08:00 AM, +0000 UTC",2026-05-09T03:57:56.374154Z
177,10.1037/hea0001251,serpapi_google_news,Q3_title_fragment,"""Effects of the COVID-19 pandemic on""",Duke Health,https://corporate.dukehealth.org/news/analysis-details-lasting-effects-covid-19-pandemic-cancer-care,Analysis Details Lasting Effects of the Covid-19 Pandemic on Cancer Care,,"03/15/2023, 07:00 AM, +0000 UTC",2026-05-09T03:57:56.374154Z
177,10.1037/hea0001251,serpapi_google_news,Q3_title_fragment,"""Effects of the COVID-19 pandemic on""",The Lancet,https://www.thelancet.com/journals/laninf/article/PIIS1473-3099(20)30700-3/fulltext,"Indirect effects of the COVID-19 pandemic on malaria intervention coverage, morbidity, and mortality in Africa: a geospatial modelling analysis",,"09/21/2020, 07:00 AM, +0000 UTC",2026-05-09T03:57:56.374154Z
177,10.1037/hea0001251,serpapi_google_news,Q3_title_fragment,"""Effects of the COVID-19 pandemic on""",Legislative Analyst’s Office (.gov),https://lao.ca.gov/Publications/Report/4428,An Initial Look at Effects of the COVID-19 Pandemic on Local Government Fiscal Condition,,"05/12/2021, 07:00 AM, +0000 UTC",2026-05-09T03:57:56.374154Z
177,10.1037/hea0001251,serpapi_google_news,Q3_title_fragment,"""Effects of the COVID-19 pandemic on""",Children's Hospital Association,https://www.childrenshospitals.org/news/childrens-hospitals-today/2021/04/7-effects-of-the-covid19-pandemic-on-kids,7 Effects of the COVID-19 Pandemic on Kids,,"04/28/2021, 07:00 AM, +0000 UTC",2026-05-09T03:57:56.374154Z
177,10.1037/hea0001251,serpapi_google_news,Q3_title_fragment,"""Effects of the COVID-19 pandemic on""",Nature,https://www.nature.com/articles/s41467-021-26428-z,Potentially long-lasting effects of the pandemic on scientists,,"10/26/2021, 07:00 AM, +0000 UTC",2026-05-09T03:57:56.374154Z
177,10.1037/hea0001251,serpapi_google_news,Q3_title_fragment,"""Effects of the COVID-19 pandemic on""",Nature,https://www.nature.com/articles/s43247-023-00846-x,Progress towards the Sustainable Development Goals has been slowed by indirect effects of the COVID-19 pandemic,,"06/08/2023, 07:00 AM, +0000 UTC",2026-05-09T03:57:56.374154Z
177,10.1037/hea0001251,serpapi_google_news,Q3_title_fragment,"""Effects of the COVID-19 pandemic on""",National Institute of Mental Health (NIMH) (.gov),https://www.nimh.nih.gov/news/science-updates/2023/covid-19-pandemic-associated-with-worse-mental-health-and-accelerated-brain-development-in-adolescents,COVID-19 Pandemic Associated With Worse Mental Health and Accelerated Brain Development in Adolescents,,"01/26/2023, 08:00 AM, +0000 UTC",2026-05-09T03:57:56.374154Z
177,10.1037/hea0001251,serpapi_google_news,Q3_title_fragment,"""Effects of the COVID-19 pandemic on""",Nature,https://www.nature.com/articles/s41598-023-32754-7,Effects of COVID-19 pandemic on structural brain development in early adolescence,,"04/05/2023, 07:00 AM, +0000 UTC",2026-05-09T03:57:56.374154Z
177,10.1037/hea0001251,serpapi_google_news,Q3_title_fragment,"""Effects of the COVID-19 pandemic on""",Nature,https://www.nature.com/articles/s41598-022-05687-w,The effects of the COVID-19 pandemic on neuropsychiatric symptoms in dementia and carer mental health: an international multicentre study,,"02/14/2022, 08:00 AM, +0000 UTC",2026-05-09T03:57:56.374154Z
177,10.1037/hea0001251,serpapi_google_news,Q3_title_fragment,"""Effects of the COVID-19 pandemic on""",Nature,https://www.nature.com/articles/s41598-025-87072-x,Impact of the COVID-19 pandemic on utilization of mental health services among children and adolescents using an interrupted time series analysis,,"01/18/2025, 08:00 AM, +0000 UTC",2026-05-09T03:57:56.374154Z
177,10.1037/hea0001251,serpapi_google_news,Q3_title_fragment,"""Effects of the COVID-19 pandemic on""",Cureus,https://www.cureus.com/articles/344638-impact-of-the-covid-19-pandemic-on-childrens-physical-activity-as-perceived-by-their-parents,Impact of the COVID-19 Pandemic on Children’s Physical Activity As Perceived by Their Parents,,"03/17/2025, 07:00 AM, +0000 UTC",2026-05-09T03:57:56.374154Z
177,10.1037/hea0001251,serpapi_google_news,Q3_title_fragment,"""Effects of the COVID-19 pandemic on""",Nature,https://www.nature.com/articles/s41599-023-02364-9,Unequal effects of the COVID-19 pandemic on researchers: evidence from Chile and Colombia,,"11/23/2023, 08:00 AM, +0000 UTC",2026-05-09T03:57:56.374154Z
177,10.1037/hea0001251,serpapi_google_news,Q3_title_fragment,"""Effects of the COVID-19 pandemic on""",Frontiers,https://www.frontiersin.org/journals/public-health/articles/10.3389/fpubh.2024.1390055/full,Review of the impacts of COVID-19 pandemic on the employment of college graduates in China and countermeasures to it,,"06/06/2024, 07:00 AM, +0000 UTC",2026-05-09T03:57:56.374154Z
177,10.1037/hea0001251,serpapi_google_news,Q3_title_fragment,"""Effects of the COVID-19 pandemic on""",Nature,https://www.nature.com/articles/s41539-023-00193-8,The gendered effects of the COVID-19 pandemic on adolescent literacy and schooling outcomes in India,,"09/22/2023, 07:00 AM, +0000 UTC",2026-05-09T03:57:56.374154Z
177,10.1037/hea0001251,serpapi_google_news,Q3_title_fragment,"""Effects of the COVID-19 pandemic on""",Frontiers,https://www.frontiersin.org/journals/psychology/articles/10.3389/fpsyg.2022.1096857/full,Effects of COVID-19 pandemic on mental health among frontline healthcare workers: A systematic review and meta-analysis,,"02/05/2024, 07:13 PM, +0000 UTC",2026-05-09T03:57:56.374154Z
177,10.1037/hea0001251,serpapi_google_news,Q3_title_fragment,"""Effects of the COVID-19 pandemic on""",National Academy of Medicine,https://nam.edu/perspectives/a-path-to-improved-health-care-worker-well-being-lessons-from-the-covid-19-pandemic/,A Path to Improved Health Care Worker Well-Being: Lessons from the COVID-19 Pandemic,,"04/07/2025, 03:47 PM, +0000 UTC",2026-05-09T03:57:56.374154Z
177,10.1037/hea0001251,serpapi_google_news,Q3_title_fragment,"""Effects of the COVID-19 pandemic on""",Bureau of Labor Statistics (.gov),https://www.bls.gov/opub/mlr/2020/article/employment-recovery.htm,Employment recovery in the wake of the COVID-19 pandemic,,"12/29/2020, 07:26 PM, +0000 UTC",2026-05-09T03:57:56.374154Z
177,10.1037/hea0001251,serpapi_google_news,Q3_title_fragment,"""Effects of the COVID-19 pandemic on""",Nature,https://www.nature.com/articles/s41550-022-01830-9,Impact of the COVID-19 pandemic on publishing in astronomy in the initial two years,,"11/28/2022, 08:00 AM, +0000 UTC",2026-05-09T03:57:56.374154Z
177,10.1037/hea0001251,serpapi_google_news,Q3_title_fragment,"""Effects of the COVID-19 pandemic on""",Nature,https://www.nature.com/articles/s41598-023-42710-0,The long-term impact of the COVID-19 pandemic on physical fitness in young adults: a historical control study,,"09/18/2023, 07:00 AM, +0000 UTC",2026-05-09T03:57:56.374154Z
177,10.1037/hea0001251,serpapi_google_news,Q3_title_fragment,"""Effects of the COVID-19 pandemic on""",Nature,https://www.nature.com/articles/s41598-023-32918-5,Impact of the COVID-19 pandemic on young people with and without pre-existing mental health problems,,"04/14/2023, 07:00 AM, +0000 UTC",2026-05-09T03:57:56.374154Z
177,10.1037/hea0001251,serpapi_google_news,Q3_title_fragment,"""Effects of the COVID-19 pandemic on""",Centers for Disease Control and Prevention | CDC (.gov),https://www.cdc.gov/mmwr/volumes/70/wr/mm7023a2.htm,Impact of the COVID-19 Pandemic on Administration ...,,"06/11/2021, 07:00 AM, +0000 UTC",2026-05-09T03:57:56.374154Z
177,10.1037/hea0001251,serpapi_google_news,Q3_title_fragment,"""Effects of the COVID-19 pandemic on""",Nature,https://www.nature.com/articles/s41598-023-47307-1,The analysis of the effect of the COVID-19 pandemic on patients with hereditary angioedema type I and type II,,"11/22/2023, 08:00 AM, +0000 UTC",2026-05-09T03:57:56.374154Z
177,10.1037/hea0001251,serpapi_google_news,Q3_title_fragment,"""Effects of the COVID-19 pandemic on""",Frontiers,https://www.frontiersin.org/journals/earth-science/articles/10.3389/feart.2023.1291975/full,Disproportionate impacts of the COVID-19 pandemic on early career researchers and disabled researchers in volcanology,,"06/25/2024, 04:00 PM, +0000 UTC",2026-05-09T03:57:56.374154Z
177,10.1037/hea0001251,serpapi_google_news,Q3_title_fragment,"""Effects of the COVID-19 pandemic on""",Nature,https://www.nature.com/articles/s41591-022-02158-7,The impact of the COVID-19 pandemic on cardiovascular disease prevention and management,,"01/19/2023, 08:00 AM, +0000 UTC",2026-05-09T03:57:56.374154Z
177,10.1037/hea0001251,serpapi_google_news,Q3_title_fragment,"""Effects of the COVID-19 pandemic on""",Cureus,https://www.cureus.com/articles/207363-the-effects-of-covid-19-on-the-mental-health-of-children-and-adolescents-a-review,The Effects of COVID-19 on the Mental Health of Children and Adolescents: A Review,,"03/20/2024, 07:00 AM, +0000 UTC",2026-05-09T03:57:56.374154Z
177,10.1037/hea0001251,serpapi_google_news,Q3_title_fragment,"""Effects of the COVID-19 pandemic on""",Bureau of Labor Statistics (.gov),https://www.bls.gov/opub/btn/volume-11/what-the-long-term-impacts-of-the-covid-19-pandemic-could-mean-for-the-future-of-it-jobs.htm,What the long-term impacts of the COVID-19 pandemic could mean for the future of IT jobs : Beyond the Numbers,,"02/24/2022, 08:00 AM, +0000 UTC",2026-05-09T03:57:56.374154Z
177,10.1037/hea0001251,serpapi_google_news,Q3_title_fragment,"""Effects of the COVID-19 pandemic on""",Nature,https://www.nature.com/articles/s41598-023-36877-9,Effect of COVID-19 pandemic on inpatient service utilization and patient outcomes in Uganda,,"06/15/2023, 07:00 AM, +0000 UTC",2026-05-09T03:57:56.374154Z
177,10.1037/hea0001251,serpapi_google_news,Q3_title_fragment,"""Effects of the COVID-19 pandemic on""",Frontiers,https://www.frontiersin.org/journals/public-health/articles/10.3389/fpubh.2024.1105518/full,The intervention of local public authorities and the impact of the COVID-19 pandemic in Romania: a subnational analysis,,"05/15/2024, 07:00 AM, +0000 UTC",2026-05-09T03:57:56.374154Z
177,10.1037/hea0001251,serpapi_google_news,Q3_title_fragment,"""Effects of the COVID-19 pandemic on""",Nature,https://www.nature.com/articles/s41467-020-18922-7,emissions reveals the effects of the COVID-19 pandemic,,"10/14/2020, 07:00 AM, +0000 UTC",2026-05-09T03:57:56.374154Z
177,10.1037/hea0001251,serpapi_google_news,Q3_title_fragment,"""Effects of the COVID-19 pandemic on""",Nature,https://www.nature.com/articles/s43856-024-00545-4,Effects of COVID-19 pandemic on low birth weight in a nationwide study in India | Communications Medicine,,"06/14/2024, 07:00 AM, +0000 UTC",2026-05-09T03:57:56.374154Z
177,10.1037/hea0001251,serpapi_google_news,Q3_title_fragment,"""Effects of the COVID-19 pandemic on""",NOAA National Centers for Environmental Information (NCEI) (.gov),https://www.ncei.noaa.gov/news/exploring-effects-covid-19-pandemic-ocean-observing,Exploring the Effects of COVID-19 Pandemic on Ocean Observing,,"01/03/2023, 08:00 AM, +0000 UTC",2026-05-09T03:57:56.374154Z
177,10.1037/hea0001251,serpapi_google_news,Q3_title_fragment,"""Effects of the COVID-19 pandemic on""",Nature,https://www.nature.com/articles/s41585-020-0331-y,The multifaceted long-term effects of the COVID-19 pandemic on urology,,"05/06/2020, 09:41 AM, +0000 UTC",2026-05-09T03:57:56.374154Z
177,10.1037/hea0001251,serpapi_google_news,Q3_title_fragment,"""Effects of the COVID-19 pandemic on""",Nature,https://www.nature.com/articles/s41599-022-01466-0,"Impacts of the COVID-19 pandemic on scientists’ productivity in science, technology, engineering, mathematics (STEM), and medicine fields",,"12/03/2022, 08:00 AM, +0000 UTC",2026-05-09T03:57:56.374154Z
177,10.1037/hea0001251,serpapi_google_news,Q3_title_fragment,"""Effects of the COVID-19 pandemic on""",Nature,https://www.nature.com/articles/s41467-021-22039-w,A conversation on the effects of the COVID-19 pandemic on academic careers with junior researchers,,"04/07/2021, 07:00 AM, +0000 UTC",2026-05-09T03:57:56.374154Z
177,10.1037/hea0001251,serpapi_google_news,Q3_title_fragment,"""Effects of the COVID-19 pandemic on""",Bureau of Labor Statistics (.gov),https://www.bls.gov/opub/btn/volume-11/how-did-employment-change-during-the-covid-19-pandemic.htm,How did employment change during the COVID-19 pandemic? Evidence from a new BLS survey supplement,,"01/04/2022, 08:00 AM, +0000 UTC",2026-05-09T03:57:56.374154Z
177,10.1037/hea0001251,serpapi_google_news,Q3_title_fragment,"""Effects of the COVID-19 pandemic on""",Unicef,https://www.unicef.org/lac/en/effects-of-covid-19-pandemic-on-adolescent-and-youth-nutrition-and-physical-activity,Effects of the COVID-19 pandemic on adolescent and youth nutrition and physical activity,,"03/03/2021, 02:43 PM, +0000 UTC",2026-05-09T03:57:56.374154Z
177,10.1037/hea0001251,serpapi_google_news,Q3_title_fragment,"""Effects of the COVID-19 pandemic on""",Bureau of Labor Statistics (.gov),https://www.bls.gov/opub/mlr/2021/article/unemployment-rises-in-2020-as-the-country-battles-the-covid-19-pandemic.htm,"Unemployment rises in 2020, as the country battles the COVID-19 pandemic",,"06/11/2021, 01:40 AM, +0000 UTC",2026-05-09T03:57:56.374154Z
177,10.1037/hea0001251,serpapi_google_news,Q3_title_fragment,"""Effects of the COVID-19 pandemic on""",PNAS,https://www.pnas.org/doi/10.1073/pnas.2312249121,Higher chronic absenteeism threatens academic recovery from the COVID-19 pandemic,,"01/09/2024, 07:18 PM, +0000 UTC",2026-05-09T03:57:56.374154Z
177,10.1037/hea0001251,serpapi_google_news,Q3_title_fragment,"""Effects of the COVID-19 pandemic on""",Bureau of Economic Analysis (BEA) (.gov),https://www.bea.gov/recovery/estimates-from-payment-card-transactions/old,COVID-19 and Recovery: Estimates From Payment Card Transactions,,"05/08/2023, 07:54 AM, +0000 UTC",2026-05-09T03:57:56.374154Z
177,10.1037/hea0001251,serpapi_google_news,Q3_title_fragment,"""Effects of the COVID-19 pandemic on""",Nature,https://www.nature.com/articles/s41372-022-01592-2,Adverse effects of COVID-19 pandemic on a multicenter randomized controlled trial,,"12/29/2022, 08:00 AM, +0000 UTC",2026-05-09T03:57:56.374154Z
177,10.1037/hea0001251,serpapi_google_news,Q3_title_fragment,"""Effects of the COVID-19 pandemic on""",Federal Reserve (.gov),https://www.federalreserve.gov/econres/notes/feds-notes/the-effects-of-covid-19-as-reported-by-local-communities-20210212.htm,"The Fed - The Effects of COVID-19, as Reported by Local Communities",,"02/12/2021, 08:00 AM, +0000 UTC",2026-05-09T03:57:56.374154Z
177,10.1037/hea0001251,serpapi_google_news,Q3_title_fragment,"""Effects of the COVID-19 pandemic on""",Frontiers,https://www.frontiersin.org/journals/virology/articles/10.3389/fviro.2024.1527580/full,Editorial: Impact of the SARS-CoV-2 pandemic on the evolution and epidemiology of other viruses,,"12/04/2024, 09:27 AM, +0000 UTC",2026-05-09T03:57:56.374154Z
177,10.1037/hea0001251,serpapi_google_news,Q3_title_fragment,"""Effects of the COVID-19 pandemic on""",Cambridge University Press & Assessment,https://www.cambridge.org/core/journals/ps-political-science-and-politics/article/effects-of-the-covid19-pandemic-on-submissions-to-politics-gender/C4E3C41CCFF27E1FF8D7D7B556CFB337,Effects of the COVID-19 Pandemic on Submissions to Politics & Gender,,"02/16/2024, 08:00 AM, +0000 UTC",2026-05-09T03:57:56.374154Z
177,10.1037/hea0001251,serpapi_google_news,Q3_title_fragment,"""Effects of the COVID-19 pandemic on""",Nature,https://www.nature.com/articles/s41598-023-47382-4,The impact of the COVID-19 pandemic on pediatric acute conjunctivitis disease trends,,"11/16/2023, 08:00 AM, +0000 UTC",2026-05-09T03:57:56.374154Z
177,10.1037/hea0001251,serpapi_google_news,Q3_title_fragment,"""Effects of the COVID-19 pandemic on""",Frontiers,https://www.frontiersin.org/journals/education/articles/10.3389/feduc.2022.808015/full,Effects of the COVID-19 Pandemic on Children and Adolescents from the Perspective of Teachers,,"06/27/2024, 05:16 PM, +0000 UTC",2026-05-09T03:57:56.374154Z
177,10.1037/hea0001251,serpapi_google_news,Q3_title_fragment,"""Effects of the COVID-19 pandemic on""",Philadelphia Federal Reserve Bank,https://www.philadelphiafed.org/consumer-finance/education-finance/the-lingering-fiscal-effects-of-the-covid-19-pandemic-on-higher-education,The Lingering Fiscal Effects of the COVID-19 Pandemic on Higher Education,,"05/12/2021, 02:39 PM, +0000 UTC",2026-05-09T03:57:56.374154Z
177,10.1037/hea0001251,serpapi_google_news,Q3_title_fragment,"""Effects of the COVID-19 pandemic on""",Centers for Disease Control and Prevention | CDC (.gov),https://www.cdc.gov/mmwr/volumes/69/wr/mm6936a4.htm,"Delay or Avoidance of Medical Care Because of COVID-19–Related Concerns — United States, June 2020 | MMWR",,"09/11/2020, 07:00 AM, +0000 UTC",2026-05-09T03:57:56.374154Z
177,10.1037/hea0001251,serpapi_google_news,Q3_title_fragment,"""Effects of the COVID-19 pandemic on""",Nature,https://www.nature.com/articles/s41598-023-38451-9,The impact of the COVID-19 pandemic on wildlife–aircraft collisions at US airports,,"07/18/2023, 07:00 AM, +0000 UTC",2026-05-09T03:57:56.374154Z
177,10.1037/hea0001251,serpapi_google_news,Q3_title_fragment,"""Effects of the COVID-19 pandemic on""",Nature,https://www.nature.com/articles/s41598-023-36493-7,Lessons on the COVID-19 pandemic: who are the most affected,,"06/08/2023, 07:00 AM, +0000 UTC",2026-05-09T03:57:56.374154Z
177,10.1037/hea0001251,serpapi_google_news,Q3_title_fragment,"""Effects of the COVID-19 pandemic on""",Frontiers,https://www.frontiersin.org/journals/future-transportation/articles/10.3389/ffutr.2021.646664/full,"Impact of COVID-19 Pandemic on Motorcycle Purchase in Dhaka, Bangladesh",,"06/26/2024, 11:55 PM, +0000 UTC",2026-05-09T03:57:56.374154Z
177,10.1037/hea0001251,serpapi_google_news,Q3_title_fragment,"""Effects of the COVID-19 pandemic on""",World Health Organization (WHO),https://www.who.int/news/item/11-05-2020-the-cost-of-inaction-covid-19-related-service-disruptions-could-cause-hundreds-of-thousands-of-extra-deaths-from-hiv,The cost of inaction: COVID-19-related service disruptions could cause hundreds of thousands of extra deaths from HIV,,"05/11/2020, 07:00 AM, +0000 UTC",2026-05-09T03:57:56.374154Z
177,10.1037/hea0001251,serpapi_google_news,Q3_title_fragment,"""Effects of the COVID-19 pandemic on""",Nature,https://www.nature.com/articles/s41598-025-95461-5,"Impact of age, sex, body constitution, and the COVID-19 pandemic on the physical fitness of 38,084 German primary school children",,"04/02/2025, 07:00 AM, +0000 UTC",2026-05-09T03:57:56.374154Z
177,10.1037/hea0001251,serpapi_google_news,Q3_title_fragment,"""Effects of the COVID-19 pandemic on""",ReliefWeb,https://reliefweb.int/report/world/effects-covid-19-pandemic-trafficking-persons-and-responses-challenges,The effects of the COVID-19 pandemic on trafficking in persons and the responses to the challenges,,"07/09/2021, 07:00 AM, +0000 UTC",2026-05-09T03:57:56.374154Z
177,10.1037/hea0001251,serpapi_google_news,Q3_title_fragment,"""Effects of the COVID-19 pandemic on""",Welcome to the United Nations,https://www.un.org/development/desa/en/news/population/igmereport.html,"COVID-19 could reverse decades of progress toward eliminating preventable child deaths, agencies warn",,"09/09/2020, 07:00 AM, +0000 UTC",2026-05-09T03:57:56.374154Z
177,10.1037/hea0001251,serpapi_google_news,Q3_title_fragment,"""Effects of the COVID-19 pandemic on""",Nature,https://www.nature.com/articles/s41415-021-3756-7,The impact of the COVID-19 pandemic on the mental health of dentists in Wales | British Dental Journal,,"01/14/2022, 08:00 AM, +0000 UTC",2026-05-09T03:57:56.374154Z
177,10.1037/hea0001251,serpapi_google_news,Q3_title_fragment,"""Effects of the COVID-19 pandemic on""",Centers for Disease Control and Prevention | CDC (.gov),https://www.cdc.gov/mmwr/volumes/69/wr/mm6920e1.htm,Decline in Child Vaccination Coverage During the COVID-19 Pandemic ...,,"05/22/2020, 07:00 AM, +0000 UTC",2026-05-09T03:57:56.374154Z
177,10.1037/hea0001251,serpapi_google_news,Q3_title_fragment,"""Effects of the COVID-19 pandemic on""",Cureus,https://www.cureus.com/articles/348072-psychological-impact-of-covid-19-on-children-and-adolescents-a-narrative-review-of-mental-health-challenges-interventions-and-long-term-trajectories,"Psychological Impact of COVID-19 on Children and Adolescents: A Narrative Review of Mental Health Challenges, Interventions, and Long-Term Trajectories",,"04/07/2025, 07:00 AM, +0000 UTC",2026-05-09T03:57:56.374154Z
177,10.1037/hea0001251,serpapi_google_news,Q3_title_fragment,"""Effects of the COVID-19 pandemic on""",Gallup News,https://news.gallup.com/poll/658100/pandemic-hurt-children-social-skills-mental-health.aspx,"Pandemic Hurt Children's Social Skills, Mental Health Most",,"03/13/2025, 07:00 AM, +0000 UTC",2026-05-09T03:57:56.374154Z
177,10.1037/hea0001251,serpapi_google_news,Q3_title_fragment,"""Effects of the COVID-19 pandemic on""",medRxiv,https://www.medrxiv.org/content/10.1101/2024.04.26.24306444v1.full,"Fertility decline in the later phase of the COVID-19 pandemic: The role of policy interventions, vaccination programmes, and economic uncertainty",,"04/28/2024, 07:00 AM, +0000 UTC",2026-05-09T03:57:56.374154Z
177,10.1037/hea0001251,serpapi_google_news,Q3_title_fragment,"""Effects of the COVID-19 pandemic on""",medRxiv,https://www.medrxiv.org/content/10.1101/2021.04.23.21256007.full,Effects of the COVID-19 Pandemic on Park Use in U.S. Cities,,"04/25/2021, 07:00 AM, +0000 UTC",2026-05-09T03:57:56.374154Z
177,10.1037/hea0001251,serpapi_google_news,Q3_title_fragment,"""Effects of the COVID-19 pandemic on""",The Lancet,https://www.thelancet.com/journals/lancet/article/PIIS0140-6736(23)02744-7/fulltext,Effects of the COVID-19 pandemic on NHS England waiting times for elective hospital care: a modelling study,,"01/11/2024, 08:00 AM, +0000 UTC",2026-05-09T03:57:56.374154Z
177,10.1037/hea0001251,serpapi_google_news,Q3_title_fragment,"""Effects of the COVID-19 pandemic on""",Centers for Disease Control and Prevention | CDC (.gov),https://www.cdc.gov/mmwr/volumes/70/wr/mm7015a4.htm,Notes from the Field: Update on Excess Deaths Associated...,,"04/16/2021, 07:00 AM, +0000 UTC",2026-05-09T03:57:56.374154Z
177,10.1037/hea0001251,serpapi_google_news,Q3_title_fragment,"""Effects of the COVID-19 pandemic on""",National Academy of Medicine,https://nam.edu/perspectives/patients-families-and-communities-covid-19-impact-assessment-lessons-learned-and-compelling-needs/,"Patients, Families, and Communities COVID-19 Impact Assessment: Lessons Learned and Compelling Needs",,"02/26/2025, 11:48 PM, +0000 UTC",2026-05-09T03:57:56.374154Z
177,10.1037/hea0001251,serpapi_google_news,Q3_title_fragment,"""Effects of the COVID-19 pandemic on""",Nature,https://www.nature.com/articles/s41591-022-02028-2,How COVID-19 shaped mental health: from infection to pandemic effects,,"10/03/2022, 07:00 AM, +0000 UTC",2026-05-09T03:57:56.374154Z
177,10.1037/hea0001251,serpapi_google_news,Q3_title_fragment,"""Effects of the COVID-19 pandemic on""",Cambridge University Press & Assessment,https://www.cambridge.org/core/journals/bjpsych-open/article/differing-impact-of-the-covid19-pandemic-on-youth-mental-health-combined-population-and-clinical-study/939EDB00D962E84F86DC362C16B82A14,Differing impact of the COVID-19 pandemic on youth mental health: combined population and clinical study,,"11/20/2023, 08:00 AM, +0000 UTC",2026-05-09T03:57:56.374154Z
177,10.1037/hea0001251,serpapi_google_news,Q3_title_fragment,"""Effects of the COVID-19 pandemic on""",Nature,https://www.nature.com/articles/s41598-025-85977-1,Impact of coronavirus (COVID-19) pandemic on physical activity levels in different sub-populations of Iranians: a national survey,,"01/24/2025, 08:00 AM, +0000 UTC",2026-05-09T03:57:56.374154Z
177,10.1037/hea0001251,serpapi_google_news,Q3_title_fragment,"""Effects of the COVID-19 pandemic on""",KMUW,https://www.kmuw.org/2025-05-22/far-from-over-kansas-schools-still-see-covids-effects-on-learning-and-behavior,'Far from over': Kansas schools still see COVID's effects on learning and behavior,,"05/22/2025, 07:00 AM, +0000 UTC",2026-05-09T03:57:56.374154Z
177,10.1037/hea0001251,serpapi_google_news,Q3_title_fragment,"""Effects of the COVID-19 pandemic on""",Center for Global Development,https://www.cgdev.org/publication/exploring-effects-covid-19-pandemic-low-cost-private-schools-nairobi-kenya,"Exploring the Effects of the COVID-19 Pandemic on Low-Cost Private Schools in Nairobi, Kenya",,"10/19/2022, 07:00 AM, +0000 UTC",2026-05-09T03:57:56.374154Z
177,10.1037/hea0001251,serpapi_google_news,Q3_title_fragment,"""Effects of the COVID-19 pandemic on""",Wiley Online Library,https://onlinelibrary.wiley.com/doi/abs/10.1002/smi.3359,The effects of the COVID‐19 pandemic on the mental health of people with obesity,,"12/21/2023, 08:00 AM, +0000 UTC",2026-05-09T03:57:56.374154Z
177,10.1037/hea0001251,serpapi_google_news,Q3_title_fragment,"""Effects of the COVID-19 pandemic on""",Frontiers,https://www.frontiersin.org/journals/psychology/articles/10.3389/fpsyg.2021.610138/full,Financial Insecurity During the COVID-19 Pandemic: Spillover Effects on Burnout–Disengagement Relationships and Performance of Employees Who Moonlight,,"02/06/2024, 12:56 AM, +0000 UTC",2026-05-09T03:57:56.374154Z
177,10.1037/hea0001251,serpapi_google_news,Q3_title_fragment,"""Effects of the COVID-19 pandemic on""",Frontiers,https://www.frontiersin.org/journals/public-health/articles/10.3389/fpubh.2021.760619/full,Editorial: Economic Effects of COVID-19 Related Uncertainty Shocks,,"02/12/2024, 10:49 AM, +0000 UTC",2026-05-09T03:57:56.374154Z
177,10.1037/hea0001251,serpapi_google_news,Q3_title_fragment,"""Effects of the COVID-19 pandemic on""",BMJ Global Health,https://gh.bmj.com/content/6/10/e005988,The impact of the COVID-19 pandemic on hospital utilisation in Sierra Leone,,"10/12/2021, 02:21 AM, +0000 UTC",2026-05-09T03:57:56.374154Z
177,10.1037/hea0001251,serpapi_google_news,Q3_title_fragment,"""Effects of the COVID-19 pandemic on""",Nature,https://www.nature.com/articles/s41598-023-49409-2,Mediators and moderators of the effects of the COVID-19 crisis on parent–child conflict in children in tertiary mental health care,,"12/16/2023, 08:00 AM, +0000 UTC",2026-05-09T03:57:56.374154Z
177,10.1037/hea0001251,serpapi_google_news,Q3_title_fragment,"""Effects of the COVID-19 pandemic on""",Frontiers,https://www.frontiersin.org/journals/pediatrics/articles/10.3389/fped.2021.725439/full,The Effects of the COVID-19 Pandemic on Health and Well-Being of Children and Youth in Nova Scotia: Youth and Parent Perspectives,,"11/17/2021, 08:00 AM, +0000 UTC",2026-05-09T03:57:56.374154Z
177,10.1037/hea0001251,serpapi_google_news,Q3_title_fragment,"""Effects of the COVID-19 pandemic on""",Frontiers,https://www.frontiersin.org/journals/public-health/articles/10.3389/fpubh.2023.1213514/full,The effects of the COVID-19 pandemic on dengue cases in Malaysia,,"02/05/2024, 04:51 PM, +0000 UTC",2026-05-09T03:57:56.374154Z
177,10.1037/hea0001251,serpapi_google_news,Q3_title_fragment,"""Effects of the COVID-19 pandemic on""",American College of Surgeons,https://www.facs.org/for-medical-professionals/news-publications/news-and-articles/bulletin/2022/august-2022-volume-107-number-8/the-importance-of-advocacy-increased-during-the-pandemic/,The Importance of Advocacy Increased during the Pandemic,,"08/01/2022, 07:00 AM, +0000 UTC",2026-05-09T03:57:56.374154Z
177,10.1037/hea0001251,serpapi_google,Q4_eurekalert,"""Kiss"" ""screen time"" site:eurekalert.org",https://www.eurekalert.org › news-releases,https://www.eurekalert.org/news-releases/954909,"Children spending more time on screens, going to bed ...",The increased screen time was associated with later bedtimes and wake up times across the pandemic. Kiss said these data highlight the need to ...,"Jun 3, 2022",2026-05-09T03:58:04.652083Z
177,10.1037/hea0001251,serpapi_google,Q4_eurekalert,"""Kiss"" ""screen time"" site:eurekalert.org",https://www.eurekalert.org › news-releases,https://www.eurekalert.org/news-releases/1046446,Social media use and sleep duration connected to brain ...,"Sleep duration was assessed from the Munich Chronotype questionnaire, and recreational social media use through the Youth Screen Time Survey.","May 30, 2024",2026-05-09T03:58:04.652083Z
177,10.1037/hea0001251,serpapi_google,Q4_eurekalert,"""Kiss"" ""screen time"" site:eurekalert.org",https://www.eurekalert.org › news-releases,https://www.eurekalert.org/news-releases/940924,"Social connectedness, sleep, and physical activity ...","... screen time, sleep (e.g., pre-pandemic sleep disturbances), and ... Kiss, Ph.D., a postdoctoral fellow at SRI International and lead ...","Jan 24, 2022",2026-05-09T03:58:04.652083Z
184,10.1038/s41390-024-03243-y,serpapi_google_news,Q2_author_topic,"""Nagata"" ""Adolescent Brain Cognitive Development"" ""screen use""",News-Medical,https://www.news-medical.net/news/20260212/Addictive-screen-habits-harm-early-adolescent-mental-health.aspx,Addictive screen habits harm early adolescent mental health,,"02/12/2026, 08:00 AM, +0000 UTC",2026-05-09T03:58:07.469075Z
184,10.1038/s41390-024-03243-y,serpapi_google_news,Q2_author_topic,"""Nagata"" ""Adolescent Brain Cognitive Development"" ""screen use""",The Washington Post,https://www.washingtonpost.com/lifestyle/2025/06/11/social-media-use-depression-tweens/,New study shows social media use predicted future depression in tweens,,"06/11/2025, 07:00 AM, +0000 UTC",2026-05-09T03:58:07.469075Z
184,10.1038/s41390-024-03243-y,serpapi_google_news,Q2_author_topic,"""Nagata"" ""Adolescent Brain Cognitive Development"" ""screen use""",LiveNOW from FOX,https://www.livenowfox.com/news/excessive-screen-time-manic-symptoms-kids-study,"Excessive screen time linked to manic symptoms in kids, study finds",,"03/05/2025, 08:00 AM, +0000 UTC",2026-05-09T03:58:07.469075Z
184,10.1038/s41390-024-03243-y,serpapi_google_news,Q2_author_topic,"""Nagata"" ""Adolescent Brain Cognitive Development"" ""screen use""",NPR,https://www.npr.org/sections/shots-health-news/2025/06/18/nx-s1-5436951/jama-screens-teens-addiction-suicide-abcd,"Screen addiction and suicidal behaviors are linked for teens, a study shows : Shots - Health News",,"06/18/2025, 07:00 AM, +0000 UTC",2026-05-09T03:58:07.469075Z
184,10.1038/s41390-024-03243-y,serpapi_google_news,Q2_author_topic,"""Nagata"" ""Adolescent Brain Cognitive Development"" ""screen use""",Medical Xpress,https://medicalxpress.com/news/2024-10-screen-depression-anxiety-year-olds.html,"Screen time tied to depression, anxiety in 9- and 10-year-olds",,"10/07/2024, 07:00 AM, +0000 UTC",2026-05-09T03:58:07.469075Z
184,10.1038/s41390-024-03243-y,serpapi_google_news,Q2_author_topic,"""Nagata"" ""Adolescent Brain Cognitive Development"" ""screen use""",SciTechDaily,https://scitechdaily.com/excessive-screen-time-in-preteens-linked-to-suicidal-behavior/,Excessive Screen Time in Preteens Linked to Suicidal Behavior,,"03/11/2023, 08:00 AM, +0000 UTC",2026-05-09T03:58:07.469075Z
184,10.1038/s41390-024-03243-y,serpapi_google_news,Q2_author_topic,"""Nagata"" ""Adolescent Brain Cognitive Development"" ""screen use""",Medical Xpress,https://medicalxpress.com/news/2025-02-screen-linked-bipolar-manic-symptoms.html,Screen time linked to bipolar and manic symptoms in U.S. preteens,,"02/20/2025, 08:00 AM, +0000 UTC",2026-05-09T03:58:07.469075Z
184,10.1038/s41390-024-03243-y,serpapi_google_news,Q2_author_topic,"""Nagata"" ""Adolescent Brain Cognitive Development"" ""screen use""",Medical Xpress,https://medicalxpress.com/news/2024-05-transgender-preteens-hours-daily-screen.html,Transgender preteens report 13 hours of daily screen time,,"05/13/2024, 07:00 AM, +0000 UTC",2026-05-09T03:58:07.469075Z
184,10.1038/s41390-024-03243-y,serpapi_google_news,Q2_author_topic,"""Nagata"" ""Adolescent Brain Cognitive Development"" ""screen use""",Medical Xpress,https://medicalxpress.com/news/2023-03-gay-lesbian-bisexual-preteens-hours.html,"Gay, lesbian, bisexual preteens spend 4 more hours on screens daily, finds study",,"03/31/2023, 07:00 AM, +0000 UTC",2026-05-09T03:58:07.469075Z
184,10.1038/s41390-024-03243-y,serpapi_google_news,Q3_title_fragment,"""media parenting practices and early adolescent""",Contemporary Pediatrics,https://www.contemporarypediatrics.com/view/study-finds-parents-screen-habits-shape-kids-media-exposure,Study finds parents' screen habits shape kids' media exposure,,"02/06/2025, 08:00 AM, +0000 UTC",2026-05-09T03:58:07.969544Z
184,10.1038/s41390-024-03243-y,serpapi_google_news,Q3_title_fragment,"""media parenting practices and early adolescent""",SciTechDaily,https://scitechdaily.com/unlocking-parental-powers-in-the-digital-battle-with-tweens/,Unlocking Parental Powers in the Digital Battle With Tweens,,"06/05/2024, 07:00 AM, +0000 UTC",2026-05-09T03:58:07.969544Z
184,10.1038/s41390-024-03243-y,serpapi_google_news,Q3_title_fragment,"""media parenting practices and early adolescent""",Psychology Today,https://www.psychologytoday.com/us/blog/from-lab-to-real-world/202506/teens-and-tiktok-how-parents-shape-social-media-habits,New research highlights family screen rules to protect teens' mental health.,,"06/18/2025, 07:00 AM, +0000 UTC",2026-05-09T03:58:07.969544Z
184,10.1038/s41390-024-03243-y,serpapi_google_news,Q3_title_fragment,"""media parenting practices and early adolescent""",Reason Magazine,https://reason.com/2024/06/17/parents-not-lax-regulation-to-blame-for-tweens-excessive-screen-time/,Parents share blame for problematic phone use among teens,,"06/17/2024, 07:00 AM, +0000 UTC",2026-05-09T03:58:07.969544Z
184,10.1038/s41390-024-03243-y,serpapi_google_news,Q3_title_fragment,"""media parenting practices and early adolescent""",News-Medical,https://www.news-medical.net/news/20250206/Parents-role-key-in-shaping-childrens-exposure-to-mature-media.aspx,Parents' role key in shaping children's exposure to mature media,,"02/06/2025, 08:00 AM, +0000 UTC",2026-05-09T03:58:07.969544Z
184,10.1038/s41390-024-03243-y,serpapi_google_news,Q3_title_fragment,"""media parenting practices and early adolescent""",Psychology Today,https://www.psychologytoday.com/gb/blog/the-art-of-talking-with-children/202407/when-we-use-screens-to-reward-kids-they-use-screens,New research shows why a common approach to screentime may backfire.,,"07/02/2024, 07:00 AM, +0000 UTC",2026-05-09T03:58:07.969544Z
184,10.1038/s41390-024-03243-y,serpapi_google,Q4_eurekalert,"""Nagata"" ""screen use"" site:eurekalert.org",https://www.eurekalert.org › news-releases,https://www.eurekalert.org/news-releases/1074319,Screen time linked to bipolar and manic symptoms in U.S. ...,... Nagata. The study adds to the wealth of knowledge on the associations between screen use and poor mental health in adolescents. The study ...,"Feb 20, 2025",2026-05-09T03:58:11.384350Z
184,10.1038/s41390-024-03243-y,serpapi_google,Q4_eurekalert,"""Nagata"" ""screen use"" site:eurekalert.org",https://www.eurekalert.org › news-releases,https://www.eurekalert.org/news-releases/1046791,"Great news, parents: You do have power over your tweens' ...","... screen use was problematic. Then, they asked parents how they used ... Nagata, MD, a pediatrician at UCSF Benioff Children's Hospitals ...","Jun 5, 2024",2026-05-09T03:58:11.384350Z
184,10.1038/s41390-024-03243-y,serpapi_google,Q4_eurekalert,"""Nagata"" ""screen use"" site:eurekalert.org",https://www.eurekalert.org › news-releases,https://www.eurekalert.org/news-releases/1057483,Screen time and social media use linked to eating disorder ...,"... screen use and disordered eating concerns,” says Nagata. The study builds on existing knowledge surrounding eating disorders in adolescents ...","Sep 10, 2024",2026-05-09T03:58:11.384350Z
184,10.1038/s41390-024-03243-y,serpapi_google,Q4_eurekalert,"""Nagata"" ""screen use"" site:eurekalert.org",https://www.eurekalert.org › news-releases,https://www.eurekalert.org/news-releases/990379,unveiling teen-friendly social media habits for optimal sleep,"... Nagata, MD, assistant professor of pediatrics at the University of ... Article Title. Bedtime screen use behaviors and sleep outcomes ...","May 24, 2023",2026-05-09T03:58:11.384350Z
184,10.1038/s41390-024-03243-y,serpapi_google,Q4_eurekalert,"""Nagata"" ""screen use"" site:eurekalert.org",https://www.eurekalert.org › news-releases,https://www.eurekalert.org/news-releases/1088219,Want better sleep for your tween? Start with their screens,"... Nagata, MD, an associate professor of pediatrics at the University ... Researchers also identified sociodemographic differences in both screen use ...","Jun 20, 2025",2026-05-09T03:58:11.384350Z
184,10.1038/s41390-024-03243-y,serpapi_google,Q4_eurekalert,"""Nagata"" ""screen use"" site:eurekalert.org",https://www.eurekalert.org › news-releases,https://www.eurekalert.org/news-releases/933424,Adolescents' recreational screen time doubled during ...,"Excessive screen use in adolescents also is associated with weight gain and binge eating, Nagata noted: “Screen time lends itself to more ...","Nov 1, 2021",2026-05-09T03:58:11.384350Z
184,10.1038/s41390-024-03243-y,serpapi_google,Q4_eurekalert,"""Nagata"" ""screen use"" site:eurekalert.org",https://www.eurekalert.org › news-releases,https://www.eurekalert.org/news-releases/1052053,Sleep and social media in tweens: Tips for better rest,"... Nagata, MD, associate professor of pediatrics at the University of ... Bedtime screen use behaviors and sleep outcomes in early adolescents: a ...","Jul 22, 2024",2026-05-09T03:58:11.384350Z
184,10.1038/s41390-024-03243-y,serpapi_google,Q4_eurekalert,"""Nagata"" ""screen use"" site:eurekalert.org",https://www.eurekalert.org › news-releases,https://www.eurekalert.org/news-releases/1060422,"For preteens, more screen time is tied to depression, ...","“Screen use may replace time spent engaging in physical activity ... Nagata, MD, associate professor at UCSF Benioff Children's ...","Oct 7, 2024",2026-05-09T03:58:11.384350Z
184,10.1038/s41390-024-03243-y,serpapi_google,Q4_eurekalert,"""Nagata"" ""screen use"" site:eurekalert.org",https://www.eurekalert.org › news-releases,https://www.eurekalert.org/news-releases/938448,Parents underestimate teens' social media use during ...,"Nagata noted. “Parents should discuss screen use with their teens and develop a family media use plan,” he said. “Discussions about time ...","Dec 17, 2021",2026-05-09T03:58:11.384350Z
184,10.1038/s41390-024-03243-y,serpapi_google,Q4_eurekalert,"""Nagata"" ""screen use"" site:eurekalert.org",https://www.eurekalert.org › news-releases,https://www.eurekalert.org/news-releases/1072583,How parents can protect children from mature and adult ...,"“Bedroom screen use emerged as the strongest predictor of mature media consumption,” says lead author Jason M. Nagata, MD, Associate ...","Feb 5, 2025",2026-05-09T03:58:11.384350Z
190,10.1038/s41598-022-11341-2,serpapi_google_news,Q2_author_topic,"""Sauce"" ""Adolescent Brain Cognitive Development"" ""digital media""",Nature,https://www.nature.com/articles/s41598-024-63566-y,Long-term impact of digital media on brain development in children - Scientific Reports,,"06/06/2024, 07:00 AM, +0000 UTC",2026-05-09T03:58:11.904925Z
190,10.1038/s41598-022-11341-2,serpapi_google_news,Q2_author_topic,"""Sauce"" ""Adolescent Brain Cognitive Development"" ""digital media""",Frontiers,https://www.frontiersin.org/journals/medicine/articles/10.3389/fmed.2026.1736060/full,Digital media use and cognitive networks in medical students: linking screen time with intelligence and academic performance,,"01/27/2026, 06:14 PM, +0000 UTC",2026-05-09T03:58:11.904925Z
190,10.1038/s41598-022-11341-2,serpapi_google_news,Q2_author_topic,"""Sauce"" ""Adolescent Brain Cognitive Development"" ""digital media""",Science News Explores,https://www.snexplores.org/article/brain-rot-social-media-teen-health,Got brain rot?,,"03/19/2026, 07:00 AM, +0000 UTC",2026-05-09T03:58:11.904925Z
190,10.1038/s41598-022-11341-2,serpapi_google_news,Q2_author_topic,"""Sauce"" ""Adolescent Brain Cognitive Development"" ""digital media""",Nature,https://www.nature.com/articles/s41598-022-11341-2,The impact of digital media on children’s intelligence while controlling for genetic differences in cognition and socioeconomic background | Scientific Reports,,"05/11/2022, 07:00 AM, +0000 UTC",2026-05-09T03:58:11.904925Z
190,10.1038/s41598-022-11341-2,serpapi_google_news,Q3_title_fragment,"""The impact of digital media on""",Frontiers,https://www.frontiersin.org/journals/medicine/articles/10.3389/fmed.2026.1736060/full,Digital media use and cognitive networks in medical students: linking screen time with intelligence and academic performance,,"01/27/2026, 06:14 PM, +0000 UTC",2026-05-09T03:58:16.978154Z
190,10.1038/s41598-022-11341-2,serpapi_google_news,Q3_title_fragment,"""The impact of digital media on""",Shorenstein Asia-Pacific Research Center,https://aparc.fsi.stanford.edu/events/when-children-stop-going-school-japan-rethinking-compulsory-education-and-role-journalism,When Children Stop Going to School in Japan: Rethinking Compulsory Education and the Role of Journalism,,"03/30/2026, 07:00 AM, +0000 UTC",2026-05-09T03:58:16.978154Z
190,10.1038/s41598-022-11341-2,serpapi_google_news,Q3_title_fragment,"""The impact of digital media on""",Nature,https://www.nature.com/articles/s41598-022-11341-2,The impact of digital media on children’s intelligence while controlling for genetic differences in cognition and socioeconomic background | Scientific Reports,,"05/11/2022, 07:00 AM, +0000 UTC",2026-05-09T03:58:16.978154Z
190,10.1038/s41598-022-11341-2,serpapi_google_news,Q3_title_fragment,"""The impact of digital media on""",The Fast Mode,https://www.thefastmode.com/services-and-innovations/47938-proximus-launches-mobile-kids-a-safe-first-smartphone-experience-for-children,Proximus Launches Mobile Kids: A Safe First Smartphone Experience for Children,,"04/03/2026, 05:34 AM, +0000 UTC",2026-05-09T03:58:16.978154Z
190,10.1038/s41598-022-11341-2,serpapi_google_news,Q3_title_fragment,"""The impact of digital media on""",Frontiers,https://www.frontiersin.org/journals/communication/articles/10.3389/fcomm.2025.1675693/full,Modeling Jordanian audience engagement and news credibility in the digital media era: a PLS-SEM approach,,"10/26/2025, 07:00 AM, +0000 UTC",2026-05-09T03:58:16.978154Z
190,10.1038/s41598-022-11341-2,serpapi_google_news,Q3_title_fragment,"""The impact of digital media on""",Issuewire,https://www.issuewire.com/vadodara-student-hani-prajapati-leads-digital-transformation-through-devotional-content-1852814928338514,Vadodara Student Hani Prajapati Leads Digital Transformation Through Devotional Content,,"05/01/2026, 09:22 AM, +0000 UTC",2026-05-09T03:58:16.978154Z
190,10.1038/s41598-022-11341-2,serpapi_google_news,Q3_title_fragment,"""The impact of digital media on""","University of Washington, College of Arts and Sciences",https://artsci.washington.edu/news/2024-02/closer-look-teens-digital-technology,A Closer Look at Teens & Digital Technology,,"02/01/2024, 08:00 AM, +0000 UTC",2026-05-09T03:58:16.978154Z
190,10.1038/s41598-022-11341-2,serpapi_google_news,Q3_title_fragment,"""The impact of digital media on""","Fundación ""la Caixa""",https://mediahub.fundacionlacaixa.org/en/social/social-programmes/childhood/2025-12-09/maria-angustias-salmeron-digital-health-childhood-adolescence-7844.html,"María Angustias Salmerón: “If your child needs to carry a mobile to go and buy a loaf of bread, it’s better not to let them go”",,"12/09/2025, 08:00 AM, +0000 UTC",2026-05-09T03:58:16.978154Z
190,10.1038/s41598-022-11341-2,serpapi_google_news,Q3_title_fragment,"""The impact of digital media on""",Newsweek,https://www.newsweek.com/entertainment/harry-meghan-markle-step-back-archewell-parents-network-11345707,Prince Harry and Meghan Appear to Step Back From Major Project,,"01/13/2026, 08:00 AM, +0000 UTC",2026-05-09T03:58:16.978154Z
190,10.1038/s41598-022-11341-2,serpapi_google_news,Q3_title_fragment,"""The impact of digital media on""",Dentsu,https://www.dentsu.com/ie/en/blog/sound-affects-4,dentsu,,"01/30/2026, 08:00 AM, +0000 UTC",2026-05-09T03:58:16.978154Z
190,10.1038/s41598-022-11341-2,serpapi_google_news,Q3_title_fragment,"""The impact of digital media on""",Cureus,https://www.cureus.com/articles/335610-effect-of-the-use-of-electronic-media-on-the-cognitive-intelligence-attention-and-academic-trajectory-of-medical-students,"Effect of the Use of Electronic Media on the Cognitive Intelligence, Attention, and Academic Trajectory of Medical Students",,"02/23/2025, 08:00 AM, +0000 UTC",2026-05-09T03:58:16.978154Z
190,10.1038/s41598-022-11341-2,serpapi_google_news,Q3_title_fragment,"""The impact of digital media on""",Nature,https://www.nature.com/articles/s41598-024-63566-y,Long-term impact of digital media on brain development in children - Scientific Reports,,"06/06/2024, 07:00 AM, +0000 UTC",2026-05-09T03:58:16.978154Z
190,10.1038/s41598-022-11341-2,serpapi_google_news,Q3_title_fragment,"""The impact of digital media on""",South China Morning Post,https://www.scmp.com/week-asia/health-environment/article/3333280/indonesia-mulls-violent-video-game-ban-after-mosque-bombing-can-fight-extremism,Can banning PUBG fight extremism? Indonesia proposes video game curbs,,"11/19/2025, 08:00 AM, +0000 UTC",2026-05-09T03:58:16.978154Z
190,10.1038/s41598-022-11341-2,serpapi_google_news,Q3_title_fragment,"""The impact of digital media on""",PR Newswire,https://www.prnewswire.com/news-releases/the-impact-of-digital-media-on-childrens-health-300727235.html,The Impact Of Digital Media On Children's Health,,"10/08/2018, 07:00 AM, +0000 UTC",2026-05-09T03:58:16.978154Z
190,10.1038/s41598-022-11341-2,serpapi_google_news,Q3_title_fragment,"""The impact of digital media on""",UC Irvine News,https://news.uci.edu/2020/09/14/associate-professor-of-education-receives-grant-to-study-impact-of-digital-media-on-child-development/,Faculty member receives grant to study the impact of digital media on child development,,"09/14/2020, 07:00 AM, +0000 UTC",2026-05-09T03:58:16.978154Z
190,10.1038/s41598-022-11341-2,serpapi_google_news,Q3_title_fragment,"""The impact of digital media on""",Rappler,https://www.rappler.com/technology/features/children-safety-social-media-bills-philippines-senate-hearing-february-11-2026/,Social media regulation in PH: Experts push for ‘age-appropriate’ framework for minors,,"02/14/2026, 08:00 AM, +0000 UTC",2026-05-09T03:58:16.978154Z
190,10.1038/s41598-022-11341-2,serpapi_google_news,Q3_title_fragment,"""The impact of digital media on""",Wiley Online Library,https://onlinelibrary.wiley.com/doi/full/10.1002/brb3.70220,The Effect of Digital Era on Human Visual Working Memory - Tang - 2025 - Brain and Behavior,,"12/31/2024, 08:00 AM, +0000 UTC",2026-05-09T03:58:16.978154Z
190,10.1038/s41598-022-11341-2,serpapi_google_news,Q3_title_fragment,"""The impact of digital media on""",Frontiers,https://www.frontiersin.org/journals/communication/articles/10.3389/fcomm.2026.1707701/full,Impact of digital media on language revitalization: the case of BBC News Igbo,,"01/27/2026, 08:00 AM, +0000 UTC",2026-05-09T03:58:16.978154Z
190,10.1038/s41598-022-11341-2,serpapi_google_news,Q3_title_fragment,"""The impact of digital media on""",Nature,https://www.nature.com/articles/s41562-022-01460-1,A systematic review of worldwide causal and correlational evidence on digital media and democracy,,"11/07/2022, 08:00 AM, +0000 UTC",2026-05-09T03:58:16.978154Z
190,10.1038/s41598-022-11341-2,serpapi_google_news,Q3_title_fragment,"""The impact of digital media on""",Frontiers,https://www.frontiersin.org/journals/psychology/articles/10.3389/fpsyg.2022.985287/full,Exploring the role of digital media dependency on the relationship between personal involvement and flashbulb memory during the pandemic: Empirical evidence from Mainland China,,"02/06/2024, 06:24 PM, +0000 UTC",2026-05-09T03:58:16.978154Z
190,10.1038/s41598-022-11341-2,serpapi_google_news,Q3_title_fragment,"""The impact of digital media on""",USC Dornsife,https://dornsife.usc.edu/news/stories/social-media-detox-dornsife-dialogues/,Is social media scrambling our sanity?,,"02/21/2024, 08:00 AM, +0000 UTC",2026-05-09T03:58:16.978154Z
190,10.1038/s41598-022-11341-2,serpapi_google_news,Q3_title_fragment,"""The impact of digital media on""",Psychology Today,https://www.psychologytoday.com/us/blog/inside-out-outside-in/201806/the-immediacy-digital-media-better-or-worse,We all need to learn the benefits and risks of our daily use of digital media.,,"06/07/2018, 07:00 AM, +0000 UTC",2026-05-09T03:58:16.978154Z
190,10.1038/s41598-022-11341-2,serpapi_google_news,Q3_title_fragment,"""The impact of digital media on""",Ammon News,https://en.ammonnews.net/article/86449,Zarqa University concludes Int'l Digital Communication Conference 2025,,"11/06/2025, 08:00 AM, +0000 UTC",2026-05-09T03:58:16.978154Z
190,10.1038/s41598-022-11341-2,serpapi_google_news,Q3_title_fragment,"""The impact of digital media on""",News · Lafayette College,https://news.lafayette.edu/2024/04/03/gloria-mark-to-deliver-april-15-jones-visiting-lecture/,Gloria Mark to deliver April 15 Jones Visiting Lecture,,"04/03/2024, 07:00 AM, +0000 UTC",2026-05-09T03:58:16.978154Z
190,10.1038/s41598-022-11341-2,serpapi_google_news,Q3_title_fragment,"""The impact of digital media on""",globaldata.com,https://www.globaldata.com/data-insights/macroeconomic/covid-19-accelerates-digital-media-market/,COVID-19 Accelerates Digital Media Market,,"09/22/2022, 02:48 AM, +0000 UTC",2026-05-09T03:58:16.978154Z
190,10.1038/s41598-022-11341-2,serpapi_google_news,Q3_title_fragment,"""The impact of digital media on""",Food and Agriculture Organization,https://www.fao.org/africa/news-stories/news-detail/fao-hosts-live-conversation-on-how-youth-are-reshaping-african-agriculture-through-digital-innovation/en,FAO hosts live conversation on how youth are reshaping African agriculture through digital innovation,,"05/26/2025, 07:00 AM, +0000 UTC",2026-05-09T03:58:16.978154Z
190,10.1038/s41598-022-11341-2,serpapi_google_news,Q3_title_fragment,"""The impact of digital media on""",India Today,https://www.indiatoday.in/movies/bollywood/story/madhuri-dixit-shriram-nene-digital-media-family-health-wellness-2830318-2025-12-03,Madhuri Dixit says sons need not act; can be YouTubers like Dr Nene,,"12/03/2025, 08:00 AM, +0000 UTC",2026-05-09T03:58:16.978154Z
190,10.1038/s41598-022-11341-2,serpapi_google_news,Q3_title_fragment,"""The impact of digital media on""",Idéal Investisseur,https://www.ideal-investisseur.fr/en/actions-b/proximus-targets-children-with-mobile-kids-its-new-family-offering/16933.html,"Proximus Targets Children with Mobile Kids, Its New Family Offering",,"04/02/2026, 07:00 AM, +0000 UTC",2026-05-09T03:58:16.978154Z
190,10.1038/s41598-022-11341-2,serpapi_google_news,Q3_title_fragment,"""The impact of digital media on""",ET Edge Insights,https://etedge-insights.com/industry/media-and-entertainment/government-cracks-down-on-ott-platforms-streaming-explicit-content/,Government cracks down on OTT platforms streaming explicit content,,"07/29/2025, 07:00 AM, +0000 UTC",2026-05-09T03:58:16.978154Z
190,10.1038/s41598-022-11341-2,serpapi_google_news,Q3_title_fragment,"""The impact of digital media on""",Broadcast Law Blog,https://www.broadcastlawblog.com/2021/10/articles/copyright-office-initiates-study-of-ancillary-copyright-protections-accorded-to-publishers-reviewing-news-aggregation-and-digital-medias-use-of-news-content-from-t/,Copyright Office Initiates Study of “Ancillary Copyright Protections” Accorded to Publishers – Reviewing News Aggregation and Digital Media’s Use of News Content from Traditional Sources,,"10/20/2021, 07:00 AM, +0000 UTC",2026-05-09T03:58:16.978154Z
190,10.1038/s41598-022-11341-2,serpapi_google_news,Q3_title_fragment,"""The impact of digital media on""",Education Week,https://marketbrief.edweek.org/product-development/how-ai-products-can-promote-child-development-not-just-a-commercial-mindset/2024/03,"How AI Products Can Promote Child Development, Not Just a ‘Commercial Mindset’",,"03/04/2024, 08:00 AM, +0000 UTC",2026-05-09T03:58:16.978154Z
190,10.1038/s41598-022-11341-2,serpapi_google_news,Q3_title_fragment,"""The impact of digital media on""",vocal.media,https://vocal.media/feast/the-impact-of-digital-media-on-traditional-arts,The impact of digital media on traditional arts | Feast,,"02/23/2025, 08:15 PM, +0000 UTC",2026-05-09T03:58:16.978154Z
190,10.1038/s41598-022-11341-2,serpapi_google_news,Q3_title_fragment,"""The impact of digital media on""",vox.com,https://www.vox.com/science-and-health/2018/11/28/18102745/cellphone-distraction-brain-health-screens-kids,Is our constant use of digital technologies affecting our brain health? We asked 11 experts.,,"11/28/2018, 08:00 AM, +0000 UTC",2026-05-09T03:58:16.978154Z
190,10.1038/s41598-022-11341-2,serpapi_google_news,Q3_title_fragment,"""The impact of digital media on""",The London School of Economics and Political Science,https://blogs.lse.ac.uk/lsereviewofbooks/2014/11/03/book-review-digital-media-and-society-transforming-economics-politics-and-social-practices-by-andrew-white/,"Book Review: Digital Media and Society: Transforming Economics, Politics and Social Practices by Andrew White",,"11/03/2014, 08:00 AM, +0000 UTC",2026-05-09T03:58:16.978154Z
190,10.1038/s41598-022-11341-2,serpapi_google_news,Q3_title_fragment,"""The impact of digital media on""",epha.org,https://epha.org/strengthening-countries-cooperation-to-safeguard-children-and-adolescent-from-screen-addiction-and-protect-mental-health/,Strengthening countries' cooperation to safeguard children and adolescents from screen addiction and to protect mental health,,"09/24/2024, 07:00 AM, +0000 UTC",2026-05-09T03:58:16.978154Z
190,10.1038/s41598-022-11341-2,serpapi_google_news,Q3_title_fragment,"""The impact of digital media on""",Frontiers,https://www.frontiersin.org/journals/education/articles/10.3389/feduc.2025.1504726/full,Adapting educational practices for Generation Z: integrating metacognitive strategies and artificial intelligence,,"01/06/2025, 02:12 PM, +0000 UTC",2026-05-09T03:58:16.978154Z
190,10.1038/s41598-022-11341-2,serpapi_google_news,Q3_title_fragment,"""The impact of digital media on""",vocal.media,https://vocal.media/feast/the-impact-of-digital-media-on-traditional-arts-bt2a907kv,The impact of digital media on traditional arts,,"03/01/2025, 06:56 AM, +0000 UTC",2026-05-09T03:58:16.978154Z
190,10.1038/s41598-022-11341-2,serpapi_google_news,Q3_title_fragment,"""The impact of digital media on""",Berkman Klein Center,https://cyber.harvard.edu/events/2015/04/NetworkedPublicSphere,The Arab Networked Public Sphere: Social Mobilization Post-Revolutions,,"05/30/2024, 07:00 AM, +0000 UTC",2026-05-09T03:58:16.978154Z
190,10.1038/s41598-022-11341-2,serpapi_google_news,Q3_title_fragment,"""The impact of digital media on""",Seton Hall,https://www.shu.edu/technology/news/adobe-creative-skills-series-raffle.html,Earn Adobe Badges for a Chance to Win!,,"04/27/2023, 07:00 AM, +0000 UTC",2026-05-09T03:58:16.978154Z
190,10.1038/s41598-022-11341-2,serpapi_google_news,Q3_title_fragment,"""The impact of digital media on""",Aftermarket Matters,https://www.aftermarketmatters.com/national-news/digital-influence-on-automotive-parts-and-accessories-market-to-reach-218-billion-by-2028/,Digital influence on automotive parts and accessories market to reach $218 billion by 2028,,"12/19/2022, 08:00 AM, +0000 UTC",2026-05-09T03:58:16.978154Z
190,10.1038/s41598-022-11341-2,serpapi_google_news,Q3_title_fragment,"""The impact of digital media on""",The Barbell Spin,https://thebarbellspin.com/fitness/setting-the-standard-redefining-wellness-in-the-digital-era/,Setting the Standard: Redefining Wellness in the Digital Era,,"06/11/2024, 07:00 AM, +0000 UTC",2026-05-09T03:58:16.978154Z
190,10.1038/s41598-022-11341-2,serpapi_google_news,Q3_title_fragment,"""The impact of digital media on""",UW–Madison News,https://news.wisc.edu/uw-madison-graduate-named-knight-hennessy-scholar/,UW–Madison graduate named Knight-Hennessy Scholar,,"05/04/2020, 07:00 AM, +0000 UTC",2026-05-09T03:58:16.978154Z
190,10.1038/s41598-022-11341-2,serpapi_google_news,Q3_title_fragment,"""The impact of digital media on""",Newsroom | UCLA,https://newsroom.ucla.edu/magazine/technology-good-or-bad,Think Again,,"04/01/2013, 07:00 AM, +0000 UTC",2026-05-09T03:58:16.978154Z
190,10.1038/s41598-022-11341-2,serpapi_google_news,Q3_title_fragment,"""The impact of digital media on""",Frontiers,https://www.frontiersin.org/journals/public-health/articles/10.3389/fpubh.2020.00063/full,The Impact of Internet and Videogaming Addiction on Adolescent Vision: A Review of the Literature,,"03/04/2020, 08:00 AM, +0000 UTC",2026-05-09T03:58:16.978154Z
190,10.1038/s41598-022-11341-2,serpapi_google_news,Q3_title_fragment,"""The impact of digital media on""",UC Irvine News,https://news.uci.edu/2022/07/18/how-a-protein-breaks-free-to-cause-deadly-cancers/,How a protein breaks free to cause deadly cancers,,"07/18/2022, 07:00 AM, +0000 UTC",2026-05-09T03:58:16.978154Z
190,10.1038/s41598-022-11341-2,serpapi_google_news,Q3_title_fragment,"""The impact of digital media on""",Asia Society,https://asiasociety.org/hong-kong/app-generation-what-are-they,The App Generation: What Are They Like?,,"03/21/2016, 05:25 AM, +0000 UTC",2026-05-09T03:58:16.978154Z
190,10.1038/s41598-022-11341-2,serpapi_google_news,Q3_title_fragment,"""The impact of digital media on""",Justice in Conflict,https://justiceinconflict.org/2012/06/02/has-social-media-reinvented-social-activism-a-debate/,Has Social Media Successfully Reinvented Social Activism?,,"06/02/2012, 07:00 AM, +0000 UTC",2026-05-09T03:58:16.978154Z
190,10.1038/s41598-022-11341-2,serpapi_google_news,Q3_title_fragment,"""The impact of digital media on""",Fortune,https://fortune.com/well/article/phone-addiction-how-to-spot-signs/,Smartphone addiction: Do you have a problem?,,"08/16/2024, 07:00 AM, +0000 UTC",2026-05-09T03:58:16.978154Z
190,10.1038/s41598-022-11341-2,serpapi_google_news,Q3_title_fragment,"""The impact of digital media on""",Annenberg School for Communication,https://www.asc.upenn.edu/news-events/news/annenberg-welcomes-visiting-scholars-and-postdoctoral-fellows-2024-25,Annenberg Welcomes Visiting Scholars and Postdoctoral Fellows for 2024-25,,"09/04/2024, 07:00 AM, +0000 UTC",2026-05-09T03:58:16.978154Z
190,10.1038/s41598-022-11341-2,serpapi_google_news,Q3_title_fragment,"""The impact of digital media on""",Salon.com,https://www.salon.com/2022/05/20/unlike-social-media-video-games-may-actually-be-raising-kids-iqs-study-finds/,"Wait, video games might be making kids smarter?",,"05/20/2022, 07:00 AM, +0000 UTC",2026-05-09T03:58:16.978154Z
190,10.1038/s41598-022-11341-2,serpapi_google_news,Q3_title_fragment,"""The impact of digital media on""",The London School of Economics and Political Science,https://blogs.lse.ac.uk/parenting4digitalfuture/2020/09/23/parental-judgements-about-risks-and-opportunities/,‘Is that appropriate?’ Parental judgements about the risks and opportunities of teenagers’ digital media use,,"09/23/2020, 07:00 AM, +0000 UTC",2026-05-09T03:58:16.978154Z
190,10.1038/s41598-022-11341-2,serpapi_google_news,Q3_title_fragment,"""The impact of digital media on""",lsureveille.com,https://lsureveille.com/195166/news/author-professor-david-karpf-lectures-on-analytical-activism-digital-media/,"Author, professor David Karpf lectures on analytical activism, digital media",,"02/10/2017, 08:00 AM, +0000 UTC",2026-05-09T03:58:16.978154Z
190,10.1038/s41598-022-11341-2,serpapi_google_news,Q3_title_fragment,"""The impact of digital media on""",Karolinska Institutet,https://news.ki.se/video-games-can-help-boost-childrens-intelligence,Video games can help boost children’s intelligence,,"05/12/2022, 07:00 AM, +0000 UTC",2026-05-09T03:58:16.978154Z
190,10.1038/s41598-022-11341-2,serpapi_google_news,Q3_title_fragment,"""The impact of digital media on""",Reed College,https://www.reed.edu/reed-magazine/articles/2022/autonomy-and-authority.html,Autonomy and Authority,,"03/30/2022, 07:00 AM, +0000 UTC",2026-05-09T03:58:16.978154Z
190,10.1038/s41598-022-11341-2,serpapi_google_news,Q3_title_fragment,"""The impact of digital media on""",Flaunt Magazine,https://www.flaunt.com/blog/people-the-berggruen-institute,"The Past is Always Tense, the Future Perfect",,"11/25/2023, 07:21 PM, +0000 UTC",2026-05-09T03:58:16.978154Z
190,10.1038/s41598-022-11341-2,serpapi_google_news,Q3_title_fragment,"""The impact of digital media on""",reutersinstitute.politics.ox.ac.uk,https://reutersinstitute.politics.ox.ac.uk/types-sources-and-claims-covid-19-misinformation,"Types, sources, and claims of COVID-19 misinformation",,"04/07/2020, 07:00 AM, +0000 UTC",2026-05-09T03:58:16.978154Z
190,10.1038/s41598-022-11341-2,serpapi_google_news,Q3_title_fragment,"""The impact of digital media on""",Reuters,https://www.reuters.com/world/us/us-senate-set-vote-two-child-online-safety-bills-2024-07-25/,US Senate advances two child online safety bills,,"07/25/2024, 07:00 AM, +0000 UTC",2026-05-09T03:58:16.978154Z
190,10.1038/s41598-022-11341-2,serpapi_google_news,Q3_title_fragment,"""The impact of digital media on""",Meer | English edition,https://www.meer.com/en/83391-solarwind-in-array,Solarwind in array,,"09/28/2024, 07:00 AM, +0000 UTC",2026-05-09T03:58:16.978154Z
190,10.1038/s41598-022-11341-2,serpapi_google_news,Q3_title_fragment,"""The impact of digital media on""",Brookings,https://www.brookings.edu/articles/will-chinas-e-commerce-reshape-a-reopening-world/,Will China’s e-commerce reshape a reopening world?,,"06/10/2020, 10:32 PM, +0000 UTC",2026-05-09T03:58:16.978154Z
190,10.1038/s41598-022-11341-2,serpapi_google_news,Q3_title_fragment,"""The impact of digital media on""",nwo.nl,https://www.nwo.nl/en/professor-jose-van-dijck,Professor J. (José) van Dijck,,"09/06/2021, 03:44 AM, +0000 UTC",2026-05-09T03:58:16.978154Z
190,10.1038/s41598-022-11341-2,serpapi_google_news,Q3_title_fragment,"""The impact of digital media on""",Neuroscience News,https://neurosciencenews.com/video-games-child-iq-200578/,Video Games Can Boost Children’s Intelligence,,"05/13/2022, 07:00 AM, +0000 UTC",2026-05-09T03:58:16.978154Z
190,10.1038/s41598-022-11341-2,serpapi_google_news,Q3_title_fragment,"""The impact of digital media on""",Mi-3.com.au,http://www.mi-3.com.au/09-04-2025/magic-challenges-traditional-retail-attribution-new-whitepaper,Magic challenges traditional retail attribution in new whitepaper,,"04/09/2025, 07:00 AM, +0000 UTC",2026-05-09T03:58:16.978154Z
190,10.1038/s41598-022-11341-2,serpapi_google_news,Q3_title_fragment,"""The impact of digital media on""",isas.nus.edu.sg,https://www.isas.nus.edu.sg/papers/the-impact-of-digital-media-on-the-2019-indian-general-election/,The Impact of Digital Media on the 2019 Indian General Election,,"10/31/2019, 07:00 AM, +0000 UTC",2026-05-09T03:58:16.978154Z
190,10.1038/s41598-022-11341-2,serpapi_google_news,Q3_title_fragment,"""The impact of digital media on""",CLNS Media Network,https://www.clnsmedia.com/emerging-sports-trends-in-brazil-a-perspective-from-esporte-e-midia/,Emerging Sports Trends in Brazil: A Perspective from Esporte e Mídia,,"06/25/2024, 07:00 AM, +0000 UTC",2026-05-09T03:58:16.978154Z
190,10.1038/s41598-022-11341-2,serpapi_google_news,Q3_title_fragment,"""The impact of digital media on""",Al Jazeera Centre for Studies,http://studies.aljazeera.net/en/news/ajcs-releases-second-issue-al-jazeera-li-dirasat-al-itisal-wa-al-i%E2%80%99lam,AJCS releases second issue of Al Jazeera li Dirasat al-Itisal wa al-I’lam,,"07/10/2023, 07:00 AM, +0000 UTC",2026-05-09T03:58:16.978154Z
190,10.1038/s41598-022-11341-2,serpapi_google_news,Q3_title_fragment,"""The impact of digital media on""",New Scientist,https://www.newscientist.com/article/2-does-more-than-2-hours-of-screen-time-really-harm-childrens-brains/,Does more than 2 hours of screen time really harm children's brains?,,"09/28/2018, 07:00 AM, +0000 UTC",2026-05-09T03:58:16.978154Z
190,10.1038/s41598-022-11341-2,serpapi_google_news,Q3_title_fragment,"""The impact of digital media on""",UK Parliament,https://committees.parliament.uk/committee/373/political-polling-and-digital-media-committee/news/94781/time-for-better-oversight-of-polling-and-online-political-communications/,Time for better oversight of polling and online political communications,,"04/17/2018, 07:00 AM, +0000 UTC",2026-05-09T03:58:16.978154Z
190,10.1038/s41598-022-11341-2,serpapi_google_news,Q3_title_fragment,"""The impact of digital media on""",Campaign Brief,https://campaignbrief.com/magic-backs-incrementality-as-the-answer-to-omnichannel-commerce-in-new-whitepaper/,Magic backs incrementality as the answer to omnichannel commerce in new whitepaper,,"04/09/2025, 07:00 AM, +0000 UTC",2026-05-09T03:58:16.978154Z
190,10.1038/s41598-022-11341-2,serpapi_google_news,Q3_title_fragment,"""The impact of digital media on""",PsyPost,https://www.psypost.org/excessive-screen-time-linked-to-developmental-and-behavioral-issues-in-u-s-children/,Excessive screen time linked to developmental and behavioral issues in U.S. children,,"01/30/2024, 08:00 AM, +0000 UTC",2026-05-09T03:58:16.978154Z
190,10.1038/s41598-022-11341-2,serpapi_google_news,Q3_title_fragment,"""The impact of digital media on""",Niner Times,https://www.ninertimes.com/opinion/opinion-cultural-appropriation-on-social-media-can-harm-communities/article_3e3b391a-a468-11ed-8bfd-5f6a37c1eed4.html,Opinion: Cultural appropriation on social media can harm communities,,"02/04/2023, 08:00 AM, +0000 UTC",2026-05-09T03:58:16.978154Z
190,10.1038/s41598-022-11341-2,serpapi_google_news,Q3_title_fragment,"""The impact of digital media on""",Chicago Tribune,https://www.chicagotribune.com/2015/12/15/digital-learning-innovator-works-to-reimagine-future-of-education/,Digital learning innovator works to reimagine future of education,,"12/15/2015, 08:00 AM, +0000 UTC",2026-05-09T03:58:16.978154Z
190,10.1038/s41598-022-11341-2,serpapi_google_news,Q3_title_fragment,"""The impact of digital media on""","The Sentinel - of this Land, for its People",https://www.sentinelassam.com/more-news/editorial/role-of-public-opinion-in-digital-era-and-its-influence-on-election-process-in-democracy,Role of public opinion in digital era and its influence on election process in democracy,,"11/08/2024, 08:00 AM, +0000 UTC",2026-05-09T03:58:16.978154Z
190,10.1038/s41598-022-11341-2,serpapi_google_news,Q3_title_fragment,"""The impact of digital media on""",University of Venda,https://www.univen.ac.za/news/the-impact-of-digital-media-towards-print-media-has-cost-media-companies-losses-in-both-sales-and-revenue-dr-mathata-tsedu/,The impact of digital media towards print media has cost media companies losses in both sales and revenue – Dr Mathata Tsedu,,"09/25/2019, 07:00 AM, +0000 UTC",2026-05-09T03:58:16.978154Z
190,10.1038/s41598-022-11341-2,serpapi_google_news,Q3_title_fragment,"""The impact of digital media on""",SciTechDaily,https://scitechdaily.com/research-shows-that-playing-video-games-increases-your-intelligence/,Research Shows That Playing Video Games Increases Your Intelligence,,"06/09/2022, 07:00 AM, +0000 UTC",2026-05-09T03:58:16.978154Z
190,10.1038/s41598-022-11341-2,serpapi_google_news,Q3_title_fragment,"""The impact of digital media on""",vocal.media,https://vocal.media/humans/politics-and-its-impact-on-society-shaping-the-present-and-future,Politics and Its Impact on Society: Shaping the Present and Future,,"06/28/2023, 01:24 PM, +0000 UTC",2026-05-09T03:58:16.978154Z
190,10.1038/s41598-022-11341-2,serpapi_google_news,Q3_title_fragment,"""The impact of digital media on""",Eurasia Review,https://www.eurasiareview.com/03112017-engaging-filipinos-and-the-world-through-digital-diplomacy-analysis/,Engaging Filipinos And The World Through Digital Diplomacy – Analysis,,"11/03/2017, 07:00 AM, +0000 UTC",2026-05-09T03:58:16.978154Z
190,10.1038/s41598-022-11341-2,serpapi_google_news,Q3_title_fragment,"""The impact of digital media on""",corporate.dw.com,https://corporate.dw.com/en/didszuweit-simon/a-15904632,"Didszuweit, Simon",,"04/23/2012, 07:00 AM, +0000 UTC",2026-05-09T03:58:16.978154Z
190,10.1038/s41598-022-11341-2,serpapi_google_news,Q3_title_fragment,"""The impact of digital media on""",Creative Review,https://www.creativereview.co.uk/how-i-work-olafur-eliasson/,How I Work: Olafur Eliasson,,"11/06/2018, 08:00 AM, +0000 UTC",2026-05-09T03:58:16.978154Z
190,10.1038/s41598-022-11341-2,serpapi_google_news,Q3_title_fragment,"""The impact of digital media on""",Favikon,https://www.favikon.com/blog/top-journalists-social-media-germany,Top 20 Journalists in Germany in 2026 [🏆Rating],,"05/17/2025, 11:27 AM, +0000 UTC",2026-05-09T03:58:16.978154Z
190,10.1038/s41598-022-11341-2,serpapi_google_news,Q3_title_fragment,"""The impact of digital media on""",isas.nus.edu.sg,https://www.isas.nus.edu.sg/papers/political-interviewing-on-youtube-an-analysis-of-indian-politicians-engagement-with-digital-influencers-and-media-houses-online/,Political Interviewing on YouTube: An Analysis of Indian Politicians’ Engagement with Digital Influencers and Media Houses Online – NUS Institute of South Asian Studies (ISAS),,"08/14/2024, 07:00 AM, +0000 UTC",2026-05-09T03:58:16.978154Z
190,10.1038/s41598-022-11341-2,serpapi_google_news,Q3_title_fragment,"""The impact of digital media on""",City University of Hong Kong,https://www.cityu.edu.hk/class/media_events/news_item.aspx?ref=461,"Digital Society Seminar Explores How People Talk to AI | College of Liberal Arts and Social Sciences, CityU",,"10/26/2023, 07:00 AM, +0000 UTC",2026-05-09T03:58:16.978154Z
190,10.1038/s41598-022-11341-2,serpapi_google_news,Q3_title_fragment,"""The impact of digital media on""",House of Lords Library,https://lordslibrary.parliament.uk/political-opinion-polls-should-there-be-greater-oversight/,Political opinion polls: Should there be greater oversight?,,"05/13/2022, 07:00 AM, +0000 UTC",2026-05-09T03:58:16.978154Z
190,10.1038/s41598-022-11341-2,serpapi_google_news,Q3_title_fragment,"""The impact of digital media on""",The Israel Democracy Institute,https://en.idi.org.il/articles/26559,Hacking Gantz’s Phone,,"03/25/2019, 07:00 AM, +0000 UTC",2026-05-09T03:58:16.978154Z
190,10.1038/s41598-022-11341-2,serpapi_google_news,Q3_title_fragment,"""The impact of digital media on""",news.uct.ac.za,https://www.news.uct.ac.za/article/-2017-08-29-honour-for-innovative-multifaceted-linguist,"Honour for innovative, multifaceted linguist",,"08/29/2017, 07:00 AM, +0000 UTC",2026-05-09T03:58:16.978154Z
190,10.1038/s41598-022-11341-2,serpapi_google_news,Q3_title_fragment,"""The impact of digital media on""",CSIRO,https://www.csiro.au/en/news/All/Articles/2024/December/Everyday-AI-relationships,Everyday AI: Swipe right for a date with artificial intelligence,,"12/05/2024, 08:00 AM, +0000 UTC",2026-05-09T03:58:16.978154Z
190,10.1038/s41598-022-11341-2,serpapi_google_news,Q3_title_fragment,"""The impact of digital media on""",Durham University,https://www.durham.ac.uk/research/institutes-and-centres/open-world-research-initiative/research-projects/minorities-in-russia/,Minorities in Russia,,"06/11/2021, 12:59 AM, +0000 UTC",2026-05-09T03:58:16.978154Z
190,10.1038/s41598-022-11341-2,serpapi_google_news,Q3_title_fragment,"""The impact of digital media on""",The Libya Observer,https://libyaobserver.ly/news/former-un-envoy-stephanie-williams-publish-new-book-libyas-post-gaddafi-era,Former UN envoy Stephanie Williams to publish new book on Libya’s post-Gaddafi era,,"03/26/2025, 07:00 AM, +0000 UTC",2026-05-09T03:58:16.978154Z
190,10.1038/s41598-022-11341-2,serpapi_google_news,Q3_title_fragment,"""The impact of digital media on""",The Straits Times,https://www.straitstimes.com/singapore/parenting-education/should-i-stop-my-child-from-befriending-strangers-on-the-internet,Should I stop my child from befriending strangers on the Internet?,,"02/09/2022, 08:00 AM, +0000 UTC",2026-05-09T03:58:16.978154Z
190,10.1038/s41598-022-11341-2,serpapi_google_news,Q3_title_fragment,"""The impact of digital media on""",Royal Gazette | Bermuda,https://www.royalgazette.com/education/news/article/20151224/bermudian-researcher-named-rising-star/,Bermudian researcher named Rising Star,,"12/24/2015, 08:00 AM, +0000 UTC",2026-05-09T03:58:16.978154Z
190,10.1038/s41598-022-11341-2,serpapi_google_news,Q3_title_fragment,"""The impact of digital media on""",شفق نيوز,https://shafaq.com/en/Iraq/University-of-Baghdad-to-host-international-media-conference-on-intercultural-dialogue,University of Baghdad to host international media conference on intercultural dialogue - Shafaq News,,"08/06/2024, 07:00 AM, +0000 UTC",2026-05-09T03:58:16.978154Z
190,10.1038/s41598-022-11341-2,serpapi_google_news,Q3_title_fragment,"""The impact of digital media on""",Trinidad and Tobago Newsday,https://newsday.co.tt/2025/01/02/life-insurance-brain-rot/,Life Insurance: Brain rot,,"01/02/2025, 08:00 AM, +0000 UTC",2026-05-09T03:58:16.978154Z
190,10.1038/s41598-022-11341-2,serpapi_google_news,Q3_title_fragment,"""The impact of digital media on""",thepatriot.in,https://thepatriot.in/listicle/fragile-a-group-art-exhibition-54590,Fragile- A group art exhibition,,"07/29/2024, 07:00 AM, +0000 UTC",2026-05-09T03:58:16.978154Z
190,10.1038/s41598-022-11341-2,serpapi_google_news,Q3_title_fragment,"""The impact of digital media on""",SKNVibes,https://m.sknvibes.com/news/newsdetails.cfm/88529,Launch of new CAPE courses at CFBC this Thursday,,"08/20/2014, 07:00 AM, +0000 UTC",2026-05-09T03:58:16.978154Z
190,10.1038/s41598-022-11341-2,serpapi_google_news,Q3_title_fragment,"""The impact of digital media on""",Trend Hunter,https://www.trendhunter.com/trends/wikipedia-cia-vatican,"Wikipedia Screened By CIA, Vatican",,"08/20/2007, 07:00 AM, +0000 UTC",2026-05-09T03:58:16.978154Z
190,10.1038/s41598-022-11341-2,serpapi_google_news,Q3_title_fragment,"""The impact of digital media on""",Campaign,https://www.campaignlive.co.uk/article/archant-operating-profit-doubles-82m/1058611,Archant operating profit more than doubles to £8.2m,,"03/07/2011, 08:00 AM, +0000 UTC",2026-05-09T03:58:16.978154Z
190,10.1038/s41598-022-11341-2,serpapi_google_news,Q3_title_fragment,"""The impact of digital media on""",The Straits Times,https://www.straitstimes.com/singapore/weaning-children-off-screens-struggling-working-parents-say-they-need-help-not-more-rules,"Weaning children off screens? Struggling working parents say they need help, not more rules",,"01/25/2025, 08:00 AM, +0000 UTC",2026-05-09T03:58:16.978154Z
190,10.1038/s41598-022-11341-2,serpapi_google_news,Q3_title_fragment,"""The impact of digital media on""",London Post,https://london-post.co.uk/the-evolution-of-world-book-day-costumes-a-look-back-in-time/,The Evolution of World Book Day Costumes: A Look Back in Time,,"01/12/2024, 08:00 AM, +0000 UTC",2026-05-09T03:58:16.978154Z
190,10.1038/s41598-022-11341-2,serpapi_google_news,Q3_title_fragment,"""The impact of digital media on""",Bermuda Sun,https://www.bermudasun.bm/news/2014/jul/25/bermuda-sun-to-close-after-50-years/,Bermuda Sun to close after 50 years,,"07/25/2014, 07:00 AM, +0000 UTC",2026-05-09T03:58:16.978154Z
190,10.1038/s41598-022-11341-2,serpapi_google_news,Q3_title_fragment,"""The impact of digital media on""",Medafrica Times,https://medafricatimes.com/36885-libya-book-fair-kicks-off-in-tripoli.html,Libya: Book fair kicks off in Tripoli,,"10/17/2024, 01:49 PM, +0000 UTC",2026-05-09T03:58:16.978154Z
190,10.1038/s41598-022-11341-2,serpapi_google_news,Q3_title_fragment,"""The impact of digital media on""",Menafn.com,https://menafn.com/1095650840/Qatar-working-on-more-flexible-media-law,Qatar working on more flexible media law,,"07/24/2017, 07:00 AM, +0000 UTC",2026-05-09T03:58:16.978154Z
190,10.1038/s41598-022-11341-2,serpapi_google,Q4_eurekalert,"""Sauce"" ""digital media"" site:eurekalert.org",https://www.eurekalert.org › news-releases,https://www.eurekalert.org/news-releases/952549,Video games can help boost children's intelligence,"Publication: “The impact of digital media on children's intelligence ... Bruno Sauce, Magnus Liebherr, Nicholas Judd, Torkel Klingberg.","May 12, 2022",2026-05-09T03:58:19.382723Z
192,10.1038/s41598-024-63566-y,serpapi_google_news,Q2_author_topic,"""Nivins"" ""Adolescent Brain Cognitive Development"" ""digital media""",Nature,https://www.nature.com/articles/s41598-024-63566-y,Long-term impact of digital media on brain development in children - Scientific Reports,,"06/06/2024, 07:00 AM, +0000 UTC",2026-05-09T03:58:20.475693Z
192,10.1038/s41598-024-63566-y,serpapi_google_news,Q2_author_topic,"""Nivins"" ""Adolescent Brain Cognitive Development"" ""digital media""",koreabiomed.com,https://www.koreabiomed.com/news/articleView.html?idxno=29871,[Column] Smartphones and children’s brain health,,"12/05/2025, 08:00 AM, +0000 UTC",2026-05-09T03:58:20.475693Z
192,10.1038/s41598-024-63566-y,serpapi_google_news,Q2_author_topic,"""Nivins"" ""Adolescent Brain Cognitive Development"" ""digital media""",Science News Explores,https://www.snexplores.org/article/brain-rot-social-media-teen-health,Got brain rot?,,"03/19/2026, 07:00 AM, +0000 UTC",2026-05-09T03:58:20.475693Z
192,10.1038/s41598-024-63566-y,serpapi_google_news,Q2_author_topic,"""Nivins"" ""Adolescent Brain Cognitive Development"" ""digital media""",Contemporary Pediatrics,https://www.contemporarypediatrics.com/view/social-media-use-linked-to-rising-inattentive-adhd-symptoms-in-children,Social media use linked to rising inattentive ADHD symptoms in children,,"01/22/2026, 08:00 AM, +0000 UTC",2026-05-09T03:58:20.475693Z
192,10.1038/s41598-024-63566-y,serpapi_google_news,Q2_author_topic,"""Nivins"" ""Adolescent Brain Cognitive Development"" ""digital media""",News-Medical,https://www.news-medical.net/news/20251210/Screen-time-and-ADHD-why-social-media-stands-out-from-gaming-and-TV.aspx,Screen time and ADHD: why social media stands out from gaming and TV,,"12/10/2025, 08:00 AM, +0000 UTC",2026-05-09T03:58:20.475693Z
192,10.1038/s41598-024-63566-y,serpapi_google_news,Q3_title_fragment,"""Long-term impact of digital media on""",Nature,https://www.nature.com/articles/s41598-024-63566-y,Long-term impact of digital media on brain development in children - Scientific Reports,,"06/06/2024, 07:00 AM, +0000 UTC",2026-05-09T03:58:22.649196Z
192,10.1038/s41598-024-63566-y,serpapi_google_news,Q3_title_fragment,"""Long-term impact of digital media on""",Cureus,https://www.cureus.com/articles/380494-modern-day-high-the-neurocognitive-impact-of-social-media-usage,Modern Day High: The Neurocognitive Impact of Social Media Usage,,"07/08/2025, 07:00 AM, +0000 UTC",2026-05-09T03:58:22.649196Z
192,10.1038/s41598-024-63566-y,serpapi_google_news,Q3_title_fragment,"""Long-term impact of digital media on""",Science News Explores,https://www.snexplores.org/article/brain-rot-social-media-teen-health,Got brain rot?,,"03/19/2026, 07:00 AM, +0000 UTC",2026-05-09T03:58:22.649196Z
192,10.1038/s41598-024-63566-y,serpapi_google_news,Q3_title_fragment,"""Long-term impact of digital media on""",Earth.com,https://www.earth.com/news/how-screen-time-changes-the-brain-based-on-23-years-of-research/,How screen time changes the brain structure of children,,"11/18/2023, 08:00 AM, +0000 UTC",2026-05-09T03:58:22.649196Z
192,10.1038/s41598-024-63566-y,serpapi_google_news,Q3_title_fragment,"""Long-term impact of digital media on""",Indiatimes,https://enterpriseai.economictimes.indiatimes.com/news/industry/the-dangers-of-relying-on-ai-for-learning-a-threat-to-critical-thinking-and-creativity/129919675,"Generative AI in education: Benefits, risks, and student impact",,"03/31/2026, 07:00 AM, +0000 UTC",2026-05-09T03:58:22.649196Z
192,10.1038/s41598-024-63566-y,serpapi_google_news,Q3_title_fragment,"""Long-term impact of digital media on""",The Shorenstein Center,https://shorensteincenter.org/resource/machines-truth-distortion-citizens-call-action-preparing-america-ai-flood/,Machines of Truth and Distortion - A Citizen's Call to Action: Preparing America for the AI Flood,,"06/12/2025, 07:00 AM, +0000 UTC",2026-05-09T03:58:22.649196Z
192,10.1038/s41598-024-63566-y,serpapi_google_news,Q3_title_fragment,"""Long-term impact of digital media on""",Loughborough University,https://www.lboro.ac.uk/research/online-civic-culture-centre/news-events/articles/o3c-2-crisis/,New O3C Article by Andrew Chadwick: The New Crisis of Public Communication | Online Civic Culture Centre,,"12/12/2019, 08:00 AM, +0000 UTC",2026-05-09T03:58:22.649196Z
192,10.1038/s41598-024-63566-y,serpapi_google_news,Q3_title_fragment,"""Long-term impact of digital media on""",The Star,https://www.thestar.com.my/tech/tech-news/2025/01/24/watching-short-videos-may-be-having-an-effect-on-kids-grades-at-school,Watching short videos may be having an effect on kids’ grades at school,,"01/24/2025, 08:00 AM, +0000 UTC",2026-05-09T03:58:22.649196Z
192,10.1038/s41598-024-63566-y,serpapi_google,Q4_eurekalert,"""Nivins"" ""digital media"" site:eurekalert.org",https://www.eurekalert.org › news-releases,https://www.eurekalert.org/news-releases/1108691,Using social media may impair children's attention,"Publication: “Digital media, Genetics and Risk for ADHD Symptoms in Children – a Longitudinal Study”, Samson Nivins, Michael A. Mooney, Joel ...","Dec 8, 2025",2026-05-09T03:58:24.724503Z
196,10.1038/s44277-024-00006-9,serpapi_google_news,Q2_author_topic,"""Pagliaccio"" ""Adolescent Brain Cognitive Development"" ""social media""",Nature,https://www.nature.com/articles/s44277-024-00006-9,Probing the digital exposome: associations of social media use patterns with youth mental health,,"04/23/2024, 07:00 AM, +0000 UTC",2026-05-09T03:58:33.973943Z
196,10.1038/s44277-024-00006-9,serpapi_google_news,Q2_author_topic,"""Pagliaccio"" ""Adolescent Brain Cognitive Development"" ""social media""",Patient Care Online,https://www.patientcareonline.com/view/smartphone-ownership-in-young-adolescence-drives-physical-and-emotional-health-risks,Smartphone Ownership in Young Adolescence Drives Physical and Emotional Health Risks,,"12/05/2025, 08:00 AM, +0000 UTC",2026-05-09T03:58:33.973943Z
196,10.1038/s44277-024-00006-9,serpapi_google_news,Q3_title_fragment,"""Probing the digital exposome: associations of""",Nature,https://www.nature.com/articles/s44277-024-00006-9,Probing the digital exposome: associations of social media use patterns with youth mental health,,"04/23/2024, 07:00 AM, +0000 UTC",2026-05-09T03:58:35.856367Z
196,10.1038/s44277-024-00006-9,serpapi_google_news,Q3_title_fragment,"""Probing the digital exposome: associations of""",Nature,https://www.nature.com/articles/s41386-026-02333-1,Exposome and mental health across the lifespan: research and clinical perspectives | Neuropsychopharmacology,,"03/09/2026, 07:00 AM, +0000 UTC",2026-05-09T03:58:35.856367Z
196,10.1038/s44277-024-00006-9,serpapi_google_news,Q3_title_fragment,"""Probing the digital exposome: associations of""",Nature,https://www.nature.com/articles/s41598-024-83951-x,Associations of time spent on different types of digital media with self-rated general and mental health in Swedish adolescents,,"01/06/2025, 08:00 AM, +0000 UTC",2026-05-09T03:58:35.856367Z
196,10.1038/s44277-024-00006-9,serpapi_google_news,Q3_title_fragment,"""Probing the digital exposome: associations of""",Nature,https://www.nature.com/articles/s41598-022-08050-1,Exposome-wide ranking of modifiable risk factors for cardiometabolic disease traits,,"03/08/2022, 08:00 AM, +0000 UTC",2026-05-09T03:58:35.856367Z
196,10.1038/s44277-024-00006-9,serpapi_google,Q4_eurekalert,"""Pagliaccio"" ""social media"" site:eurekalert.org",https://www.eurekalert.org › news-releases,https://www.eurekalert.org/news-releases/1032033,Cognitive behavioral therapy alters brain activity in children ...,"Anxiety disorders are common in children and can cause them significant distress in social and academic situations. ... Pagliaccio, D ...","Jan 24, 2024",2026-05-09T03:58:43.268750Z
208,10.1080/10826084.2024.2310501,serpapi_google_news,Q2_author_topic,"""Nagata"" ""Adolescent Brain Cognitive Development"" ""social media""",NPR,https://www.npr.org/sections/shots-health-news/2025/10/13/nx-s1-5571050/social-media-teens-brains-reading-memory,"Kids who use social media score lower on reading and memory tests, a study shows",,"10/13/2025, 07:00 AM, +0000 UTC",2026-05-09T03:58:46.807635Z
208,10.1080/10826084.2024.2310501,serpapi_google_news,Q2_author_topic,"""Nagata"" ""Adolescent Brain Cognitive Development"" ""social media""",PsyPost,https://www.psypost.org/more-time-spent-on-social-media-is-linked-to-a-thinner-cerebral-cortex-in-young-adolescents/,More time spent on social media is linked to a thinner cerebral cortex in young adolescents,,"04/15/2026, 07:00 AM, +0000 UTC",2026-05-09T03:58:46.807635Z
208,10.1080/10826084.2024.2310501,serpapi_google_news,Q2_author_topic,"""Nagata"" ""Adolescent Brain Cognitive Development"" ""social media""",MedPage Today,https://www.medpagetoday.com/pediatrics/generalpediatrics/117911,Increasing Social Media Use in Preteens May Be Hurting Cognition Too,,"10/13/2025, 07:00 AM, +0000 UTC",2026-05-09T03:58:46.807635Z
208,10.1080/10826084.2024.2310501,serpapi_google_news,Q2_author_topic,"""Nagata"" ""Adolescent Brain Cognitive Development"" ""social media""",Medical Xpress,https://medicalxpress.com/news/2026-01-teens-cellphones-hour-day-school.html,"Teens use cellphones for an hour a day at school, study finds",,"01/10/2026, 08:00 AM, +0000 UTC",2026-05-09T03:58:46.807635Z
208,10.1080/10826084.2024.2310501,serpapi_google_news,Q2_author_topic,"""Nagata"" ""Adolescent Brain Cognitive Development"" ""social media""",the Manitoban,https://themanitoban.com/2025/11/social-media-use-linked-to-cognitive-decline-in-youth/51082/,Social media use linked to cognitive decline in youth,,"11/26/2025, 08:00 AM, +0000 UTC",2026-05-09T03:58:46.807635Z
208,10.1080/10826084.2024.2310501,serpapi_google_news,Q2_author_topic,"""Nagata"" ""Adolescent Brain Cognitive Development"" ""social media""",U.S. News & World Report,https://www.usnews.com/news/health-news/articles/2025-10-14/social-media-might-stunt-students-intellect-study-says,"Social Media Might Stunt Students' Intellect, Study Says",,"10/14/2025, 07:00 AM, +0000 UTC",2026-05-09T03:58:46.807635Z
208,10.1080/10826084.2024.2310501,serpapi_google_news,Q2_author_topic,"""Nagata"" ""Adolescent Brain Cognitive Development"" ""social media""",Contemporary Pediatrics,https://www.contemporarypediatrics.com/view/jason-nagata-md-msc-highlights-frequent-teen-smartphone-use-during-school-hours,"Jason Nagata, MD, MSc, highlights frequent teen smartphone use during school hours",,"01/19/2026, 08:00 AM, +0000 UTC",2026-05-09T03:58:46.807635Z
208,10.1080/10826084.2024.2310501,serpapi_google_news,Q2_author_topic,"""Nagata"" ""Adolescent Brain Cognitive Development"" ""social media""",Education Week,https://www.edweek.org/leadership/kids-social-media-use-linked-to-lower-reading-and-memory-scores-study-suggests/2025/10,"Kids’ Social Media Use Linked to Lower Reading and Memory Scores, Study Suggests",,"10/17/2025, 07:00 AM, +0000 UTC",2026-05-09T03:58:46.807635Z
208,10.1080/10826084.2024.2310501,serpapi_google_news,Q2_author_topic,"""Nagata"" ""Adolescent Brain Cognitive Development"" ""social media""",The Washington Post,https://www.washingtonpost.com/lifestyle/2025/06/11/social-media-use-depression-tweens/,New study shows social media use predicted future depression in tweens,,"06/11/2025, 07:00 AM, +0000 UTC",2026-05-09T03:58:46.807635Z
208,10.1080/10826084.2024.2310501,serpapi_google_news,Q2_author_topic,"""Nagata"" ""Adolescent Brain Cognitive Development"" ""social media""",LiveNOW from FOX,https://www.livenowfox.com/news/adolescent-social-media-depression-study,Social media use triples depression symptoms for pre-teens: Study,,"05/23/2025, 07:00 AM, +0000 UTC",2026-05-09T03:58:46.807635Z
208,10.1080/10826084.2024.2310501,serpapi_google_news,Q2_author_topic,"""Nagata"" ""Adolescent Brain Cognitive Development"" ""social media""",MedPage Today,https://www.medpagetoday.com/pediatrics/generalpediatrics/119288,Teens Spend an Hour on Their Smartphones at School,,"01/05/2026, 08:00 AM, +0000 UTC",2026-05-09T03:58:46.807635Z
208,10.1080/10826084.2024.2310501,serpapi_google_news,Q2_author_topic,"""Nagata"" ""Adolescent Brain Cognitive Development"" ""social media""",Jang,https://jang.com.pk/en/49920-prolonged-social-media-use-may-reduce-intelligence-study-news,"Prolonged social media use may reduce intelligence, study",,"10/14/2025, 07:00 AM, +0000 UTC",2026-05-09T03:58:46.807635Z
208,10.1080/10826084.2024.2310501,serpapi_google_news,Q2_author_topic,"""Nagata"" ""Adolescent Brain Cognitive Development"" ""social media""",Contemporary Pediatrics,https://www.contemporarypediatrics.com/view/social-media-potentially-linked-to-depression-in-children,Social media potentially linked to depression in children,,"05/22/2025, 07:00 AM, +0000 UTC",2026-05-09T03:58:46.807635Z
208,10.1080/10826084.2024.2310501,serpapi_google_news,Q2_author_topic,"""Nagata"" ""Adolescent Brain Cognitive Development"" ""social media""",Science News,https://www.sciencenews.org/article/social-media-addictive-meta-youtube,"Social media is designed to be addictive, jury finds. Research links excessive use to mental harm",,"03/26/2026, 07:00 AM, +0000 UTC",2026-05-09T03:58:46.807635Z
208,10.1080/10826084.2024.2310501,serpapi_google_news,Q2_author_topic,"""Nagata"" ""Adolescent Brain Cognitive Development"" ""social media""",SciTechDaily,https://scitechdaily.com/excessive-screen-time-in-preteens-linked-to-suicidal-behavior/,Excessive Screen Time in Preteens Linked to Suicidal Behavior,,"03/11/2023, 08:00 AM, +0000 UTC",2026-05-09T03:58:46.807635Z
208,10.1080/10826084.2024.2310501,serpapi_google_news,Q2_author_topic,"""Nagata"" ""Adolescent Brain Cognitive Development"" ""social media""",Arab Times Kuwait News,https://www.arabtimesonline.com/news/kids-who-use-more-social-media-perform-worse-on-reading-and-memory-tests-study/,Kids who use more social media perform worse on reading and memory tests: study,,"10/14/2025, 07:00 AM, +0000 UTC",2026-05-09T03:58:46.807635Z
208,10.1080/10826084.2024.2310501,serpapi_google_news,Q3_title_fragment,"""Social Media Use and Alcohol Sipping""",Cambridge University Press & Assessment,https://www.cambridge.org/core/journals/development-and-psychopathology/article/psychopathology-as-dynamic-markers-of-alcohol-initiation-across-development-a-threeyear-longitudinal-examination/B00C5C08C90D40BB3BE75F420FD9E35C,Psychopathology as dynamic markers of alcohol initiation across development: A three-year longitudinal examination,,"03/20/2023, 07:00 AM, +0000 UTC",2026-05-09T03:58:47.379495Z
208,10.1080/10826084.2024.2310501,serpapi_google,Q4_eurekalert,"""Nagata"" ""social media"" site:eurekalert.org",https://www.eurekalert.org › news-releases,https://www.eurekalert.org/news-releases/1101286,Social media use trajectories and cognitive performance in ...,"Social media use trajectories and cognitive performance in adolescents ... Nagata, MD, MSc, email jason.nagata@ucsf.edu. To access the ...","Oct 13, 2025",2026-05-09T03:58:49.265532Z
208,10.1080/10826084.2024.2310501,serpapi_google,Q4_eurekalert,"""Nagata"" ""social media"" site:eurekalert.org",https://www.eurekalert.org › news-releases,https://www.eurekalert.org/news-releases/1065105,Social media linked to early substance use in US pre-teens,"Social media linked to early substance use in US pre-teens ... Nagata, MD, an associate professor of pediatrics at the University ...","Nov 15, 2024",2026-05-09T03:58:49.265532Z
208,10.1080/10826084.2024.2310501,serpapi_google,Q4_eurekalert,"""Nagata"" ""social media"" site:eurekalert.org",https://www.eurekalert.org › news-releases,https://www.eurekalert.org/news-releases/1111741,Study: Teens use cellphones for an hour a day at school,"Social media apps are the main content. The effect of state laws ... Jason Nagata, an associate professor of pediatrics at the University of ...","Jan 6, 2026",2026-05-09T03:58:49.265532Z
208,10.1080/10826084.2024.2310501,serpapi_google,Q4_eurekalert,"""Nagata"" ""social media"" site:eurekalert.org",https://www.eurekalert.org › news-releases,https://www.eurekalert.org/news-releases/1084464,Social media use and depressive symptoms during early ...,"Social media use and depressive symptoms during early adolescence ... Nagata, MD, email Jason.nagata@ucsf.edu. To access the embargoed ...","May 21, 2025",2026-05-09T03:58:49.265532Z
208,10.1080/10826084.2024.2310501,serpapi_google,Q4_eurekalert,"""Nagata"" ""social media"" site:eurekalert.org",https://www.eurekalert.org › news-releases,https://www.eurekalert.org/news-releases/990379,unveiling teen-friendly social media habits for optimal sleep,"... social media use in adolescence. Both advisories note potential ... Nagata, MD, assistant professor of pediatrics at the University of ...","May 24, 2023",2026-05-09T03:58:49.265532Z
208,10.1080/10826084.2024.2310501,serpapi_google,Q4_eurekalert,"""Nagata"" ""social media"" site:eurekalert.org",https://www.eurekalert.org › news-releases,https://www.eurekalert.org/news-releases/763232,Excessive social media use linked to binge eating in US ...,"Excessive social media use linked to binge eating in US preteens ... Nagata, MD, assistant professor of pediatrics at the University of ...","Mar 1, 2021",2026-05-09T03:58:49.265532Z
208,10.1080/10826084.2024.2310501,serpapi_google,Q4_eurekalert,"""Nagata"" ""social media"" site:eurekalert.org",https://www.eurekalert.org › news-releases,https://www.eurekalert.org/news-releases/1084461,"Yes, social media might be making kids depressed",... Nagata. “These findings provide evidence that social media may be contributing to the development of depressive symptoms.” While it's ...,"May 21, 2025",2026-05-09T03:58:49.265532Z
208,10.1080/10826084.2024.2310501,serpapi_google,Q4_eurekalert,"""Nagata"" ""social media"" site:eurekalert.org",https://www.eurekalert.org › news-releases,https://www.eurekalert.org/news-releases/1052053,Sleep and social media in tweens: Tips for better rest,"“Ensuring adolescents get enough sleep is vital, as it supports their physical and mental growth and development,” says lead author Jason Nagata ...","Jul 22, 2024",2026-05-09T03:58:49.265532Z
208,10.1080/10826084.2024.2310501,serpapi_google,Q4_eurekalert,"""Nagata"" ""social media"" site:eurekalert.org",https://www.eurekalert.org › news-releases,https://www.eurekalert.org/news-releases/938448,Parents underestimate teens' social media use during ...,"... social media and multi-player video games (versus texting, video ... Nagata, MD, assistant professor of pediatrics at the University of ...","Dec 17, 2021",2026-05-09T03:58:49.265532Z
208,10.1080/10826084.2024.2310501,serpapi_google,Q4_eurekalert,"""Nagata"" ""social media"" site:eurekalert.org",https://www.eurekalert.org › news-releases,https://www.eurekalert.org/news-releases/1074319,Screen time linked to bipolar and manic symptoms in U.S. ...,"The findings reveal that 10- to 11-year-olds who engage heavily with social media ... Nagata, MD, an associate professor of pediatrics at ...","Feb 20, 2025",2026-05-09T03:58:49.265532Z
215,10.1089/chi.2025.0022,serpapi_google_news,Q2_author_topic,"""Al-shoaibi"" ""Adolescent Brain Cognitive Development"" ""screen time""",Medscape,https://www.medscape.com/viewarticle/addictive-screen-use-not-total-time-linked-poor-mental-2025a1000gbs,"Addictive Screen Use, Not Total Time, Linked to Poor Mental Health in Teens",,"06/19/2025, 07:00 AM, +0000 UTC",2026-05-09T03:58:49.774665Z
215,10.1089/chi.2025.0022,serpapi_google_news,Q2_author_topic,"""Al-shoaibi"" ""Adolescent Brain Cognitive Development"" ""screen time""",Frontiers,https://www.frontiersin.org/journals/medicine/articles/10.3389/fmed.2026.1736060/full,Digital media use and cognitive networks in medical students: linking screen time with intelligence and academic performance,,"01/27/2026, 06:14 PM, +0000 UTC",2026-05-09T03:58:49.774665Z
215,10.1089/chi.2025.0022,serpapi_google_news,Q2_author_topic,"""Al-shoaibi"" ""Adolescent Brain Cognitive Development"" ""screen time""",News-Medical,https://www.news-medical.net/news/20250225/Excessive-screen-time-linked-to-manic-symptoms-in-teens.aspx,Excessive screen time linked to manic symptoms in teens,,"02/25/2025, 08:00 AM, +0000 UTC",2026-05-09T03:58:49.774665Z
215,10.1089/chi.2025.0022,serpapi_google_news,Q2_author_topic,"""Al-shoaibi"" ""Adolescent Brain Cognitive Development"" ""screen time""",Science News,https://www.sciencenews.org/article/screen-addiction-teens-mental-health,"Screen addiction affects teens’ mental health. How to spot it, and help",,"07/22/2025, 07:00 AM, +0000 UTC",2026-05-09T03:58:49.774665Z
215,10.1089/chi.2025.0022,serpapi_google_news,Q2_author_topic,"""Al-shoaibi"" ""Adolescent Brain Cognitive Development"" ""screen time""",Cureus,https://www.cureus.com/articles/432746-sleep-duration-quality-and-factors-affecting-sleep-health-among-young-people-in-the-california-bay-area-a-cross-sectional-study,"Sleep Duration, Quality, and Factors Affecting Sleep Health Among Young People in the California Bay Area: A Cross-Sectional Study",,"12/03/2025, 08:00 AM, +0000 UTC",2026-05-09T03:58:49.774665Z
215,10.1089/chi.2025.0022,serpapi_google_news,Q2_author_topic,"""Al-shoaibi"" ""Adolescent Brain Cognitive Development"" ""screen time""",Medical Dialogues,https://medicaldialogues.in/psychiatry/news/screen-time-linked-to-bipolar-and-manic-symptoms-in-preteens-suggests-study-143679,"Screen time linked to bipolar and manic symptoms in preteens, suggests study",,"02/21/2025, 08:00 AM, +0000 UTC",2026-05-09T03:58:49.774665Z
215,10.1089/chi.2025.0022,serpapi_google_news,Q2_author_topic,"""Al-shoaibi"" ""Adolescent Brain Cognitive Development"" ""screen time""",SciTechDaily,https://scitechdaily.com/unlocking-parental-powers-in-the-digital-battle-with-tweens/,Unlocking Parental Powers in the Digital Battle With Tweens,,"06/05/2024, 07:00 AM, +0000 UTC",2026-05-09T03:58:49.774665Z
215,10.1089/chi.2025.0022,serpapi_google_news,Q2_author_topic,"""Al-shoaibi"" ""Adolescent Brain Cognitive Development"" ""screen time""",Neuroscience News,https://neurosciencenews.com/social-media-teen-depression-29115/,"More Social Media, More Depression: Study Links Cause and Effect",,"05/22/2025, 07:00 AM, +0000 UTC",2026-05-09T03:58:49.774665Z
215,10.1089/chi.2025.0022,serpapi_google_news,Q2_author_topic,"""Al-shoaibi"" ""Adolescent Brain Cognitive Development"" ""screen time""",Frontiers,https://www.frontiersin.org/journals/psychology/articles/10.3389/fpsyg.2025.1649571/full,A systematic review on the eating behaviors of youth exceeding electronic device recommendations,,"08/29/2025, 03:51 PM, +0000 UTC",2026-05-09T03:58:49.774665Z
215,10.1089/chi.2025.0022,serpapi_google,Q4_eurekalert,"""Al-shoaibi"" ""screen time"" site:eurekalert.org",https://www.eurekalert.org › news-releases,https://www.eurekalert.org/news-releases/1046791,"Great news, parents: You do have power over your tweens' ...","""Screen time at bedtime displaces sleep time, which is essential for health and development in young adolescents,” Nagata said. “Parents can ...","Jun 5, 2024",2026-05-09T03:59:01.502679Z
287,10.1111/ajad.70135,serpapi_google_news,Q2_author_topic,"""Nagata"" ""Adolescent Brain Cognitive Development"" ""social media""",NPR,https://www.npr.org/sections/shots-health-news/2025/10/13/nx-s1-5571050/social-media-teens-brains-reading-memory,"Kids who use social media score lower on reading and memory tests, a study shows",,"10/13/2025, 07:00 AM, +0000 UTC",2026-05-09T03:59:02.781129Z
287,10.1111/ajad.70135,serpapi_google_news,Q2_author_topic,"""Nagata"" ""Adolescent Brain Cognitive Development"" ""social media""",PsyPost,https://www.psypost.org/more-time-spent-on-social-media-is-linked-to-a-thinner-cerebral-cortex-in-young-adolescents/,More time spent on social media is linked to a thinner cerebral cortex in young adolescents,,"04/15/2026, 07:00 AM, +0000 UTC",2026-05-09T03:59:02.781129Z
287,10.1111/ajad.70135,serpapi_google_news,Q2_author_topic,"""Nagata"" ""Adolescent Brain Cognitive Development"" ""social media""",MedPage Today,https://www.medpagetoday.com/pediatrics/generalpediatrics/117911,Increasing Social Media Use in Preteens May Be Hurting Cognition Too,,"10/13/2025, 07:00 AM, +0000 UTC",2026-05-09T03:59:02.781129Z
287,10.1111/ajad.70135,serpapi_google_news,Q2_author_topic,"""Nagata"" ""Adolescent Brain Cognitive Development"" ""social media""",Medical Xpress,https://medicalxpress.com/news/2026-01-teens-cellphones-hour-day-school.html,"Teens use cellphones for an hour a day at school, study finds",,"01/10/2026, 08:00 AM, +0000 UTC",2026-05-09T03:59:02.781129Z
287,10.1111/ajad.70135,serpapi_google_news,Q2_author_topic,"""Nagata"" ""Adolescent Brain Cognitive Development"" ""social media""",the Manitoban,https://themanitoban.com/2025/11/social-media-use-linked-to-cognitive-decline-in-youth/51082/,Social media use linked to cognitive decline in youth,,"11/26/2025, 08:00 AM, +0000 UTC",2026-05-09T03:59:02.781129Z
287,10.1111/ajad.70135,serpapi_google_news,Q2_author_topic,"""Nagata"" ""Adolescent Brain Cognitive Development"" ""social media""",U.S. News & World Report,https://www.usnews.com/news/health-news/articles/2025-10-14/social-media-might-stunt-students-intellect-study-says,"Social Media Might Stunt Students' Intellect, Study Says",,"10/14/2025, 07:00 AM, +0000 UTC",2026-05-09T03:59:02.781129Z
287,10.1111/ajad.70135,serpapi_google_news,Q2_author_topic,"""Nagata"" ""Adolescent Brain Cognitive Development"" ""social media""",Contemporary Pediatrics,https://www.contemporarypediatrics.com/view/jason-nagata-md-msc-highlights-frequent-teen-smartphone-use-during-school-hours,"Jason Nagata, MD, MSc, highlights frequent teen smartphone use during school hours",,"01/19/2026, 08:00 AM, +0000 UTC",2026-05-09T03:59:02.781129Z
287,10.1111/ajad.70135,serpapi_google_news,Q2_author_topic,"""Nagata"" ""Adolescent Brain Cognitive Development"" ""social media""",Education Week,https://www.edweek.org/leadership/kids-social-media-use-linked-to-lower-reading-and-memory-scores-study-suggests/2025/10,"Kids’ Social Media Use Linked to Lower Reading and Memory Scores, Study Suggests",,"10/17/2025, 07:00 AM, +0000 UTC",2026-05-09T03:59:02.781129Z
287,10.1111/ajad.70135,serpapi_google_news,Q2_author_topic,"""Nagata"" ""Adolescent Brain Cognitive Development"" ""social media""",The Washington Post,https://www.washingtonpost.com/lifestyle/2025/06/11/social-media-use-depression-tweens/,New study shows social media use predicted future depression in tweens,,"06/11/2025, 07:00 AM, +0000 UTC",2026-05-09T03:59:02.781129Z
287,10.1111/ajad.70135,serpapi_google_news,Q2_author_topic,"""Nagata"" ""Adolescent Brain Cognitive Development"" ""social media""",LiveNOW from FOX,https://www.livenowfox.com/news/adolescent-social-media-depression-study,Social media use triples depression symptoms for pre-teens: Study,,"05/23/2025, 07:00 AM, +0000 UTC",2026-05-09T03:59:02.781129Z
287,10.1111/ajad.70135,serpapi_google_news,Q2_author_topic,"""Nagata"" ""Adolescent Brain Cognitive Development"" ""social media""",MedPage Today,https://www.medpagetoday.com/pediatrics/generalpediatrics/119288,Teens Spend an Hour on Their Smartphones at School,,"01/05/2026, 08:00 AM, +0000 UTC",2026-05-09T03:59:02.781129Z
287,10.1111/ajad.70135,serpapi_google_news,Q2_author_topic,"""Nagata"" ""Adolescent Brain Cognitive Development"" ""social media""",Jang,https://jang.com.pk/en/49920-prolonged-social-media-use-may-reduce-intelligence-study-news,"Prolonged social media use may reduce intelligence, study",,"10/14/2025, 07:00 AM, +0000 UTC",2026-05-09T03:59:02.781129Z
287,10.1111/ajad.70135,serpapi_google_news,Q2_author_topic,"""Nagata"" ""Adolescent Brain Cognitive Development"" ""social media""",Contemporary Pediatrics,https://www.contemporarypediatrics.com/view/social-media-potentially-linked-to-depression-in-children,Social media potentially linked to depression in children,,"05/22/2025, 07:00 AM, +0000 UTC",2026-05-09T03:59:02.781129Z
287,10.1111/ajad.70135,serpapi_google_news,Q2_author_topic,"""Nagata"" ""Adolescent Brain Cognitive Development"" ""social media""",Science News,https://www.sciencenews.org/article/social-media-addictive-meta-youtube,"Social media is designed to be addictive, jury finds. Research links excessive use to mental harm",,"03/26/2026, 07:00 AM, +0000 UTC",2026-05-09T03:59:02.781129Z
287,10.1111/ajad.70135,serpapi_google_news,Q2_author_topic,"""Nagata"" ""Adolescent Brain Cognitive Development"" ""social media""",SciTechDaily,https://scitechdaily.com/excessive-screen-time-in-preteens-linked-to-suicidal-behavior/,Excessive Screen Time in Preteens Linked to Suicidal Behavior,,"03/11/2023, 08:00 AM, +0000 UTC",2026-05-09T03:59:02.781129Z
287,10.1111/ajad.70135,serpapi_google_news,Q2_author_topic,"""Nagata"" ""Adolescent Brain Cognitive Development"" ""social media""",Arab Times Kuwait News,https://www.arabtimesonline.com/news/kids-who-use-more-social-media-perform-worse-on-reading-and-memory-tests-study/,Kids who use more social media perform worse on reading and memory tests: study,,"10/14/2025, 07:00 AM, +0000 UTC",2026-05-09T03:59:02.781129Z
287,10.1111/ajad.70135,serpapi_google,Q4_eurekalert,"""Nagata"" ""social media"" site:eurekalert.org",https://www.eurekalert.org › news-releases,https://www.eurekalert.org/news-releases/1101286,Social media use trajectories and cognitive performance in ...,"Social media use trajectories and cognitive performance in adolescents ... Nagata, MD, MSc, email jason.nagata@ucsf.edu. To access the ...","Oct 13, 2025",2026-05-09T03:59:14.301703Z
287,10.1111/ajad.70135,serpapi_google,Q4_eurekalert,"""Nagata"" ""social media"" site:eurekalert.org",https://www.eurekalert.org › news-releases,https://www.eurekalert.org/news-releases/1065105,Social media linked to early substance use in US pre-teens,"Social media linked to early substance use in US pre-teens ... Nagata, MD, an associate professor of pediatrics at the University ...","Nov 15, 2024",2026-05-09T03:59:14.301703Z
287,10.1111/ajad.70135,serpapi_google,Q4_eurekalert,"""Nagata"" ""social media"" site:eurekalert.org",https://www.eurekalert.org › news-releases,https://www.eurekalert.org/news-releases/1111741,Study: Teens use cellphones for an hour a day at school,"Social media apps are the main content. The effect of state laws ... Jason Nagata, an associate professor of pediatrics at the University of ...","Jan 6, 2026",2026-05-09T03:59:14.301703Z
287,10.1111/ajad.70135,serpapi_google,Q4_eurekalert,"""Nagata"" ""social media"" site:eurekalert.org",https://www.eurekalert.org › news-releases,https://www.eurekalert.org/news-releases/1084464,Social media use and depressive symptoms during early ...,"Social media use and depressive symptoms during early adolescence ... Nagata, MD, email Jason.nagata@ucsf.edu. To access the embargoed ...","May 21, 2025",2026-05-09T03:59:14.301703Z
287,10.1111/ajad.70135,serpapi_google,Q4_eurekalert,"""Nagata"" ""social media"" site:eurekalert.org",https://www.eurekalert.org › news-releases,https://www.eurekalert.org/news-releases/990379,unveiling teen-friendly social media habits for optimal sleep,"... social media use in adolescence. Both advisories note potential ... Nagata, MD, assistant professor of pediatrics at the University of ...","May 24, 2023",2026-05-09T03:59:14.301703Z
287,10.1111/ajad.70135,serpapi_google,Q4_eurekalert,"""Nagata"" ""social media"" site:eurekalert.org",https://www.eurekalert.org › news-releases,https://www.eurekalert.org/news-releases/763232,Excessive social media use linked to binge eating in US ...,"Excessive social media use linked to binge eating in US preteens ... Nagata, MD, assistant professor of pediatrics at the University of ...","Mar 1, 2021",2026-05-09T03:59:14.301703Z
287,10.1111/ajad.70135,serpapi_google,Q4_eurekalert,"""Nagata"" ""social media"" site:eurekalert.org",https://www.eurekalert.org › news-releases,https://www.eurekalert.org/news-releases/1084461,"Yes, social media might be making kids depressed",... Nagata. “These findings provide evidence that social media may be contributing to the development of depressive symptoms.” While it's ...,"May 21, 2025",2026-05-09T03:59:14.301703Z
287,10.1111/ajad.70135,serpapi_google,Q4_eurekalert,"""Nagata"" ""social media"" site:eurekalert.org",https://www.eurekalert.org › news-releases,https://www.eurekalert.org/news-releases/1052053,Sleep and social media in tweens: Tips for better rest,"“Ensuring adolescents get enough sleep is vital, as it supports their physical and mental growth and development,” says lead author Jason Nagata ...","Jul 22, 2024",2026-05-09T03:59:14.301703Z
287,10.1111/ajad.70135,serpapi_google,Q4_eurekalert,"""Nagata"" ""social media"" site:eurekalert.org",https://www.eurekalert.org › news-releases,https://www.eurekalert.org/news-releases/938448,Parents underestimate teens' social media use during ...,"... social media and multi-player video games (versus texting, video ... Nagata, MD, assistant professor of pediatrics at the University of ...","Dec 17, 2021",2026-05-09T03:59:14.301703Z
287,10.1111/ajad.70135,serpapi_google,Q4_eurekalert,"""Nagata"" ""social media"" site:eurekalert.org",https://www.eurekalert.org › news-releases,https://www.eurekalert.org/news-releases/1074319,Screen time linked to bipolar and manic symptoms in U.S. ...,"The findings reveal that 10- to 11-year-olds who engage heavily with social media ... Nagata, MD, an associate professor of pediatrics at ...","Feb 20, 2025",2026-05-09T03:59:14.301703Z
289,10.1111/apa.16253,serpapi_google_news,Q3_title_fragment,"""Parental psychological problems were associated with""",Frontiers,https://www.frontiersin.org/journals/psychology/articles/10.3389/fpsyg.2025.1699094/full,From stress to screen: family factors on the path to problematic media use in children aged 4–11,,"12/18/2025, 08:00 AM, +0000 UTC",2026-05-09T03:59:26.222702Z
289,10.1111/apa.16253,serpapi_google,Q4_eurekalert,"""Pulkki‐Råback"" ""screen time"" site:eurekalert.org",https://www.eurekalert.org › news-releases,https://www.eurekalert.org/news-releases/937349,"Computer-, smartphone-based treatments effective at ...","Computer- and smartphone-based treatments appear to be effective in reducing symptoms of depression, and while it remains unclear whether ...","Dec 13, 2021",2026-05-09T03:59:28.580363Z
295,10.1111/cdev.13578,serpapi_google_news,Q3_title_fragment,"""Extracurricular Activities, Screen Media Activity, and""",Nature,https://www.nature.com/articles/s41598-023-50767-0,Associations between screen viewing at 2 and 3.5 years and drawing ability at 3.5 years among children from the French nationwide Elfe birth cohort | Scientific Reports,,"01/03/2024, 08:00 AM, +0000 UTC",2026-05-09T03:59:30.088373Z
295,10.1111/cdev.13578,serpapi_google_news,Q3_title_fragment,"""Extracurricular Activities, Screen Media Activity, and""",Nature,https://www.nature.com/articles/s41398-025-03467-4,Neural correlates differ between crystallized and fluid intelligence in adolescents | Translational Psychiatry,,"07/17/2025, 07:00 AM, +0000 UTC",2026-05-09T03:59:30.088373Z
295,10.1111/cdev.13578,serpapi_google_news,Q3_title_fragment,"""Extracurricular Activities, Screen Media Activity, and""",Nature,https://www.nature.com/articles/s41398-023-02502-6,Generalizable prediction of childhood ADHD symptoms from neurocognitive testing and youth characteristics,,"06/24/2023, 07:00 AM, +0000 UTC",2026-05-09T03:59:30.088373Z
302,10.1111/ijpo.12827,serpapi_google_news,Q2_author_topic,"""Nagata"" ""Adolescent Brain Cognitive Development"" ""screen time""",MedPage Today,https://www.medpagetoday.com/pediatrics/generalpediatrics/117911,Increasing Social Media Use in Preteens May Be Hurting Cognition Too,,"10/13/2025, 07:00 AM, +0000 UTC",2026-05-09T03:59:32.358815Z
302,10.1111/ijpo.12827,serpapi_google_news,Q2_author_topic,"""Nagata"" ""Adolescent Brain Cognitive Development"" ""screen time""",the Manitoban,https://themanitoban.com/2025/11/social-media-use-linked-to-cognitive-decline-in-youth/51082/,Social media use linked to cognitive decline in youth,,"11/26/2025, 08:00 AM, +0000 UTC",2026-05-09T03:59:32.358815Z
302,10.1111/ijpo.12827,serpapi_google_news,Q2_author_topic,"""Nagata"" ""Adolescent Brain Cognitive Development"" ""screen time""",LiveNOW from FOX,https://www.livenowfox.com/news/excessive-screen-time-manic-symptoms-kids-study,"Excessive screen time linked to manic symptoms in kids, study finds",,"03/05/2025, 08:00 AM, +0000 UTC",2026-05-09T03:59:32.358815Z
302,10.1111/ijpo.12827,serpapi_google_news,Q2_author_topic,"""Nagata"" ""Adolescent Brain Cognitive Development"" ""screen time""",Medical Xpress,https://medicalxpress.com/news/2024-10-screen-depression-anxiety-year-olds.html,"Screen time tied to depression, anxiety in 9- and 10-year-olds",,"10/07/2024, 07:00 AM, +0000 UTC",2026-05-09T03:59:32.358815Z
302,10.1111/ijpo.12827,serpapi_google_news,Q2_author_topic,"""Nagata"" ""Adolescent Brain Cognitive Development"" ""screen time""",News-Medical,https://www.news-medical.net/news/20260212/Addictive-screen-habits-harm-early-adolescent-mental-health.aspx,Addictive screen habits harm early adolescent mental health,,"02/12/2026, 08:00 AM, +0000 UTC",2026-05-09T03:59:32.358815Z
302,10.1111/ijpo.12827,serpapi_google_news,Q2_author_topic,"""Nagata"" ""Adolescent Brain Cognitive Development"" ""screen time""",SciTechDaily,https://scitechdaily.com/excessive-screen-time-in-preteens-linked-to-suicidal-behavior/,Excessive Screen Time in Preteens Linked to Suicidal Behavior,,"03/11/2023, 08:00 AM, +0000 UTC",2026-05-09T03:59:32.358815Z
302,10.1111/ijpo.12827,serpapi_google_news,Q2_author_topic,"""Nagata"" ""Adolescent Brain Cognitive Development"" ""screen time""",NPR,https://www.npr.org/sections/shots-health-news/2025/06/18/nx-s1-5436951/jama-screens-teens-addiction-suicide-abcd,"Screen addiction and suicidal behaviors are linked for teens, a study shows : Shots - Health News",,"06/18/2025, 07:00 AM, +0000 UTC",2026-05-09T03:59:32.358815Z
302,10.1111/ijpo.12827,serpapi_google_news,Q2_author_topic,"""Nagata"" ""Adolescent Brain Cognitive Development"" ""screen time""",PsyPost,https://www.psypost.org/more-time-spent-on-social-media-is-linked-to-a-thinner-cerebral-cortex-in-young-adolescents/,More time spent on social media is linked to a thinner cerebral cortex in young adolescents,,"04/15/2026, 07:00 AM, +0000 UTC",2026-05-09T03:59:32.358815Z
302,10.1111/ijpo.12827,serpapi_google_news,Q2_author_topic,"""Nagata"" ""Adolescent Brain Cognitive Development"" ""screen time""",MedPage Today,https://www.medpagetoday.com/pediatrics/generalpediatrics/119288,Teens Spend an Hour on Their Smartphones at School,,"01/05/2026, 08:00 AM, +0000 UTC",2026-05-09T03:59:32.358815Z
302,10.1111/ijpo.12827,serpapi_google_news,Q2_author_topic,"""Nagata"" ""Adolescent Brain Cognitive Development"" ""screen time""",Medical Xpress,https://medicalxpress.com/news/2025-02-screen-linked-bipolar-manic-symptoms.html,Screen time linked to bipolar and manic symptoms in U.S. preteens,,"02/20/2025, 08:00 AM, +0000 UTC",2026-05-09T03:59:32.358815Z
302,10.1111/ijpo.12827,serpapi_google_news,Q2_author_topic,"""Nagata"" ""Adolescent Brain Cognitive Development"" ""screen time""",PsyPost,https://www.psypost.org/three-types-of-screen-time-linked-to-substance-experimentation-in-early-adolescents/,Three types of screen time linked to substance experimentation in early adolescents,,"01/10/2025, 08:00 AM, +0000 UTC",2026-05-09T03:59:32.358815Z
302,10.1111/ijpo.12827,serpapi_google_news,Q2_author_topic,"""Nagata"" ""Adolescent Brain Cognitive Development"" ""screen time""",Medical Xpress,https://medicalxpress.com/news/2024-05-transgender-preteens-hours-daily-screen.html,Transgender preteens report 13 hours of daily screen time,,"05/13/2024, 07:00 AM, +0000 UTC",2026-05-09T03:59:32.358815Z
302,10.1111/ijpo.12827,serpapi_google_news,Q2_author_topic,"""Nagata"" ""Adolescent Brain Cognitive Development"" ""screen time""",Medical Xpress,https://medicalxpress.com/news/2023-03-gay-lesbian-bisexual-preteens-hours.html,"Gay, lesbian, bisexual preteens spend 4 more hours on screens daily, finds study",,"03/31/2023, 07:00 AM, +0000 UTC",2026-05-09T03:59:32.358815Z
302,10.1111/ijpo.12827,serpapi_google_news,Q3_title_fragment,"""Contemporary screen time usage among children""",Medical Xpress,https://medicalxpress.com/news/2021-06-excessive-screen-linked-obesity-preteen.html,Excessive screen time linked to obesity in US preteen,,"06/28/2021, 07:00 AM, +0000 UTC",2026-05-09T03:59:32.936884Z
302,10.1111/ijpo.12827,serpapi_google_news,Q3_title_fragment,"""Contemporary screen time usage among children""",Medical Dialogues,https://medicaldialogues.in/pediatrics-neonatology/news/increased-screen-time-linked-to-weight-gain-in-children-study-79377,Increased screen time linked to weight gain in children: Study,,"07/05/2021, 07:00 AM, +0000 UTC",2026-05-09T03:59:32.936884Z
302,10.1111/ijpo.12827,serpapi_google,Q4_eurekalert,"""Nagata"" ""screen time"" site:eurekalert.org",https://www.eurekalert.org › news-releases,https://www.eurekalert.org/news-releases/981045,Excessive screen time linked to suicidal behaviors in US ...,"Excessive screen time linked to suicidal behaviors in US preteens ... Nagata, MD, assistant professor of pediatrics at the University of ...","Feb 27, 2023",2026-05-09T03:59:36.867171Z
302,10.1111/ijpo.12827,serpapi_google,Q4_eurekalert,"""Nagata"" ""screen time"" site:eurekalert.org",https://www.eurekalert.org › news-releases,https://www.eurekalert.org/news-releases/1074319,Screen time linked to bipolar and manic symptoms in U.S. ...,"“Screen addictions and irregular sleep patterns may exacerbate manic symptoms in susceptible teens,” said Nagata. The study adds to the wealth ...","Feb 20, 2025",2026-05-09T03:59:36.867171Z
302,10.1111/ijpo.12827,serpapi_google,Q4_eurekalert,"""Nagata"" ""screen time"" site:eurekalert.org",https://www.eurekalert.org › news-releases,https://www.eurekalert.org/news-releases/1111741,Study: Teens use cellphones for an hour a day at school,"Teens are not always accurate reporters of their own screen time. Objective smartphone data gives us a clearer picture of actual use,” Nagata ...","Jan 6, 2026",2026-05-09T03:59:36.867171Z
302,10.1111/ijpo.12827,serpapi_google,Q4_eurekalert,"""Nagata"" ""screen time"" site:eurekalert.org",https://www.eurekalert.org › news-releases,https://www.eurekalert.org/news-releases/1072583,How parents can protect children from mature and adult ...,"“One key factor in a child's exposure to mature content is how much screen time their parents use,” says Nagata. “Children often model their ...","Feb 5, 2025",2026-05-09T03:59:36.867171Z
302,10.1111/ijpo.12827,serpapi_google,Q4_eurekalert,"""Nagata"" ""screen time"" site:eurekalert.org",https://www.eurekalert.org › news-releases,https://www.eurekalert.org/news-releases/933424,Adolescents' recreational screen time doubled during ...,"Excessive screen use in adolescents also is associated with weight gain and binge eating, Nagata noted: “Screen time lends itself to more ...","Nov 1, 2021",2026-05-09T03:59:36.867171Z
302,10.1111/ijpo.12827,serpapi_google,Q4_eurekalert,"""Nagata"" ""screen time"" site:eurekalert.org",https://www.eurekalert.org › news-releases,https://www.eurekalert.org/news-releases/1060422,"For preteens, more screen time is tied to depression, ...",Nagata said parents can play an essential role in helping to mitigate the negative effects of excessive screen time. “The American Academy of ...,"Oct 7, 2024",2026-05-09T03:59:36.867171Z
302,10.1111/ijpo.12827,serpapi_google,Q4_eurekalert,"""Nagata"" ""screen time"" site:eurekalert.org",https://www.eurekalert.org › news-releases,https://www.eurekalert.org/news-releases/753397,Excessive screen time linked to obesity in US preteen,"Parents should regularly talk to their children about screen-time usage and develop a family media use plan,"" said Nagata. ###. Nagata, JM, Iyer ...","Jun 28, 2021",2026-05-09T03:59:36.867171Z
302,10.1111/ijpo.12827,serpapi_google,Q4_eurekalert,"""Nagata"" ""screen time"" site:eurekalert.org",https://www.eurekalert.org › news-releases,https://www.eurekalert.org/news-releases/973956,Screen time linked to OCD in U.S. preteens,"In July, Nagata and his colleagues discovered excessive screen time was linked to disruptive behavior disorders in 9-11 year olds, though ...","Dec 12, 2022",2026-05-09T03:59:36.867171Z
302,10.1111/ijpo.12827,serpapi_google,Q4_eurekalert,"""Nagata"" ""screen time"" site:eurekalert.org",https://www.eurekalert.org › news-releases,https://www.eurekalert.org/news-releases/1057483,Screen time and social media use linked to eating disorder ...,"Screen time and social media use linked to eating disorder symptoms in young adolescents ... Nagata, MD, an associate professor of pediatrics at ...","Sep 10, 2024",2026-05-09T03:59:36.867171Z
302,10.1111/ijpo.12827,serpapi_google,Q4_eurekalert,"""Nagata"" ""screen time"" site:eurekalert.org",https://www.eurekalert.org › news-releases,https://www.eurekalert.org/news-releases/1046791,"Great news, parents: You do have power over your tweens' ...","""Screen time at bedtime displaces sleep time, which is essential for health and development in young adolescents,” Nagata said. “Parents can ...","Jun 5, 2024",2026-05-09T03:59:36.867171Z
304,10.1111/jcpp.13673,serpapi_google_news,Q2_author_topic,"""Nagata"" ""Adolescent Brain Cognitive Development"" ""screen time""",MedPage Today,https://www.medpagetoday.com/pediatrics/generalpediatrics/117911,Increasing Social Media Use in Preteens May Be Hurting Cognition Too,,"10/13/2025, 07:00 AM, +0000 UTC",2026-05-09T03:59:37.377942Z
304,10.1111/jcpp.13673,serpapi_google_news,Q2_author_topic,"""Nagata"" ""Adolescent Brain Cognitive Development"" ""screen time""",the Manitoban,https://themanitoban.com/2025/11/social-media-use-linked-to-cognitive-decline-in-youth/51082/,Social media use linked to cognitive decline in youth,,"11/26/2025, 08:00 AM, +0000 UTC",2026-05-09T03:59:37.377942Z
304,10.1111/jcpp.13673,serpapi_google_news,Q2_author_topic,"""Nagata"" ""Adolescent Brain Cognitive Development"" ""screen time""",LiveNOW from FOX,https://www.livenowfox.com/news/excessive-screen-time-manic-symptoms-kids-study,"Excessive screen time linked to manic symptoms in kids, study finds",,"03/05/2025, 08:00 AM, +0000 UTC",2026-05-09T03:59:37.377942Z
304,10.1111/jcpp.13673,serpapi_google_news,Q2_author_topic,"""Nagata"" ""Adolescent Brain Cognitive Development"" ""screen time""",Medical Xpress,https://medicalxpress.com/news/2024-10-screen-depression-anxiety-year-olds.html,"Screen time tied to depression, anxiety in 9- and 10-year-olds",,"10/07/2024, 07:00 AM, +0000 UTC",2026-05-09T03:59:37.377942Z
304,10.1111/jcpp.13673,serpapi_google_news,Q2_author_topic,"""Nagata"" ""Adolescent Brain Cognitive Development"" ""screen time""",News-Medical,https://www.news-medical.net/news/20260212/Addictive-screen-habits-harm-early-adolescent-mental-health.aspx,Addictive screen habits harm early adolescent mental health,,"02/12/2026, 08:00 AM, +0000 UTC",2026-05-09T03:59:37.377942Z
304,10.1111/jcpp.13673,serpapi_google_news,Q2_author_topic,"""Nagata"" ""Adolescent Brain Cognitive Development"" ""screen time""",SciTechDaily,https://scitechdaily.com/excessive-screen-time-in-preteens-linked-to-suicidal-behavior/,Excessive Screen Time in Preteens Linked to Suicidal Behavior,,"03/11/2023, 08:00 AM, +0000 UTC",2026-05-09T03:59:37.377942Z
304,10.1111/jcpp.13673,serpapi_google_news,Q2_author_topic,"""Nagata"" ""Adolescent Brain Cognitive Development"" ""screen time""",NPR,https://www.npr.org/sections/shots-health-news/2025/06/18/nx-s1-5436951/jama-screens-teens-addiction-suicide-abcd,"Screen addiction and suicidal behaviors are linked for teens, a study shows : Shots - Health News",,"06/18/2025, 07:00 AM, +0000 UTC",2026-05-09T03:59:37.377942Z
304,10.1111/jcpp.13673,serpapi_google_news,Q2_author_topic,"""Nagata"" ""Adolescent Brain Cognitive Development"" ""screen time""",PsyPost,https://www.psypost.org/more-time-spent-on-social-media-is-linked-to-a-thinner-cerebral-cortex-in-young-adolescents/,More time spent on social media is linked to a thinner cerebral cortex in young adolescents,,"04/15/2026, 07:00 AM, +0000 UTC",2026-05-09T03:59:37.377942Z
304,10.1111/jcpp.13673,serpapi_google_news,Q2_author_topic,"""Nagata"" ""Adolescent Brain Cognitive Development"" ""screen time""",MedPage Today,https://www.medpagetoday.com/pediatrics/generalpediatrics/119288,Teens Spend an Hour on Their Smartphones at School,,"01/05/2026, 08:00 AM, +0000 UTC",2026-05-09T03:59:37.377942Z
304,10.1111/jcpp.13673,serpapi_google_news,Q2_author_topic,"""Nagata"" ""Adolescent Brain Cognitive Development"" ""screen time""",Medical Xpress,https://medicalxpress.com/news/2025-02-screen-linked-bipolar-manic-symptoms.html,Screen time linked to bipolar and manic symptoms in U.S. preteens,,"02/20/2025, 08:00 AM, +0000 UTC",2026-05-09T03:59:37.377942Z
304,10.1111/jcpp.13673,serpapi_google_news,Q2_author_topic,"""Nagata"" ""Adolescent Brain Cognitive Development"" ""screen time""",PsyPost,https://www.psypost.org/three-types-of-screen-time-linked-to-substance-experimentation-in-early-adolescents/,Three types of screen time linked to substance experimentation in early adolescents,,"01/10/2025, 08:00 AM, +0000 UTC",2026-05-09T03:59:37.377942Z
304,10.1111/jcpp.13673,serpapi_google_news,Q2_author_topic,"""Nagata"" ""Adolescent Brain Cognitive Development"" ""screen time""",Medical Xpress,https://medicalxpress.com/news/2024-05-transgender-preteens-hours-daily-screen.html,Transgender preteens report 13 hours of daily screen time,,"05/13/2024, 07:00 AM, +0000 UTC",2026-05-09T03:59:37.377942Z
304,10.1111/jcpp.13673,serpapi_google_news,Q2_author_topic,"""Nagata"" ""Adolescent Brain Cognitive Development"" ""screen time""",Medical Xpress,https://medicalxpress.com/news/2023-03-gay-lesbian-bisexual-preteens-hours.html,"Gay, lesbian, bisexual preteens spend 4 more hours on screens daily, finds study",,"03/31/2023, 07:00 AM, +0000 UTC",2026-05-09T03:59:37.377942Z
304,10.1111/jcpp.13673,serpapi_google_news,Q3_title_fragment,"""Contemporary screen time modalities and disruptive""",Nature,https://www.nature.com/articles/s41598-023-44105-7,"Screen time, impulsivity, neuropsychological functions and their relationship to growth in adolescent attention-deficit/hyperactivity disorder symptoms | Scientific Reports",,"10/23/2023, 07:00 AM, +0000 UTC",2026-05-09T03:59:37.953325Z
304,10.1111/jcpp.13673,serpapi_google,Q4_eurekalert,"""Nagata"" ""screen time"" site:eurekalert.org",https://www.eurekalert.org › news-releases,https://www.eurekalert.org/news-releases/981045,Excessive screen time linked to suicidal behaviors in US ...,"Excessive screen time linked to suicidal behaviors in US preteens ... Nagata, MD, assistant professor of pediatrics at the University of ...","Feb 27, 2023",2026-05-09T03:59:40.469566Z
304,10.1111/jcpp.13673,serpapi_google,Q4_eurekalert,"""Nagata"" ""screen time"" site:eurekalert.org",https://www.eurekalert.org › news-releases,https://www.eurekalert.org/news-releases/1074319,Screen time linked to bipolar and manic symptoms in U.S. ...,"“Screen addictions and irregular sleep patterns may exacerbate manic symptoms in susceptible teens,” said Nagata. The study adds to the wealth ...","Feb 20, 2025",2026-05-09T03:59:40.469566Z
304,10.1111/jcpp.13673,serpapi_google,Q4_eurekalert,"""Nagata"" ""screen time"" site:eurekalert.org",https://www.eurekalert.org › news-releases,https://www.eurekalert.org/news-releases/1111741,Study: Teens use cellphones for an hour a day at school,"Teens are not always accurate reporters of their own screen time. Objective smartphone data gives us a clearer picture of actual use,” Nagata ...","Jan 6, 2026",2026-05-09T03:59:40.469566Z
304,10.1111/jcpp.13673,serpapi_google,Q4_eurekalert,"""Nagata"" ""screen time"" site:eurekalert.org",https://www.eurekalert.org › news-releases,https://www.eurekalert.org/news-releases/1072583,How parents can protect children from mature and adult ...,"“One key factor in a child's exposure to mature content is how much screen time their parents use,” says Nagata. “Children often model their ...","Feb 5, 2025",2026-05-09T03:59:40.469566Z
304,10.1111/jcpp.13673,serpapi_google,Q4_eurekalert,"""Nagata"" ""screen time"" site:eurekalert.org",https://www.eurekalert.org › news-releases,https://www.eurekalert.org/news-releases/933424,Adolescents' recreational screen time doubled during ...,"Excessive screen use in adolescents also is associated with weight gain and binge eating, Nagata noted: “Screen time lends itself to more ...","Nov 1, 2021",2026-05-09T03:59:40.469566Z
304,10.1111/jcpp.13673,serpapi_google,Q4_eurekalert,"""Nagata"" ""screen time"" site:eurekalert.org",https://www.eurekalert.org › news-releases,https://www.eurekalert.org/news-releases/1060422,"For preteens, more screen time is tied to depression, ...",Nagata said parents can play an essential role in helping to mitigate the negative effects of excessive screen time. “The American Academy of ...,"Oct 7, 2024",2026-05-09T03:59:40.469566Z
304,10.1111/jcpp.13673,serpapi_google,Q4_eurekalert,"""Nagata"" ""screen time"" site:eurekalert.org",https://www.eurekalert.org › news-releases,https://www.eurekalert.org/news-releases/753397,Excessive screen time linked to obesity in US preteen,"Parents should regularly talk to their children about screen-time usage and develop a family media use plan,"" said Nagata. ###. Nagata, JM, Iyer ...","Jun 28, 2021",2026-05-09T03:59:40.469566Z
304,10.1111/jcpp.13673,serpapi_google,Q4_eurekalert,"""Nagata"" ""screen time"" site:eurekalert.org",https://www.eurekalert.org › news-releases,https://www.eurekalert.org/news-releases/973956,Screen time linked to OCD in U.S. preteens,"In July, Nagata and his colleagues discovered excessive screen time was linked to disruptive behavior disorders in 9-11 year olds, though ...","Dec 12, 2022",2026-05-09T03:59:40.469566Z
304,10.1111/jcpp.13673,serpapi_google,Q4_eurekalert,"""Nagata"" ""screen time"" site:eurekalert.org",https://www.eurekalert.org › news-releases,https://www.eurekalert.org/news-releases/1057483,Screen time and social media use linked to eating disorder ...,"Screen time and social media use linked to eating disorder symptoms in young adolescents ... Nagata, MD, an associate professor of pediatrics at ...","Sep 10, 2024",2026-05-09T03:59:40.469566Z
304,10.1111/jcpp.13673,serpapi_google,Q4_eurekalert,"""Nagata"" ""screen time"" site:eurekalert.org",https://www.eurekalert.org › news-releases,https://www.eurekalert.org/news-releases/1046791,"Great news, parents: You do have power over your tweens' ...","""Screen time at bedtime displaces sleep time, which is essential for health and development in young adolescents,” Nagata said. “Parents can ...","Jun 5, 2024",2026-05-09T03:59:40.469566Z
310,10.1111/jora.70125,serpapi_google_news,Q2_author_topic,"""Carvalho"" ""Adolescent Brain Cognitive Development"" ""social media""",UGA Today,https://news.uga.edu/social-media-impacts-kids/,Frequent social media use could impact child development,,"03/25/2026, 07:00 AM, +0000 UTC",2026-05-09T03:59:40.968805Z
310,10.1111/jora.70125,serpapi_google_news,Q2_author_topic,"""Carvalho"" ""Adolescent Brain Cognitive Development"" ""social media""",Yahoo,https://www.yahoo.com/news/articles/frequent-social-media-related-worse-182114530.html,"Frequent Social Media Use Related to Worse Reading Skills for Tweens and Teens, Study Finds",,"03/27/2026, 07:00 AM, +0000 UTC",2026-05-09T03:59:40.968805Z
310,10.1111/jora.70125,serpapi_google_news,Q2_author_topic,"""Carvalho"" ""Adolescent Brain Cognitive Development"" ""social media""",ConsumerAffairs,https://www.consumeraffairs.com/news/heavy-social-media-use-tied-to-declines-in-reading-skills-among-adolescents-032726.html,Heavy social media use tied to declines in reading skills among adolescents,,"03/27/2026, 07:00 AM, +0000 UTC",2026-05-09T03:59:40.968805Z
310,10.1111/jora.70125,serpapi_google_news,Q2_author_topic,"""Carvalho"" ""Adolescent Brain Cognitive Development"" ""social media""",UGA Today,https://news.uga.edu/cellphones-family-conflict-mental-health/,"Cellphones lead to family conflict, mental health problems in kids",,"10/13/2025, 07:00 AM, +0000 UTC",2026-05-09T03:59:40.968805Z
310,10.1111/jora.70125,serpapi_google_news,Q3_title_fragment,"""social media and crystallized and fluid""",Medical Xpress,https://medicalxpress.com/news/2026-03-frequent-social-media-impact-child.html,Frequent social media use could impact child development,,"03/25/2026, 07:00 AM, +0000 UTC",2026-05-09T03:59:43.408979Z
310,10.1111/jora.70125,serpapi_google,Q4_eurekalert,"""Carvalho"" ""social media"" site:eurekalert.org",https://www.eurekalert.org › news-releases,https://www.eurekalert.org/news-releases/1121373,Frequent social media use could impact child development,"... Carvalho said. “Other studies found that the more kids are using social media, the less they're reading, so reading development lags behind.","Mar 25, 2026",2026-05-09T03:59:45.462942Z
310,10.1111/jora.70125,serpapi_google,Q4_eurekalert,"""Carvalho"" ""social media"" site:eurekalert.org",https://www.eurekalert.org › news-releases,https://www.eurekalert.org/news-releases/1101639,"Youth screen use can cause family conflict, exacerbate ...","“Family members are still important, but kids are finding more and more support and comfort outside of them with social media,” Carvalho said.","Oct 13, 2025",2026-05-09T03:59:45.462942Z
310,10.1111/jora.70125,serpapi_google,Q4_eurekalert,"""Carvalho"" ""social media"" site:eurekalert.org",https://www.eurekalert.org › news-releases,https://www.eurekalert.org/news-releases/988300,"Sleep apnea, lack of deep sleep linked to worse brain health","Carvalho, MD, MS, of the Mayo Clinic in Rochester, Minnesota, and a ... When posting to social media channels about this research, we ...","May 10, 2023",2026-05-09T03:59:45.462942Z
310,10.1111/jora.70125,serpapi_google,Q4_eurekalert,"""Carvalho"" ""social media"" site:eurekalert.org",https://www.eurekalert.org › news-releases,https://www.eurekalert.org/news-releases/1081862,Early immune evasion found in HPV-related pre-cancer ...,"Researchers Humberto Carvalho Carneiro, Rodrigo de Andrade Natal ... social media: X · Facebook · YouTube · Instagram · LinkedIn · Pinterest","Apr 28, 2025",2026-05-09T03:59:45.462942Z
310,10.1111/jora.70125,serpapi_google,Q4_eurekalert,"""Carvalho"" ""social media"" site:eurekalert.org",https://www.eurekalert.org › news-releases,https://www.eurekalert.org/news-releases/1029674,Management of refractory or relapsed classic Hodgkin ...,"... Carvalho Guimarães Baiocchi from Hospital Universitário de Brasília ... To learn more about Oncotarget, visit Oncotarget.com and connect with us on social media:.",,2026-05-09T03:59:45.462942Z
310,10.1111/jora.70125,serpapi_google,Q4_eurekalert,"""Carvalho"" ""social media"" site:eurekalert.org",https://www.eurekalert.org › news-releases,https://www.eurekalert.org/news-releases/523629,Scientists announce top 10 new species,"Social media lacewing: In a trend-setting collision of science and social media ... Carvalho, Universidade de São Paulo; Aharon Oren, The ...","May 23, 2013",2026-05-09T03:59:45.462942Z
310,10.1111/jora.70125,serpapi_google,Q4_eurekalert,"""Carvalho"" ""social media"" site:eurekalert.org",https://www.eurekalert.org › news-releases,https://www.eurekalert.org/news-releases/956944,Oncotarget | New oncology-focused papers published in ...,"To learn more about Oncotarget, visit Oncotarget.com and connect with us on social media: Twitter – https://twitter.com/Oncotarget; Facebook – ...","Jun 23, 2022",2026-05-09T03:59:45.462942Z
314,10.1111/jsr.70325,serpapi_google_news,Q2_author_topic,"""Kiss"" ""Adolescent Brain Cognitive Development"" ""social media""",Medscape,https://www.medscape.com/viewarticle/sleep-and-social-media-impact-youth-brain-development-2024a1000ag1,Sleep and Social Media Impact Youth Brain Development,,"06/04/2024, 07:00 AM, +0000 UTC",2026-05-09T03:59:50.123190Z
314,10.1111/jsr.70325,serpapi_google_news,Q2_author_topic,"""Kiss"" ""Adolescent Brain Cognitive Development"" ""social media""",Nature,https://www.nature.com/articles/s44277-024-00006-9,Probing the digital exposome: associations of social media use patterns with youth mental health,,"04/23/2024, 07:00 AM, +0000 UTC",2026-05-09T03:59:50.123190Z
314,10.1111/jsr.70325,serpapi_google_news,Q2_author_topic,"""Kiss"" ""Adolescent Brain Cognitive Development"" ""social media""",News-Medical,https://www.news-medical.net/news/20240530/Study-finds-distinct-link-between-sleep-duration-social-media-usage-and-brain-activation-in-teens.aspx,"Study finds distinct link between sleep duration, social media usage, and brain activation in teens",,"05/30/2024, 07:00 AM, +0000 UTC",2026-05-09T03:59:50.123190Z
314,10.1111/jsr.70325,serpapi_google_news,Q2_author_topic,"""Kiss"" ""Adolescent Brain Cognitive Development"" ""social media""",Psychology Today,https://www.psychologytoday.com/ca/blog/no-more-fomo/202507/is-social-media-making-teens-depressed,New research offers a clearer answer to the social media and depression link.,,"07/25/2025, 07:00 AM, +0000 UTC",2026-05-09T03:59:50.123190Z
314,10.1111/jsr.70325,serpapi_google_news,Q2_author_topic,"""Kiss"" ""Adolescent Brain Cognitive Development"" ""social media""",Nature,https://www.nature.com/articles/s41598-024-68467-8,Passively sensing smartphone use in teens with rates of use by sex and across operating systems,,"08/03/2024, 07:00 AM, +0000 UTC",2026-05-09T03:59:50.123190Z
314,10.1111/jsr.70325,serpapi_google_news,Q2_author_topic,"""Kiss"" ""Adolescent Brain Cognitive Development"" ""social media""",Nature,https://www.nature.com/articles/s41598-024-60811-2,Using explainable machine learning and fitbit data to investigate predictors of adolescent obesity,,"05/31/2024, 07:00 AM, +0000 UTC",2026-05-09T03:59:50.123190Z
314,10.1111/jsr.70325,serpapi_google,Q4_eurekalert,"""Kiss"" ""social media"" site:eurekalert.org",https://www.eurekalert.org › news-releases,https://www.eurekalert.org/news-releases/1046446,Social media use and sleep duration connected to brain ...,Kiss noted that these results provide new insights into how two significant aspects of modern adolescent life – social media usage and sleep ...,"May 30, 2024",2026-05-09T04:00:08.833147Z
314,10.1111/jsr.70325,serpapi_google,Q4_eurekalert,"""Kiss"" ""social media"" site:eurekalert.org",https://www.eurekalert.org › news-releases,https://www.eurekalert.org/news-releases/1047194,Incorporating “touch” into social media interactions can ...,"Technology companies are developing devices to incorporate touch into digital interactions, such as interactive kiss and hug transmission ...","Jun 12, 2024",2026-05-09T04:00:08.833147Z
314,10.1111/jsr.70325,serpapi_google,Q4_eurekalert,"""Kiss"" ""social media"" site:eurekalert.org",https://www.eurekalert.org › news-releases,https://www.eurekalert.org/news-releases/954909,"Children spending more time on screens, going to bed ...","Kiss said these data highlight the need to promote children's balanced and informed use of social media platforms, video games, and other ...","Jun 3, 2022",2026-05-09T04:00:08.833147Z
314,10.1111/jsr.70325,serpapi_google,Q4_eurekalert,"""Kiss"" ""social media"" site:eurekalert.org",https://www.eurekalert.org › news-releases,https://www.eurekalert.org/news-releases/940924,"Social connectedness, sleep, and physical activity ...","Conversely, more screen time activities, including social media ... Kiss, Ph.D., a postdoctoral fellow at SRI International and lead ...","Jan 24, 2022",2026-05-09T04:00:08.833147Z
314,10.1111/jsr.70325,serpapi_google,Q4_eurekalert,"""Kiss"" ""social media"" site:eurekalert.org",https://www.eurekalert.org › news-releases,https://www.eurekalert.org/news-releases/974602,Witte receives funding for project aimed at examining how ...,"Witte is collaborating with Marissa Kiss, PhD, Postdoctoral Fellow, Institute for Immigration Research, on this project. Witte and Kiss ... social media and in- ...",,2026-05-09T04:00:08.833147Z
381,10.1177/10445463251415497,serpapi_google_news,Q2_author_topic,"""Zhang"" ""Adolescent Brain Cognitive Development"" ""screen time""",Nature,https://www.nature.com/articles/s41398-025-03672-1,Association of screen time with attention-deficit/hyperactivity disorder symptoms and their development: the mediating role of brain structure,,"10/31/2025, 07:00 AM, +0000 UTC",2026-05-09T04:00:10.075365Z
381,10.1177/10445463251415497,serpapi_google_news,Q2_author_topic,"""Zhang"" ""Adolescent Brain Cognitive Development"" ""screen time""",Frontiers,https://www.frontiersin.org/journals/psychiatry/articles/10.3389/fpsyt.2024.1512149/full,Commentary: Relationships between screen time and childhood attention deficit hyperactivity disorder: a Mendelian randomization study,,"11/25/2024, 07:27 AM, +0000 UTC",2026-05-09T04:00:10.075365Z
381,10.1177/10445463251415497,serpapi_google_news,Q2_author_topic,"""Zhang"" ""Adolescent Brain Cognitive Development"" ""screen time""",Cureus,https://www.cureus.com/articles/434434-the-impact-of-screen-time-on-the-health-of-the-pediatric-population-short--and-long-term-consequences-for-lifestyle-ophthalmology-and-mental-health,"The Impact of Screen Time on the Health of the Pediatric Population: Short- and Long-Term Consequences for Lifestyle, Ophthalmology, and Mental Health",,"11/16/2025, 08:00 AM, +0000 UTC",2026-05-09T04:00:10.075365Z
381,10.1177/10445463251415497,serpapi_google_news,Q2_author_topic,"""Zhang"" ""Adolescent Brain Cognitive Development"" ""screen time""",Wiley Online Library,https://onlinelibrary.wiley.com/doi/full/10.1155/da/6514030,Identifying Risk and Protective Factors Impacting the Clinical Outcomes of Subthreshold Anxiety in Early Adolescents: Insights From the ABCD Study,,"06/25/2025, 07:00 AM, +0000 UTC",2026-05-09T04:00:10.075365Z
381,10.1177/10445463251415497,serpapi_google_news,Q2_author_topic,"""Zhang"" ""Adolescent Brain Cognitive Development"" ""screen time""",PNAS,https://www.pnas.org/doi/10.1073/pnas.1920325116,Cannabis and the adolescent brain,,"01/07/2020, 08:00 AM, +0000 UTC",2026-05-09T04:00:10.075365Z
381,10.1177/10445463251415497,serpapi_google_news,Q2_author_topic,"""Zhang"" ""Adolescent Brain Cognitive Development"" ""screen time""",Nature,https://www.nature.com/articles/s41398-025-03467-4,Neural correlates differ between crystallized and fluid intelligence in adolescents | Translational Psychiatry,,"07/17/2025, 07:00 AM, +0000 UTC",2026-05-09T04:00:10.075365Z
381,10.1177/10445463251415497,serpapi_google_news,Q2_author_topic,"""Zhang"" ""Adolescent Brain Cognitive Development"" ""screen time""",Cureus,https://www.cureus.com/articles/440615-the-association-between-smartphone-overuse-and-cognitive-impairment-among-adults-in-the-united-arab-emirates-a-cross-sectional-study,The Association Between Smartphone Overuse and Cognitive Impairment Among Adults in the United Arab Emirates: A Cross-Sectional Study,,"12/23/2025, 08:00 AM, +0000 UTC",2026-05-09T04:00:10.075365Z
381,10.1177/10445463251415497,serpapi_google_news,Q2_author_topic,"""Zhang"" ""Adolescent Brain Cognitive Development"" ""screen time""",Neuroscience News,https://neurosciencenews.com/child-sleep-mental-health-15632/,Children’s mental health affected by sleep duration,,"02/04/2020, 08:00 AM, +0000 UTC",2026-05-09T04:00:10.075365Z
381,10.1177/10445463251415497,serpapi_google_news,Q2_author_topic,"""Zhang"" ""Adolescent Brain Cognitive Development"" ""screen time""",Nature,https://www.nature.com/articles/s41380-021-01130-0,Associations of family income with cognition and brain structure in USA children: prevention implications,,"05/14/2021, 07:00 AM, +0000 UTC",2026-05-09T04:00:10.075365Z
381,10.1177/10445463251415497,serpapi_google_news,Q3_title_fragment,"""Bidirectional Associations Between Screen Time and""",Frontiers,https://www.frontiersin.org/journals/developmental-psychology/articles/10.3389/fdpys.2024.1439040/full,Screen on = development off? A systematic scoping review and a developmental psychology perspective on the effects of screen time on early childhood development,,"12/02/2024, 01:38 PM, +0000 UTC",2026-05-09T04:00:12.467477Z
381,10.1177/10445463251415497,serpapi_google_news,Q3_title_fragment,"""Bidirectional Associations Between Screen Time and""",Nature,https://www.nature.com/articles/s41390-023-02485-6,Preschooler screen time and temperamental anger/frustration during the COVID-19 pandemic,,"02/09/2023, 08:00 AM, +0000 UTC",2026-05-09T04:00:12.467477Z
381,10.1177/10445463251415497,serpapi_google,Q4_eurekalert,"""Zhang"" ""screen time"" site:eurekalert.org",https://www.eurekalert.org › news-releases,https://www.eurekalert.org/news-releases/1009751,Types of on-screen content and mental health in ...,"Limiting children's screen time, prioritizing educational programs ... D., and Yunting Zhang, Ph.D., of Shanghai Jiao Tong University ...","Dec 4, 2023",2026-05-09T04:00:15.075203Z
388,10.1186/s12889-020-09894-w,serpapi_google_news,Q3_title_fragment,"""Screen media activity does not displace""",Psychiatric Times,https://www.psychiatrictimes.com/view/screen-media-activity-in-youth-friend-or-fiend,Screen Media Activity in Youth: Friend or Fiend?,,"10/26/2021, 07:00 AM, +0000 UTC",2026-05-09T04:00:16.170288Z
388,10.1186/s12889-020-09894-w,serpapi_google_news,Q3_title_fragment,"""Screen media activity does not displace""",Nature,https://www.nature.com/articles/s44277-024-00006-9,Probing the digital exposome: associations of social media use patterns with youth mental health,,"04/23/2024, 07:00 AM, +0000 UTC",2026-05-09T04:00:16.170288Z
389,10.1186/s12889-023-15298-3,serpapi_google_news,Q2_author_topic,"""Nagata"" ""Adolescent Brain Cognitive Development"" ""social media""",NPR,https://www.npr.org/sections/shots-health-news/2025/10/13/nx-s1-5571050/social-media-teens-brains-reading-memory,"Kids who use social media score lower on reading and memory tests, a study shows",,"10/13/2025, 07:00 AM, +0000 UTC",2026-05-09T04:00:18.456095Z
389,10.1186/s12889-023-15298-3,serpapi_google_news,Q2_author_topic,"""Nagata"" ""Adolescent Brain Cognitive Development"" ""social media""",PsyPost,https://www.psypost.org/more-time-spent-on-social-media-is-linked-to-a-thinner-cerebral-cortex-in-young-adolescents/,More time spent on social media is linked to a thinner cerebral cortex in young adolescents,,"04/15/2026, 07:00 AM, +0000 UTC",2026-05-09T04:00:18.456095Z
389,10.1186/s12889-023-15298-3,serpapi_google_news,Q2_author_topic,"""Nagata"" ""Adolescent Brain Cognitive Development"" ""social media""",MedPage Today,https://www.medpagetoday.com/pediatrics/generalpediatrics/117911,Increasing Social Media Use in Preteens May Be Hurting Cognition Too,,"10/13/2025, 07:00 AM, +0000 UTC",2026-05-09T04:00:18.456095Z
389,10.1186/s12889-023-15298-3,serpapi_google_news,Q2_author_topic,"""Nagata"" ""Adolescent Brain Cognitive Development"" ""social media""",Medical Xpress,https://medicalxpress.com/news/2026-01-teens-cellphones-hour-day-school.html,"Teens use cellphones for an hour a day at school, study finds",,"01/10/2026, 08:00 AM, +0000 UTC",2026-05-09T04:00:18.456095Z
389,10.1186/s12889-023-15298-3,serpapi_google_news,Q2_author_topic,"""Nagata"" ""Adolescent Brain Cognitive Development"" ""social media""",the Manitoban,https://themanitoban.com/2025/11/social-media-use-linked-to-cognitive-decline-in-youth/51082/,Social media use linked to cognitive decline in youth,,"11/26/2025, 08:00 AM, +0000 UTC",2026-05-09T04:00:18.456095Z
389,10.1186/s12889-023-15298-3,serpapi_google_news,Q2_author_topic,"""Nagata"" ""Adolescent Brain Cognitive Development"" ""social media""",U.S. News & World Report,https://www.usnews.com/news/health-news/articles/2025-10-14/social-media-might-stunt-students-intellect-study-says,"Social Media Might Stunt Students' Intellect, Study Says",,"10/14/2025, 07:00 AM, +0000 UTC",2026-05-09T04:00:18.456095Z
389,10.1186/s12889-023-15298-3,serpapi_google_news,Q2_author_topic,"""Nagata"" ""Adolescent Brain Cognitive Development"" ""social media""",Contemporary Pediatrics,https://www.contemporarypediatrics.com/view/jason-nagata-md-msc-highlights-frequent-teen-smartphone-use-during-school-hours,"Jason Nagata, MD, MSc, highlights frequent teen smartphone use during school hours",,"01/19/2026, 08:00 AM, +0000 UTC",2026-05-09T04:00:18.456095Z
389,10.1186/s12889-023-15298-3,serpapi_google_news,Q2_author_topic,"""Nagata"" ""Adolescent Brain Cognitive Development"" ""social media""",Education Week,https://www.edweek.org/leadership/kids-social-media-use-linked-to-lower-reading-and-memory-scores-study-suggests/2025/10,"Kids’ Social Media Use Linked to Lower Reading and Memory Scores, Study Suggests",,"10/17/2025, 07:00 AM, +0000 UTC",2026-05-09T04:00:18.456095Z
389,10.1186/s12889-023-15298-3,serpapi_google_news,Q2_author_topic,"""Nagata"" ""Adolescent Brain Cognitive Development"" ""social media""",The Washington Post,https://www.washingtonpost.com/lifestyle/2025/06/11/social-media-use-depression-tweens/,New study shows social media use predicted future depression in tweens,,"06/11/2025, 07:00 AM, +0000 UTC",2026-05-09T04:00:18.456095Z
389,10.1186/s12889-023-15298-3,serpapi_google_news,Q2_author_topic,"""Nagata"" ""Adolescent Brain Cognitive Development"" ""social media""",LiveNOW from FOX,https://www.livenowfox.com/news/adolescent-social-media-depression-study,Social media use triples depression symptoms for pre-teens: Study,,"05/23/2025, 07:00 AM, +0000 UTC",2026-05-09T04:00:18.456095Z
389,10.1186/s12889-023-15298-3,serpapi_google_news,Q2_author_topic,"""Nagata"" ""Adolescent Brain Cognitive Development"" ""social media""",MedPage Today,https://www.medpagetoday.com/pediatrics/generalpediatrics/119288,Teens Spend an Hour on Their Smartphones at School,,"01/05/2026, 08:00 AM, +0000 UTC",2026-05-09T04:00:18.456095Z
389,10.1186/s12889-023-15298-3,serpapi_google_news,Q2_author_topic,"""Nagata"" ""Adolescent Brain Cognitive Development"" ""social media""",Jang,https://jang.com.pk/en/49920-prolonged-social-media-use-may-reduce-intelligence-study-news,"Prolonged social media use may reduce intelligence, study",,"10/14/2025, 07:00 AM, +0000 UTC",2026-05-09T04:00:18.456095Z
389,10.1186/s12889-023-15298-3,serpapi_google_news,Q2_author_topic,"""Nagata"" ""Adolescent Brain Cognitive Development"" ""social media""",Contemporary Pediatrics,https://www.contemporarypediatrics.com/view/social-media-potentially-linked-to-depression-in-children,Social media potentially linked to depression in children,,"05/22/2025, 07:00 AM, +0000 UTC",2026-05-09T04:00:18.456095Z
389,10.1186/s12889-023-15298-3,serpapi_google_news,Q2_author_topic,"""Nagata"" ""Adolescent Brain Cognitive Development"" ""social media""",Science News,https://www.sciencenews.org/article/social-media-addictive-meta-youtube,"Social media is designed to be addictive, jury finds. Research links excessive use to mental harm",,"03/26/2026, 07:00 AM, +0000 UTC",2026-05-09T04:00:18.456095Z
389,10.1186/s12889-023-15298-3,serpapi_google_news,Q2_author_topic,"""Nagata"" ""Adolescent Brain Cognitive Development"" ""social media""",SciTechDaily,https://scitechdaily.com/excessive-screen-time-in-preteens-linked-to-suicidal-behavior/,Excessive Screen Time in Preteens Linked to Suicidal Behavior,,"03/11/2023, 08:00 AM, +0000 UTC",2026-05-09T04:00:18.456095Z
389,10.1186/s12889-023-15298-3,serpapi_google_news,Q2_author_topic,"""Nagata"" ""Adolescent Brain Cognitive Development"" ""social media""",Arab Times Kuwait News,https://www.arabtimesonline.com/news/kids-who-use-more-social-media-perform-worse-on-reading-and-memory-tests-study/,Kids who use more social media perform worse on reading and memory tests: study,,"10/14/2025, 07:00 AM, +0000 UTC",2026-05-09T04:00:18.456095Z
389,10.1186/s12889-023-15298-3,serpapi_google_news,Q3_title_fragment,"""Problematic social media use and alcohol""",Psychiatry Online,https://www.psychiatryonline.org/doi/10.1176/appi.focus.20240016,The ABCD and HBCD Studies: Longitudinal Studies to Inform Prevention Science,,"10/15/2024, 07:00 AM, +0000 UTC",2026-05-09T04:00:19.012992Z
389,10.1186/s12889-023-15298-3,serpapi_google,Q4_eurekalert,"""Nagata"" ""social media"" site:eurekalert.org",https://www.eurekalert.org › news-releases,https://www.eurekalert.org/news-releases/1101286,Social media use trajectories and cognitive performance in ...,"Social media use trajectories and cognitive performance in adolescents ... Nagata, MD, MSc, email jason.nagata@ucsf.edu. To access the ...","Oct 13, 2025",2026-05-09T04:00:21.227029Z
389,10.1186/s12889-023-15298-3,serpapi_google,Q4_eurekalert,"""Nagata"" ""social media"" site:eurekalert.org",https://www.eurekalert.org › news-releases,https://www.eurekalert.org/news-releases/1065105,Social media linked to early substance use in US pre-teens,"Social media linked to early substance use in US pre-teens ... Nagata, MD, an associate professor of pediatrics at the University ...","Nov 15, 2024",2026-05-09T04:00:21.227029Z
389,10.1186/s12889-023-15298-3,serpapi_google,Q4_eurekalert,"""Nagata"" ""social media"" site:eurekalert.org",https://www.eurekalert.org › news-releases,https://www.eurekalert.org/news-releases/1111741,Study: Teens use cellphones for an hour a day at school,"Social media apps are the main content. The effect of state laws ... Jason Nagata, an associate professor of pediatrics at the University of ...","Jan 6, 2026",2026-05-09T04:00:21.227029Z
389,10.1186/s12889-023-15298-3,serpapi_google,Q4_eurekalert,"""Nagata"" ""social media"" site:eurekalert.org",https://www.eurekalert.org › news-releases,https://www.eurekalert.org/news-releases/1084464,Social media use and depressive symptoms during early ...,"Social media use and depressive symptoms during early adolescence ... Nagata, MD, email Jason.nagata@ucsf.edu. To access the embargoed ...","May 21, 2025",2026-05-09T04:00:21.227029Z
389,10.1186/s12889-023-15298-3,serpapi_google,Q4_eurekalert,"""Nagata"" ""social media"" site:eurekalert.org",https://www.eurekalert.org › news-releases,https://www.eurekalert.org/news-releases/990379,unveiling teen-friendly social media habits for optimal sleep,"... social media use in adolescence. Both advisories note potential ... Nagata, MD, assistant professor of pediatrics at the University of ...","May 24, 2023",2026-05-09T04:00:21.227029Z
389,10.1186/s12889-023-15298-3,serpapi_google,Q4_eurekalert,"""Nagata"" ""social media"" site:eurekalert.org",https://www.eurekalert.org › news-releases,https://www.eurekalert.org/news-releases/763232,Excessive social media use linked to binge eating in US ...,"Excessive social media use linked to binge eating in US preteens ... Nagata, MD, assistant professor of pediatrics at the University of ...","Mar 1, 2021",2026-05-09T04:00:21.227029Z
389,10.1186/s12889-023-15298-3,serpapi_google,Q4_eurekalert,"""Nagata"" ""social media"" site:eurekalert.org",https://www.eurekalert.org › news-releases,https://www.eurekalert.org/news-releases/1084461,"Yes, social media might be making kids depressed",... Nagata. “These findings provide evidence that social media may be contributing to the development of depressive symptoms.” While it's ...,"May 21, 2025",2026-05-09T04:00:21.227029Z
389,10.1186/s12889-023-15298-3,serpapi_google,Q4_eurekalert,"""Nagata"" ""social media"" site:eurekalert.org",https://www.eurekalert.org › news-releases,https://www.eurekalert.org/news-releases/1052053,Sleep and social media in tweens: Tips for better rest,"“Ensuring adolescents get enough sleep is vital, as it supports their physical and mental growth and development,” says lead author Jason Nagata ...","Jul 22, 2024",2026-05-09T04:00:21.227029Z
389,10.1186/s12889-023-15298-3,serpapi_google,Q4_eurekalert,"""Nagata"" ""social media"" site:eurekalert.org",https://www.eurekalert.org › news-releases,https://www.eurekalert.org/news-releases/938448,Parents underestimate teens' social media use during ...,"... social media and multi-player video games (versus texting, video ... Nagata, MD, assistant professor of pediatrics at the University of ...","Dec 17, 2021",2026-05-09T04:00:21.227029Z
389,10.1186/s12889-023-15298-3,serpapi_google,Q4_eurekalert,"""Nagata"" ""social media"" site:eurekalert.org",https://www.eurekalert.org › news-releases,https://www.eurekalert.org/news-releases/1074319,Screen time linked to bipolar and manic symptoms in U.S. ...,"The findings reveal that 10- to 11-year-olds who engage heavily with social media ... Nagata, MD, an associate professor of pediatrics at ...","Feb 20, 2025",2026-05-09T04:00:21.227029Z
393,10.1186/s12889-024-20102-x,serpapi_google_news,Q2_author_topic,"""Nagata"" ""Adolescent Brain Cognitive Development"" ""screen time""",MedPage Today,https://www.medpagetoday.com/pediatrics/generalpediatrics/117911,Increasing Social Media Use in Preteens May Be Hurting Cognition Too,,"10/13/2025, 07:00 AM, +0000 UTC",2026-05-09T04:00:21.719616Z
393,10.1186/s12889-024-20102-x,serpapi_google_news,Q2_author_topic,"""Nagata"" ""Adolescent Brain Cognitive Development"" ""screen time""",the Manitoban,https://themanitoban.com/2025/11/social-media-use-linked-to-cognitive-decline-in-youth/51082/,Social media use linked to cognitive decline in youth,,"11/26/2025, 08:00 AM, +0000 UTC",2026-05-09T04:00:21.719616Z
393,10.1186/s12889-024-20102-x,serpapi_google_news,Q2_author_topic,"""Nagata"" ""Adolescent Brain Cognitive Development"" ""screen time""",LiveNOW from FOX,https://www.livenowfox.com/news/excessive-screen-time-manic-symptoms-kids-study,"Excessive screen time linked to manic symptoms in kids, study finds",,"03/05/2025, 08:00 AM, +0000 UTC",2026-05-09T04:00:21.719616Z
393,10.1186/s12889-024-20102-x,serpapi_google_news,Q2_author_topic,"""Nagata"" ""Adolescent Brain Cognitive Development"" ""screen time""",Medical Xpress,https://medicalxpress.com/news/2024-10-screen-depression-anxiety-year-olds.html,"Screen time tied to depression, anxiety in 9- and 10-year-olds",,"10/07/2024, 07:00 AM, +0000 UTC",2026-05-09T04:00:21.719616Z
393,10.1186/s12889-024-20102-x,serpapi_google_news,Q2_author_topic,"""Nagata"" ""Adolescent Brain Cognitive Development"" ""screen time""",News-Medical,https://www.news-medical.net/news/20260212/Addictive-screen-habits-harm-early-adolescent-mental-health.aspx,Addictive screen habits harm early adolescent mental health,,"02/12/2026, 08:00 AM, +0000 UTC",2026-05-09T04:00:21.719616Z
393,10.1186/s12889-024-20102-x,serpapi_google_news,Q2_author_topic,"""Nagata"" ""Adolescent Brain Cognitive Development"" ""screen time""",SciTechDaily,https://scitechdaily.com/excessive-screen-time-in-preteens-linked-to-suicidal-behavior/,Excessive Screen Time in Preteens Linked to Suicidal Behavior,,"03/11/2023, 08:00 AM, +0000 UTC",2026-05-09T04:00:21.719616Z
393,10.1186/s12889-024-20102-x,serpapi_google_news,Q2_author_topic,"""Nagata"" ""Adolescent Brain Cognitive Development"" ""screen time""",NPR,https://www.npr.org/sections/shots-health-news/2025/06/18/nx-s1-5436951/jama-screens-teens-addiction-suicide-abcd,"Screen addiction and suicidal behaviors are linked for teens, a study shows : Shots - Health News",,"06/18/2025, 07:00 AM, +0000 UTC",2026-05-09T04:00:21.719616Z
393,10.1186/s12889-024-20102-x,serpapi_google_news,Q2_author_topic,"""Nagata"" ""Adolescent Brain Cognitive Development"" ""screen time""",PsyPost,https://www.psypost.org/more-time-spent-on-social-media-is-linked-to-a-thinner-cerebral-cortex-in-young-adolescents/,More time spent on social media is linked to a thinner cerebral cortex in young adolescents,,"04/15/2026, 07:00 AM, +0000 UTC",2026-05-09T04:00:21.719616Z
393,10.1186/s12889-024-20102-x,serpapi_google_news,Q2_author_topic,"""Nagata"" ""Adolescent Brain Cognitive Development"" ""screen time""",MedPage Today,https://www.medpagetoday.com/pediatrics/generalpediatrics/119288,Teens Spend an Hour on Their Smartphones at School,,"01/05/2026, 08:00 AM, +0000 UTC",2026-05-09T04:00:21.719616Z
393,10.1186/s12889-024-20102-x,serpapi_google_news,Q2_author_topic,"""Nagata"" ""Adolescent Brain Cognitive Development"" ""screen time""",Medical Xpress,https://medicalxpress.com/news/2025-02-screen-linked-bipolar-manic-symptoms.html,Screen time linked to bipolar and manic symptoms in U.S. preteens,,"02/20/2025, 08:00 AM, +0000 UTC",2026-05-09T04:00:21.719616Z
393,10.1186/s12889-024-20102-x,serpapi_google_news,Q2_author_topic,"""Nagata"" ""Adolescent Brain Cognitive Development"" ""screen time""",PsyPost,https://www.psypost.org/three-types-of-screen-time-linked-to-substance-experimentation-in-early-adolescents/,Three types of screen time linked to substance experimentation in early adolescents,,"01/10/2025, 08:00 AM, +0000 UTC",2026-05-09T04:00:21.719616Z
393,10.1186/s12889-024-20102-x,serpapi_google_news,Q2_author_topic,"""Nagata"" ""Adolescent Brain Cognitive Development"" ""screen time""",Medical Xpress,https://medicalxpress.com/news/2024-05-transgender-preteens-hours-daily-screen.html,Transgender preteens report 13 hours of daily screen time,,"05/13/2024, 07:00 AM, +0000 UTC",2026-05-09T04:00:21.719616Z
393,10.1186/s12889-024-20102-x,serpapi_google_news,Q2_author_topic,"""Nagata"" ""Adolescent Brain Cognitive Development"" ""screen time""",Medical Xpress,https://medicalxpress.com/news/2023-03-gay-lesbian-bisexual-preteens-hours.html,"Gay, lesbian, bisexual preteens spend 4 more hours on screens daily, finds study",,"03/31/2023, 07:00 AM, +0000 UTC",2026-05-09T04:00:21.719616Z
393,10.1186/s12889-024-20102-x,serpapi_google_news,Q3_title_fragment,"""Screen time and mental health: a""",Nature,https://www.nature.com/articles/s41599-026-06609-1,Excessive screen time is associated with mental health problems in US children and adolescents: physical activity and sleep as parallel mediators,,"01/31/2026, 08:00 AM, +0000 UTC",2026-05-09T04:00:22.295183Z
393,10.1186/s12889-024-20102-x,serpapi_google_news,Q3_title_fragment,"""Screen time and mental health: a""",Earth.com,https://www.earth.com/news/screen-time-and-mental-health-a-vicious-cycle-for-kids/,Screen time and mental health: A vicious cycle for kids,,"06/11/2025, 07:00 AM, +0000 UTC",2026-05-09T04:00:22.295183Z
393,10.1186/s12889-024-20102-x,serpapi_google_news,Q3_title_fragment,"""Screen time and mental health: a""",Cureus,https://www.cureus.com/articles/432746-sleep-duration-quality-and-factors-affecting-sleep-health-among-young-people-in-the-california-bay-area-a-cross-sectional-study,"Sleep Duration, Quality, and Factors Affecting Sleep Health Among Young People in the California Bay Area: A Cross-Sectional Study",,"12/03/2025, 08:00 AM, +0000 UTC",2026-05-09T04:00:22.295183Z
393,10.1186/s12889-024-20102-x,serpapi_google_news,Q3_title_fragment,"""Screen time and mental health: a""",Psychology Today,https://www.psychologytoday.com/us/blog/inner-source/202411/screen-time-and-mental-health-in-kids,High levels of screen time can be problematic for kids' mental health.,,"11/13/2024, 08:00 AM, +0000 UTC",2026-05-09T04:00:22.295183Z
393,10.1186/s12889-024-20102-x,serpapi_google_news,Q3_title_fragment,"""Screen time and mental health: a""",Medical Xpress,https://medicalxpress.com/news/2024-10-screen-depression-anxiety-year-olds.html,"Screen time tied to depression, anxiety in 9- and 10-year-olds",,"10/07/2024, 07:00 AM, +0000 UTC",2026-05-09T04:00:22.295183Z
393,10.1186/s12889-024-20102-x,serpapi_google_news,Q3_title_fragment,"""Screen time and mental health: a""",NBC Bay Area,https://www.nbcbayarea.com/news/health/ucsf-study-extended-screen-time/3675031/,UCSF study shows extended screen time is mentally unhealthy for kids,,"10/09/2024, 07:00 AM, +0000 UTC",2026-05-09T04:00:22.295183Z
393,10.1186/s12889-024-20102-x,serpapi_google,Q4_eurekalert,"""Nagata"" ""screen time"" site:eurekalert.org",https://www.eurekalert.org › news-releases,https://www.eurekalert.org/news-releases/981045,Excessive screen time linked to suicidal behaviors in US ...,"Excessive screen time linked to suicidal behaviors in US preteens ... Nagata, MD, assistant professor of pediatrics at the University of ...","Feb 27, 2023",2026-05-09T04:00:29.505826Z
393,10.1186/s12889-024-20102-x,serpapi_google,Q4_eurekalert,"""Nagata"" ""screen time"" site:eurekalert.org",https://www.eurekalert.org › news-releases,https://www.eurekalert.org/news-releases/1074319,Screen time linked to bipolar and manic symptoms in U.S. ...,"“Screen addictions and irregular sleep patterns may exacerbate manic symptoms in susceptible teens,” said Nagata. The study adds to the wealth ...","Feb 20, 2025",2026-05-09T04:00:29.505826Z
393,10.1186/s12889-024-20102-x,serpapi_google,Q4_eurekalert,"""Nagata"" ""screen time"" site:eurekalert.org",https://www.eurekalert.org › news-releases,https://www.eurekalert.org/news-releases/1111741,Study: Teens use cellphones for an hour a day at school,"Teens are not always accurate reporters of their own screen time. Objective smartphone data gives us a clearer picture of actual use,” Nagata ...","Jan 6, 2026",2026-05-09T04:00:29.505826Z
393,10.1186/s12889-024-20102-x,serpapi_google,Q4_eurekalert,"""Nagata"" ""screen time"" site:eurekalert.org",https://www.eurekalert.org › news-releases,https://www.eurekalert.org/news-releases/1072583,How parents can protect children from mature and adult ...,"“One key factor in a child's exposure to mature content is how much screen time their parents use,” says Nagata. “Children often model their ...","Feb 5, 2025",2026-05-09T04:00:29.505826Z
393,10.1186/s12889-024-20102-x,serpapi_google,Q4_eurekalert,"""Nagata"" ""screen time"" site:eurekalert.org",https://www.eurekalert.org › news-releases,https://www.eurekalert.org/news-releases/933424,Adolescents' recreational screen time doubled during ...,"Excessive screen use in adolescents also is associated with weight gain and binge eating, Nagata noted: “Screen time lends itself to more ...","Nov 1, 2021",2026-05-09T04:00:29.505826Z
393,10.1186/s12889-024-20102-x,serpapi_google,Q4_eurekalert,"""Nagata"" ""screen time"" site:eurekalert.org",https://www.eurekalert.org › news-releases,https://www.eurekalert.org/news-releases/1060422,"For preteens, more screen time is tied to depression, ...",Nagata said parents can play an essential role in helping to mitigate the negative effects of excessive screen time. “The American Academy of ...,"Oct 7, 2024",2026-05-09T04:00:29.505826Z
393,10.1186/s12889-024-20102-x,serpapi_google,Q4_eurekalert,"""Nagata"" ""screen time"" site:eurekalert.org",https://www.eurekalert.org › news-releases,https://www.eurekalert.org/news-releases/753397,Excessive screen time linked to obesity in US preteen,"Parents should regularly talk to their children about screen-time usage and develop a family media use plan,"" said Nagata. ###. Nagata, JM, Iyer ...","Jun 28, 2021",2026-05-09T04:00:29.505826Z
393,10.1186/s12889-024-20102-x,serpapi_google,Q4_eurekalert,"""Nagata"" ""screen time"" site:eurekalert.org",https://www.eurekalert.org › news-releases,https://www.eurekalert.org/news-releases/973956,Screen time linked to OCD in U.S. preteens,"In July, Nagata and his colleagues discovered excessive screen time was linked to disruptive behavior disorders in 9-11 year olds, though ...","Dec 12, 2022",2026-05-09T04:00:29.505826Z
393,10.1186/s12889-024-20102-x,serpapi_google,Q4_eurekalert,"""Nagata"" ""screen time"" site:eurekalert.org",https://www.eurekalert.org › news-releases,https://www.eurekalert.org/news-releases/1057483,Screen time and social media use linked to eating disorder ...,"Screen time and social media use linked to eating disorder symptoms in young adolescents ... Nagata, MD, an associate professor of pediatrics at ...","Sep 10, 2024",2026-05-09T04:00:29.505826Z
393,10.1186/s12889-024-20102-x,serpapi_google,Q4_eurekalert,"""Nagata"" ""screen time"" site:eurekalert.org",https://www.eurekalert.org › news-releases,https://www.eurekalert.org/news-releases/1046791,"Great news, parents: You do have power over your tweens' ...","""Screen time at bedtime displaces sleep time, which is essential for health and development in young adolescents,” Nagata said. “Parents can ...","Jun 5, 2024",2026-05-09T04:00:29.505826Z
394,10.1186/s12889-024-20102-x,serpapi_google_news,Q2_author_topic,"""Nagata"" ""Adolescent Brain Cognitive Development"" ""screen time""",MedPage Today,https://www.medpagetoday.com/pediatrics/generalpediatrics/117911,Increasing Social Media Use in Preteens May Be Hurting Cognition Too,,"10/13/2025, 07:00 AM, +0000 UTC",2026-05-09T04:00:30.014871Z
394,10.1186/s12889-024-20102-x,serpapi_google_news,Q2_author_topic,"""Nagata"" ""Adolescent Brain Cognitive Development"" ""screen time""",the Manitoban,https://themanitoban.com/2025/11/social-media-use-linked-to-cognitive-decline-in-youth/51082/,Social media use linked to cognitive decline in youth,,"11/26/2025, 08:00 AM, +0000 UTC",2026-05-09T04:00:30.014871Z
394,10.1186/s12889-024-20102-x,serpapi_google_news,Q2_author_topic,"""Nagata"" ""Adolescent Brain Cognitive Development"" ""screen time""",LiveNOW from FOX,https://www.livenowfox.com/news/excessive-screen-time-manic-symptoms-kids-study,"Excessive screen time linked to manic symptoms in kids, study finds",,"03/05/2025, 08:00 AM, +0000 UTC",2026-05-09T04:00:30.014871Z
394,10.1186/s12889-024-20102-x,serpapi_google_news,Q2_author_topic,"""Nagata"" ""Adolescent Brain Cognitive Development"" ""screen time""",Medical Xpress,https://medicalxpress.com/news/2024-10-screen-depression-anxiety-year-olds.html,"Screen time tied to depression, anxiety in 9- and 10-year-olds",,"10/07/2024, 07:00 AM, +0000 UTC",2026-05-09T04:00:30.014871Z
394,10.1186/s12889-024-20102-x,serpapi_google_news,Q2_author_topic,"""Nagata"" ""Adolescent Brain Cognitive Development"" ""screen time""",News-Medical,https://www.news-medical.net/news/20260212/Addictive-screen-habits-harm-early-adolescent-mental-health.aspx,Addictive screen habits harm early adolescent mental health,,"02/12/2026, 08:00 AM, +0000 UTC",2026-05-09T04:00:30.014871Z
394,10.1186/s12889-024-20102-x,serpapi_google_news,Q2_author_topic,"""Nagata"" ""Adolescent Brain Cognitive Development"" ""screen time""",SciTechDaily,https://scitechdaily.com/excessive-screen-time-in-preteens-linked-to-suicidal-behavior/,Excessive Screen Time in Preteens Linked to Suicidal Behavior,,"03/11/2023, 08:00 AM, +0000 UTC",2026-05-09T04:00:30.014871Z
394,10.1186/s12889-024-20102-x,serpapi_google_news,Q2_author_topic,"""Nagata"" ""Adolescent Brain Cognitive Development"" ""screen time""",NPR,https://www.npr.org/sections/shots-health-news/2025/06/18/nx-s1-5436951/jama-screens-teens-addiction-suicide-abcd,"Screen addiction and suicidal behaviors are linked for teens, a study shows : Shots - Health News",,"06/18/2025, 07:00 AM, +0000 UTC",2026-05-09T04:00:30.014871Z
394,10.1186/s12889-024-20102-x,serpapi_google_news,Q2_author_topic,"""Nagata"" ""Adolescent Brain Cognitive Development"" ""screen time""",PsyPost,https://www.psypost.org/more-time-spent-on-social-media-is-linked-to-a-thinner-cerebral-cortex-in-young-adolescents/,More time spent on social media is linked to a thinner cerebral cortex in young adolescents,,"04/15/2026, 07:00 AM, +0000 UTC",2026-05-09T04:00:30.014871Z
394,10.1186/s12889-024-20102-x,serpapi_google_news,Q2_author_topic,"""Nagata"" ""Adolescent Brain Cognitive Development"" ""screen time""",MedPage Today,https://www.medpagetoday.com/pediatrics/generalpediatrics/119288,Teens Spend an Hour on Their Smartphones at School,,"01/05/2026, 08:00 AM, +0000 UTC",2026-05-09T04:00:30.014871Z
394,10.1186/s12889-024-20102-x,serpapi_google_news,Q2_author_topic,"""Nagata"" ""Adolescent Brain Cognitive Development"" ""screen time""",Medical Xpress,https://medicalxpress.com/news/2025-02-screen-linked-bipolar-manic-symptoms.html,Screen time linked to bipolar and manic symptoms in U.S. preteens,,"02/20/2025, 08:00 AM, +0000 UTC",2026-05-09T04:00:30.014871Z
394,10.1186/s12889-024-20102-x,serpapi_google_news,Q2_author_topic,"""Nagata"" ""Adolescent Brain Cognitive Development"" ""screen time""",PsyPost,https://www.psypost.org/three-types-of-screen-time-linked-to-substance-experimentation-in-early-adolescents/,Three types of screen time linked to substance experimentation in early adolescents,,"01/10/2025, 08:00 AM, +0000 UTC",2026-05-09T04:00:30.014871Z
394,10.1186/s12889-024-20102-x,serpapi_google_news,Q2_author_topic,"""Nagata"" ""Adolescent Brain Cognitive Development"" ""screen time""",Medical Xpress,https://medicalxpress.com/news/2024-05-transgender-preteens-hours-daily-screen.html,Transgender preteens report 13 hours of daily screen time,,"05/13/2024, 07:00 AM, +0000 UTC",2026-05-09T04:00:30.014871Z
394,10.1186/s12889-024-20102-x,serpapi_google_news,Q2_author_topic,"""Nagata"" ""Adolescent Brain Cognitive Development"" ""screen time""",Medical Xpress,https://medicalxpress.com/news/2023-03-gay-lesbian-bisexual-preteens-hours.html,"Gay, lesbian, bisexual preteens spend 4 more hours on screens daily, finds study",,"03/31/2023, 07:00 AM, +0000 UTC",2026-05-09T04:00:30.014871Z
394,10.1186/s12889-024-20102-x,serpapi_google_news,Q3_title_fragment,"""Screen time and mental health: a""",Nature,https://www.nature.com/articles/s41599-026-06609-1,Excessive screen time is associated with mental health problems in US children and adolescents: physical activity and sleep as parallel mediators,,"01/31/2026, 08:00 AM, +0000 UTC",2026-05-09T04:00:30.531255Z
394,10.1186/s12889-024-20102-x,serpapi_google_news,Q3_title_fragment,"""Screen time and mental health: a""",Earth.com,https://www.earth.com/news/screen-time-and-mental-health-a-vicious-cycle-for-kids/,Screen time and mental health: A vicious cycle for kids,,"06/11/2025, 07:00 AM, +0000 UTC",2026-05-09T04:00:30.531255Z
394,10.1186/s12889-024-20102-x,serpapi_google_news,Q3_title_fragment,"""Screen time and mental health: a""",Cureus,https://www.cureus.com/articles/432746-sleep-duration-quality-and-factors-affecting-sleep-health-among-young-people-in-the-california-bay-area-a-cross-sectional-study,"Sleep Duration, Quality, and Factors Affecting Sleep Health Among Young People in the California Bay Area: A Cross-Sectional Study",,"12/03/2025, 08:00 AM, +0000 UTC",2026-05-09T04:00:30.531255Z
394,10.1186/s12889-024-20102-x,serpapi_google_news,Q3_title_fragment,"""Screen time and mental health: a""",Psychology Today,https://www.psychologytoday.com/us/blog/inner-source/202411/screen-time-and-mental-health-in-kids,High levels of screen time can be problematic for kids' mental health.,,"11/13/2024, 08:00 AM, +0000 UTC",2026-05-09T04:00:30.531255Z
394,10.1186/s12889-024-20102-x,serpapi_google_news,Q3_title_fragment,"""Screen time and mental health: a""",Medical Xpress,https://medicalxpress.com/news/2024-10-screen-depression-anxiety-year-olds.html,"Screen time tied to depression, anxiety in 9- and 10-year-olds",,"10/07/2024, 07:00 AM, +0000 UTC",2026-05-09T04:00:30.531255Z
394,10.1186/s12889-024-20102-x,serpapi_google_news,Q3_title_fragment,"""Screen time and mental health: a""",NBC Bay Area,https://www.nbcbayarea.com/news/health/ucsf-study-extended-screen-time/3675031/,UCSF study shows extended screen time is mentally unhealthy for kids,,"10/09/2024, 07:00 AM, +0000 UTC",2026-05-09T04:00:30.531255Z
394,10.1186/s12889-024-20102-x,serpapi_google,Q4_eurekalert,"""Nagata"" ""screen time"" site:eurekalert.org",https://www.eurekalert.org › news-releases,https://www.eurekalert.org/news-releases/981045,Excessive screen time linked to suicidal behaviors in US ...,"Excessive screen time linked to suicidal behaviors in US preteens ... Nagata, MD, assistant professor of pediatrics at the University of ...","Feb 27, 2023",2026-05-09T04:00:31.035242Z
394,10.1186/s12889-024-20102-x,serpapi_google,Q4_eurekalert,"""Nagata"" ""screen time"" site:eurekalert.org",https://www.eurekalert.org › news-releases,https://www.eurekalert.org/news-releases/1074319,Screen time linked to bipolar and manic symptoms in U.S. ...,"“Screen addictions and irregular sleep patterns may exacerbate manic symptoms in susceptible teens,” said Nagata. The study adds to the wealth ...","Feb 20, 2025",2026-05-09T04:00:31.035242Z
394,10.1186/s12889-024-20102-x,serpapi_google,Q4_eurekalert,"""Nagata"" ""screen time"" site:eurekalert.org",https://www.eurekalert.org › news-releases,https://www.eurekalert.org/news-releases/1111741,Study: Teens use cellphones for an hour a day at school,"Teens are not always accurate reporters of their own screen time. Objective smartphone data gives us a clearer picture of actual use,” Nagata ...","Jan 6, 2026",2026-05-09T04:00:31.035242Z
394,10.1186/s12889-024-20102-x,serpapi_google,Q4_eurekalert,"""Nagata"" ""screen time"" site:eurekalert.org",https://www.eurekalert.org › news-releases,https://www.eurekalert.org/news-releases/1072583,How parents can protect children from mature and adult ...,"“One key factor in a child's exposure to mature content is how much screen time their parents use,” says Nagata. “Children often model their ...","Feb 5, 2025",2026-05-09T04:00:31.035242Z
394,10.1186/s12889-024-20102-x,serpapi_google,Q4_eurekalert,"""Nagata"" ""screen time"" site:eurekalert.org",https://www.eurekalert.org › news-releases,https://www.eurekalert.org/news-releases/933424,Adolescents' recreational screen time doubled during ...,"Excessive screen use in adolescents also is associated with weight gain and binge eating, Nagata noted: “Screen time lends itself to more ...","Nov 1, 2021",2026-05-09T04:00:31.035242Z
394,10.1186/s12889-024-20102-x,serpapi_google,Q4_eurekalert,"""Nagata"" ""screen time"" site:eurekalert.org",https://www.eurekalert.org › news-releases,https://www.eurekalert.org/news-releases/1060422,"For preteens, more screen time is tied to depression, ...",Nagata said parents can play an essential role in helping to mitigate the negative effects of excessive screen time. “The American Academy of ...,"Oct 7, 2024",2026-05-09T04:00:31.035242Z
394,10.1186/s12889-024-20102-x,serpapi_google,Q4_eurekalert,"""Nagata"" ""screen time"" site:eurekalert.org",https://www.eurekalert.org › news-releases,https://www.eurekalert.org/news-releases/753397,Excessive screen time linked to obesity in US preteen,"Parents should regularly talk to their children about screen-time usage and develop a family media use plan,"" said Nagata. ###. Nagata, JM, Iyer ...","Jun 28, 2021",2026-05-09T04:00:31.035242Z
394,10.1186/s12889-024-20102-x,serpapi_google,Q4_eurekalert,"""Nagata"" ""screen time"" site:eurekalert.org",https://www.eurekalert.org › news-releases,https://www.eurekalert.org/news-releases/973956,Screen time linked to OCD in U.S. preteens,"In July, Nagata and his colleagues discovered excessive screen time was linked to disruptive behavior disorders in 9-11 year olds, though ...","Dec 12, 2022",2026-05-09T04:00:31.035242Z
394,10.1186/s12889-024-20102-x,serpapi_google,Q4_eurekalert,"""Nagata"" ""screen time"" site:eurekalert.org",https://www.eurekalert.org › news-releases,https://www.eurekalert.org/news-releases/1057483,Screen time and social media use linked to eating disorder ...,"Screen time and social media use linked to eating disorder symptoms in young adolescents ... Nagata, MD, an associate professor of pediatrics at ...","Sep 10, 2024",2026-05-09T04:00:31.035242Z
394,10.1186/s12889-024-20102-x,serpapi_google,Q4_eurekalert,"""Nagata"" ""screen time"" site:eurekalert.org",https://www.eurekalert.org › news-releases,https://www.eurekalert.org/news-releases/1046791,"Great news, parents: You do have power over your tweens' ...","""Screen time at bedtime displaces sleep time, which is essential for health and development in young adolescents,” Nagata said. “Parents can ...","Jun 5, 2024",2026-05-09T04:00:31.035242Z
395,10.1186/s12889-025-25956-3,serpapi_google_news,Q2_author_topic,"""Parker"" ""Adolescent Brain Cognitive Development"" ""screen time""",medRxiv,https://www.medrxiv.org/content/10.1101/2025.11.23.25340847v1.full-text,Longitudinal Patterns of Digital Parenting Restrictions and Adolescent Screen Use: Insights from the Adolescent Brain Cognitive Development (ABCD) Study,,"11/25/2025, 08:00 AM, +0000 UTC",2026-05-09T04:00:31.537631Z
395,10.1186/s12889-025-25956-3,serpapi_google,Q4_eurekalert,"""Parker"" ""screen time"" site:eurekalert.org",https://www.eurekalert.org › news-releases,https://www.eurekalert.org/news-releases/1086346,Screen time and emotional problems in kids: A vicious circle?,"Screen time and emotional problems in kids: A vicious circle? ... Parker, PhD, Diego Vasconcellos, PhD, Katrina Wilhite, PhD, Ella ...","Jun 9, 2025",2026-05-09T04:00:44.766511Z
395,10.1186/s12889-025-25956-3,serpapi_google,Q4_eurekalert,"""Parker"" ""screen time"" site:eurekalert.org",https://www.eurekalert.org › news-releases,https://www.eurekalert.org/news-releases/983998,"Limit screen use in children under six, says psychologist",Parents should strictly ration or not allow screen time for children ... Becky Parker-Ellis Taylor & Francis Group newsroom ...,"Mar 30, 2023",2026-05-09T04:00:44.766511Z
395,10.1186/s12889-025-25956-3,serpapi_google,Q4_eurekalert,"""Parker"" ""screen time"" site:eurekalert.org",https://www.eurekalert.org › news-releases,https://www.eurekalert.org/news-releases/581884,Increased anxiety associated with sitting down,"... screen time were more like to experience anxiety compared to those ... Megan Teychenne, Sarah A Costigan and Kate Parker BMC Public ...","Jun 18, 2015",2026-05-09T04:00:44.766511Z
395,10.1186/s12889-025-25956-3,serpapi_google,Q4_eurekalert,"""Parker"" ""screen time"" site:eurekalert.org",https://www.eurekalert.org › news-releases,https://www.eurekalert.org/news-releases/1115619,How tech-dependency and pandemic isolation have ...,"Small children cannot drive to the store, buy an expensive device, and regulate screen time when they can't even tie their shoes. ... becky.parker ...","Feb 11, 2026",2026-05-09T04:00:44.766511Z
398,10.1186/s12966-019-0862-x,serpapi_google_news,Q2_author_topic,"""Guerrero"" ""Adolescent Brain Cognitive Development"" ""screen time""",CBC,https://www.cbc.ca/news/canada/ottawa/cheo-screen-time-sleep-impulsive-behaviour-study-pediatrics-1.5246219,"Screen time, lack of sleep linked to impulsive behaviour in kids, study finds",,"08/15/2019, 07:00 AM, +0000 UTC",2026-05-09T04:00:47.028769Z
398,10.1186/s12966-019-0862-x,serpapi_google_news,Q3_title_fragment,"""Screen time and problem behaviors in""",Nature,https://www.nature.com/articles/s41599-026-06609-1,Excessive screen time is associated with mental health problems in US children and adolescents: physical activity and sleep as parallel mediators,,"01/31/2026, 08:00 AM, +0000 UTC",2026-05-09T04:00:48.986010Z
398,10.1186/s12966-019-0862-x,serpapi_google_news,Q3_title_fragment,"""Screen time and problem behaviors in""",Frontiers,https://www.frontiersin.org/journals/psychology/articles/10.3389/fpsyg.2025.1699094/full,From stress to screen: family factors on the path to problematic media use in children aged 4–11,,"12/18/2025, 08:00 AM, +0000 UTC",2026-05-09T04:00:48.986010Z
398,10.1186/s12966-019-0862-x,serpapi_google_news,Q3_title_fragment,"""Screen time and problem behaviors in""",Cambridge University Press & Assessment,https://www.cambridge.org/core/journals/development-and-psychopathology/article/middle-childhood-and-adolescence-sleep-duration-and-behavior-problems-in-adolescence/78A733C303B84BE8B1FE2EBBE809CAF5,Middle childhood and adolescence sleep duration and behavior problems in adolescence,,"11/14/2022, 08:00 AM, +0000 UTC",2026-05-09T04:00:48.986010Z
398,10.1186/s12966-019-0862-x,serpapi_google_news,Q3_title_fragment,"""Screen time and problem behaviors in""",Medical News Today,https://www.medicalnewstoday.com/articles/negative-effects-of-technology,"Negative effects of technology: Psychological, social, and health",,"04/15/2025, 07:00 AM, +0000 UTC",2026-05-09T04:00:48.986010Z
398,10.1186/s12966-019-0862-x,serpapi_google_news,Q3_title_fragment,"""Screen time and problem behaviors in""",Nature,https://www.nature.com/articles/s41598-021-01803-4,Change in Japanese children’s 24-hour movement guidelines and mental health during the COVID-19 pandemic,,"11/26/2021, 08:00 AM, +0000 UTC",2026-05-09T04:00:48.986010Z
398,10.1186/s12966-019-0862-x,serpapi_google_news,Q3_title_fragment,"""Screen time and problem behaviors in""",Frontiers,https://www.frontiersin.org/journals/public-health/articles/10.3389/fpubh.2023.1146580/full,Adherence to 24-h movement guidelines in Spanish schoolchildren and its association with insulin resistance: a cross-sectional study,,"07/09/2023, 07:00 AM, +0000 UTC",2026-05-09T04:00:48.986010Z
398,10.1186/s12966-019-0862-x,serpapi_google_news,Q3_title_fragment,"""Screen time and problem behaviors in""",Nature,https://www.nature.com/articles/s41598-025-90673-1,The mediating role of cognitive arousal in the relationship between impulsivity and sleep quality among college students: a random intercept cross-lagged panel analysis,,"03/10/2025, 07:00 AM, +0000 UTC",2026-05-09T04:00:48.986010Z
398,10.1186/s12966-019-0862-x,serpapi_google_news,Q3_title_fragment,"""Screen time and problem behaviors in""",Nature,https://www.nature.com/articles/s41593-024-01596-5,A precision functional atlas of personalized network topography and probabilities,,"03/26/2024, 07:00 AM, +0000 UTC",2026-05-09T04:00:48.986010Z
398,10.1186/s12966-019-0862-x,serpapi_google,Q4_eurekalert,"""Guerrero"" ""screen time"" site:eurekalert.org",https://www.eurekalert.org › news-releases,https://www.eurekalert.org/news-releases/679708,Study shows severity of childhood obesity in Guam,"... screen time, the processed and sugary foods and beverages, and, most ... Leon Guerrero, a registered dietitian who holds a doctorate in human ...","Oct 5, 2020",2026-05-09T04:00:51.353999Z
400,10.1186/s12966-024-01587-6,serpapi_google_news,Q2_author_topic,"""Zink"" ""Adolescent Brain Cognitive Development"" ""screen time""",Psychiatric Times,https://www.psychiatrictimes.com/view/screen-media-activity-in-youth-friend-or-fiend,Screen Media Activity in Youth: Friend or Fiend?,,"10/26/2021, 07:00 AM, +0000 UTC",2026-05-09T04:00:52.649075Z
400,10.1186/s12966-024-01587-6,serpapi_google,Q4_eurekalert,"""Zink"" ""screen time"" site:eurekalert.org",https://www.eurekalert.org › news-releases,https://www.eurekalert.org/news-releases/1119639,Active ingredient of Viagra helps treat rare genetic disease,The study entailed administering sildenafil continuously to six Leigh syndrome patients between the ages of 9 months and 38 years. Within the ...,"Mar 11, 2026",2026-05-09T04:01:01.470985Z
400,10.1186/s12966-024-01587-6,serpapi_google,Q4_eurekalert,"""Zink"" ""screen time"" site:eurekalert.org",https://www.eurekalert.org › news-releases,https://www.eurekalert.org/news-releases/1066030,November/December Annals of Family Medicine Tip Sheet,A suburban family medicine residency clinic implemented an innovative approach to reduce behavioral health clinic wait times for adult ADHD ...,"Nov 25, 2024",2026-05-09T04:01:01.470985Z
420,10.1371/journal.pone.0256591,serpapi_google_news,Q2_author_topic,"""Paulich"" ""Adolescent Brain Cognitive Development"" ""screen time""",Nature,https://www.nature.com/articles/s41398-025-03672-1,Association of screen time with attention-deficit/hyperactivity disorder symptoms and their development: the mediating role of brain structure,,"10/31/2025, 07:00 AM, +0000 UTC",2026-05-09T04:01:31.488543Z
420,10.1371/journal.pone.0256591,serpapi_google_news,Q2_author_topic,"""Paulich"" ""Adolescent Brain Cognitive Development"" ""screen time""",The Conversation,https://theconversation.com/kids-and-their-computers-several-hours-a-day-of-screen-time-is-ok-study-suggests-168022,"Kids and their computers: Several hours a day of screen time is OK, study suggests",,"10/12/2021, 07:00 AM, +0000 UTC",2026-05-09T04:01:31.488543Z
420,10.1371/journal.pone.0256591,serpapi_google_news,Q2_author_topic,"""Paulich"" ""Adolescent Brain Cognitive Development"" ""screen time""",Frontiers,https://www.frontiersin.org/journals/psychiatry/articles/10.3389/fpsyt.2024.1512149/full,Commentary: Relationships between screen time and childhood attention deficit hyperactivity disorder: a Mendelian randomization study,,"11/25/2024, 07:27 AM, +0000 UTC",2026-05-09T04:01:31.488543Z
420,10.1371/journal.pone.0256591,serpapi_google_news,Q2_author_topic,"""Paulich"" ""Adolescent Brain Cognitive Development"" ""screen time""",Cureus,https://www.cureus.com/articles/434434-the-impact-of-screen-time-on-the-health-of-the-pediatric-population-short--and-long-term-consequences-for-lifestyle-ophthalmology-and-mental-health,"The Impact of Screen Time on the Health of the Pediatric Population: Short- and Long-Term Consequences for Lifestyle, Ophthalmology, and Mental Health",,"11/16/2025, 08:00 AM, +0000 UTC",2026-05-09T04:01:31.488543Z
420,10.1371/journal.pone.0256591,serpapi_google_news,Q2_author_topic,"""Paulich"" ""Adolescent Brain Cognitive Development"" ""screen time""",Nature,https://www.nature.com/articles/s44277-024-00006-9,Probing the digital exposome: associations of social media use patterns with youth mental health,,"04/23/2024, 07:00 AM, +0000 UTC",2026-05-09T04:01:31.488543Z
420,10.1371/journal.pone.0256591,serpapi_google_news,Q2_author_topic,"""Paulich"" ""Adolescent Brain Cognitive Development"" ""screen time""",Cureus,https://www.cureus.com/articles/259146-impact-of-elevated-screen-time-on-school-age-adolescents-during-the-covid-19-pandemic-an-analytical-study,Impact of Elevated Screen Time on School-Age Adolescents During the COVID-19 Pandemic: An Analytical Study,,"07/16/2024, 07:00 AM, +0000 UTC",2026-05-09T04:01:31.488543Z
420,10.1371/journal.pone.0256591,serpapi_google_news,Q2_author_topic,"""Paulich"" ""Adolescent Brain Cognitive Development"" ""screen time""",Frontiers,https://www.frontiersin.org/journals/psychiatry/articles/10.3389/fpsyt.2024.1337740/full,Leveraging big data for causal understanding in mental health: a research framework,,"02/18/2024, 08:00 AM, +0000 UTC",2026-05-09T04:01:31.488543Z
420,10.1371/journal.pone.0256591,serpapi_google_news,Q2_author_topic,"""Paulich"" ""Adolescent Brain Cognitive Development"" ""screen time""",Nature,https://www.nature.com/articles/s41598-024-68467-8,Passively sensing smartphone use in teens with rates of use by sex and across operating systems,,"08/03/2024, 07:00 AM, +0000 UTC",2026-05-09T04:01:31.488543Z
420,10.1371/journal.pone.0256591,serpapi_google_news,Q3_title_fragment,"""Screen time and early adolescent mental""",Cureus,https://www.cureus.com/articles/434434-the-impact-of-screen-time-on-the-health-of-the-pediatric-population-short--and-long-term-consequences-for-lifestyle-ophthalmology-and-mental-health,"The Impact of Screen Time on the Health of the Pediatric Population: Short- and Long-Term Consequences for Lifestyle, Ophthalmology, and Mental Health",,"11/16/2025, 08:00 AM, +0000 UTC",2026-05-09T04:01:34.284884Z
420,10.1371/journal.pone.0256591,serpapi_google_news,Q3_title_fragment,"""Screen time and early adolescent mental""",Nature,https://www.nature.com/articles/s41398-025-03672-1,Association of screen time with attention-deficit/hyperactivity disorder symptoms and their development: the mediating role of brain structure,,"10/31/2025, 07:00 AM, +0000 UTC",2026-05-09T04:01:34.284884Z
420,10.1371/journal.pone.0256591,serpapi_google_news,Q3_title_fragment,"""Screen time and early adolescent mental""",Frontiers,https://www.frontiersin.org/journals/psychiatry/articles/10.3389/fpsyt.2024.1512149/full,Commentary: Relationships between screen time and childhood attention deficit hyperactivity disorder: a Mendelian randomization study,,"11/25/2024, 07:27 AM, +0000 UTC",2026-05-09T04:01:34.284884Z
420,10.1371/journal.pone.0256591,serpapi_google_news,Q3_title_fragment,"""Screen time and early adolescent mental""",medRxiv,https://www.medrxiv.org/content/10.64898/2026.03.26.26349404v1.full,The exposome and attention-related brain networks jointly predict attention problems in early adolescence,,"03/28/2026, 07:00 AM, +0000 UTC",2026-05-09T04:01:34.284884Z
420,10.1371/journal.pone.0256591,serpapi_google_news,Q3_title_fragment,"""Screen time and early adolescent mental""",Cureus,https://www.cureus.com/articles/298931-exploring-screen-time-and-its-effects-on-childrens-mental-health-a-cross-sectional-study,Exploring Screen Time and Its Effects on Children’s Mental Health: A Cross-Sectional Study,,"10/10/2024, 07:00 AM, +0000 UTC",2026-05-09T04:01:34.284884Z
420,10.1371/journal.pone.0256591,serpapi_google_news,Q3_title_fragment,"""Screen time and early adolescent mental""",Nature,https://www.nature.com/articles/s44277-024-00006-9,Probing the digital exposome: associations of social media use patterns with youth mental health,,"04/23/2024, 07:00 AM, +0000 UTC",2026-05-09T04:01:34.284884Z
420,10.1371/journal.pone.0256591,serpapi_google_news,Q3_title_fragment,"""Screen time and early adolescent mental""",Frontiers,https://www.frontiersin.org/journals/psychiatry/articles/10.3389/fpsyt.2024.1337740/full,Leveraging big data for causal understanding in mental health: a research framework,,"02/18/2024, 08:00 AM, +0000 UTC",2026-05-09T04:01:34.284884Z
420,10.1371/journal.pone.0256591,serpapi_google_news,Q3_title_fragment,"""Screen time and early adolescent mental""",Cureus,https://www.cureus.com/articles/259146-impact-of-elevated-screen-time-on-school-age-adolescents-during-the-covid-19-pandemic-an-analytical-study,Impact of Elevated Screen Time on School-Age Adolescents During the COVID-19 Pandemic: An Analytical Study,,"07/16/2024, 07:00 AM, +0000 UTC",2026-05-09T04:01:34.284884Z
420,10.1371/journal.pone.0256591,serpapi_google_news,Q3_title_fragment,"""Screen time and early adolescent mental""",Nature,https://www.nature.com/articles/s41598-024-78436-w,Prevalence and lifestyle determinants of depressive symptoms among Chinese children and adolescents,,"11/09/2024, 08:00 AM, +0000 UTC",2026-05-09T04:01:34.284884Z
420,10.1371/journal.pone.0256591,serpapi_google_news,Q3_title_fragment,"""Screen time and early adolescent mental""",Nature,https://www.nature.com/articles/s41598-024-68467-8,Passively sensing smartphone use in teens with rates of use by sex and across operating systems,,"08/03/2024, 07:00 AM, +0000 UTC",2026-05-09T04:01:34.284884Z
420,10.1371/journal.pone.0256591,serpapi_google,Q4_eurekalert,"""Paulich"" ""screen time"" site:eurekalert.org",https://www.eurekalert.org › news-releases,https://www.eurekalert.org/news-releases/928055,"Screen time only mildly linked to behavioral problems, but ...","While the study did find associations between screen time and some mental health and behavioral problems, Paulich stressed that this does not ...","Sep 9, 2021",2026-05-09T04:01:36.411147Z
431,10.1542/peds.2025-072941,serpapi_google_news,Q2_author_topic,"""Barzilay"" ""Adolescent Brain Cognitive Development"" ""smartphone""",CBS News,https://www.cbsnews.com/news/children-smartphones-increased-risk-of-health-problems-study/,"Children who have smartphones by age 12 are at increased risk of health problems, new study finds",,"12/01/2025, 08:00 AM, +0000 UTC",2026-05-09T04:01:37.748418Z
431,10.1542/peds.2025-072941,serpapi_google_news,Q2_author_topic,"""Barzilay"" ""Adolescent Brain Cognitive Development"" ""smartphone""",Jefferson City News Tribune,https://www.newstribune.com/news/2025/dec/23/study-links-owning-smartphone-before-age-12-to/,Study links owning smartphone before age 12 to health risks,,"12/23/2025, 08:00 AM, +0000 UTC",2026-05-09T04:01:37.748418Z
431,10.1542/peds.2025-072941,serpapi_google_news,Q2_author_topic,"""Barzilay"" ""Adolescent Brain Cognitive Development"" ""smartphone""",The New York Times,https://www.nytimes.com/2025/12/01/well/family/early-smartphone-ownership-study.html,"A Smartphone Before Age 12 Could Carry Health Risks, Study Says",,"12/01/2025, 08:00 AM, +0000 UTC",2026-05-09T04:01:37.748418Z
431,10.1542/peds.2025-072941,serpapi_google_news,Q2_author_topic,"""Barzilay"" ""Adolescent Brain Cognitive Development"" ""smartphone""",AAP,https://publications.aap.org/pediatrics/article-abstract/157/1/e2025072941/205716/Smartphone-Ownership-Age-of-Smartphone-Acquisition?autologincheck=redirected,"Smartphone Ownership, Age of Smartphone Acquisition, and Health Outcomes in Early Adolescence",,"12/01/2025, 08:00 AM, +0000 UTC",2026-05-09T04:01:37.748418Z
431,10.1542/peds.2025-072941,serpapi_google_news,Q2_author_topic,"""Barzilay"" ""Adolescent Brain Cognitive Development"" ""smartphone""",Diario AS,https://en.as.com/latest_news/dr-ran-barzilay-psychiatrist-on-when-its-ok-for-kids-to-own-a-smartphone-the-findings-do-support-delaying-f202601-n/,"Dr. Ran Barzilay, psychiatrist, on when it’s OK for kids to own a smartphone: “The findings do support delayin",,"01/31/2026, 08:00 AM, +0000 UTC",2026-05-09T04:01:37.748418Z
431,10.1542/peds.2025-072941,serpapi_google_news,Q2_author_topic,"""Barzilay"" ""Adolescent Brain Cognitive Development"" ""smartphone""",Futurism,https://futurism.com/health-medicine/grim-happenings-kids-smartphones,Something Grim Is Happening to Kids Who Got Cell Phones Early,,"12/02/2025, 08:00 AM, +0000 UTC",2026-05-09T04:01:37.748418Z
431,10.1542/peds.2025-072941,serpapi_google_news,Q2_author_topic,"""Barzilay"" ""Adolescent Brain Cognitive Development"" ""smartphone""",Politico,https://www.politico.com/newsletters/future-pulse/2025/12/02/kids-smartphone-use-linked-to-health-risks-00672580,Kids’ smartphone use linked to health risks,,"12/02/2025, 08:00 AM, +0000 UTC",2026-05-09T04:01:37.748418Z
431,10.1542/peds.2025-072941,serpapi_google_news,Q3_title_fragment,"""Smartphone Ownership, Age of Smartphone Acquisition,""",AAP,https://publications.aap.org/pediatrics/article-abstract/157/1/e2025072941/205716/Smartphone-Ownership-Age-of-Smartphone-Acquisition,"Smartphone Ownership, Age of Smartphone Acquisition, and Health Outcomes in Early Adolescence",,"12/01/2025, 08:00 AM, +0000 UTC",2026-05-09T04:01:39.557342Z
431,10.1542/peds.2025-072941,serpapi_google_news,Q3_title_fragment,"""Smartphone Ownership, Age of Smartphone Acquisition,""",PR Newswire,https://www.prnewswire.com/news-releases/childrens-hospital-of-philadelphia-study-links-smartphone-ownership-in-childhood-to-increased-risk-of-depression-and-obesity-in-youth-302627044.html,Children's Hospital of Philadelphia Study Links Smartphone Ownership in Childhood to Increased Risk of Depression and Obesity in Youth,,"12/01/2025, 08:00 AM, +0000 UTC",2026-05-09T04:01:39.557342Z
431,10.1542/peds.2025-072941,serpapi_google_news,Q3_title_fragment,"""Smartphone Ownership, Age of Smartphone Acquisition,""",Science News Explores,https://www.snexplores.org/article/kids-age-own-smartphone-health-risks,New study links early smartphone ownership to health risks,,"02/17/2026, 08:00 AM, +0000 UTC",2026-05-09T04:01:39.557342Z
431,10.1542/peds.2025-072941,serpapi_google_news,Q3_title_fragment,"""Smartphone Ownership, Age of Smartphone Acquisition,""",Patient Care Online,https://www.patientcareonline.com/view/smartphone-ownership-in-young-adolescence-drives-physical-and-emotional-health-risks,Smartphone Ownership in Young Adolescence Drives Physical and Emotional Health Risks,,"12/05/2025, 08:00 AM, +0000 UTC",2026-05-09T04:01:39.557342Z
431,10.1542/peds.2025-072941,serpapi_google_news,Q3_title_fragment,"""Smartphone Ownership, Age of Smartphone Acquisition,""",Medical Xpress,https://medicalxpress.com/news/2025-12-smartphone-age-linked-mental-physical.html,Owning a smartphone at age 12 linked to mental and physical health risks,,"12/02/2025, 08:00 AM, +0000 UTC",2026-05-09T04:01:39.557342Z
431,10.1542/peds.2025-072941,serpapi_google_news,Q3_title_fragment,"""Smartphone Ownership, Age of Smartphone Acquisition,""",The Times of India,https://timesofindia.indiatimes.com/technology/mobiles-tabs/smartphone-ownership-linked-to-depression-obesity-and-sleep-loss-in-early-adolescents-study/articleshow/127928562.cms,"Smartphone ownership linked to depression, obesity, and sleep loss in early adolescents: Study",,"03/07/2026, 08:00 AM, +0000 UTC",2026-05-09T04:01:39.557342Z
431,10.1542/peds.2025-072941,serpapi_google_news,Q3_title_fragment,"""Smartphone Ownership, Age of Smartphone Acquisition,""",Psychology Today,https://www.psychologytoday.com/gb/blog/child-sleep-from-zzzs-to-as/202512/the-big-experiment-of-australias-social-media-ban,Time will tell if a social media ban for children will have the desired effect.,,"12/13/2025, 08:00 AM, +0000 UTC",2026-05-09T04:01:39.557342Z
431,10.1542/peds.2025-072941,serpapi_google,Q4_eurekalert,"""Barzilay"" ""smartphone"" site:eurekalert.org",https://www.eurekalert.org › news-releases,https://www.eurekalert.org/news-releases/797811,John Hennessy and David Patterson win the Frontiers of ...,"... smartphone, and embedded computer [in televisions, cars and Internet ... Remaining members were Regina Barzilay, Delta Electronics ...","Feb 10, 2021",2026-05-09T04:01:43.426407Z
431,10.1542/peds.2025-072941,serpapi_google,Q4_eurekalert,"""Barzilay"" ""smartphone"" site:eurekalert.org",https://www.eurekalert.org › news-releases,https://www.eurekalert.org/news-releases/979072,The Frontiers of Knowledge Award goes to Alberto ...,"Today, in a modern smartphone, chips have billions of transistors, so ... Remaining members were Regina Barzilay, School of Engineering ...","Feb 8, 2023",2026-05-09T04:01:43.426407Z
435,10.1542/pedsos.2025-000922,serpapi_google_news,Q2_author_topic,"""Nivins"" ""Adolescent Brain Cognitive Development"" ""digital media""",Nature,https://www.nature.com/articles/s41598-024-63566-y,Long-term impact of digital media on brain development in children - Scientific Reports,,"06/06/2024, 07:00 AM, +0000 UTC",2026-05-09T04:01:45.662929Z
435,10.1542/pedsos.2025-000922,serpapi_google_news,Q2_author_topic,"""Nivins"" ""Adolescent Brain Cognitive Development"" ""digital media""",koreabiomed.com,https://www.koreabiomed.com/news/articleView.html?idxno=29871,[Column] Smartphones and children’s brain health,,"12/05/2025, 08:00 AM, +0000 UTC",2026-05-09T04:01:45.662929Z
435,10.1542/pedsos.2025-000922,serpapi_google_news,Q2_author_topic,"""Nivins"" ""Adolescent Brain Cognitive Development"" ""digital media""",Science News Explores,https://www.snexplores.org/article/brain-rot-social-media-teen-health,Got brain rot?,,"03/19/2026, 07:00 AM, +0000 UTC",2026-05-09T04:01:45.662929Z
435,10.1542/pedsos.2025-000922,serpapi_google_news,Q2_author_topic,"""Nivins"" ""Adolescent Brain Cognitive Development"" ""digital media""",Contemporary Pediatrics,https://www.contemporarypediatrics.com/view/social-media-use-linked-to-rising-inattentive-adhd-symptoms-in-children,Social media use linked to rising inattentive ADHD symptoms in children,,"01/22/2026, 08:00 AM, +0000 UTC",2026-05-09T04:01:45.662929Z
435,10.1542/pedsos.2025-000922,serpapi_google_news,Q2_author_topic,"""Nivins"" ""Adolescent Brain Cognitive Development"" ""digital media""",News-Medical,https://www.news-medical.net/news/20251210/Screen-time-and-ADHD-why-social-media-stands-out-from-gaming-and-TV.aspx,Screen time and ADHD: why social media stands out from gaming and TV,,"12/10/2025, 08:00 AM, +0000 UTC",2026-05-09T04:01:45.662929Z
435,10.1542/pedsos.2025-000922,serpapi_google_news,Q3_title_fragment,"""Digital Media, Genetics, and Risk for""",News-Medical,https://www.news-medical.net/news/20251210/Screen-time-and-ADHD-why-social-media-stands-out-from-gaming-and-TV.aspx,Screen time and ADHD: why social media stands out from gaming and TV,,"12/10/2025, 08:00 AM, +0000 UTC",2026-05-09T04:01:46.245975Z
435,10.1542/pedsos.2025-000922,serpapi_google_news,Q3_title_fragment,"""Digital Media, Genetics, and Risk for""",EMJ,https://www.emjreviews.com/general-healthcare/news/how-social-media-shapes-childrens-attention-over-time/,How Social Media Shapes Children’s Attention Over Time,,"12/14/2025, 08:00 AM, +0000 UTC",2026-05-09T04:01:46.245975Z
435,10.1542/pedsos.2025-000922,serpapi_google_news,Q3_title_fragment,"""Digital Media, Genetics, and Risk for""",Karolinska Institutet,https://news.ki.se/using-social-media-may-impair-childrens-attention,Using social media may impair children’s attention,,"08/12/2025, 07:00 AM, +0000 UTC",2026-05-09T04:01:46.245975Z
435,10.1542/pedsos.2025-000922,serpapi_google_news,Q3_title_fragment,"""Digital Media, Genetics, and Risk for""",Contemporary Pediatrics,https://www.contemporarypediatrics.com/view/social-media-use-linked-to-rising-inattentive-adhd-symptoms-in-children,Social media use linked to rising inattentive ADHD symptoms in children,,"01/22/2026, 08:00 AM, +0000 UTC",2026-05-09T04:01:46.245975Z
435,10.1542/pedsos.2025-000922,serpapi_google_news,Q3_title_fragment,"""Digital Media, Genetics, and Risk for""",ADDitude,https://www.additudemag.com/social-media-use-adhd-children/,"New Studies Link Heavy Social Media, Screen Use to ADHD Symptoms",,"03/19/2026, 07:00 AM, +0000 UTC",2026-05-09T04:01:46.245975Z
435,10.1542/pedsos.2025-000922,serpapi_google_news,Q3_title_fragment,"""Digital Media, Genetics, and Risk for""",Medical Dialogues,https://medicaldialogues.in/mdtv/pediatrics-neonatology/videos/study-links-social-media-use-to-poor-focus-rising-adhd-symptoms-in-children-160567,"Study links social media use to poor focus, rising ADHD symptoms in children",,"12/13/2025, 08:00 AM, +0000 UTC",2026-05-09T04:01:46.245975Z
435,10.1542/pedsos.2025-000922,serpapi_google_news,Q3_title_fragment,"""Digital Media, Genetics, and Risk for""",Science News Explores,https://www.snexplores.org/article/brain-rot-social-media-teen-health,Got brain rot?,,"03/19/2026, 07:00 AM, +0000 UTC",2026-05-09T04:01:46.245975Z
435,10.1542/pedsos.2025-000922,serpapi_google,Q4_eurekalert,"""Nivins"" ""digital media"" site:eurekalert.org",https://www.eurekalert.org › news-releases,https://www.eurekalert.org/news-releases/1108691,Using social media may impair children's attention,"Publication: “Digital media, Genetics and Risk for ADHD Symptoms in Children – a Longitudinal Study”, Samson Nivins, Michael A. Mooney, Joel ...","Dec 8, 2025",2026-05-09T04:01:50.576562Z
436,10.1542/pedsos.2025-000922/205729,serpapi_google_news,Q3_title_fragment,"""Digital Media, Genetics, and Risk for""",News-Medical,https://www.news-medical.net/news/20251210/Screen-time-and-ADHD-why-social-media-stands-out-from-gaming-and-TV.aspx,Screen time and ADHD: why social media stands out from gaming and TV,,"12/10/2025, 08:00 AM, +0000 UTC",2026-05-09T04:01:51.087495Z
436,10.1542/pedsos.2025-000922/205729,serpapi_google_news,Q3_title_fragment,"""Digital Media, Genetics, and Risk for""",EMJ,https://www.emjreviews.com/general-healthcare/news/how-social-media-shapes-childrens-attention-over-time/,How Social Media Shapes Children’s Attention Over Time,,"12/14/2025, 08:00 AM, +0000 UTC",2026-05-09T04:01:51.087495Z
436,10.1542/pedsos.2025-000922/205729,serpapi_google_news,Q3_title_fragment,"""Digital Media, Genetics, and Risk for""",Karolinska Institutet,https://news.ki.se/using-social-media-may-impair-childrens-attention,Using social media may impair children’s attention,,"08/12/2025, 07:00 AM, +0000 UTC",2026-05-09T04:01:51.087495Z
436,10.1542/pedsos.2025-000922/205729,serpapi_google_news,Q3_title_fragment,"""Digital Media, Genetics, and Risk for""",Contemporary Pediatrics,https://www.contemporarypediatrics.com/view/social-media-use-linked-to-rising-inattentive-adhd-symptoms-in-children,Social media use linked to rising inattentive ADHD symptoms in children,,"01/22/2026, 08:00 AM, +0000 UTC",2026-05-09T04:01:51.087495Z
436,10.1542/pedsos.2025-000922/205729,serpapi_google_news,Q3_title_fragment,"""Digital Media, Genetics, and Risk for""",ADDitude,https://www.additudemag.com/social-media-use-adhd-children/,"New Studies Link Heavy Social Media, Screen Use to ADHD Symptoms",,"03/19/2026, 07:00 AM, +0000 UTC",2026-05-09T04:01:51.087495Z
436,10.1542/pedsos.2025-000922/205729,serpapi_google_news,Q3_title_fragment,"""Digital Media, Genetics, and Risk for""",Medical Dialogues,https://medicaldialogues.in/mdtv/pediatrics-neonatology/videos/study-links-social-media-use-to-poor-focus-rising-adhd-symptoms-in-children-160567,"Study links social media use to poor focus, rising ADHD symptoms in children",,"12/13/2025, 08:00 AM, +0000 UTC",2026-05-09T04:01:51.087495Z
436,10.1542/pedsos.2025-000922/205729,serpapi_google_news,Q3_title_fragment,"""Digital Media, Genetics, and Risk for""",Science News Explores,https://www.snexplores.org/article/brain-rot-social-media-teen-health,Got brain rot?,,"03/19/2026, 07:00 AM, +0000 UTC",2026-05-09T04:01:51.087495Z
443,10.1556/2006.2025.00035,serpapi_google_news,Q2_author_topic,"""Xu"" ""Adolescent Brain Cognitive Development"" ""screen time""",Nature,https://www.nature.com/articles/s41398-025-03672-1,Association of screen time with attention-deficit/hyperactivity disorder symptoms and their development: the mediating role of brain structure,,"10/31/2025, 07:00 AM, +0000 UTC",2026-05-09T04:01:51.644131Z
443,10.1556/2006.2025.00035,serpapi_google_news,Q2_author_topic,"""Xu"" ""Adolescent Brain Cognitive Development"" ""screen time""",Frontiers,https://www.frontiersin.org/journals/medicine/articles/10.3389/fmed.2026.1736060/full,Digital media use and cognitive networks in medical students: linking screen time with intelligence and academic performance,,"01/27/2026, 06:14 PM, +0000 UTC",2026-05-09T04:01:51.644131Z
443,10.1556/2006.2025.00035,serpapi_google_news,Q2_author_topic,"""Xu"" ""Adolescent Brain Cognitive Development"" ""screen time""",Cureus,https://www.cureus.com/articles/434434-the-impact-of-screen-time-on-the-health-of-the-pediatric-population-short--and-long-term-consequences-for-lifestyle-ophthalmology-and-mental-health,"The Impact of Screen Time on the Health of the Pediatric Population: Short- and Long-Term Consequences for Lifestyle, Ophthalmology, and Mental Health",,"11/16/2025, 08:00 AM, +0000 UTC",2026-05-09T04:01:51.644131Z
443,10.1556/2006.2025.00035,serpapi_google_news,Q2_author_topic,"""Xu"" ""Adolescent Brain Cognitive Development"" ""screen time""",Nature,https://www.nature.com/articles/s41398-025-03467-4,Neural correlates differ between crystallized and fluid intelligence in adolescents | Translational Psychiatry,,"07/17/2025, 07:00 AM, +0000 UTC",2026-05-09T04:01:51.644131Z
443,10.1556/2006.2025.00035,serpapi_google_news,Q3_title_fragment,"""Beyond screen time: The core influences""",Frontiers,https://www.frontiersin.org/journals/medicine/articles/10.3389/fmed.2026.1736060/full,Digital media use and cognitive networks in medical students: linking screen time with intelligence and academic performance,,"01/27/2026, 06:14 PM, +0000 UTC",2026-05-09T04:01:54.279595Z
443,10.1556/2006.2025.00035,serpapi_google,Q4_eurekalert,"""Xu"" ""screen time"" site:eurekalert.org",https://www.eurekalert.org › news-releases,https://www.eurekalert.org/news-releases/747989,New studies measure screen-based media use in children,"... screen time recommendations,"" said Dr. Hutton ... Authors: John Hutton, Yuanfang Xu, Thomas DeWitt, Tzipi Horowitz-Kraus, Richard Ittenbach ... screen time ...",,2026-05-09T04:01:56.808261Z
443,10.1556/2006.2025.00035,serpapi_google,Q4_eurekalert,"""Xu"" ""screen time"" site:eurekalert.org",https://www.eurekalert.org › news-releases,https://www.eurekalert.org/news-releases/643204,Language use decreases in young children and caregivers ...,"Richards, MA; Dongxin Xu, PhD; Sharmistha Gray, PhD, and Umit ... screen time and attentional disorders. About Seattle Children's ...","Jun 1, 2009",2026-05-09T04:01:56.808261Z
443,10.1556/2006.2025.00035,serpapi_google,Q4_eurekalert,"""Xu"" ""screen time"" site:eurekalert.org",https://www.eurekalert.org › news-releases,https://www.eurekalert.org/news-releases/1088684,"Better sleep, less cancer risk: The power of nightly rest","In our fast-paced world, sleep is often sacrificed for productivity or screen time. ... Xiaoke (Kerri) Xu BGI Genomics xuxiaoke@bgi.com ...","Jun 24, 2025",2026-05-09T04:01:56.808261Z
521,10.3389/fped.2023.1198033,serpapi_google_news,Q2_author_topic,"""Must"" ""Adolescent Brain Cognitive Development"" ""screen time""",Nature,https://www.nature.com/articles/s41598-024-63566-y,Long-term impact of digital media on brain development in children - Scientific Reports,,"06/06/2024, 07:00 AM, +0000 UTC",2026-05-09T04:01:59.266840Z
521,10.3389/fped.2023.1198033,serpapi_google_news,Q2_author_topic,"""Must"" ""Adolescent Brain Cognitive Development"" ""screen time""",Brain and Behavior Research,https://bbrfoundation.org/content/link-between-more-screen-time-childhood-and-depression-early-adolescence-related-less-sleep,"A Link Between More Screen Time in Childhood and Depression in Early Adolescence Is Related to Less Sleep and White Matter Changes, Study Finds",,"08/28/2025, 07:00 AM, +0000 UTC",2026-05-09T04:01:59.266840Z
521,10.3389/fped.2023.1198033,serpapi_google_news,Q2_author_topic,"""Must"" ""Adolescent Brain Cognitive Development"" ""screen time""",Science News,https://www.sciencenews.org/article/screen-addiction-teens-mental-health,"Screen addiction affects teens’ mental health. How to spot it, and help",,"07/22/2025, 07:00 AM, +0000 UTC",2026-05-09T04:01:59.266840Z
521,10.3389/fped.2023.1198033,serpapi_google_news,Q2_author_topic,"""Must"" ""Adolescent Brain Cognitive Development"" ""screen time""",Education Week,https://www.edweek.org/leadership/screen-time-can-raise-childrens-chance-of-ocd-educators-can-help-prevent-that/2022/12,Screen Time Can Raise Children’s Chance of OCD. Educators Can Help Prevent That,,"12/20/2022, 08:00 AM, +0000 UTC",2026-05-09T04:01:59.266840Z
521,10.3389/fped.2023.1198033,serpapi_google_news,Q2_author_topic,"""Must"" ""Adolescent Brain Cognitive Development"" ""screen time""",Word on Fire,https://www.wordonfire.org/articles/parents-must-wake-up-to-the-dangers-of-screen-addiction/,Parents Must Wake Up to the Dangers of Screen Addiction,,"03/12/2024, 07:00 AM, +0000 UTC",2026-05-09T04:01:59.266840Z
521,10.3389/fped.2023.1198033,serpapi_google_news,Q2_author_topic,"""Must"" ""Adolescent Brain Cognitive Development"" ""screen time""",The Morning,https://www.themorning.lk/articles/PhDTyxfqXFKSEwn62aQG,Social media: Pros and cons of a teen social media ban in SL,,"02/06/2026, 08:00 AM, +0000 UTC",2026-05-09T04:01:59.266840Z
521,10.3389/fped.2023.1198033,serpapi_google_news,Q2_author_topic,"""Must"" ""Adolescent Brain Cognitive Development"" ""screen time""",The Hill,https://thehill.com/changing-america/enrichment/education/3702176-video-gaming-may-be-associated-with-better-cognitive-performance-in-children/,Video gaming may be associated with better cognitive performance in children,,"10/24/2022, 07:00 AM, +0000 UTC",2026-05-09T04:01:59.266840Z
521,10.3389/fped.2023.1198033,serpapi_google_news,Q2_author_topic,"""Must"" ""Adolescent Brain Cognitive Development"" ""screen time""",Nature,https://www.nature.com/articles/s44277-024-00006-9,Probing the digital exposome: associations of social media use patterns with youth mental health,,"04/23/2024, 07:00 AM, +0000 UTC",2026-05-09T04:01:59.266840Z
521,10.3389/fped.2023.1198033,serpapi_google_news,Q2_author_topic,"""Must"" ""Adolescent Brain Cognitive Development"" ""screen time""",Bioengineer.org,https://bioengineer.org/study-finds-early-adolescent-addictive-digital-habits-tied-to-mental-health-challenges/,Study Finds Early Adolescent Addictive Digital Habits Tied to Mental Health Challenges,,"02/12/2026, 08:00 AM, +0000 UTC",2026-05-09T04:01:59.266840Z
521,10.3389/fped.2023.1198033,serpapi_google_news,Q2_author_topic,"""Must"" ""Adolescent Brain Cognitive Development"" ""screen time""",Medical Dialogues,https://medicaldialogues.in/pediatrics-neonatology/news/increased-screen-time-linked-to-weight-gain-in-children-study-79377,Increased screen time linked to weight gain in children: Study,,"07/05/2021, 07:00 AM, +0000 UTC",2026-05-09T04:01:59.266840Z
521,10.3389/fped.2023.1198033,serpapi_google_news,Q3_title_fragment,"""Passive and social screen time in""",Frontiers,https://www.frontiersin.org/journals/endocrinology/articles/10.3389/fendo.2024.1412522/full,Research progress on the role of mindfulness in intervention for adolescent obesity,,"08/20/2024, 07:00 AM, +0000 UTC",2026-05-09T04:02:09.298173Z
521,10.3389/fped.2023.1198033,serpapi_google,Q4_eurekalert,"""Must"" ""screen time"" site:eurekalert.org",https://www.eurekalert.org › news-releases,https://www.eurekalert.org/news-releases/1076347,Limiting screen time protects children's mental health,Limiting screen time protects children's mental health. Peer ... “Society as a whole – from families to policymakers – must invest in ...,"Mar 10, 2025",2026-05-09T04:02:10.963520Z
521,10.3389/fped.2023.1198033,serpapi_google,Q4_eurekalert,"""Must"" ""screen time"" site:eurekalert.org",https://www.eurekalert.org › news-releases,https://www.eurekalert.org/news-releases/713582,What are parents doing to limit screen time for young children?,"Inniss says the national conversation about children and screen time has to expand to include quality as well as quantity. ""Future efforts must concentrate ...",,2026-05-09T04:02:10.963520Z
521,10.3389/fped.2023.1198033,serpapi_google,Q4_eurekalert,"""Must"" ""screen time"" site:eurekalert.org",https://www.eurekalert.org › news-releases,https://www.eurekalert.org/news-releases/1121884,Screen time among children and adolescents has ...,Screen time among children and adolescents ... The authors emphasize that effective responses must be grounded in high-quality evidence.,"Mar 30, 2026",2026-05-09T04:02:10.963520Z
521,10.3389/fped.2023.1198033,serpapi_google,Q4_eurekalert,"""Must"" ""screen time"" site:eurekalert.org",https://www.eurekalert.org › news-releases,https://www.eurekalert.org/news-releases/463129,"School, health and behavior suffer when children have TV, ...","""It's a question every parent must face, but there is a simple two-letter answer. ... screen time, which indirectly affected school grades.","Sep 26, 2017",2026-05-09T04:02:10.963520Z
521,10.3389/fped.2023.1198033,serpapi_google,Q4_eurekalert,"""Must"" ""screen time"" site:eurekalert.org",https://www.eurekalert.org › news-releases,https://www.eurekalert.org/news-releases/1115619,How tech-dependency and pandemic isolation have ...,"Small children cannot drive to the store, buy an expensive device, and regulate screen time when they can't even tie their shoes. We bought the ...","Feb 11, 2026",2026-05-09T04:02:10.963520Z
521,10.3389/fped.2023.1198033,serpapi_google,Q4_eurekalert,"""Must"" ""screen time"" site:eurekalert.org",https://www.eurekalert.org › news-releases,https://www.eurekalert.org/news-releases/1008150,"Children's brains shaped by their time on tech devices, ...","Overall Chair Professor Li's team conclude that policymakers must ... screen time) or the cognitive processes (i.e., learning experience) ...","Nov 17, 2023",2026-05-09T04:02:10.963520Z
521,10.3389/fped.2023.1198033,serpapi_google,Q4_eurekalert,"""Must"" ""screen time"" site:eurekalert.org",https://www.eurekalert.org › news-releases,https://www.eurekalert.org/news-releases/946136,Children's health fears due to rise in screen time,"However, we must be aware of the risks to their physical health as a result of this increased screen time. “Through increasing awareness of ...","Mar 11, 2022",2026-05-09T04:02:10.963520Z
521,10.3389/fped.2023.1198033,serpapi_google,Q4_eurekalert,"""Must"" ""screen time"" site:eurekalert.org",https://www.eurekalert.org › news-releases,https://www.eurekalert.org/news-releases/968356,Video gaming may be associated with better cognitive ...,This threshold was selected as it exceeds the American Academy of Pediatrics screen time ... must continue to investigate in these children as ...,"Oct 24, 2022",2026-05-09T04:02:10.963520Z
521,10.3389/fped.2023.1198033,serpapi_google,Q4_eurekalert,"""Must"" ""screen time"" site:eurekalert.org",https://www.eurekalert.org › news-releases,https://www.eurekalert.org/news-releases/646024,Abundant screen time linked with overweight among children,"Abundant screen time linked with overweight among children. Peer ... ""It must be noted that this cross-sectional study does not reveal ...","Aug 9, 2019",2026-05-09T04:02:10.963520Z
521,10.3389/fped.2023.1198033,serpapi_google,Q4_eurekalert,"""Must"" ""screen time"" site:eurekalert.org",https://www.eurekalert.org › news-releases,https://www.eurekalert.org/news-releases/971236,Causes and remedies of sedentary behavior in children,"... screen time are necessary. Likewise, the safety of the outdoor environment can also shape children's behavior towards physical activities. A ...","Nov 14, 2022",2026-05-09T04:02:10.963520Z
