canonical_url,url,title,outlet,published_date,summary,paper_ids,n_paper_ids,sources,n_sources,queries,n_queries
https://npr.org/sections/shots-health-news/2025/10/13/nx-s1-5571050/social-media-teens-brains-reading-memory,https://www.npr.org/sections/shots-health-news/2025/10/13/nx-s1-5571050/social-media-teens-brains-reading-memory,"Kids who use social media score lower on reading and memory tests, a study shows",NPR,"10/13/2025, 07:00 AM, +0000 UTC",... Adolescent Brain Cognitive Development (ABCD) Study. Scientists have been following thousands of preteens as they go through adolescence to understand the ...,"1,107,144,150,208,287,389,8,95",9,"serpapi_google_news,serpapi_outlet_sweep",2,"serpapi_google_news::Q2_author_topic,serpapi_outlet_sweep::S-O",2
https://npr.org/sections/shots-health-news/2025/06/18/nx-s1-5436951/jama-screens-teens-addiction-suicide-abcd,https://www.npr.org/sections/shots-health-news/2025/06/18/nx-s1-5436951/jama-screens-teens-addiction-suicide-abcd,"Screen addiction and suicidal behaviors are linked for teens, a study shows : Shots - Health News",NPR,"06/18/2025, 07:00 AM, +0000 UTC",Xiao and her colleagues used data from a large-scale ongoing longitudinal study called the Adolescent Brain Cognitive Development (ABCD) Study. It's been ...,"106,133,139,157,158,184,24,3,302,304,393,394,49,80,86,95",16,"serpapi_google_news,serpapi_outlet_sweep",2,"serpapi_google_news::Q2_author_topic,serpapi_outlet_sweep::S-O",2
https://npr.org/sections/health-shots/2018/06/19/621136346/a-look-at-social-media-finds-some-possible-benefits-for-kids,https://www.npr.org/sections/health-shots/2018/06/19/621136346/a-look-at-social-media-finds-some-possible-benefits-for-kids,A Look At Social Media Finds Some Possible Benefits For Kids,NPR,"06/19/2018, 07:00 AM, +0000 UTC","The findings come from an analysis of data from about 4,500 young people and their parents collected by the Adolescent Brain Cognitive Development study, a ...",95,1,"serpapi_google_news,serpapi_outlet_sweep",2,"serpapi_google_news::Q2_author_topic,serpapi_outlet_sweep::S-O",2
https://npr.org/sections/health-shots/2018/10/30/662127406/when-adolescents-give-up-pot-their-cognition-quickly-improves,https://www.npr.org/sections/health-shots/2018/10/30/662127406/when-adolescents-give-up-pot-their-cognition-quickly-improves,Study: Laying Off Pot Improved Teens' Learning : Shots,npr.org,"Oct 30, 2018",Lisdahl says that longitudinal studies such as the NIH's Adolescent Brain Cognitive Development Study could provide more information about what marijuana does ...,,0,serpapi_outlet_sweep,1,serpapi_outlet_sweep::S-O,1
https://npr.org/transcripts/nx-s1-5436951,https://www.npr.org/transcripts/nx-s1-5436951,Screen addiction and suicidal behaviors are linked for ...,npr.org,"Jun 18, 2025","So they used data on more than 4,000 kids from a really well-known long-term study called ABCD - or Adolescent Brain Cognitive Development Study. And it's ...",,0,serpapi_outlet_sweep,1,serpapi_outlet_sweep::S-O,1
https://npr.org/transcripts/1110870180,https://www.npr.org/transcripts/1110870180,TASTE BUDDIES: No Sugarcoating How Sweet Affects The ...,npr.org,"Jul 28, 2022",Would you introduce us to the ABCD study or the Adolescent Brain Cognitive Development study? JOSEPH: Yeah. So the ABCD study is the largest long-term study ...,,0,serpapi_outlet_sweep,1,serpapi_outlet_sweep::S-O,1
https://npr.org/sections/shots-health-news/2024/07/24/nx-s1-5049892/tweens-screens-sleep-how-parents-can-help-kids-get-zzzzz,https://www.npr.org/sections/shots-health-news/2024/07/24/nx-s1-5049892/tweens-screens-sleep-how-parents-can-help-kids-get-zzzzz,"Tweens, screens and sleep: How parents can help kids get ...",npr.org,"Jul 24, 2024","The study involved nearly 9,400 11- and 12-year-olds who are part of the Adolescent Brain Cognitive Development Study, a large, long-term study of brain ...",,0,serpapi_outlet_sweep,1,serpapi_outlet_sweep::S-O,1
https://npr.org/sections/shots-health-news/2025/12/27/nx-s1-5658291/adhd-adderall-ritalin-mechanism,https://www.npr.org/sections/shots-health-news/2025/12/27/nx-s1-5658291/adhd-adderall-ritalin-mechanism,ADHD drugs may work indirectly to boost attention,npr.org,"Dec 27, 2025","The new research analyzed data from the Adolescent Brain Cognitive Development Study, a federally funded effort that includes brain scans of nearly 12,000 ...",,0,serpapi_outlet_sweep,1,serpapi_outlet_sweep::S-O,1
https://npr.org/sections/health-shots/2019/03/19/704948217/daily-marijuana-use-and-highly-potent-weed-linked-to-psychosis,https://www.npr.org/sections/health-shots/2019/03/19/704948217/daily-marijuana-use-and-highly-potent-weed-linked-to-psychosis,More Evidence Links Marijuana Use And Psychosis : Shots,npr.org,"Mar 19, 2019","The Adolescent Brain Cognitive Development study, which is funded by the U.S. National Institutes of Health, is attempting to tease out the various ...",,0,serpapi_outlet_sweep,1,serpapi_outlet_sweep::S-O,1
https://npr.org/2024/07/25/g-s1-13285/up-first-newsletter-biden-oval-office-address-harris-israel-gaza,https://www.npr.org/2024/07/25/g-s1-13285/up-first-newsletter-biden-oval-office-address-harris-israel-gaza,Up First briefing: Biden Oval Office speech; Harris' stance ...,npr.org,"Jul 25, 2024","Scientists looked at nearly 9,400 11- and 12-year-olds for the Adolescent Brain Cognitive Development Study, a long-term study of brain development and ...",,0,serpapi_outlet_sweep,1,serpapi_outlet_sweep::S-O,1
https://psypost.org/more-time-spent-on-social-media-is-linked-to-a-thinner-cerebral-cortex-in-young-adolescents,https://www.psypost.org/more-time-spent-on-social-media-is-linked-to-a-thinner-cerebral-cortex-in-young-adolescents/,More time spent on social media is linked to a thinner cerebral cortex in young adolescents,PsyPost,"04/15/2026, 07:00 AM, +0000 UTC",,"1,107,133,144,150,208,24,287,302,304,389,393,394,49,8,80",16,serpapi_google_news,1,"serpapi_google_news::Q2_author_topic,serpapi_google_news::Q3_title_fragment",2
https://psypost.org/higher-social-media-engagement-linked-to-reduced-performance-on-cognitive-assessments,https://www.psypost.org/higher-social-media-engagement-linked-to-reduced-performance-on-cognitive-assessments/,Higher social media engagement linked to reduced performance on cognitive assessments,PsyPost,"12/02/2025, 08:00 AM, +0000 UTC",,1,1,serpapi_google_news,1,serpapi_google_news::Q3_title_fragment,1
https://psypost.org/three-types-of-screen-time-linked-to-substance-experimentation-in-early-adolescents,https://www.psypost.org/three-types-of-screen-time-linked-to-substance-experimentation-in-early-adolescents/,Three types of screen time linked to substance experimentation in early adolescents,PsyPost,"01/10/2025, 08:00 AM, +0000 UTC",,"106,133,24,302,304,393,394,49,80",9,serpapi_google_news,1,"serpapi_google_news::Q2_author_topic,serpapi_google_news::Q3_title_fragment",2
https://psypost.org/brain-structure-changes-may-partially-explain-the-link-between-screen-time-and-adhd,https://www.psypost.org/brain-structure-changes-may-partially-explain-the-link-between-screen-time-and-adhd/,Brain structure changes may partially explain the link between screen time and ADHD,PsyPost,"11/26/2025, 08:00 AM, +0000 UTC",,84,1,serpapi_google_news,1,"serpapi_google_news::Q2_author_topic,serpapi_google_news::Q3_title_fragment",2
https://psypost.org/early-screen-time-not-a-cause-of-autism-study-concludes,https://www.psypost.org/early-screen-time-not-a-cause-of-autism-study-concludes/,"Early screen time not a cause of autism, study concludes",PsyPost,"12/31/2024, 08:00 AM, +0000 UTC",,84,1,serpapi_google_news,1,serpapi_google_news::Q3_title_fragment,1
https://psypost.org/from-likes-to-anxiety-examining-the-psychological-costs-of-social-media-among-teens,https://www.psypost.org/from-likes-to-anxiety-examining-the-psychological-costs-of-social-media-among-teens/,From likes to anxiety: Examining the psychological costs of social media among teens,PsyPost,"03/15/2024, 07:00 AM, +0000 UTC",,84,1,serpapi_google_news,1,serpapi_google_news::Q3_title_fragment,1
https://psypost.org/tiktok-leads-as-the-most-popular-platform-among-underage-users-research-reveals,https://www.psypost.org/tiktok-leads-as-the-most-popular-platform-among-underage-users-research-reveals/,"TikTok leads as the most popular platform among underage users, research reveals",PsyPost,"01/10/2025, 08:00 AM, +0000 UTC",,95,1,serpapi_google_news,1,serpapi_google_news::Q2_author_topic,1
https://psypost.org/excessive-screen-time-linked-to-developmental-and-behavioral-issues-in-u-s-children,https://www.psypost.org/excessive-screen-time-linked-to-developmental-and-behavioral-issues-in-u-s-children/,Excessive screen time linked to developmental and behavioral issues in U.S. children,PsyPost,"01/30/2024, 08:00 AM, +0000 UTC",,190,1,serpapi_google_news,1,serpapi_google_news::Q3_title_fragment,1
https://medpagetoday.com/pediatrics/generalpediatrics/117911,https://www.medpagetoday.com/pediatrics/generalpediatrics/117911,Increasing Social Media Use in Preteens May Be Hurting Cognition Too,MedPage Today,"10/13/2025, 07:00 AM, +0000 UTC","... Adolescent Brain Cognitive Development (ABCD) study. From ages 9 to 13 years, both low increasing social media use (+1.3 hours/day) and high increasing ...","1,107,133,144,150,208,24,287,302,304,389,393,394,49,8,80,95",17,"serpapi_google_news,serpapi_outlet_sweep",2,"serpapi_google_news::Q2_author_topic,serpapi_google_news::Q3_title_fragment,serpapi_outlet_sweep::S-O",3
https://medpagetoday.com/pediatrics/generalpediatrics/119288,https://www.medpagetoday.com/pediatrics/generalpediatrics/119288,Teens Spend an Hour on Their Smartphones at School,MedPage Today,"01/05/2026, 08:00 AM, +0000 UTC","... Adolescent Brain Cognitive Development (ABCD) study. Among 640 teens with passive measurement software on their phones, a mean of 1.16 hours was spent using ...","1,107,133,144,150,208,24,287,302,304,389,393,394,49,8,80",16,"serpapi_google_news,serpapi_outlet_sweep",2,"serpapi_google_news::Q2_author_topic,serpapi_outlet_sweep::S-O",2
https://medpagetoday.com/pediatrics/generalpediatrics/116127,https://www.medpagetoday.com/pediatrics/generalpediatrics/116127,Addiction to Screen Time Tied to Suicidality in U.S. Kids,MedPage Today,"06/18/2025, 07:00 AM, +0000 UTC","The study used data from the Adolescent Brain Cognitive Development (ABCD) study, with population-based samples from 21 sites across the U.S.. Limitations ...",3,1,"serpapi_google_news,serpapi_outlet_sweep",2,"serpapi_google_news::Q2_author_topic,serpapi_google_news::Q3_title_fragment,serpapi_outlet_sweep::S-O",3
https://medpagetoday.com/pediatrics/generalpediatrics/105970,https://www.medpagetoday.com/pediatrics/generalpediatrics/105970,Toddlers' Screen Time Linked to Delayed Development,MedPage Today,"08/21/2023, 07:00 AM, +0000 UTC",,84,1,serpapi_google_news,1,serpapi_google_news::Q3_title_fragment,1
https://medpagetoday.com/special-reports/features/119625,https://www.medpagetoday.com/special-reports/features/119625,NIH Data Misused for 'Race Science'; RFK Jr.'s Autism ...,medpagetoday.com,"Jan 28, 2026",The Adolescent Brain Cognitive Development (ABCD) Study is a decade-long endeavor tracking kids' brain development in order to give insight into the impact ...,,0,serpapi_outlet_sweep,1,serpapi_outlet_sweep::S-O,1
https://medpagetoday.com/pediatrics/preventivecare/100164,https://www.medpagetoday.com/pediatrics/preventivecare/100164,"Brain Structure, Cognitive Performance Linked With ...",medpagetoday.com,"Aug 10, 2022",This observational cohort study was conducted using data from the Adolescent Brain and Cognitive Developmentopens in a new tab or window (ABCD) study of ...,,0,serpapi_outlet_sweep,1,serpapi_outlet_sweep::S-O,1
https://medpagetoday.com/pediatrics/generalpediatrics/101377,https://www.medpagetoday.com/pediatrics/generalpediatrics/101377,Video Games May Not Rot Kids' Brains After All,medpagetoday.com,"Oct 24, 2022",The Adolescent Brain Cognitive Development (ABCD) Study is supported by the National Institute on Drug Abuse. A study co-author reported grants from the NIH ...,,0,serpapi_outlet_sweep,1,serpapi_outlet_sweep::S-O,1
https://medpagetoday.com/pulmonology/asthma/112842,https://www.medpagetoday.com/pulmonology/asthma/112842,Asthma Tied to Memory Difficulties in Kids,medpagetoday.com,"Nov 11, 2024","For this study, the researchers used data collected from the long-term Adolescent Brain Cognitive Development (ABCD) Studyopens in a new tab or window.",,0,serpapi_outlet_sweep,1,serpapi_outlet_sweep::S-O,1
https://medpagetoday.com/pediatrics/generalpediatrics/115531,https://www.medpagetoday.com/pediatrics/generalpediatrics/115531,No Causal Link Between Stimulants and Psychotic ...,medpagetoday.com,"May 12, 2025",... Adolescent Brain Cognitive Development Studyopens in a new tab or window. Treatment propensities were derived using covariates indexing demographic factors ...,,0,serpapi_outlet_sweep,1,serpapi_outlet_sweep::S-O,1
https://medpagetoday.com/psychiatry/generalpsychiatry/102906,https://www.medpagetoday.com/psychiatry/generalpsychiatry/102906,Childhood Adversity Tied to Race-Related Differences in ...,medpagetoday.com,"Feb 1, 2023","... Adolescent Brain Cognitive Development (ABCDopens in a new tab or window) study. Among children ages 9 to 10 years, white kids showed greater gray matter ...",,0,serpapi_outlet_sweep,1,serpapi_outlet_sweep::S-O,1
https://medpagetoday.com/meetingcoverage/rsna/101983,https://www.medpagetoday.com/meetingcoverage/rsna/101983,Brain MRI Finds Areas of Interest in Kids With ADHD,medpagetoday.com,"Nov 30, 2022","Lin and co-authors used MRI data from the NIH-sponsored multisite Adolescent Brain Cognitive Development (ABCD) study, which is the largest long-term study ...",,0,serpapi_outlet_sweep,1,serpapi_outlet_sweep::S-O,1
https://medicalxpress.com/news/2026-01-teens-cellphones-hour-day-school.html,https://medicalxpress.com/news/2026-01-teens-cellphones-hour-day-school.html,"Teens use cellphones for an hour a day at school, study finds",Medical Xpress,"01/10/2026, 08:00 AM, +0000 UTC",,"1,107,144,150,208,287,389,8,95",9,serpapi_google_news,1,serpapi_google_news::Q2_author_topic,1
https://medicalxpress.com/news/2025-10-social-media-usage-linked-cognitive.html,https://medicalxpress.com/news/2025-10-social-media-usage-linked-cognitive.html,Social media usage linked to lower cognitive performance in preteens,Medical Xpress,"10/18/2025, 07:00 AM, +0000 UTC",,1,1,serpapi_google_news,1,serpapi_google_news::Q3_title_fragment,1
https://medicalxpress.com/news/2025-06-addictive-screen-total-linked-youth.html,https://medicalxpress.com/news/2025-06-addictive-screen-total-linked-youth.html,"Addictive screen use, not total screen time, linked to youth suicide risk",Medical Xpress,"06/18/2025, 07:00 AM, +0000 UTC",,3,1,serpapi_google_news,1,serpapi_google_news::Q3_title_fragment,1
https://medicalxpress.com/news/2026-03-problematic-social-media-higher-depressive.html,https://medicalxpress.com/news/2026-03-problematic-social-media-higher-depressive.html,Problematic social media use predicts higher depressive symptoms in adolescents under 16,Medical Xpress,"03/16/2026, 07:00 AM, +0000 UTC",,8,1,serpapi_google_news,1,serpapi_google_news::Q3_title_fragment,1
https://medicalxpress.com/news/2025-05-social-media-depression-preteens-vice.html,https://medicalxpress.com/news/2025-05-social-media-depression-preteens-vice.html,"Social media use increases depression in preteens, not vice versa, researchers find",Medical Xpress,"05/21/2025, 07:00 AM, +0000 UTC",,8,1,serpapi_google_news,1,serpapi_google_news::Q3_title_fragment,1
https://medicalxpress.com/news/2024-01-reveals-link-teen-personalities-social.html,https://medicalxpress.com/news/2024-01-reveals-link-teen-personalities-social.html,"Research reveals possible link between teen personalities, social media preferences and depressive symptoms",Medical Xpress,"01/18/2024, 08:00 AM, +0000 UTC",,8,1,serpapi_google_news,1,serpapi_google_news::Q3_title_fragment,1
https://medicalxpress.com/news/2025-06-teen-depression-clues-screen-quality.html,https://medicalxpress.com/news/2025-06-teen-depression-clues-screen-quality.html,Teen depression? Study finds clues in screen use and sleep quality,Medical Xpress,"06/23/2025, 07:00 AM, +0000 UTC",,13,1,serpapi_google_news,1,serpapi_google_news::Q3_title_fragment,1
https://medicalxpress.com/news/2026-02-addictive-digital-habits-early-adolescence.html,https://medicalxpress.com/news/2026-02-addictive-digital-habits-early-adolescence.html,"Addictive digital habits in early adolescence linked to mental health struggles, study finds",Medical Xpress,"02/12/2026, 08:00 AM, +0000 UTC",,"18,86,95",3,serpapi_google_news,1,"serpapi_google_news::Q2_author_topic,serpapi_google_news::Q3_title_fragment",2
https://medicalxpress.com/news/2024-10-screen-depression-anxiety-year-olds.html,https://medicalxpress.com/news/2024-10-screen-depression-anxiety-year-olds.html,"Screen time tied to depression, anxiety in 9- and 10-year-olds",Medical Xpress,"10/07/2024, 07:00 AM, +0000 UTC",,"106,133,139,157,158,184,24,302,304,393,394,49,80,86",14,serpapi_google_news,1,"serpapi_google_news::Q2_author_topic,serpapi_google_news::Q3_title_fragment",2
https://medicalxpress.com/news/2025-02-screen-linked-bipolar-manic-symptoms.html,https://medicalxpress.com/news/2025-02-screen-linked-bipolar-manic-symptoms.html,Screen time linked to bipolar and manic symptoms in U.S. preteens,Medical Xpress,"02/20/2025, 08:00 AM, +0000 UTC",,"106,133,139,157,158,184,24,302,304,393,394,49,80,86",14,serpapi_google_news,1,serpapi_google_news::Q2_author_topic,1
https://medicalxpress.com/news/2024-05-transgender-preteens-hours-daily-screen.html,https://medicalxpress.com/news/2024-05-transgender-preteens-hours-daily-screen.html,Transgender preteens report 13 hours of daily screen time,Medical Xpress,"05/13/2024, 07:00 AM, +0000 UTC",,"106,133,139,157,158,184,24,302,304,393,394,49,80,86",14,serpapi_google_news,1,serpapi_google_news::Q2_author_topic,1
https://medicalxpress.com/news/2023-03-gay-lesbian-bisexual-preteens-hours.html,https://medicalxpress.com/news/2023-03-gay-lesbian-bisexual-preteens-hours.html,"Gay, lesbian, bisexual preteens spend 4 more hours on screens daily, finds study",Medical Xpress,"03/31/2023, 07:00 AM, +0000 UTC",,"106,133,139,157,158,184,24,302,304,393,394,49,80,86",14,serpapi_google_news,1,serpapi_google_news::Q2_author_topic,1
https://medicalxpress.com/news/2023-02-excessive-screen-linked-suicidal-behaviors.html,https://medicalxpress.com/news/2023-02-excessive-screen-linked-suicidal-behaviors.html,Excessive screen time linked to suicidal behaviors in US preteens,Medical Xpress,"02/27/2023, 08:00 AM, +0000 UTC",,"160,70",2,serpapi_google_news,1,"serpapi_google_news::Q2_author_topic,serpapi_google_news::Q3_title_fragment",2
https://medicalxpress.com/news/2024-09-screen-social-media-linked-disorder.html,https://medicalxpress.com/news/2024-09-screen-social-media-linked-disorder.html,Screen time and social media use linked to eating disorder symptoms in young adolescents,Medical Xpress,"09/10/2024, 07:00 AM, +0000 UTC",,"160,70",2,serpapi_google_news,1,"serpapi_google_news::Q2_author_topic,serpapi_google_news::Q3_title_fragment",2
https://medicalxpress.com/news/2025-11-higher-screen-linked-adhd-symptoms.html,https://medicalxpress.com/news/2025-11-higher-screen-linked-adhd-symptoms.html,Higher screen time linked to ADHD symptoms and altered brain development,Medical Xpress,"11/21/2025, 08:00 AM, +0000 UTC",,84,1,serpapi_google_news,1,serpapi_google_news::Q2_author_topic,1
https://medicalxpress.com/news/2023-10-genetic-autism-adhd-screen-children.html,https://medicalxpress.com/news/2023-10-genetic-autism-adhd-screen-children.html,Genetic risks of autism and ADHD may be related to more screen time in children,Medical Xpress,"10/26/2023, 07:00 AM, +0000 UTC",,84,1,serpapi_google_news,1,serpapi_google_news::Q3_title_fragment,1
https://medicalxpress.com/news/2024-11-excessive-social-media-substance-experimentation.html,https://medicalxpress.com/news/2024-11-excessive-social-media-substance-experimentation.html,Excessive social media use tied to substance experimentation in US pre-teens,Medical Xpress,"11/16/2024, 08:00 AM, +0000 UTC",,106,1,serpapi_google_news,1,serpapi_google_news::Q3_title_fragment,1
https://medicalxpress.com/news/2024-07-reveals-screen-affects-preteen.html,https://medicalxpress.com/news/2024-07-reveals-screen-affects-preteen.html,New study reveals how screen time affects preteen sleep,Medical Xpress,"07/22/2024, 07:00 AM, +0000 UTC",,"139,157",2,serpapi_google_news,1,serpapi_google_news::Q3_title_fragment,1
https://medicalxpress.com/news/2023-05-restful-nights-teen-friendly-social-media.html,https://medicalxpress.com/news/2023-05-restful-nights-teen-friendly-social-media.html,Unlocking restful nights: Teen-friendly social media habits for optimal sleep,Medical Xpress,"05/24/2023, 07:00 AM, +0000 UTC",,"139,157",2,serpapi_google_news,1,serpapi_google_news::Q3_title_fragment,1
https://medicalxpress.com/news/2025-10-youth-screen-family-conflict-exacerbate.html,https://medicalxpress.com/news/2025-10-youth-screen-family-conflict-exacerbate.html,"Youth screen use can cause family conflict, exacerbate mental health problems",Medical Xpress,"10/13/2025, 07:00 AM, +0000 UTC",,"167,175",2,serpapi_google_news,1,serpapi_google_news::Q3_title_fragment,1
https://medicalxpress.com/news/2021-06-excessive-screen-linked-obesity-preteen.html,https://medicalxpress.com/news/2021-06-excessive-screen-linked-obesity-preteen.html,Excessive screen time linked to obesity in US preteen,Medical Xpress,"06/28/2021, 07:00 AM, +0000 UTC",,302,1,serpapi_google_news,1,serpapi_google_news::Q3_title_fragment,1
https://medicalxpress.com/news/2026-03-frequent-social-media-impact-child.html,https://medicalxpress.com/news/2026-03-frequent-social-media-impact-child.html,Frequent social media use could impact child development,Medical Xpress,"03/25/2026, 07:00 AM, +0000 UTC",,310,1,serpapi_google_news,1,serpapi_google_news::Q3_title_fragment,1
https://medicalxpress.com/news/2025-12-smartphone-age-linked-mental-physical.html,https://medicalxpress.com/news/2025-12-smartphone-age-linked-mental-physical.html,Owning a smartphone at age 12 linked to mental and physical health risks,Medical Xpress,"12/02/2025, 08:00 AM, +0000 UTC",,431,1,serpapi_google_news,1,serpapi_google_news::Q3_title_fragment,1
https://themanitoban.com/2025/11/social-media-use-linked-to-cognitive-decline-in-youth/51082,https://themanitoban.com/2025/11/social-media-use-linked-to-cognitive-decline-in-youth/51082/,Social media use linked to cognitive decline in youth,the Manitoban,"11/26/2025, 08:00 AM, +0000 UTC",,"1,107,133,144,150,208,24,287,302,304,389,393,394,49,8,80",16,serpapi_google_news,1,serpapi_google_news::Q2_author_topic,1
https://usnews.com/news/health-news/articles/2025-10-14/social-media-might-stunt-students-intellect-study-says,https://www.usnews.com/news/health-news/articles/2025-10-14/social-media-might-stunt-students-intellect-study-says,"Social Media Might Stunt Students' Intellect, Study Says",U.S. News & World Report,"10/14/2025, 07:00 AM, +0000 UTC",,"1,107,144,150,208,287,389,8,95",9,serpapi_google_news,1,serpapi_google_news::Q2_author_topic,1
https://usnews.com/news/health-news/articles/2025-08-06/youngsters-face-heart-health-risks-from-too-much-screen-time,https://www.usnews.com/news/health-news/articles/2025-08-06/youngsters-face-heart-health-risks-from-too-much-screen-time,Youngsters Face Heart Health Risks From Too Much Screen Time,U.S. News & World Report,"08/06/2025, 07:00 AM, +0000 UTC",,84,1,serpapi_google_news,1,serpapi_google_news::Q3_title_fragment,1
https://contemporarypediatrics.com/view/jason-nagata-md-msc-highlights-frequent-teen-smartphone-use-during-school-hours,https://www.contemporarypediatrics.com/view/jason-nagata-md-msc-highlights-frequent-teen-smartphone-use-during-school-hours,"Jason Nagata, MD, MSc, highlights frequent teen smartphone use during school hours",Contemporary Pediatrics,"01/19/2026, 08:00 AM, +0000 UTC",,"1,107,144,150,208,287,389,8",8,serpapi_google_news,1,serpapi_google_news::Q2_author_topic,1
https://contemporarypediatrics.com/view/social-media-potentially-linked-to-depression-in-children,https://www.contemporarypediatrics.com/view/social-media-potentially-linked-to-depression-in-children,Social media potentially linked to depression in children,Contemporary Pediatrics,"05/22/2025, 07:00 AM, +0000 UTC",,"1,107,144,150,208,287,389,8",8,serpapi_google_news,1,"serpapi_google_news::Q2_author_topic,serpapi_google_news::Q3_title_fragment",2
https://contemporarypediatrics.com/view/addictive-screen-use-tied-to-youth-mental-health-risks,https://www.contemporarypediatrics.com/view/addictive-screen-use-tied-to-youth-mental-health-risks,Addictive screen use tied to youth mental health risks,Contemporary Pediatrics,"06/19/2025, 07:00 AM, +0000 UTC",,"3,48",2,serpapi_google_news,1,"serpapi_google_news::Q2_author_topic,serpapi_google_news::Q3_title_fragment",2
https://contemporarypediatrics.com/view/social-media-use-and-binge-eating-in-early-adolescence,https://www.contemporarypediatrics.com/view/social-media-use-and-binge-eating-in-early-adolescence,Social media use and binge eating in early adolescence,Contemporary Pediatrics,"01/06/2025, 08:00 AM, +0000 UTC",,35,1,serpapi_google_news,1,"serpapi_google_news::Q2_author_topic,serpapi_google_news::Q3_title_fragment",2
https://contemporarypediatrics.com/view/weekly-review-new-peanut-patch-data-norovirus-outbreaks-and-more,https://www.contemporarypediatrics.com/view/weekly-review-new-peanut-patch-data-norovirus-outbreaks-and-more,"Weekly review: New peanut patch data, norovirus outbreaks, and more",Contemporary Pediatrics,"01/13/2025, 08:00 AM, +0000 UTC",,35,1,serpapi_google_news,1,serpapi_google_news::Q3_title_fragment,1
https://contemporarypediatrics.com/view/screen-time-under-2-years-of-age-and-autism-risk-at-12-years,https://www.contemporarypediatrics.com/view/screen-time-under-2-years-of-age-and-autism-risk-at-12-years,Screen time under 2 years of age and autism risk at 12 years,Contemporary Pediatrics,"01/07/2025, 08:00 AM, +0000 UTC",,84,1,serpapi_google_news,1,serpapi_google_news::Q3_title_fragment,1
https://contemporarypediatrics.com/view/study-finds-parents-screen-habits-shape-kids-media-exposure,https://www.contemporarypediatrics.com/view/study-finds-parents-screen-habits-shape-kids-media-exposure,Study finds parents' screen habits shape kids' media exposure,Contemporary Pediatrics,"02/06/2025, 08:00 AM, +0000 UTC",,184,1,serpapi_google_news,1,serpapi_google_news::Q3_title_fragment,1
https://contemporarypediatrics.com/view/social-media-use-linked-to-rising-inattentive-adhd-symptoms-in-children,https://www.contemporarypediatrics.com/view/social-media-use-linked-to-rising-inattentive-adhd-symptoms-in-children,Social media use linked to rising inattentive ADHD symptoms in children,Contemporary Pediatrics,"01/22/2026, 08:00 AM, +0000 UTC",,"192,435,436",3,serpapi_google_news,1,"serpapi_google_news::Q2_author_topic,serpapi_google_news::Q3_title_fragment",2
https://edweek.org/leadership/kids-social-media-use-linked-to-lower-reading-and-memory-scores-study-suggests/2025/10,https://www.edweek.org/leadership/kids-social-media-use-linked-to-lower-reading-and-memory-scores-study-suggests/2025/10,"Kids’ Social Media Use Linked to Lower Reading and Memory Scores, Study Suggests",Education Week,"10/17/2025, 07:00 AM, +0000 UTC",,"1,107,144,150,208,287,389,8",8,serpapi_google_news,1,serpapi_google_news::Q2_author_topic,1
https://edweek.org/leadership/screen-time-can-raise-childrens-chance-of-ocd-educators-can-help-prevent-that/2022/12,https://www.edweek.org/leadership/screen-time-can-raise-childrens-chance-of-ocd-educators-can-help-prevent-that/2022/12,Screen Time Can Raise Children’s Chance of OCD. Educators Can Help Prevent That,Education Week,"12/20/2022, 08:00 AM, +0000 UTC",,521,1,serpapi_google_news,1,serpapi_google_news::Q2_author_topic,1
https://ashingtonpost.com/lifestyle/2025/06/11/social-media-use-depression-tweens,https://www.washingtonpost.com/lifestyle/2025/06/11/social-media-use-depression-tweens/,New study shows social media use predicted future depression in tweens,The Washington Post,"06/11/2025, 07:00 AM, +0000 UTC","The data was drawn from the national Adolescent Brain Cognitive Development Study, which includes a racially and economically diverse sample of children in ...","1,106,107,139,144,150,157,158,184,208,287,389,8,86,95",15,"serpapi_google_news,serpapi_outlet_sweep",2,"serpapi_google_news::Q2_author_topic,serpapi_google_news::Q3_title_fragment,serpapi_outlet_sweep::S-O",3
https://ashingtonpost.com/lifestyle/2018/12/27/how-much-screentime-debate-all-parents-are-just-trying-figure-it-out,https://www.washingtonpost.com/lifestyle/2018/12/27/how-much-screentime-debate-all-parents-are-just-trying-figure-it-out/,Perspective | How much screen time? Silicon Valley parents are still trying to figure it out.,The Washington Post,"12/27/2018, 08:00 AM, +0000 UTC","The National Institutes of Health (NIH) recently announced the launch of the Adolescent Brain Cognitive Development (ABCD) study, which will track more ...",95,1,"serpapi_google_news,serpapi_outlet_sweep",2,"serpapi_google_news::Q2_author_topic,serpapi_outlet_sweep::S-O",2
https://ashingtonpost.com/health/2024/06/14/racism-depression-anxiety-black-adolescents,https://www.washingtonpost.com/health/2024/06/14/racism-depression-anxiety-black-adolescents/,Racism can spark depression and anxiety in Black ...,washingtonpost.com,"Jun 14, 2024","He and his team pulled data from the Adolescent Brain Cognitive Development Study, a nationwide project funded by the National Institutes of Health that ...",,0,serpapi_outlet_sweep,1,serpapi_outlet_sweep::S-O,1
https://ashingtonpost.com/health/2026/01/06/adhd-ritalin-sleep-children,https://www.washingtonpost.com/health/2026/01/06/adhd-ritalin-sleep-children/,"ADHD drugs work, but not the way experts thought",washingtonpost.com,"Jan 6, 2026","The brain images used in the Cell paper published last month came from children enrolled in the Adolescent Brain Cognitive Development (ABCD) study, which began ...",,0,serpapi_outlet_sweep,1,serpapi_outlet_sweep::S-O,1
https://ashingtonpost.com/health/2022/02/20/children-disasters-mental-health,https://www.washingtonpost.com/health/2022/02/20/children-disasters-mental-health/,Disaster news can trigger post-traumatic stress in kids ...,washingtonpost.com,"Feb 20, 2022","The Adolescent Brain Cognitive Development study followed 11,800 children across the United States over a 10-year period using a variety of brain imaging ...",,0,serpapi_outlet_sweep,1,serpapi_outlet_sweep::S-O,1
https://livenowfox.com/news/adolescent-social-media-depression-study,https://www.livenowfox.com/news/adolescent-social-media-depression-study,Social media use triples depression symptoms for pre-teens: Study,LiveNOW from FOX,"05/23/2025, 07:00 AM, +0000 UTC",,"1,107,144,150,208,287,389,8",8,serpapi_google_news,1,"serpapi_google_news::Q2_author_topic,serpapi_google_news::Q3_title_fragment",2
https://livenowfox.com/news/excessive-screen-time-manic-symptoms-kids-study,https://www.livenowfox.com/news/excessive-screen-time-manic-symptoms-kids-study,"Excessive screen time linked to manic symptoms in kids, study finds",LiveNOW from FOX,"03/05/2025, 08:00 AM, +0000 UTC",,"106,133,139,157,158,184,24,302,304,393,394,49,80,86",14,serpapi_google_news,1,"serpapi_google_news::Q2_author_topic,serpapi_google_news::Q3_title_fragment",2
https://jang.com.pk/en/49920-prolonged-social-media-use-may-reduce-intelligence-study-news,https://jang.com.pk/en/49920-prolonged-social-media-use-may-reduce-intelligence-study-news,"Prolonged social media use may reduce intelligence, study",Jang,"10/14/2025, 07:00 AM, +0000 UTC",,"1,107,144,150,208,287,389,8,95",9,serpapi_google_news,1,serpapi_google_news::Q2_author_topic,1
https://sciencenews.org/article/social-media-addictive-meta-youtube,https://www.sciencenews.org/article/social-media-addictive-meta-youtube,"Social media is designed to be addictive, jury finds. Research links excessive use to mental harm",Science News,"03/26/2026, 07:00 AM, +0000 UTC",,"1,107,144,150,208,287,389,8,86",9,serpapi_google_news,1,"serpapi_google_news::Q2_author_topic,serpapi_google_news::Q3_title_fragment",2
https://sciencenews.org/article/screen-addiction-teens-mental-health,https://www.sciencenews.org/article/screen-addiction-teens-mental-health,"Screen addiction affects teens’ mental health. How to spot it, and help",Science News,"07/22/2025, 07:00 AM, +0000 UTC",,"215,3,521",3,serpapi_google_news,1,"serpapi_google_news::Q2_author_topic,serpapi_google_news::Q3_title_fragment",2
https://scitechdaily.com/excessive-screen-time-in-preteens-linked-to-suicidal-behavior,https://scitechdaily.com/excessive-screen-time-in-preteens-linked-to-suicidal-behavior/,Excessive Screen Time in Preteens Linked to Suicidal Behavior,SciTechDaily,"03/11/2023, 08:00 AM, +0000 UTC",,"1,106,107,133,139,144,150,157,158,160,184,208,24,287,302,304,389,393,394,49,70,8,80,86",24,serpapi_google_news,1,"serpapi_google_news::Q2_author_topic,serpapi_google_news::Q3_title_fragment",2
https://scitechdaily.com/science-confirms-social-media-could-be-making-kids-depressed,https://scitechdaily.com/science-confirms-social-media-could-be-making-kids-depressed/,Science Confirms: Social Media Could Be Making Kids Depressed,SciTechDaily,"06/06/2025, 07:00 AM, +0000 UTC",,8,1,serpapi_google_news,1,serpapi_google_news::Q3_title_fragment,1
https://scitechdaily.com/new-research-links-screen-time-with-childhood-development-delays,https://scitechdaily.com/new-research-links-screen-time-with-childhood-development-delays/,New Research Links Screen Time With Childhood Development Delays,SciTechDaily,"12/06/2023, 08:00 AM, +0000 UTC",,84,1,serpapi_google_news,1,serpapi_google_news::Q3_title_fragment,1
https://scitechdaily.com/scrolling-in-the-dark-how-screens-steal-sleep-and-trigger-teen-depression,https://scitechdaily.com/scrolling-in-the-dark-how-screens-steal-sleep-and-trigger-teen-depression/,Scrolling in the Dark: How Screens Steal Sleep and Trigger Teen Depression,SciTechDaily,"04/08/2025, 07:00 AM, +0000 UTC",,84,1,serpapi_google_news,1,serpapi_google_news::Q3_title_fragment,1
https://scitechdaily.com/watching-videos-and-playing-video-games-can-increase-childrens-risk-of-ocd,https://scitechdaily.com/watching-videos-and-playing-video-games-can-increase-childrens-risk-of-ocd/,Watching Videos and Playing Video Games Can Increase Children’s Risk of OCD,SciTechDaily,"01/14/2023, 08:00 AM, +0000 UTC",,133,1,serpapi_google_news,1,serpapi_google_news::Q3_title_fragment,1
https://scitechdaily.com/unlocking-parental-powers-in-the-digital-battle-with-tweens,https://scitechdaily.com/unlocking-parental-powers-in-the-digital-battle-with-tweens/,Unlocking Parental Powers in the Digital Battle With Tweens,SciTechDaily,"06/05/2024, 07:00 AM, +0000 UTC",,"177,184,215",3,serpapi_google_news,1,"serpapi_google_news::Q2_author_topic,serpapi_google_news::Q3_title_fragment",2
https://scitechdaily.com/research-shows-that-playing-video-games-increases-your-intelligence,https://scitechdaily.com/research-shows-that-playing-video-games-increases-your-intelligence/,Research Shows That Playing Video Games Increases Your Intelligence,SciTechDaily,"06/09/2022, 07:00 AM, +0000 UTC",,190,1,serpapi_google_news,1,serpapi_google_news::Q3_title_fragment,1
https://arabtimesonline.com/news/kids-who-use-more-social-media-perform-worse-on-reading-and-memory-tests-study,https://www.arabtimesonline.com/news/kids-who-use-more-social-media-perform-worse-on-reading-and-memory-tests-study/,Kids who use more social media perform worse on reading and memory tests: study,Arab Times Kuwait News,"10/14/2025, 07:00 AM, +0000 UTC",,"1,107,144,150,208,287,389,8",8,serpapi_google_news,1,serpapi_google_news::Q2_author_topic,1
https://peoplespharmacy.com/articles/screentime-before-bedtime-means-less-sleep-for-tweens,https://www.peoplespharmacy.com/articles/screentime-before-bedtime-means-less-sleep-for-tweens,Does More Screen Time Pose Hazards for Everyone?,The People's Pharmacy,"04/20/2026, 07:00 AM, +0000 UTC",,1,1,serpapi_google_news,1,serpapi_google_news::Q3_title_fragment,1
https://ama-assn.org/about/publications-newsletters/look-out-pickleball-s-popularity-soars-so-do-eye-injuries,https://www.ama-assn.org/about/publications-newsletters/look-out-pickleball-s-popularity-soars-so-do-eye-injuries,"Look out! As pickleball’s popularity soars, so do eye injuries",American Medical Association,"10/16/2025, 07:00 AM, +0000 UTC",,1,1,serpapi_google_news,1,serpapi_google_news::Q3_title_fragment,1
https://eurekalert.org/news-releases/1101286,https://www.eurekalert.org/news-releases/1101286,Social media use trajectories and cognitive performance in ...,https://www.eurekalert.org › news-releases,"Oct 13, 2025","Social media use trajectories and cognitive performance in adolescents ... Nagata, MD, MSc, email jason.nagata@ucsf.edu. To access the ...","1,107,144,150,208,287,389,8",8,serpapi_google,1,serpapi_google::Q4_eurekalert,1
https://eurekalert.org/news-releases/1065105,https://www.eurekalert.org/news-releases/1065105,Social media linked to early substance use in US pre-teens,https://www.eurekalert.org › news-releases,"Nov 15, 2024","Social media linked to early substance use in US pre-teens ... Nagata, MD, an associate professor of pediatrics at the University ...","1,107,144,150,208,287,389,8",8,serpapi_google,1,serpapi_google::Q4_eurekalert,1
https://eurekalert.org/news-releases/1111741,https://www.eurekalert.org/news-releases/1111741,Study: Teens use cellphones for an hour a day at school,https://www.eurekalert.org › news-releases,"Jan 6, 2026","Social media apps are the main content. The effect of state laws ... Jason Nagata, an associate professor of pediatrics at the University of ...","1,107,133,144,150,208,24,287,302,304,389,393,394,49,8,80",16,serpapi_google,1,serpapi_google::Q4_eurekalert,1
https://eurekalert.org/news-releases/1084464,https://www.eurekalert.org/news-releases/1084464,Social media use and depressive symptoms during early ...,https://www.eurekalert.org › news-releases,"May 21, 2025","Social media use and depressive symptoms during early adolescence ... Nagata, MD, email Jason.nagata@ucsf.edu. To access the embargoed ...","1,107,144,150,208,287,389,8",8,serpapi_google,1,serpapi_google::Q4_eurekalert,1
https://eurekalert.org/news-releases/990379,https://www.eurekalert.org/news-releases/990379,unveiling teen-friendly social media habits for optimal sleep,https://www.eurekalert.org › news-releases,"May 24, 2023","... social media use in adolescence. Both advisories note potential ... Nagata, MD, assistant professor of pediatrics at the University of ...","1,106,107,139,144,150,157,158,184,208,287,389,8,86",14,serpapi_google,1,serpapi_google::Q4_eurekalert,1
https://eurekalert.org/news-releases/763232,https://www.eurekalert.org/news-releases/763232,Excessive social media use linked to binge eating in US ...,https://www.eurekalert.org › news-releases,"Mar 1, 2021","Excessive social media use linked to binge eating in US preteens ... Nagata, MD, assistant professor of pediatrics at the University of ...","1,107,144,150,160,208,287,389,70,8",10,serpapi_google,1,serpapi_google::Q4_eurekalert,1
https://eurekalert.org/news-releases/1084461,https://www.eurekalert.org/news-releases/1084461,"Yes, social media might be making kids depressed",https://www.eurekalert.org › news-releases,"May 21, 2025",... Nagata. “These findings provide evidence that social media may be contributing to the development of depressive symptoms.” While it's ...,"1,107,144,150,18,208,287,389,8",9,serpapi_google,1,serpapi_google::Q4_eurekalert,1
https://eurekalert.org/news-releases/1052053,https://www.eurekalert.org/news-releases/1052053,Sleep and social media in tweens: Tips for better rest,https://www.eurekalert.org › news-releases,"Jul 22, 2024","“Ensuring adolescents get enough sleep is vital, as it supports their physical and mental growth and development,” says lead author Jason Nagata ...","1,106,107,139,144,150,157,158,184,208,287,389,8,86",14,serpapi_google,1,serpapi_google::Q4_eurekalert,1
https://eurekalert.org/news-releases/938448,https://www.eurekalert.org/news-releases/938448,Parents underestimate teens' social media use during ...,https://www.eurekalert.org › news-releases,"Dec 17, 2021","... social media and multi-player video games (versus texting, video ... Nagata, MD, assistant professor of pediatrics at the University of ...","1,106,107,139,144,150,157,158,184,208,287,389,8,86",14,serpapi_google,1,serpapi_google::Q4_eurekalert,1
https://eurekalert.org/news-releases/1074319,https://www.eurekalert.org/news-releases/1074319,Screen time linked to bipolar and manic symptoms in U.S. ...,https://www.eurekalert.org › news-releases,"Feb 20, 2025","The findings reveal that 10- to 11-year-olds who engage heavily with social media ... Nagata, MD, an associate professor of pediatrics at ...","1,106,107,133,139,144,150,157,158,184,208,24,287,302,304,389,393,394,49,8,80,86",22,serpapi_google,1,serpapi_google::Q4_eurekalert,1
https://eurekalert.org/news-releases/1087939,https://www.eurekalert.org/news-releases/1087939,"Study finds addictive screen use, not total ...",https://www.eurekalert.org › news-releases,"Jun 18, 2025",Xiao said. Though the study does not prove addictive screen use causes mental health problems—higher addiction use trajectories are linked to ...,"3,48",2,serpapi_google,1,serpapi_google::Q4_eurekalert,1
https://eurekalert.org/news-releases/1087953,https://www.eurekalert.org/news-releases/1087953,"Addictive use of social media, not total time, associated ...",https://www.eurekalert.org › news-releases,"Jun 18, 2025","... screen use,” says Yunyu Xiao, PhD, the first and lead author, assistant professor of population health science and psychiatry at Weill ...","3,48",2,serpapi_google,1,serpapi_google::Q4_eurekalert,1
https://eurekalert.org/news-releases/1087529,https://www.eurekalert.org/news-releases/1087529,Addictive screen use trajectories and suicidal behaviors ...,https://www.eurekalert.org › news-releases,"Jun 18, 2025","Addictive screen use ... Corresponding Author: To contact the corresponding author, Yunyu Xiao, PhD, email yux4008@med.cornell.edu.",3,1,serpapi_google,1,serpapi_google::Q4_eurekalert,1
https://eurekalert.org/news-releases/1067510,https://www.eurekalert.org/news-releases/1067510,Too much screen time can reduce sleep quality in ...,https://www.eurekalert.org › news-releases,"Dec 12, 2024","Excessive screen use by preschool-age children can lead to reduced ... Xiao, an expert in children's socio-emotional functioning and ...","18,3",2,serpapi_google,1,serpapi_google::Q4_eurekalert,1
https://eurekalert.org/news-releases/994570,https://www.eurekalert.org/news-releases/994570,Screen time not harmful for academic skills of preschoolers,https://www.eurekalert.org › news-releases,"Jul 4, 2023",Results showed no significant effects of screen use time on the academic skills assessed in the study. High levels of screen media use were ...,3,1,serpapi_google,1,serpapi_google::Q4_eurekalert,1
https://eurekalert.org/news-releases/1088083,https://www.eurekalert.org/news-releases/1088083,Role of sleep and white matter in the link between screen ...,https://www.eurekalert.org › news-releases,"Jun 23, 2025","About The Study: The results of this study show that more screen time in late childhood was associated with more depressive symptoms, ...",13,1,serpapi_google,1,serpapi_google::Q4_eurekalert,1
https://eurekalert.org/news-releases/1088374,https://www.eurekalert.org/news-releases/1088374,Teen depression? Study finds clues in screen use and ...,https://www.eurekalert.org › news-releases,"Jun 23, 2025","“Our study considered digital screen time as a broad definition but it's really important to look at the nuances,” Lima Santos said. “Time ...",13,1,serpapi_google,1,serpapi_google::Q4_eurekalert,1
https://eurekalert.org/news-releases/938851,https://www.eurekalert.org/news-releases/938851,"Screen use, mental health symptoms in children during ...",https://www.eurekalert.org › news-releases,"Dec 28, 2021","Screen use, mental health symptoms in children during pandemic ... Authors: Xuedi Li, M.Sc., of the Hospital for Sick Children in Toronto, is the ...",18,1,serpapi_google,1,serpapi_google::Q4_eurekalert,1
https://eurekalert.org/news-releases/908325,https://www.eurekalert.org/news-releases/908325,Study links screen time to insomnia symptoms and ...,https://www.eurekalert.org › news-releases,"Jun 4, 2018","She added, ""We're very interested to see whether the adverse influences of social media and screen use on sleep and mental health persist during ...",18,1,serpapi_google,1,serpapi_google::Q4_eurekalert,1
https://eurekalert.org/news-releases/1101141,https://www.eurekalert.org/news-releases/1101141,Screen time linked to lower academic achievement among ...,https://www.eurekalert.org › news-releases,"Oct 10, 2025","... Li, first author and Epidemiologist at SickKids. The team emphasised ... screen use habits and improve academic outcomes. This study ...",18,1,serpapi_google,1,serpapi_google::Q4_eurekalert,1
https://eurekalert.org/news-releases/981045,https://www.eurekalert.org/news-releases/981045,Excessive screen time linked to suicidal behaviors in US ...,https://www.eurekalert.org › news-releases,"Feb 27, 2023","Excessive screen time linked to suicidal behaviors in US preteens ... Nagata, MD, assistant professor of pediatrics at the University of ...","133,24,302,304,393,394,49,80",8,serpapi_google,1,serpapi_google::Q4_eurekalert,1
https://eurekalert.org/news-releases/1072583,https://www.eurekalert.org/news-releases/1072583,How parents can protect children from mature and adult ...,https://www.eurekalert.org › news-releases,"Feb 5, 2025","“One key factor in a child's exposure to mature content is how much screen time their parents use,” says Nagata. “Children often model their ...","106,133,139,157,158,184,24,302,304,393,394,49,80,86",14,serpapi_google,1,serpapi_google::Q4_eurekalert,1
https://eurekalert.org/news-releases/933424,https://www.eurekalert.org/news-releases/933424,Adolescents' recreational screen time doubled during ...,https://www.eurekalert.org › news-releases,"Nov 1, 2021","Excessive screen use in adolescents also is associated with weight gain and binge eating, Nagata noted: “Screen time lends itself to more ...","106,133,139,157,158,184,24,302,304,393,394,49,80,86",14,serpapi_google,1,serpapi_google::Q4_eurekalert,1
https://eurekalert.org/news-releases/1060422,https://www.eurekalert.org/news-releases/1060422,"For preteens, more screen time is tied to depression, ...",https://www.eurekalert.org › news-releases,"Oct 7, 2024",Nagata said parents can play an essential role in helping to mitigate the negative effects of excessive screen time. “The American Academy of ...,"106,133,139,157,158,184,24,302,304,393,394,49,80,86",14,serpapi_google,1,serpapi_google::Q4_eurekalert,1
https://eurekalert.org/news-releases/753397,https://www.eurekalert.org/news-releases/753397,Excessive screen time linked to obesity in US preteen,https://www.eurekalert.org › news-releases,"Jun 28, 2021","Parents should regularly talk to their children about screen-time usage and develop a family media use plan,"" said Nagata. ###. Nagata, JM, Iyer ...","133,160,24,302,304,393,394,49,70,80",10,serpapi_google,1,serpapi_google::Q4_eurekalert,1
https://eurekalert.org/news-releases/973956,https://www.eurekalert.org/news-releases/973956,Screen time linked to OCD in U.S. preteens,https://www.eurekalert.org › news-releases,"Dec 12, 2022","In July, Nagata and his colleagues discovered excessive screen time was linked to disruptive behavior disorders in 9-11 year olds, though ...","133,24,302,304,393,394,49,80",8,serpapi_google,1,serpapi_google::Q4_eurekalert,1
https://eurekalert.org/news-releases/1057483,https://www.eurekalert.org/news-releases/1057483,Screen time and social media use linked to eating disorder ...,https://www.eurekalert.org › news-releases,"Sep 10, 2024","Screen time and social media use linked to eating disorder symptoms in young adolescents ... Nagata, MD, an associate professor of pediatrics at ...","106,133,139,157,158,184,24,302,304,393,394,49,80,86",14,serpapi_google,1,serpapi_google::Q4_eurekalert,1
https://eurekalert.org/news-releases/1046791,https://www.eurekalert.org/news-releases/1046791,"Great news, parents: You do have power over your tweens' ...",https://www.eurekalert.org › news-releases,"Jun 5, 2024","""Screen time at bedtime displaces sleep time, which is essential for health and development in young adolescents,” Nagata said. “Parents can ...","106,133,139,157,158,184,215,24,302,304,393,394,49,80,86",15,serpapi_google,1,serpapi_google::Q4_eurekalert,1
https://eurekalert.org/news-releases/681975,https://www.eurekalert.org/news-releases/681975,"Despite health warnings, Americans still sit too much",https://www.eurekalert.org › news-releases,"Apr 23, 2019","In addition, computer screen time outside of work and school increased over this period. ... Yang L, Cao C, Kantor ED, Nguyen LH, Zheng X ...","31,57",2,serpapi_google,1,serpapi_google::Q4_eurekalert,1
https://eurekalert.org/news-releases/1115579,https://www.eurekalert.org/news-releases/1115579,"AI-generated arguments are persuasive, even when labeled",https://www.eurekalert.org › news-releases,"Feb 10, 2026",... social media platform liability. Participants were randomly assigned ... Weiyan Shi Northeastern University Khoury College of Computer ...,35,1,serpapi_google,1,serpapi_google::Q4_eurekalert,1
https://eurekalert.org/news-releases/1118742,https://www.eurekalert.org/news-releases/1118742,“AI slop” hurts consumers and creators. But high-quality ...,https://www.eurekalert.org › news-releases,"Mar 4, 2026",The study was inspired by the rapid rise in AI-generated or AI-enhanced content on most social media platforms. The generative AI tools can ...,35,1,serpapi_google,1,serpapi_google::Q4_eurekalert,1
https://eurekalert.org/news-releases/1125370,https://www.eurekalert.org/news-releases/1125370,Enhancer provides a potential target for 'undruggable' MYC ...,https://www.eurekalert.org › news-releases,"Apr 22, 2026","... Shi, Justin Williams, Virginia Valentine, Barbara Passaia, Bensheng ... Jude on social media @stjuderesearch. Journal. Cancer Research ...",35,1,serpapi_google,1,serpapi_google::Q4_eurekalert,1
https://eurekalert.org/news-releases/1122639,https://www.eurekalert.org/news-releases/1122639,Reprogramming 'gatekeeper' immune cell may boost ...,https://www.eurekalert.org › news-releases,"Apr 2, 2026","The study's other authors are Nicole Chapman, Hao Shi, Yan ... Jude on social media at @stjuderesearch. Journal. Science. DOI. 10.1126 ...",35,1,serpapi_google,1,serpapi_google::Q4_eurekalert,1
https://eurekalert.org/news-releases/938589,https://www.eurekalert.org/news-releases/938589,News media amplified rather than rectified misleading ...,https://www.eurekalert.org › news-releases,"Dec 20, 2021","While social media platforms try to identify and eliminate fake news ... Shi, Assistant Professor of Marketing at HKUST, a coauthor who ...",35,1,serpapi_google,1,serpapi_google::Q4_eurekalert,1
https://eurekalert.org/news-releases/627040,https://www.eurekalert.org/news-releases/627040,Social media activism is driving corporate agendas,https://www.eurekalert.org › news-releases,"Nov 16, 2016","Social media activism is driving corporate agendas. Social ... Wang Shi, chairman of Vanke, China's largest real estate development ...",35,1,serpapi_google,1,serpapi_google::Q4_eurekalert,1
https://eurekalert.org/news-releases/772621,https://www.eurekalert.org/news-releases/772621,NATO taps UH professor to keep big data secure on the ...,https://www.eurekalert.org › news-releases,"Mar 23, 2016","Shi is the recipient of a $369,803 NATO award through its Science for Peace and Security (SPS) Programme to keep big data secure on the cloud.",35,1,serpapi_google,1,serpapi_google::Q4_eurekalert,1
https://eurekalert.org/news-releases/1063995,https://www.eurekalert.org/news-releases/1063995,Scientists calculate predictions for meson measurements,https://www.eurekalert.org › news-releases,"Nov 6, 2024","Shi and Xiang Gao, a postdoctoral researcher in the group, used ... Follow @BrookhavenLab on social media. Find us on Instagram ...",35,1,serpapi_google,1,serpapi_google::Q4_eurekalert,1
https://eurekalert.org/news-releases/1077517,https://www.eurekalert.org/news-releases/1077517,Removing a protein 'signal jammer' improves immunotherapy,https://www.eurekalert.org › news-releases,"Mar 19, 2025","The study's other authors are Hao Shi, Nicole Chapman, Cliff Guy ... Jude on social media at @stjuderesearch. Journal. Nature. Method of ...",35,1,serpapi_google,1,serpapi_google::Q4_eurekalert,1
https://eurekalert.org/multimedia/1009009,https://www.eurekalert.org/multimedia/1009009,Anne-Marie Fors Connolly [IMAGE],https://www.eurekalert.org › multimedia,,Caption. Anne-Marie Fors Connolly ; Credit. Mattias Pettersson ; Usage Restrictions. Media use ; License. Licensed content.,55,1,serpapi_google,1,serpapi_google::Q4_eurekalert,1
https://eurekalert.org/news-releases/1111150,https://www.eurekalert.org/news-releases/1111150,Too much screen time too soon? A*STAR study links infant ...,https://www.eurekalert.org › news-releases,"Dec 30, 2025","... Lin School of Medicine, using data from the Growing Up in Singapore ... screen time in infancy. Importantly, the study focuses on ...",57,1,serpapi_google,1,serpapi_google::Q4_eurekalert,1
https://eurekalert.org/news-releases/978215,https://www.eurekalert.org/news-releases/978215,Study: Infants exposed to excessive screen time show ...,https://www.eurekalert.org › news-releases,"Jan 30, 2023",Study: Infants exposed to excessive screen time show ... The study was a collaborative effort comprising researchers from the Yong Loo Lin ...,57,1,serpapi_google,1,serpapi_google::Q4_eurekalert,1
https://eurekalert.org/news-releases/1092444,https://www.eurekalert.org/news-releases/1092444,First graders who use more educational media spend ...,https://www.eurekalert.org › news-releases,"Jul 25, 2025","Finding that educational media use does not crowd out reading time or extend overall screen time ... Co-authors were Kelly Purtell, Tzu-Jung Lin ...",57,1,serpapi_google,1,serpapi_google::Q4_eurekalert,1
https://eurekalert.org/news-releases/779888,https://www.eurekalert.org/news-releases/779888,"Study finds links between early screen exposure, sleep ...",https://www.eurekalert.org › news-releases,"Nov 13, 2019",- Screen time - Majority (93.9%) of the children exceeded the 1 hour ... Lin School of Medicine andLee Kong Chian School of Medicine.,57,1,serpapi_google,1,serpapi_google::Q4_eurekalert,1
https://eurekalert.org/news-releases/1126732,https://www.eurekalert.org/news-releases/1126732,Singapore's largest parenting intervention study on ...,https://www.eurekalert.org › news-releases,6 days ago,"As families weave through hectic and time-scarce modern lifestyles, increasing digital exposure and screen-time ... Lin School of Medicine ...",57,1,serpapi_google,1,serpapi_google::Q4_eurekalert,1
https://eurekalert.org/news-releases/792245,https://www.eurekalert.org/news-releases/792245,Toddlers who chill in front of TV are at later risk of being ...,https://www.eurekalert.org › news-releases,"Jul 17, 2015","Assuming that the programs watched are developmentally appropriate, the American Academy of Pediatrics recommends that daily screen time not ...","160,70",2,serpapi_google,1,serpapi_google::Q4_eurekalert,1
https://eurekalert.org/news-releases/607547,https://www.eurekalert.org/news-releases/607547,The long-term benefits of improving your toddler's memory ...,https://www.eurekalert.org › news-releases,"Jan 12, 2016",The researchers note that another promising strategy for improving working memory in children is to limit screen time ... CHU Sainte-Justine.,"160,70",2,serpapi_google,1,serpapi_google::Q4_eurekalert,1
https://eurekalert.org/multimedia/912909,https://www.eurekalert.org/multimedia/912909,Lack of Safety at School and Poverty Linked to Childhood Obesity,https://www.eurekalert.org › multimedia,,"... CHU Sainte Justine children's hospital. ... ""Surprisingly, we have found that although victimization at school is linked to childhood obesity and more screen-time ...","160,70",2,serpapi_google,1,serpapi_google::Q4_eurekalert,1
https://eurekalert.org/news-releases/1107002,https://www.eurekalert.org/news-releases/1107002,Higher screen time linked to ADHD symptoms and altered brain development,EurekAlert!,"11/21/2025, 08:00 AM, +0000 UTC",Higher screen time linked to ADHD symptoms and altered brain development ... Qiulu Shou serves as an Assistant Professor at the Research Centre ...,84,1,"serpapi_google,serpapi_google_news",2,"serpapi_google::Q4_eurekalert,serpapi_google_news::Q2_author_topic",2
https://eurekalert.org/news-releases/1078851,https://www.eurekalert.org/news-releases/1078851,Study links teen girls’ screen time to sleep disruptions and depression,EurekAlert!,"04/02/2025, 07:00 AM, +0000 UTC",,84,1,serpapi_google_news,1,serpapi_google_news::Q3_title_fragment,1
https://eurekalert.org/news-releases/1000060,https://www.eurekalert.org/news-releases/1000060,Lengthy screen time associated with childhood development delays,EurekAlert!,"08/30/2023, 07:00 AM, +0000 UTC",,84,1,serpapi_google_news,1,serpapi_google_news::Q3_title_fragment,1
https://eurekalert.org/news-releases/1089371,https://www.eurekalert.org/news-releases/1089371,European high school students emerge from isolation after ...,https://www.eurekalert.org › news-releases,"Jun 30, 2025","Rosa Doran (NUCLIO, Chair of COSPAR's Panel on Education) commented ... Social media: www.facebook.com/EXPLOREprojectEU and www ...",85,1,serpapi_google,1,serpapi_google::Q4_eurekalert,1
https://eurekalert.org/news-releases/1032411,https://www.eurekalert.org/news-releases/1032411,Brookhaven Lab scientists complete 2023 Oppenheimer ...,https://www.eurekalert.org › news-releases,"Jan 25, 2024",Professor Kevin Doran serves as the program director. Inquiries ... Follow @BrookhavenLab on social media. Find us on Instagram ...,85,1,serpapi_google,1,serpapi_google::Q4_eurekalert,1
https://eurekalert.org/news-releases/1009675,https://www.eurekalert.org/news-releases/1009675,Bringing asteroids to class: COSPAR joins new Erasmus+ ...,https://www.eurekalert.org › news-releases,"Nov 30, 2023","The COSPAR Panel on Education, under the dynamic Chair Rosa Doran ... COSPAR Social Media: LinkedIn: Committee on Space Research - COSPAR",85,1,serpapi_google,1,serpapi_google::Q4_eurekalert,1
https://eurekalert.org/news-releases/1088219,https://www.eurekalert.org/news-releases/1088219,Want better sleep for your tween? Start with their screens,https://www.eurekalert.org › news-releases,"Jun 20, 2025","... Nagata, MD, an associate professor of pediatrics at the University ... Researchers also identified sociodemographic differences in both screen use ...","106,139,157,158,184,86",6,serpapi_google,1,serpapi_google::Q4_eurekalert,1
https://eurekalert.org/news-releases/1073001,https://www.eurekalert.org/news-releases/1073001,Social media's double-edged sword: New study links both ...,https://www.eurekalert.org › news-releases,"Feb 7, 2025",The findings showed that both passive (PSMU) and active (ASMU) social media use were associated with increased feelings of loneliness over time.,95,1,serpapi_google,1,serpapi_google::Q4_eurekalert,1
https://eurekalert.org/news-releases/1117890,https://www.eurekalert.org/news-releases/1117890,Social media is a treasure trove for interdisciplinary ...,https://www.eurekalert.org › news-releases,"Feb 26, 2026","“60 per cent of the world's population already uses social media. For researchers, this offers enormous potential for approaching any ...",95,1,serpapi_google,1,serpapi_google::Q4_eurekalert,1
https://eurekalert.org/news-releases/1076585,https://www.eurekalert.org/news-releases/1076585,Social media use amplifies delusional disorders: SFU study,https://www.eurekalert.org › news-releases,"Mar 11, 2025",“Social media is creating conditions where delusions can more easily be generated and sustained due to the presence of platforms and apps that ...,95,1,serpapi_google,1,serpapi_google::Q4_eurekalert,1
https://eurekalert.org/news-releases/1091562,https://www.eurekalert.org/news-releases/1091562,International study by NTU Singapore and Research ...,https://www.eurekalert.org › news-releases,"Jul 17, 2025",The use of social media is contributing to ... social media triggers the brain's dopamine reward system in ways that mimic addiction.,95,1,serpapi_google,1,serpapi_google::Q4_eurekalert,1
https://eurekalert.org/news-releases/1125539,https://www.eurekalert.org/news-releases/1125539,"At best, social media connections unlikely to make you less ...",https://www.eurekalert.org › news-releases,2 days ago,The findings suggest that “people experiencing loneliness may wish to examine critically their interactions with strangers on social media and ...,95,1,serpapi_google,1,serpapi_google::Q4_eurekalert,1
https://eurekalert.org/news-releases/998256,https://www.eurekalert.org/news-releases/998256,Social media's addictive loop compels users to share ...,https://www.eurekalert.org › news-releases,"Aug 10, 2023","There will have to be something really disruptive structurally on these social media sites to change the behavior of habitual users,” he said.",95,1,serpapi_google,1,serpapi_google::Q4_eurekalert,1
https://eurekalert.org/news-releases/981375,https://www.eurekalert.org/news-releases/981375,"On social media platforms, more sharing means less caring ...",https://www.eurekalert.org › news-releases,"Mar 3, 2023","On social media platforms, more sharing means less caring about accuracy. An MIT-led study reveals a core tension between the impulse to share ...",95,1,serpapi_google,1,serpapi_google::Q4_eurekalert,1
https://eurekalert.org/news-releases/1043172,https://www.eurekalert.org/news-releases/1043172,Social-media break has huge impact on young women's ...,https://www.eurekalert.org › news-releases,"May 1, 2024","The paper, out this week in the journal Body Image, is thought to be the first to look specifically at social-media breaks and body image. Mills ...",95,1,serpapi_google,1,serpapi_google::Q4_eurekalert,1
https://eurekalert.org/news-releases/1055881,https://www.eurekalert.org/news-releases/1055881,How do new words arise in social media?,https://www.eurekalert.org › news-releases,"Sep 3, 2024","The more centrally connected someone is within their social media network, the more likely that new words they use will become adopted into ...",95,1,serpapi_google,1,serpapi_google::Q4_eurekalert,1
https://eurekalert.org/news-releases/1046884,https://www.eurekalert.org/news-releases/1046884,DFG to fund 17 new research training groups,https://www.eurekalert.org › news-releases,"May 10, 2024",Research Training Groups offer doctoral researchers the opportunity to complete their doctorates by following a structured research and training ...,96,1,serpapi_google,1,serpapi_google::Q4_eurekalert,1
https://eurekalert.org/news-releases/1038232,https://www.eurekalert.org/news-releases/1038232,PR55α-controlled PP2A Inhibits p16 Expression and ...,https://www.eurekalert.org › news-releases,"Mar 19, 2024","In this new study, researchers Chitra Palanivel, Lepakshe S. V. Madduri, Ashley L. Hein, Christopher B. Jenkins, Brendan T. Graff, Alison L.",96,1,serpapi_google,1,serpapi_google::Q4_eurekalert,1
https://eurekalert.org/news-releases/1119639,https://www.eurekalert.org/news-releases/1119639,Active ingredient of Viagra helps treat rare genetic disease,https://www.eurekalert.org › news-releases,"Mar 11, 2026",The study entailed administering sildenafil continuously to six Leigh syndrome patients between the ages of 9 months and 38 years. Within the ...,"136,400",2,serpapi_google,1,serpapi_google::Q4_eurekalert,1
https://eurekalert.org/news-releases/1066030,https://www.eurekalert.org/news-releases/1066030,November/December Annals of Family Medicine Tip Sheet,https://www.eurekalert.org › news-releases,"Nov 25, 2024",A suburban family medicine residency clinic implemented an innovative approach to reduce behavioral health clinic wait times for adult ADHD ...,"136,400",2,serpapi_google,1,serpapi_google::Q4_eurekalert,1
https://eurekalert.org/news-releases/1110164,https://www.eurekalert.org/news-releases/1110164,Penn researchers awarded $25M to conduct trial using ...,https://www.eurekalert.org › news-releases,"Dec 16, 2025","... smartphone fitness trackers gamification to reduce the risk of ... Alexander C. Fanaroff, MD, an assistant professor of Cardiovascular ...",154,1,serpapi_google,1,serpapi_google::Q4_eurekalert,1
https://eurekalert.org/news-releases/510314,https://www.eurekalert.org/news-releases/510314,New nerve gas detector built with legos and a smartphone,https://www.eurekalert.org › news-releases,"Jun 27, 2018","... smartphone and a box made from Lego bricks, which could help first ... Software, developed by graduate student Alexander Boulgakov and ...",154,1,serpapi_google,1,serpapi_google::Q4_eurekalert,1
https://eurekalert.org/news-releases/1112196,https://www.eurekalert.org/news-releases/1112196,An earthquake on a chip: New tech could make ...,https://www.eurekalert.org › news-releases,"Jan 14, 2026","Eichenfield says the new device could lead to smaller, higher performance, and lower power wireless devices like cell phones. In a smartphone, ...",154,1,serpapi_google,1,serpapi_google::Q4_eurekalert,1
https://eurekalert.org/news-releases/716385,https://www.eurekalert.org/news-releases/716385,New technology makes artificial intelligence more private ...,https://www.eurekalert.org › news-releases,"Nov 14, 2017","""We feel this has enormous potential,"" said Alexander Wong, a ... When put on a chip and embedded in a smartphone, such compact AI ...",154,1,serpapi_google,1,serpapi_google::Q4_eurekalert,1
https://eurekalert.org/news-releases/1060669,https://www.eurekalert.org/news-releases/1060669,AI-supported dermatology: Now for darker skin tones too ...,https://www.eurekalert.org › news-releases,"Oct 10, 2024",“Our vision is that each patient will be able to take a photo of their skin problem themselves free of charge using a smartphone and then upload ...,154,1,serpapi_google,1,serpapi_google::Q4_eurekalert,1
https://eurekalert.org/news-releases/1117990,https://www.eurekalert.org/news-releases/1117990,DopFone app can accurately track fetal heart rate using ...,https://www.eurekalert.org › news-releases,"Feb 26, 2026",DopFone uses an off-the-shelf smartphone's existing speaker and microphone to accurately estimate fetal heart rate. ... Alexander T. Adams ...,154,1,serpapi_google,1,serpapi_google::Q4_eurekalert,1
https://eurekalert.org/news-releases/703475,https://www.eurekalert.org/news-releases/703475,Engineers combine AI and wearable cameras in self ...,https://www.eurekalert.org › news-releases,"Mar 15, 2021","The research team also includes engineering professor Alexander Wong, the Canada Research Chair in Artificial Intelligence and Medical Imaging, ...",154,1,serpapi_google,1,serpapi_google::Q4_eurekalert,1
https://eurekalert.org/news-releases/632008,https://www.eurekalert.org/news-releases/632008,Smartphones and intelligent socks to help prevent diabetic ...,https://www.eurekalert.org › news-releases,"Jan 27, 2016","... smartphone app, which in turn informs the patient of developing risk. ... Yaakov Nahmias, director of the Alexander Grass Center for ...",154,1,serpapi_google,1,serpapi_google::Q4_eurekalert,1
https://eurekalert.org/news-releases/1050243,https://www.eurekalert.org/news-releases/1050243,A simple firmware update completely hides a device's ...,https://www.eurekalert.org › news-releases,"Jul 10, 2024","A smartphone's unique Bluetooth fingerprint could be used to track ... Hadi Givehchian, Nishant Bhaskar, Alexander Redding, Aaron Schulman, ...",154,1,serpapi_google,1,serpapi_google::Q4_eurekalert,1
https://eurekalert.org/news-releases/1121373,https://www.eurekalert.org/news-releases/1121373,Frequent social media use could impact child development,https://www.eurekalert.org › news-releases,"Mar 25, 2026","The more you use it, the more it changes according to however you're using it,” said Cory Carvalho, lead author of the study who received ...","167,175,310",3,serpapi_google,1,serpapi_google::Q4_eurekalert,1
https://eurekalert.org/news-releases/1101639,https://www.eurekalert.org/news-releases/1101639,"Youth screen use can cause family conflict, exacerbate ...",https://www.eurekalert.org › news-releases,"Oct 13, 2025","... Carvalho, lead author of the study and an alumnus of the University ... Smartphone ownership can therefore create gaps in parent and ...","167,175,310",3,serpapi_google,1,serpapi_google::Q4_eurekalert,1
https://eurekalert.org/news-releases/659626,https://www.eurekalert.org/news-releases/659626,Method detects defects in 2D materials for future ...,https://www.eurekalert.org › news-releases,"Jan 27, 2020","... smartphone and the myriad of other places where small, flexible sensors are required. ... Carvalho, a former visiting scholar in Terrones' group,.",167,1,serpapi_google,1,serpapi_google::Q4_eurekalert,1
https://eurekalert.org/news-releases/646887,https://www.eurekalert.org/news-releases/646887,"Leishmaniasis infection on the rise in US ecotourists, soldiers",https://www.eurekalert.org › news-releases,"Nov 15, 2016","As with other IDSA guidelines, the leishmaniasis guidelines will be available in a smartphone format and a pocket-sized quick-reference edition.",167,1,serpapi_google,1,serpapi_google::Q4_eurekalert,1
https://eurekalert.org/news-releases/954909,https://www.eurekalert.org/news-releases/954909,"Children spending more time on screens, going to bed ...",https://www.eurekalert.org › news-releases,"Jun 3, 2022",The increased screen time was associated with later bedtimes and wake up times across the pandemic. Kiss said these data highlight the need to ...,"177,314",2,serpapi_google,1,serpapi_google::Q4_eurekalert,1
https://eurekalert.org/news-releases/1046446,https://www.eurekalert.org/news-releases/1046446,Social media use and sleep duration connected to brain ...,https://www.eurekalert.org › news-releases,"May 30, 2024","Sleep duration was assessed from the Munich Chronotype questionnaire, and recreational social media use through the Youth Screen Time Survey.","177,314",2,serpapi_google,1,serpapi_google::Q4_eurekalert,1
https://eurekalert.org/news-releases/940924,https://www.eurekalert.org/news-releases/940924,"Social connectedness, sleep, and physical activity ...",https://www.eurekalert.org › news-releases,"Jan 24, 2022","... screen time, sleep (e.g., pre-pandemic sleep disturbances), and ... Kiss, Ph.D., a postdoctoral fellow at SRI International and lead ...","177,314",2,serpapi_google,1,serpapi_google::Q4_eurekalert,1
https://eurekalert.org/news-releases/952549,https://www.eurekalert.org/news-releases/952549,Video games can help boost children's intelligence,https://www.eurekalert.org › news-releases,"May 12, 2022","Publication: “The impact of digital media on children's intelligence ... Bruno Sauce, Magnus Liebherr, Nicholas Judd, Torkel Klingberg.",190,1,serpapi_google,1,serpapi_google::Q4_eurekalert,1
https://eurekalert.org/news-releases/1108691,https://www.eurekalert.org/news-releases/1108691,Using social media may impair children's attention,https://www.eurekalert.org › news-releases,"Dec 8, 2025","Publication: “Digital media, Genetics and Risk for ADHD Symptoms in Children – a Longitudinal Study”, Samson Nivins, Michael A. Mooney, Joel ...","192,435",2,serpapi_google,1,serpapi_google::Q4_eurekalert,1
https://eurekalert.org/news-releases/1032033,https://www.eurekalert.org/news-releases/1032033,Cognitive behavioral therapy alters brain activity in children ...,https://www.eurekalert.org › news-releases,"Jan 24, 2024","Anxiety disorders are common in children and can cause them significant distress in social and academic situations. ... Pagliaccio, D ...",196,1,serpapi_google,1,serpapi_google::Q4_eurekalert,1
https://eurekalert.org/news-releases/937349,https://www.eurekalert.org/news-releases/937349,"Computer-, smartphone-based treatments effective at ...",https://www.eurekalert.org › news-releases,"Dec 13, 2021","Computer- and smartphone-based treatments appear to be effective in reducing symptoms of depression, and while it remains unclear whether ...",289,1,serpapi_google,1,serpapi_google::Q4_eurekalert,1
https://eurekalert.org/news-releases/988300,https://www.eurekalert.org/news-releases/988300,"Sleep apnea, lack of deep sleep linked to worse brain health",https://www.eurekalert.org › news-releases,"May 10, 2023","Carvalho, MD, MS, of the Mayo Clinic in Rochester, Minnesota, and a ... When posting to social media channels about this research, we ...",310,1,serpapi_google,1,serpapi_google::Q4_eurekalert,1
https://eurekalert.org/news-releases/1081862,https://www.eurekalert.org/news-releases/1081862,Early immune evasion found in HPV-related pre-cancer ...,https://www.eurekalert.org › news-releases,"Apr 28, 2025","Researchers Humberto Carvalho Carneiro, Rodrigo de Andrade Natal ... social media: X · Facebook · YouTube · Instagram · LinkedIn · Pinterest",310,1,serpapi_google,1,serpapi_google::Q4_eurekalert,1
https://eurekalert.org/news-releases/1029674,https://www.eurekalert.org/news-releases/1029674,Management of refractory or relapsed classic Hodgkin ...,https://www.eurekalert.org › news-releases,,"... Carvalho Guimarães Baiocchi from Hospital Universitário de Brasília ... To learn more about Oncotarget, visit Oncotarget.com and connect with us on social media:.",310,1,serpapi_google,1,serpapi_google::Q4_eurekalert,1
https://eurekalert.org/news-releases/523629,https://www.eurekalert.org/news-releases/523629,Scientists announce top 10 new species,https://www.eurekalert.org › news-releases,"May 23, 2013","Social media lacewing: In a trend-setting collision of science and social media ... Carvalho, Universidade de São Paulo; Aharon Oren, The ...",310,1,serpapi_google,1,serpapi_google::Q4_eurekalert,1
https://eurekalert.org/news-releases/956944,https://www.eurekalert.org/news-releases/956944,Oncotarget | New oncology-focused papers published in ...,https://www.eurekalert.org › news-releases,"Jun 23, 2022","To learn more about Oncotarget, visit Oncotarget.com and connect with us on social media: Twitter – https://twitter.com/Oncotarget; Facebook – ...",310,1,serpapi_google,1,serpapi_google::Q4_eurekalert,1
https://eurekalert.org/news-releases/1047194,https://www.eurekalert.org/news-releases/1047194,Incorporating “touch” into social media interactions can ...,https://www.eurekalert.org › news-releases,"Jun 12, 2024","Technology companies are developing devices to incorporate touch into digital interactions, such as interactive kiss and hug transmission ...",314,1,serpapi_google,1,serpapi_google::Q4_eurekalert,1
https://eurekalert.org/news-releases/974602,https://www.eurekalert.org/news-releases/974602,Witte receives funding for project aimed at examining how ...,https://www.eurekalert.org › news-releases,,"Witte is collaborating with Marissa Kiss, PhD, Postdoctoral Fellow, Institute for Immigration Research, on this project. Witte and Kiss ... social media and in- ...",314,1,serpapi_google,1,serpapi_google::Q4_eurekalert,1
https://eurekalert.org/news-releases/1009751,https://www.eurekalert.org/news-releases/1009751,Types of on-screen content and mental health in ...,https://www.eurekalert.org › news-releases,"Dec 4, 2023","Limiting children's screen time, prioritizing educational programs ... D., and Yunting Zhang, Ph.D., of Shanghai Jiao Tong University ...",381,1,serpapi_google,1,serpapi_google::Q4_eurekalert,1
https://eurekalert.org/news-releases/1086346,https://www.eurekalert.org/news-releases/1086346,Screen time and emotional problems in kids: A vicious circle?,https://www.eurekalert.org › news-releases,"Jun 9, 2025","Screen time and emotional problems in kids: A vicious circle? ... Parker, PhD, Diego Vasconcellos, PhD, Katrina Wilhite, PhD, Ella ...",395,1,serpapi_google,1,serpapi_google::Q4_eurekalert,1
https://eurekalert.org/news-releases/983998,https://www.eurekalert.org/news-releases/983998,"Limit screen use in children under six, says psychologist",https://www.eurekalert.org › news-releases,"Mar 30, 2023",Parents should strictly ration or not allow screen time for children ... Becky Parker-Ellis Taylor & Francis Group newsroom ...,395,1,serpapi_google,1,serpapi_google::Q4_eurekalert,1
https://eurekalert.org/news-releases/581884,https://www.eurekalert.org/news-releases/581884,Increased anxiety associated with sitting down,https://www.eurekalert.org › news-releases,"Jun 18, 2015","... screen time were more like to experience anxiety compared to those ... Megan Teychenne, Sarah A Costigan and Kate Parker BMC Public ...",395,1,serpapi_google,1,serpapi_google::Q4_eurekalert,1
https://eurekalert.org/news-releases/1115619,https://www.eurekalert.org/news-releases/1115619,How tech-dependency and pandemic isolation have ...,https://www.eurekalert.org › news-releases,"Feb 11, 2026","Small children cannot drive to the store, buy an expensive device, and regulate screen time when they can't even tie their shoes. ... becky.parker ...","395,521",2,serpapi_google,1,serpapi_google::Q4_eurekalert,1
https://eurekalert.org/news-releases/679708,https://www.eurekalert.org/news-releases/679708,Study shows severity of childhood obesity in Guam,https://www.eurekalert.org › news-releases,"Oct 5, 2020","... screen time, the processed and sugary foods and beverages, and, most ... Leon Guerrero, a registered dietitian who holds a doctorate in human ...",398,1,serpapi_google,1,serpapi_google::Q4_eurekalert,1
https://eurekalert.org/news-releases/928055,https://www.eurekalert.org/news-releases/928055,"Screen time only mildly linked to behavioral problems, but ...",https://www.eurekalert.org › news-releases,"Sep 9, 2021","While the study did find associations between screen time and some mental health and behavioral problems, Paulich stressed that this does not ...",420,1,serpapi_google,1,serpapi_google::Q4_eurekalert,1
https://eurekalert.org/news-releases/797811,https://www.eurekalert.org/news-releases/797811,John Hennessy and David Patterson win the Frontiers of ...,https://www.eurekalert.org › news-releases,"Feb 10, 2021","... smartphone, and embedded computer [in televisions, cars and Internet ... Remaining members were Regina Barzilay, Delta Electronics ...",431,1,serpapi_google,1,serpapi_google::Q4_eurekalert,1
https://eurekalert.org/news-releases/979072,https://www.eurekalert.org/news-releases/979072,The Frontiers of Knowledge Award goes to Alberto ...,https://www.eurekalert.org › news-releases,"Feb 8, 2023","Today, in a modern smartphone, chips have billions of transistors, so ... Remaining members were Regina Barzilay, School of Engineering ...",431,1,serpapi_google,1,serpapi_google::Q4_eurekalert,1
https://eurekalert.org/news-releases/747989,https://www.eurekalert.org/news-releases/747989,New studies measure screen-based media use in children,https://www.eurekalert.org › news-releases,,"... screen time recommendations,"" said Dr. Hutton ... Authors: John Hutton, Yuanfang Xu, Thomas DeWitt, Tzipi Horowitz-Kraus, Richard Ittenbach ... screen time ...",443,1,serpapi_google,1,serpapi_google::Q4_eurekalert,1
https://eurekalert.org/news-releases/643204,https://www.eurekalert.org/news-releases/643204,Language use decreases in young children and caregivers ...,https://www.eurekalert.org › news-releases,"Jun 1, 2009","Richards, MA; Dongxin Xu, PhD; Sharmistha Gray, PhD, and Umit ... screen time and attentional disorders. About Seattle Children's ...",443,1,serpapi_google,1,serpapi_google::Q4_eurekalert,1
https://eurekalert.org/news-releases/1088684,https://www.eurekalert.org/news-releases/1088684,"Better sleep, less cancer risk: The power of nightly rest",https://www.eurekalert.org › news-releases,"Jun 24, 2025","In our fast-paced world, sleep is often sacrificed for productivity or screen time. ... Xiaoke (Kerri) Xu BGI Genomics xuxiaoke@bgi.com ...",443,1,serpapi_google,1,serpapi_google::Q4_eurekalert,1
https://eurekalert.org/news-releases/1076347,https://www.eurekalert.org/news-releases/1076347,Limiting screen time protects children's mental health,https://www.eurekalert.org › news-releases,"Mar 10, 2025",Limiting screen time protects children's mental health. Peer ... “Society as a whole – from families to policymakers – must invest in ...,521,1,serpapi_google,1,serpapi_google::Q4_eurekalert,1
https://eurekalert.org/news-releases/713582,https://www.eurekalert.org/news-releases/713582,What are parents doing to limit screen time for young children?,https://www.eurekalert.org › news-releases,,"Inniss says the national conversation about children and screen time has to expand to include quality as well as quantity. ""Future efforts must concentrate ...",521,1,serpapi_google,1,serpapi_google::Q4_eurekalert,1
https://eurekalert.org/news-releases/1121884,https://www.eurekalert.org/news-releases/1121884,Screen time among children and adolescents has ...,https://www.eurekalert.org › news-releases,"Mar 30, 2026",Screen time among children and adolescents ... The authors emphasize that effective responses must be grounded in high-quality evidence.,521,1,serpapi_google,1,serpapi_google::Q4_eurekalert,1
https://eurekalert.org/news-releases/463129,https://www.eurekalert.org/news-releases/463129,"School, health and behavior suffer when children have TV, ...",https://www.eurekalert.org › news-releases,"Sep 26, 2017","""It's a question every parent must face, but there is a simple two-letter answer. ... screen time, which indirectly affected school grades.",521,1,serpapi_google,1,serpapi_google::Q4_eurekalert,1
https://eurekalert.org/news-releases/1008150,https://www.eurekalert.org/news-releases/1008150,"Children's brains shaped by their time on tech devices, ...",https://www.eurekalert.org › news-releases,"Nov 17, 2023","Overall Chair Professor Li's team conclude that policymakers must ... screen time) or the cognitive processes (i.e., learning experience) ...",521,1,serpapi_google,1,serpapi_google::Q4_eurekalert,1
https://eurekalert.org/news-releases/946136,https://www.eurekalert.org/news-releases/946136,Children's health fears due to rise in screen time,https://www.eurekalert.org › news-releases,"Mar 11, 2022","However, we must be aware of the risks to their physical health as a result of this increased screen time. “Through increasing awareness of ...",521,1,serpapi_google,1,serpapi_google::Q4_eurekalert,1
https://eurekalert.org/news-releases/968356,https://www.eurekalert.org/news-releases/968356,Video gaming may be associated with better cognitive ...,https://www.eurekalert.org › news-releases,"Oct 24, 2022",This threshold was selected as it exceeds the American Academy of Pediatrics screen time ... must continue to investigate in these children as ...,521,1,serpapi_google,1,serpapi_google::Q4_eurekalert,1
https://eurekalert.org/news-releases/646024,https://www.eurekalert.org/news-releases/646024,Abundant screen time linked with overweight among children,https://www.eurekalert.org › news-releases,"Aug 9, 2019","Abundant screen time linked with overweight among children. Peer ... ""It must be noted that this cross-sectional study does not reveal ...",521,1,serpapi_google,1,serpapi_google::Q4_eurekalert,1
https://eurekalert.org/news-releases/971236,https://www.eurekalert.org/news-releases/971236,Causes and remedies of sedentary behavior in children,https://www.eurekalert.org › news-releases,"Nov 14, 2022","... screen time are necessary. Likewise, the safety of the outdoor environment can also shape children's behavior towards physical activities. A ...",521,1,serpapi_google,1,serpapi_google::Q4_eurekalert,1
https://cuimc.columbia.edu/news/addictive-use-social-media-not-total-time-associated-youth-mental-health,https://www.cuimc.columbia.edu/news/addictive-use-social-media-not-total-time-associated-youth-mental-health,"Addictive Use of Social Media, Not Total Time, Associated with Youth Mental Health",Columbia University Irving Medical Center,"06/18/2025, 07:00 AM, +0000 UTC",,"3,48",2,serpapi_google_news,1,"serpapi_google_news::Q2_author_topic,serpapi_google_news::Q3_title_fragment",2
https://medscape.com/viewarticle/addictive-screen-use-not-total-time-linked-poor-mental-2025a1000gbs,https://www.medscape.com/viewarticle/addictive-screen-use-not-total-time-linked-poor-mental-2025a1000gbs,"Addictive Screen Use, Not Total Time, Linked to Poor Mental Health in Teens",Medscape,"06/19/2025, 07:00 AM, +0000 UTC","... Adolescent Brain Cognitive Development study. Validated self-report questionnaires were used to assess and track addictive use of social media, cell phones ...","215,3",2,"serpapi_google_news,serpapi_outlet_sweep",2,"serpapi_google_news::Q2_author_topic,serpapi_outlet_sweep::S-O",2
https://medscape.com/viewarticle/sleep-and-social-media-impact-youth-brain-development-2024a1000ag1,https://www.medscape.com/viewarticle/sleep-and-social-media-impact-youth-brain-development-2024a1000ag1,Sleep and Social Media Impact Youth Brain Development,Medscape,"06/04/2024, 07:00 AM, +0000 UTC","Notably, analysis of data on participants in the Adolescent Brain Cognitive Development (ABCD) study revealed that shorter sleep duration correlated ...","177,314",2,"serpapi_google_news,serpapi_outlet_sweep",2,"serpapi_google_news::Q2_author_topic,serpapi_outlet_sweep::S-O",2
https://medscape.com/viewarticle/teen-cannabis-use-tied-slower-cognitive-development-2026a1000e0h,https://www.medscape.com/viewarticle/teen-cannabis-use-tied-slower-cognitive-development-2026a1000e0h,Teen Cannabis Use Tied to Slower Cognitive Development,medscape.com,8 days ago,Limitations of the study were possible selection bias that may reduce generalizability and potential external contamination of hair samples. The ABCD Study is ...,,0,serpapi_outlet_sweep,1,serpapi_outlet_sweep::S-O,1
https://medscape.com/viewarticle/top-predictors-substance-initiation-youth-flagged-2024a10008tl,https://www.medscape.com/viewarticle/top-predictors-substance-initiation-youth-flagged-2024a10008tl,Top Predictors of Substance Initiation in Youth Flagged,medscape.com,"May 7, 2024",Previous studies examining predictors of substance use initiation in the Adolescent Brain Cognitive Development (ABCD) Study dataset focused primarily on ...,,0,serpapi_outlet_sweep,1,serpapi_outlet_sweep::S-O,1
https://medscape.com/viewarticle/950320,https://www.medscape.com/viewarticle/950320,Motor Abnormalities a Harbinger of Serious Mental Illness?,medscape.com,"Apr 30, 2021","For their study, the investigators gathered motor function data from the Adolescent Brain Cognitive Development Study (ABCD), which included 10,835 children ...",,0,serpapi_outlet_sweep,1,serpapi_outlet_sweep::S-O,1
https://medscape.com/viewarticle/stimulant-medications-dont-cause-psychosis-new-study-finds-2025a1000bno,https://www.medscape.com/viewarticle/stimulant-medications-dont-cause-psychosis-new-study-finds-2025a1000bno,"Stimulant Medications Don't Cause Psychosis, New Study ...",medscape.com,"May 14, 2025","Kelleher and his colleagues used data from the Adolescent Brain Cognitive Development Study, a longitudinal study tracking brain development and child health in ...",,0,serpapi_outlet_sweep,1,serpapi_outlet_sweep::S-O,1
https://medscape.com/viewarticle/older-impulsive-teens-more-open-vaping-smoking-2025a1000x6m,https://www.medscape.com/viewarticle/older-impulsive-teens-more-open-vaping-smoking-2025a1000x6m,"Older, Impulsive Teens More Open to Vaping, Smoking",medscape.com,"Nov 27, 2025",Researchers analyzed data from the Adolescent Brain Cognitive Development study to assess susceptibility to e-cigarette and cigarette use among US adolescents.,,0,serpapi_outlet_sweep,1,serpapi_outlet_sweep::S-O,1
https://medscape.com/viewarticle/can-developing-brain-weather-climate-change-2025a1000x6k,https://www.medscape.com/viewarticle/can-developing-brain-weather-climate-change-2025a1000x6k,Can the Developing Brain Weather Climate Change?,medscape.com,"Nov 27, 2025","Their brain imaging parameters are modeling the Adolescent Brain Cognitive Development Study, the largest long-term study of brain development and child health ...",,0,serpapi_outlet_sweep,1,serpapi_outlet_sweep::S-O,1
https://medscape.com/viewarticle/how-wildfire-smoke-may-harm-brain-health-2024a1000oyf,https://www.medscape.com/viewarticle/how-wildfire-smoke-may-harm-brain-health-2024a1000oyf,How Wildfire Smoke May Harm Brain Health,medscape.com,"Dec 23, 2024","In this sample of more than 10,000 youth from the Adolescent Brain Cognitive Development Study, each additional day of exposure at unsafe levels boosted the ...",,0,serpapi_outlet_sweep,1,serpapi_outlet_sweep::S-O,1
https://neurosciencenews.com/teen-screen-addiction-suicide-29302,https://neurosciencenews.com/teen-screen-addiction-suicide-29302/,"Addictive Screen Use, Not Time, Tied to Teen Suicide Risk",Neuroscience News,"06/19/2025, 07:00 AM, +0000 UTC",,3,1,serpapi_google_news,1,"serpapi_google_news::Q2_author_topic,serpapi_google_news::Q3_title_fragment",2
https://neurosciencenews.com/social-media-teen-depression-29115,https://neurosciencenews.com/social-media-teen-depression-29115/,"More Social Media, More Depression: Study Links Cause and Effect",Neuroscience News,"05/22/2025, 07:00 AM, +0000 UTC",,"215,8",2,serpapi_google_news,1,"serpapi_google_news::Q2_author_topic,serpapi_google_news::Q3_title_fragment",2
https://neurosciencenews.com/personality-social-media-teen-depression-25477,https://neurosciencenews.com/personality-social-media-teen-depression-25477/,Personality Traits and Social Media’s Influence on Teen Depression,Neuroscience News,"01/17/2024, 08:00 AM, +0000 UTC",,8,1,serpapi_google_news,1,serpapi_google_news::Q3_title_fragment,1
https://neurosciencenews.com/screentime-adhd-neurodevelopment-29964,https://neurosciencenews.com/screentime-adhd-neurodevelopment-29964/,"Screen Time in Tweens Predicts ADHD, Slower Brain Growth",Neuroscience News,"11/21/2025, 08:00 AM, +0000 UTC",,84,1,serpapi_google_news,1,"serpapi_google_news::Q2_author_topic,serpapi_google_news::Q3_title_fragment",2
https://neurosciencenews.com/screen-time-brain-maturity-22410,https://neurosciencenews.com/screen-time-brain-maturity-22410/,Infants Exposed to Excessive Screen Time Show Differences in Brain Function Beyond Eight Years of Age,Neuroscience News,"01/31/2023, 08:00 AM, +0000 UTC",,84,1,serpapi_google_news,1,serpapi_google_news::Q3_title_fragment,1
https://neurosciencenews.com/adhd-asd-screentime-genetics-25109,https://neurosciencenews.com/adhd-asd-screentime-genetics-25109/,Screen Time’s Link to Autism and ADHD Explored,Neuroscience News,"10/27/2023, 07:00 AM, +0000 UTC",,84,1,serpapi_google_news,1,serpapi_google_news::Q3_title_fragment,1
https://neurosciencenews.com/video-games-child-iq-200578,https://neurosciencenews.com/video-games-child-iq-200578/,Video Games Can Boost Children’s Intelligence,Neuroscience News,"05/13/2022, 07:00 AM, +0000 UTC",,190,1,serpapi_google_news,1,serpapi_google_news::Q3_title_fragment,1
https://neurosciencenews.com/child-sleep-mental-health-15632,https://neurosciencenews.com/child-sleep-mental-health-15632/,Children’s mental health affected by sleep duration,Neuroscience News,"02/04/2020, 08:00 AM, +0000 UTC",,381,1,serpapi_google_news,1,serpapi_google_news::Q2_author_topic,1
https://madinamerica.com/2026/05/the-digital-mental-health-paradox,https://www.madinamerica.com/2026/05/the-digital-mental-health-paradox/,The Digital Mental Health Paradox,Mad In America,"05/01/2026, 10:00 AM, +0000 UTC",,3,1,serpapi_google_news,1,serpapi_google_news::Q3_title_fragment,1
https://psychiatrictimes.com/view/teen-suicide-attempts-linked-to-late-night-screen-use-and-medication-access,https://www.psychiatrictimes.com/view/teen-suicide-attempts-linked-to-late-night-screen-use-and-medication-access,Teen Suicide Attempts Linked to Late Night Screen Use and Medication Access,Psychiatric Times,"09/30/2025, 07:00 AM, +0000 UTC",,3,1,serpapi_google_news,1,serpapi_google_news::Q3_title_fragment,1
https://psychiatrictimes.com/view/social-media-use-in-older-adults-may-promote-positive-psychosocial-outcomes,https://www.psychiatrictimes.com/view/social-media-use-in-older-adults-may-promote-positive-psychosocial-outcomes,Social Media Use in Older Adults May Promote Positive Psychosocial Outcomes,Psychiatric Times,"07/17/2025, 07:00 AM, +0000 UTC",,8,1,serpapi_google_news,1,serpapi_google_news::Q3_title_fragment,1
https://psychiatrictimes.com/view/screen-media-activity-in-youth-friend-or-fiend,https://www.psychiatrictimes.com/view/screen-media-activity-in-youth-friend-or-fiend,Screen Media Activity in Youth: Friend or Fiend?,Psychiatric Times,"10/26/2021, 07:00 AM, +0000 UTC",,"136,156,388,400",4,serpapi_google_news,1,"serpapi_google_news::Q2_author_topic,serpapi_google_news::Q3_title_fragment",2
https://psychologytoday.com/us/blog/some-assembly-required/202507/problematic-use-not-screen-time-impairs-youth-mental-health,https://www.psychologytoday.com/us/blog/some-assembly-required/202507/problematic-use-not-screen-time-impairs-youth-mental-health,Youth mental health concerns are more complicated than just screen time.,Psychology Today,"07/27/2025, 07:00 AM, +0000 UTC",,3,1,serpapi_google_news,1,serpapi_google_news::Q3_title_fragment,1
https://psychologytoday.com/us/blog/addiction-outlook/202506/hooked-on-screens,https://www.psychologytoday.com/us/blog/addiction-outlook/202506/hooked-on-screens,Suicidal behaviors in youths track compulsive social media use.,Psychology Today,"07/01/2025, 07:00 AM, +0000 UTC",,3,1,serpapi_google_news,1,serpapi_google_news::Q3_title_fragment,1
https://psychologytoday.com/us/blog/no-more-fomo/202507/is-social-media-making-teens-depressed,https://www.psychologytoday.com/us/blog/no-more-fomo/202507/is-social-media-making-teens-depressed,New research offers a clearer answer to the social media and depression link.,Psychology Today,"07/25/2025, 07:00 AM, +0000 UTC",Drawing on data from the Adolescent Brain Cognitive Development (ABCD) Study—one of the largest long-term studies of adolescent brain and mental health ...,"314,8",2,"serpapi_google_news,serpapi_outlet_sweep",2,"serpapi_google_news::Q2_author_topic,serpapi_google_news::Q3_title_fragment,serpapi_outlet_sweep::S-O",3
https://psychologytoday.com/us/blog/modern-minds/202507/5-ways-teens-can-break-the-phone-scrolling-sadness-cycle,https://www.psychologytoday.com/us/blog/modern-minds/202507/5-ways-teens-can-break-the-phone-scrolling-sadness-cycle,5 Ways Teens Can Break the Phone Scrolling-Sadness Cycle,Psychology Today,"07/25/2025, 07:00 AM, +0000 UTC",,13,1,serpapi_google_news,1,serpapi_google_news::Q3_title_fragment,1
https://psychologytoday.com/us/blog/the-asymmetric-brain/202510/screen-time-and-mental-illness-is-more-always-worse,https://www.psychologytoday.com/us/blog/the-asymmetric-brain/202510/screen-time-and-mental-illness-is-more-always-worse,A new study yields important new insights into screen time and mental health.,Psychology Today,"10/05/2025, 07:00 AM, +0000 UTC",,84,1,serpapi_google_news,1,serpapi_google_news::Q3_title_fragment,1
https://psychologytoday.com/za/blog/managing-with-meaning/202507/why-ai-not-silly-videos-might-be-brain-rot,https://www.psychologytoday.com/za/blog/managing-with-meaning/202507/why-ai-not-silly-videos-might-be-brain-rot,"Worry about tools that fail to give kids’ brains a workout, not how kids recharge.",Psychology Today,"07/18/2025, 07:00 AM, +0000 UTC",,97,1,serpapi_google_news,1,serpapi_google_news::Q3_title_fragment,1
https://psychologytoday.com/us/blog/from-lab-to-real-world/202506/teens-and-tiktok-how-parents-shape-social-media-habits,https://www.psychologytoday.com/us/blog/from-lab-to-real-world/202506/teens-and-tiktok-how-parents-shape-social-media-habits,New research highlights family screen rules to protect teens' mental health.,Psychology Today,"06/18/2025, 07:00 AM, +0000 UTC",,184,1,serpapi_google_news,1,serpapi_google_news::Q3_title_fragment,1
https://psychologytoday.com/gb/blog/the-art-of-talking-with-children/202407/when-we-use-screens-to-reward-kids-they-use-screens,https://www.psychologytoday.com/gb/blog/the-art-of-talking-with-children/202407/when-we-use-screens-to-reward-kids-they-use-screens,New research shows why a common approach to screentime may backfire.,Psychology Today,"07/02/2024, 07:00 AM, +0000 UTC",,184,1,serpapi_google_news,1,serpapi_google_news::Q3_title_fragment,1
https://psychologytoday.com/us/blog/inside-out-outside-in/201806/the-immediacy-digital-media-better-or-worse,https://www.psychologytoday.com/us/blog/inside-out-outside-in/201806/the-immediacy-digital-media-better-or-worse,We all need to learn the benefits and risks of our daily use of digital media.,Psychology Today,"06/07/2018, 07:00 AM, +0000 UTC",,190,1,serpapi_google_news,1,serpapi_google_news::Q3_title_fragment,1
https://psychologytoday.com/us/blog/inner-source/202411/screen-time-and-mental-health-in-kids,https://www.psychologytoday.com/us/blog/inner-source/202411/screen-time-and-mental-health-in-kids,High levels of screen time can be problematic for kids' mental health.,Psychology Today,"11/13/2024, 08:00 AM, +0000 UTC",,"393,394",2,serpapi_google_news,1,serpapi_google_news::Q3_title_fragment,1
https://psychologytoday.com/gb/blog/child-sleep-from-zzzs-to-as/202512/the-big-experiment-of-australias-social-media-ban,https://www.psychologytoday.com/gb/blog/child-sleep-from-zzzs-to-as/202512/the-big-experiment-of-australias-social-media-ban,Time will tell if a social media ban for children will have the desired effect.,Psychology Today,"12/13/2025, 08:00 AM, +0000 UTC",,431,1,serpapi_google_news,1,serpapi_google_news::Q3_title_fragment,1
https://psychologytoday.com/us/blog/motivated-behaviors/202505/college-bound-and-the-changing-adolescent-brain,https://www.psychologytoday.com/us/blog/motivated-behaviors/202505/college-bound-and-the-changing-adolescent-brain,College Bound and the Changing Adolescent Brain,psychologytoday.com,"May 5, 2025","... Adolescent Brain Cognitive Development. By combining brain imaging, behavioral tasks, and measures of early life factors, like prenatal exposures, maternal ...",,0,serpapi_outlet_sweep,1,serpapi_outlet_sweep::S-O,1
https://psychologytoday.com/us/blog/no-more-fomo/202511/when-just-one-more-scroll-turns-dangerous,https://www.psychologytoday.com/us/blog/no-more-fomo/202511/when-just-one-more-scroll-turns-dangerous,When 'Just One More Scroll' Turns Dangerous,psychologytoday.com,"Nov 18, 2025","They used the same data set as our last blog post, the Adolescent Brain Cognitive Development (ABCD) Study, the largest long-term study on brain development ...",,0,serpapi_outlet_sweep,1,serpapi_outlet_sweep::S-O,1
https://psychologytoday.com/us/blog/recovery-from-brain-injury/202602/he-just-loves-his-screen-time,https://www.psychologytoday.com/us/blog/recovery-from-brain-injury/202602/he-just-loves-his-screen-time,"""He Just Loves His Screen Time"" | ...",psychologytoday.com,"Feb 6, 2026",(2025). Convergent and divergent brain–cognition relationships during development revealed by cross-sectional and longitudinal analyses in the ABCD Study.,,0,serpapi_outlet_sweep,1,serpapi_outlet_sweep::S-O,1
https://psychologytoday.com/us/blog/recovery-from-brain-injury/202602/the-impact-of-tech-on-young-minds,https://www.psychologytoday.com/us/blog/recovery-from-brain-injury/202602/the-impact-of-tech-on-young-minds,The Impact of Tech on Young Minds,psychologytoday.com,"Mar 3, 2026","Screen media activity and brain structure in youth: Evidence for diverse structural correlation networks from the ABCD study. Neuroimage, 185, 140-153 ...",,0,serpapi_outlet_sweep,1,serpapi_outlet_sweep::S-O,1
https://psychologytoday.com/us/blog/raising-resilient-children/202512/when-childhood-meets-the-glow-of-a-phone,https://www.psychologytoday.com/us/blog/raising-resilient-children/202512/when-childhood-meets-the-glow-of-a-phone,When Childhood Meets the Glow of a Phone,psychologytoday.com,"Dec 5, 2025","Drawing on data from more than 10,000 participants in the Adolescent Brain Cognitive Development Study, researchers found that children who have smartphones ...",,0,serpapi_outlet_sweep,1,serpapi_outlet_sweep::S-O,1
https://psychologytoday.com/us/blog/clinical-and-forensic-dimensions-of-psychiatry/202508/when-cannabis-culture-collides-with,https://www.psychologytoday.com/us/blog/clinical-and-forensic-dimensions-of-psychiatry/202508/when-cannabis-culture-collides-with,When Cannabis Culture Collides With Brain Science,psychologytoday.com,"Aug 5, 2025",... Adolescent Brain Cognitive Development (ABCD) study. It found that prenatal cannabis exposure (PCE)—even before a mother knew she was pregnant—was ...,,0,serpapi_outlet_sweep,1,serpapi_outlet_sweep::S-O,1
https://psychologytoday.com/us/blog/brain-and-behavior/202003/screen-time-and-the-mental-health-children,https://www.psychologytoday.com/us/blog/brain-and-behavior/202003/screen-time-and-the-mental-health-children,Screen Time and the Mental Health of Children,psychologytoday.com,"Mar 5, 2020","... Adolescent Brain Cognitive Development (ABCD) study, funded by National Institutes of Mental Health. Since ABCD, in which Dr. Barch is a co-principal ...",,0,serpapi_outlet_sweep,1,serpapi_outlet_sweep::S-O,1
https://psychologytoday.com/ca/blog/counseling-keys/202412/the-developing-tech-brain,https://www.psychologytoday.com/ca/blog/counseling-keys/202412/the-developing-tech-brain,The Developing Tech Brain,psychologytoday.com,"Dec 12, 2024","Screen media activity and brain structure in youth: Evidence for diverse structural correlation networks from the ABCD study. NeuroImage, 185, 140–153. More ...",,0,serpapi_outlet_sweep,1,serpapi_outlet_sweep::S-O,1
https://psychologytoday.com/us/blog/the-future-brain/202312/ai-finds-potential-biomarker-for-adhd-from-brain-scans,https://www.psychologytoday.com/us/blog/the-future-brain/202312/ai-finds-potential-biomarker-for-adhd-from-brain-scans,AI Finds Potential Biomarker for ADHD from Brain Scans,psychologytoday.com,"Dec 17, 2023",The study used data from over 1700 individuals with and without ADHD in the database from the multi-institutional Adolescent Brain Cognitive Development Study.,,0,serpapi_outlet_sweep,1,serpapi_outlet_sweep::S-O,1
https://gigazine.net/gsc_news/en/20250620-addictive-use-sns-smartphones-suicidal-behaviors,https://gigazine.net/gsc_news/en/20250620-addictive-use-sns-smartphones-suicidal-behaviors/,Teens addicted to social media and smartphones are at higher risk of suicidal behavior,GIGAZINE,"06/20/2025, 07:00 AM, +0000 UTC",,3,1,serpapi_google_news,1,serpapi_google_news::Q3_title_fragment,1
https://nature.com/articles/s41598-025-29258-x,https://www.nature.com/articles/s41598-025-29258-x,Effects of problematic social media use on depressive symptoms,Nature,"12/01/2025, 08:00 AM, +0000 UTC",,8,1,serpapi_google_news,1,serpapi_google_news::Q3_title_fragment,1
https://nature.com/articles/s41598-025-13909-0,https://www.nature.com/articles/s41598-025-13909-0,Effect of patterns of social activities on depressive symptoms among older adults in china: a latent class analysis of CHARLS,Nature,"08/06/2025, 07:00 AM, +0000 UTC",,8,1,serpapi_google_news,1,serpapi_google_news::Q3_title_fragment,1
https://nature.com/articles/s41598-025-05173-z,https://www.nature.com/articles/s41598-025-05173-z,Exploring the relationship between physical activity and social media addiction among adolescents through a moderated mediation model,Nature,"07/01/2025, 07:00 AM, +0000 UTC",,8,1,serpapi_google_news,1,serpapi_google_news::Q3_title_fragment,1
https://nature.com/articles/s41398-024-03142-0,https://www.nature.com/articles/s41398-024-03142-0,Association between social media use and depressive symptoms in middle-aged and older Chinese adults,Nature,"10/11/2024, 07:00 AM, +0000 UTC",,8,1,serpapi_google_news,1,serpapi_google_news::Q3_title_fragment,1
https://nature.com/articles/s41598-025-03163-9,https://www.nature.com/articles/s41598-025-03163-9,Exploring the mediating role of insomnia on the nexus between social media addiction and mental health among university students,Nature,"05/22/2025, 07:00 AM, +0000 UTC",,8,1,serpapi_google_news,1,serpapi_google_news::Q3_title_fragment,1
https://nature.com/articles/s41598-025-89762-y,https://www.nature.com/articles/s41598-025-89762-y,A harsher reality for adolescents with depression on social media - Scientific Reports,Nature,"03/31/2025, 07:00 AM, +0000 UTC",,8,1,serpapi_google_news,1,serpapi_google_news::Q3_title_fragment,1
https://nature.com/articles/s44271-023-00013-0,https://www.nature.com/articles/s44271-023-00013-0,Associations between youth’s daily social media use and well-being are mediated by upward comparisons,Nature,"08/22/2023, 07:00 AM, +0000 UTC",,8,1,serpapi_google_news,1,serpapi_google_news::Q3_title_fragment,1
https://nature.com/articles/s44277-024-00006-9,https://www.nature.com/articles/s44277-024-00006-9,Probing the digital exposome: associations of social media use patterns with youth mental health,Nature,"04/23/2024, 07:00 AM, +0000 UTC",,"177,18,196,314,388,420,521,57,8",9,serpapi_google_news,1,"serpapi_google_news::Q2_author_topic,serpapi_google_news::Q3_title_fragment",2
https://nature.com/articles/s41598-023-37185-y,https://www.nature.com/articles/s41598-023-37185-y,The association between passive social network usage and depression/negative emotions with envy as a mediator,Nature,"06/21/2023, 07:00 AM, +0000 UTC",,8,1,serpapi_google_news,1,serpapi_google_news::Q3_title_fragment,1
https://nature.com/articles/s41598-022-05291-y,https://www.nature.com/articles/s41598-022-05291-y,Dynamics of adolescents’ smartphone use and well-being are positive but ephemeral,Nature,"01/25/2022, 08:00 AM, +0000 UTC",,8,1,serpapi_google_news,1,serpapi_google_news::Q3_title_fragment,1
https://nature.com/articles/s41598-023-46040-z,https://www.nature.com/articles/s41598-023-46040-z,Frontoparietal functional connectivity moderates the link between time spent on social media and subsequent negative affect in daily life | Scientific Reports,Nature,"11/22/2023, 08:00 AM, +0000 UTC",,8,1,serpapi_google_news,1,serpapi_google_news::Q3_title_fragment,1
https://nature.com/articles/s41398-025-03672-1,https://www.nature.com/articles/s41398-025-03672-1,Association of screen time with attention-deficit/hyperactivity disorder symptoms and their development: the mediating role of brain structure,Nature,"10/31/2025, 07:00 AM, +0000 UTC",,"18,381,420,443,84",5,serpapi_google_news,1,"serpapi_google_news::Q2_author_topic,serpapi_google_news::Q3_title_fragment",2
https://nature.com/articles/s41598-024-63566-y,https://www.nature.com/articles/s41598-024-63566-y,Long-term impact of digital media on brain development in children - Scientific Reports,Nature,"06/06/2024, 07:00 AM, +0000 UTC",,"18,190,192,435,521,97",6,serpapi_google_news,1,"serpapi_google_news::Q2_author_topic,serpapi_google_news::Q3_title_fragment",2
https://nature.com/articles/s41398-025-03467-4,https://www.nature.com/articles/s41398-025-03467-4,Neural correlates differ between crystallized and fluid intelligence in adolescents | Translational Psychiatry,Nature,"07/17/2025, 07:00 AM, +0000 UTC",,"18,295,381,443,57",5,serpapi_google_news,1,"serpapi_google_news::Q2_author_topic,serpapi_google_news::Q3_title_fragment",2
https://nature.com/articles/s41467-024-52222-8,https://www.nature.com/articles/s41467-024-52222-8,Cognitive processing speed and accuracy are intrinsically different in genetic architecture and brain phenotypes,Nature,"09/06/2024, 07:00 AM, +0000 UTC",,18,1,serpapi_google_news,1,"serpapi_google_news::Q2_author_topic,serpapi_google_news::Q3_title_fragment",2
https://nature.com/articles/s41467-024-50305-0,https://www.nature.com/articles/s41467-024-50305-0,Investigating grey matter volumetric trajectories through the lifespan at the individual level,Nature,"07/15/2024, 07:00 AM, +0000 UTC",,35,1,serpapi_google_news,1,serpapi_google_news::Q2_author_topic,1
https://nature.com/articles/s41598-022-20922-0,https://www.nature.com/articles/s41598-022-20922-0,Associations between digital media use and brain surface structural measures in preschool-aged children,Nature,"11/09/2022, 08:00 AM, +0000 UTC",,57,1,serpapi_google_news,1,serpapi_google_news::Q2_author_topic,1
https://nature.com/articles/s41599-026-06609-1,https://www.nature.com/articles/s41599-026-06609-1,Excessive screen time is associated with mental health problems in US children and adolescents: physical activity and sleep as parallel mediators,Nature,"01/31/2026, 08:00 AM, +0000 UTC",,"139,157,158,393,394,398,84",7,serpapi_google_news,1,serpapi_google_news::Q3_title_fragment,1
https://nature.com/articles/s41598-024-74854-y,https://www.nature.com/articles/s41598-024-74854-y,Association between ocular diseases and screen time and sedentary time derived from job-exposure matrices,Nature,"11/07/2024, 08:00 AM, +0000 UTC",,84,1,serpapi_google_news,1,serpapi_google_news::Q3_title_fragment,1
https://nature.com/articles/s41598-023-50767-0,https://www.nature.com/articles/s41598-023-50767-0,Associations between screen viewing at 2 and 3.5 years and drawing ability at 3.5 years among children from the French nationwide Elfe birth cohort | Scientific Reports,Nature,"01/03/2024, 08:00 AM, +0000 UTC",,"295,84",2,serpapi_google_news,1,serpapi_google_news::Q3_title_fragment,1
https://nature.com/articles/s41598-019-46971-6,https://www.nature.com/articles/s41598-019-46971-6,"Heavy screen users are the heaviest among 10,000 children",Nature,"08/01/2019, 07:00 AM, +0000 UTC",,84,1,serpapi_google_news,1,serpapi_google_news::Q3_title_fragment,1
https://nature.com/articles/s41598-022-11341-2,https://www.nature.com/articles/s41598-022-11341-2,The impact of digital media on children’s intelligence while controlling for genetic differences in cognition and socioeconomic background | Scientific Reports,Nature,"05/11/2022, 07:00 AM, +0000 UTC",,"190,84",2,serpapi_google_news,1,"serpapi_google_news::Q2_author_topic,serpapi_google_news::Q3_title_fragment",2
https://nature.com/articles/s41598-021-02021-8,https://www.nature.com/articles/s41598-021-02021-8,"The impact of sleep, physical activity and sedentary behaviour on symptoms of depression and anxiety before and during the COVID-19 pandemic in a sample of South African participants",Nature,"12/15/2021, 08:00 AM, +0000 UTC",,84,1,serpapi_google_news,1,serpapi_google_news::Q3_title_fragment,1
https://nature.com/articles/s41598-024-78928-9,https://www.nature.com/articles/s41598-024-78928-9,Sex-dependent effects of early life sensory overstimulation on later life behavioral function in rats | Scientific Reports,Nature,"11/12/2024, 08:00 AM, +0000 UTC",,133,1,serpapi_google_news,1,serpapi_google_news::Q3_title_fragment,1
https://nature.com/articles/s41598-025-33361-4,https://www.nature.com/articles/s41598-025-33361-4,"Reciprocal relationship among perceived sleep quality, smartphone overdependence, and depression in Korean adolescents: a cross-lagged analysis using national big data",Nature,"12/23/2025, 08:00 AM, +0000 UTC",,136,1,serpapi_google_news,1,serpapi_google_news::Q3_title_fragment,1
https://nature.com/articles/s41598-026-37985-y,https://www.nature.com/articles/s41598-026-37985-y,Late evening room light and sleep restriction reduces the ability of bright morning light to phase advance adolescents’ circadian clocks,Nature,"02/23/2026, 08:00 AM, +0000 UTC",,"139,157",2,serpapi_google_news,1,serpapi_google_news::Q3_title_fragment,1
https://nature.com/articles/s41598-024-68467-8,https://www.nature.com/articles/s41598-024-68467-8,Passively sensing smartphone use in teens with rates of use by sex and across operating systems,Nature,"08/03/2024, 07:00 AM, +0000 UTC",,"154,177,314,420",4,serpapi_google_news,1,"serpapi_google_news::Q2_author_topic,serpapi_google_news::Q3_title_fragment",2
https://nature.com/articles/s41598-026-41311-x,https://www.nature.com/articles/s41598-026-41311-x,Effects of COVID-19 pandemic on incidence of asthma exacerbation in an urban population | Scientific Reports,Nature,"02/24/2026, 08:00 AM, +0000 UTC",,177,1,serpapi_google_news,1,serpapi_google_news::Q3_title_fragment,1
https://nature.com/articles/s41398-025-03485-2,https://www.nature.com/articles/s41398-025-03485-2,The effects of the COVID-19 pandemic on neurobiological functioning in adolescents | Translational Psychiatry,Nature,"08/12/2025, 07:00 AM, +0000 UTC",,177,1,serpapi_google_news,1,serpapi_google_news::Q3_title_fragment,1
https://nature.com/articles/s41598-025-12479-5,https://www.nature.com/articles/s41598-025-12479-5,Impact of the COVID-19 pandemic on incidence of psychiatric disorders using nationwide cohort data and ARIMA models,Nature,"07/28/2025, 07:00 AM, +0000 UTC",,177,1,serpapi_google_news,1,serpapi_google_news::Q3_title_fragment,1
https://nature.com/articles/s41467-025-61876-x,https://www.nature.com/articles/s41467-025-61876-x,Impact of the COVID-19 pandemic on incident diagnoses in German refugee centres 2018 to 2023,Nature,"07/24/2025, 07:00 AM, +0000 UTC",,177,1,serpapi_google_news,1,serpapi_google_news::Q3_title_fragment,1
https://nature.com/articles/s41467-025-61033-4,https://www.nature.com/articles/s41467-025-61033-4,Accelerated brain ageing during the COVID-19 pandemic,Nature,"07/22/2025, 07:00 AM, +0000 UTC",,177,1,serpapi_google_news,1,serpapi_google_news::Q3_title_fragment,1
https://nature.com/articles/s41599-025-05257-1,https://www.nature.com/articles/s41599-025-05257-1,A systematic literature review on the impact of the COVID-19 pandemic on faculty members’ research performance,Nature,"06/19/2025, 07:00 AM, +0000 UTC",,177,1,serpapi_google_news,1,serpapi_google_news::Q3_title_fragment,1
https://nature.com/articles/s41467-024-46582-4,https://www.nature.com/articles/s41467-024-46582-4,Projecting the long-term effects of the COVID-19 pandemic on U.S. population structure,Nature,"03/18/2024, 07:00 AM, +0000 UTC",,177,1,serpapi_google_news,1,serpapi_google_news::Q3_title_fragment,1
https://nature.com/articles/s41562-020-0921-y,https://www.nature.com/articles/s41562-020-0921-y,Unequal effects of the COVID-19 pandemic on scientists,Nature,"07/15/2020, 07:00 AM, +0000 UTC",,177,1,serpapi_google_news,1,serpapi_google_news::Q3_title_fragment,1
https://nature.com/articles/s41579-022-00807-9,https://www.nature.com/articles/s41579-022-00807-9,The effects of the COVID-19 pandemic on community respiratory virus activity,Nature,"10/17/2022, 07:00 AM, +0000 UTC",,177,1,serpapi_google_news,1,serpapi_google_news::Q3_title_fragment,1
https://nature.com/articles/s41467-022-35770-9,https://www.nature.com/articles/s41467-022-35770-9,Direct and indirect effects of the COVID-19 pandemic on mortality in Switzerland,Nature,"01/06/2023, 08:00 AM, +0000 UTC",,177,1,serpapi_google_news,1,serpapi_google_news::Q3_title_fragment,1
https://nature.com/articles/s41467-021-26428-z,https://www.nature.com/articles/s41467-021-26428-z,Potentially long-lasting effects of the pandemic on scientists,Nature,"10/26/2021, 07:00 AM, +0000 UTC",,177,1,serpapi_google_news,1,serpapi_google_news::Q3_title_fragment,1
https://nature.com/articles/s43247-023-00846-x,https://www.nature.com/articles/s43247-023-00846-x,Progress towards the Sustainable Development Goals has been slowed by indirect effects of the COVID-19 pandemic,Nature,"06/08/2023, 07:00 AM, +0000 UTC",,177,1,serpapi_google_news,1,serpapi_google_news::Q3_title_fragment,1
https://nature.com/articles/s41598-023-32754-7,https://www.nature.com/articles/s41598-023-32754-7,Effects of COVID-19 pandemic on structural brain development in early adolescence,Nature,"04/05/2023, 07:00 AM, +0000 UTC",,177,1,serpapi_google_news,1,serpapi_google_news::Q3_title_fragment,1
https://nature.com/articles/s41598-022-05687-w,https://www.nature.com/articles/s41598-022-05687-w,The effects of the COVID-19 pandemic on neuropsychiatric symptoms in dementia and carer mental health: an international multicentre study,Nature,"02/14/2022, 08:00 AM, +0000 UTC",,177,1,serpapi_google_news,1,serpapi_google_news::Q3_title_fragment,1
https://nature.com/articles/s41598-025-87072-x,https://www.nature.com/articles/s41598-025-87072-x,Impact of the COVID-19 pandemic on utilization of mental health services among children and adolescents using an interrupted time series analysis,Nature,"01/18/2025, 08:00 AM, +0000 UTC",,177,1,serpapi_google_news,1,serpapi_google_news::Q3_title_fragment,1
https://nature.com/articles/s41599-023-02364-9,https://www.nature.com/articles/s41599-023-02364-9,Unequal effects of the COVID-19 pandemic on researchers: evidence from Chile and Colombia,Nature,"11/23/2023, 08:00 AM, +0000 UTC",,177,1,serpapi_google_news,1,serpapi_google_news::Q3_title_fragment,1
https://nature.com/articles/s41539-023-00193-8,https://www.nature.com/articles/s41539-023-00193-8,The gendered effects of the COVID-19 pandemic on adolescent literacy and schooling outcomes in India,Nature,"09/22/2023, 07:00 AM, +0000 UTC",,177,1,serpapi_google_news,1,serpapi_google_news::Q3_title_fragment,1
https://nature.com/articles/s41550-022-01830-9,https://www.nature.com/articles/s41550-022-01830-9,Impact of the COVID-19 pandemic on publishing in astronomy in the initial two years,Nature,"11/28/2022, 08:00 AM, +0000 UTC",,177,1,serpapi_google_news,1,serpapi_google_news::Q3_title_fragment,1
https://nature.com/articles/s41598-023-42710-0,https://www.nature.com/articles/s41598-023-42710-0,The long-term impact of the COVID-19 pandemic on physical fitness in young adults: a historical control study,Nature,"09/18/2023, 07:00 AM, +0000 UTC",,177,1,serpapi_google_news,1,serpapi_google_news::Q3_title_fragment,1
https://nature.com/articles/s41598-023-32918-5,https://www.nature.com/articles/s41598-023-32918-5,Impact of the COVID-19 pandemic on young people with and without pre-existing mental health problems,Nature,"04/14/2023, 07:00 AM, +0000 UTC",,177,1,serpapi_google_news,1,serpapi_google_news::Q3_title_fragment,1
https://nature.com/articles/s41598-023-47307-1,https://www.nature.com/articles/s41598-023-47307-1,The analysis of the effect of the COVID-19 pandemic on patients with hereditary angioedema type I and type II,Nature,"11/22/2023, 08:00 AM, +0000 UTC",,177,1,serpapi_google_news,1,serpapi_google_news::Q3_title_fragment,1
https://nature.com/articles/s41591-022-02158-7,https://www.nature.com/articles/s41591-022-02158-7,The impact of the COVID-19 pandemic on cardiovascular disease prevention and management,Nature,"01/19/2023, 08:00 AM, +0000 UTC",,177,1,serpapi_google_news,1,serpapi_google_news::Q3_title_fragment,1
https://nature.com/articles/s41598-023-36877-9,https://www.nature.com/articles/s41598-023-36877-9,Effect of COVID-19 pandemic on inpatient service utilization and patient outcomes in Uganda,Nature,"06/15/2023, 07:00 AM, +0000 UTC",,177,1,serpapi_google_news,1,serpapi_google_news::Q3_title_fragment,1
https://nature.com/articles/s41467-020-18922-7,https://www.nature.com/articles/s41467-020-18922-7,emissions reveals the effects of the COVID-19 pandemic,Nature,"10/14/2020, 07:00 AM, +0000 UTC",,177,1,serpapi_google_news,1,serpapi_google_news::Q3_title_fragment,1
https://nature.com/articles/s43856-024-00545-4,https://www.nature.com/articles/s43856-024-00545-4,Effects of COVID-19 pandemic on low birth weight in a nationwide study in India | Communications Medicine,Nature,"06/14/2024, 07:00 AM, +0000 UTC",,177,1,serpapi_google_news,1,serpapi_google_news::Q3_title_fragment,1
https://nature.com/articles/s41585-020-0331-y,https://www.nature.com/articles/s41585-020-0331-y,The multifaceted long-term effects of the COVID-19 pandemic on urology,Nature,"05/06/2020, 09:41 AM, +0000 UTC",,177,1,serpapi_google_news,1,serpapi_google_news::Q3_title_fragment,1
https://nature.com/articles/s41599-022-01466-0,https://www.nature.com/articles/s41599-022-01466-0,"Impacts of the COVID-19 pandemic on scientists’ productivity in science, technology, engineering, mathematics (STEM), and medicine fields",Nature,"12/03/2022, 08:00 AM, +0000 UTC",,177,1,serpapi_google_news,1,serpapi_google_news::Q3_title_fragment,1
https://nature.com/articles/s41467-021-22039-w,https://www.nature.com/articles/s41467-021-22039-w,A conversation on the effects of the COVID-19 pandemic on academic careers with junior researchers,Nature,"04/07/2021, 07:00 AM, +0000 UTC",,177,1,serpapi_google_news,1,serpapi_google_news::Q3_title_fragment,1
https://nature.com/articles/s41372-022-01592-2,https://www.nature.com/articles/s41372-022-01592-2,Adverse effects of COVID-19 pandemic on a multicenter randomized controlled trial,Nature,"12/29/2022, 08:00 AM, +0000 UTC",,177,1,serpapi_google_news,1,serpapi_google_news::Q3_title_fragment,1
https://nature.com/articles/s41598-023-47382-4,https://www.nature.com/articles/s41598-023-47382-4,The impact of the COVID-19 pandemic on pediatric acute conjunctivitis disease trends,Nature,"11/16/2023, 08:00 AM, +0000 UTC",,177,1,serpapi_google_news,1,serpapi_google_news::Q3_title_fragment,1
https://nature.com/articles/s41598-023-38451-9,https://www.nature.com/articles/s41598-023-38451-9,The impact of the COVID-19 pandemic on wildlife–aircraft collisions at US airports,Nature,"07/18/2023, 07:00 AM, +0000 UTC",,177,1,serpapi_google_news,1,serpapi_google_news::Q3_title_fragment,1
https://nature.com/articles/s41598-023-36493-7,https://www.nature.com/articles/s41598-023-36493-7,Lessons on the COVID-19 pandemic: who are the most affected,Nature,"06/08/2023, 07:00 AM, +0000 UTC",,177,1,serpapi_google_news,1,serpapi_google_news::Q3_title_fragment,1
https://nature.com/articles/s41598-025-95461-5,https://www.nature.com/articles/s41598-025-95461-5,"Impact of age, sex, body constitution, and the COVID-19 pandemic on the physical fitness of 38,084 German primary school children",Nature,"04/02/2025, 07:00 AM, +0000 UTC",,177,1,serpapi_google_news,1,serpapi_google_news::Q3_title_fragment,1
https://nature.com/articles/s41415-021-3756-7,https://www.nature.com/articles/s41415-021-3756-7,The impact of the COVID-19 pandemic on the mental health of dentists in Wales | British Dental Journal,Nature,"01/14/2022, 08:00 AM, +0000 UTC",,177,1,serpapi_google_news,1,serpapi_google_news::Q3_title_fragment,1
https://nature.com/articles/s41591-022-02028-2,https://www.nature.com/articles/s41591-022-02028-2,How COVID-19 shaped mental health: from infection to pandemic effects,Nature,"10/03/2022, 07:00 AM, +0000 UTC",,177,1,serpapi_google_news,1,serpapi_google_news::Q3_title_fragment,1
https://nature.com/articles/s41598-025-85977-1,https://www.nature.com/articles/s41598-025-85977-1,Impact of coronavirus (COVID-19) pandemic on physical activity levels in different sub-populations of Iranians: a national survey,Nature,"01/24/2025, 08:00 AM, +0000 UTC",,177,1,serpapi_google_news,1,serpapi_google_news::Q3_title_fragment,1
https://nature.com/articles/s41598-023-49409-2,https://www.nature.com/articles/s41598-023-49409-2,Mediators and moderators of the effects of the COVID-19 crisis on parent–child conflict in children in tertiary mental health care,Nature,"12/16/2023, 08:00 AM, +0000 UTC",,177,1,serpapi_google_news,1,serpapi_google_news::Q3_title_fragment,1
https://nature.com/articles/s41562-022-01460-1,https://www.nature.com/articles/s41562-022-01460-1,A systematic review of worldwide causal and correlational evidence on digital media and democracy,Nature,"11/07/2022, 08:00 AM, +0000 UTC",,190,1,serpapi_google_news,1,serpapi_google_news::Q3_title_fragment,1
https://nature.com/articles/s41386-026-02333-1,https://www.nature.com/articles/s41386-026-02333-1,Exposome and mental health across the lifespan: research and clinical perspectives | Neuropsychopharmacology,Nature,"03/09/2026, 07:00 AM, +0000 UTC",,196,1,serpapi_google_news,1,serpapi_google_news::Q3_title_fragment,1
https://nature.com/articles/s41598-024-83951-x,https://www.nature.com/articles/s41598-024-83951-x,Associations of time spent on different types of digital media with self-rated general and mental health in Swedish adolescents,Nature,"01/06/2025, 08:00 AM, +0000 UTC",,196,1,serpapi_google_news,1,serpapi_google_news::Q3_title_fragment,1
https://nature.com/articles/s41598-022-08050-1,https://www.nature.com/articles/s41598-022-08050-1,Exposome-wide ranking of modifiable risk factors for cardiometabolic disease traits,Nature,"03/08/2022, 08:00 AM, +0000 UTC",,196,1,serpapi_google_news,1,serpapi_google_news::Q3_title_fragment,1
https://nature.com/articles/s41398-023-02502-6,https://www.nature.com/articles/s41398-023-02502-6,Generalizable prediction of childhood ADHD symptoms from neurocognitive testing and youth characteristics,Nature,"06/24/2023, 07:00 AM, +0000 UTC",,295,1,serpapi_google_news,1,serpapi_google_news::Q3_title_fragment,1
https://nature.com/articles/s41598-023-44105-7,https://www.nature.com/articles/s41598-023-44105-7,"Screen time, impulsivity, neuropsychological functions and their relationship to growth in adolescent attention-deficit/hyperactivity disorder symptoms | Scientific Reports",Nature,"10/23/2023, 07:00 AM, +0000 UTC",,304,1,serpapi_google_news,1,serpapi_google_news::Q3_title_fragment,1
https://nature.com/articles/s41598-024-60811-2,https://www.nature.com/articles/s41598-024-60811-2,Using explainable machine learning and fitbit data to investigate predictors of adolescent obesity,Nature,"05/31/2024, 07:00 AM, +0000 UTC",,314,1,serpapi_google_news,1,serpapi_google_news::Q2_author_topic,1
https://nature.com/articles/s41380-021-01130-0,https://www.nature.com/articles/s41380-021-01130-0,Associations of family income with cognition and brain structure in USA children: prevention implications,Nature,"05/14/2021, 07:00 AM, +0000 UTC",,381,1,serpapi_google_news,1,serpapi_google_news::Q2_author_topic,1
https://nature.com/articles/s41390-023-02485-6,https://www.nature.com/articles/s41390-023-02485-6,Preschooler screen time and temperamental anger/frustration during the COVID-19 pandemic,Nature,"02/09/2023, 08:00 AM, +0000 UTC",,381,1,serpapi_google_news,1,serpapi_google_news::Q3_title_fragment,1
https://nature.com/articles/s41598-021-01803-4,https://www.nature.com/articles/s41598-021-01803-4,Change in Japanese children’s 24-hour movement guidelines and mental health during the COVID-19 pandemic,Nature,"11/26/2021, 08:00 AM, +0000 UTC",,398,1,serpapi_google_news,1,serpapi_google_news::Q3_title_fragment,1
https://nature.com/articles/s41598-025-90673-1,https://www.nature.com/articles/s41598-025-90673-1,The mediating role of cognitive arousal in the relationship between impulsivity and sleep quality among college students: a random intercept cross-lagged panel analysis,Nature,"03/10/2025, 07:00 AM, +0000 UTC",,398,1,serpapi_google_news,1,serpapi_google_news::Q3_title_fragment,1
https://nature.com/articles/s41593-024-01596-5,https://www.nature.com/articles/s41593-024-01596-5,A precision functional atlas of personalized network topography and probabilities,Nature,"03/26/2024, 07:00 AM, +0000 UTC",,398,1,serpapi_google_news,1,serpapi_google_news::Q3_title_fragment,1
https://nature.com/articles/s41598-024-78436-w,https://www.nature.com/articles/s41598-024-78436-w,Prevalence and lifestyle determinants of depressive symptoms among Chinese children and adolescents,Nature,"11/09/2024, 08:00 AM, +0000 UTC",,420,1,serpapi_google_news,1,serpapi_google_news::Q3_title_fragment,1
https://frontiersin.org/journals/psychology/articles/10.3389/fpsyg.2026.1769765/full,https://www.frontiersin.org/journals/psychology/articles/10.3389/fpsyg.2026.1769765/full,Effects of social media use on depressive symptoms among Chinese university students: the mediating roles of self-esteem and social support,Frontiers,"02/16/2026, 03:18 PM, +0000 UTC",,8,1,serpapi_google_news,1,serpapi_google_news::Q3_title_fragment,1
https://frontiersin.org/journals/psychology/articles/10.3389/fpsyg.2025.1597241/full,https://www.frontiersin.org/journals/psychology/articles/10.3389/fpsyg.2025.1597241/full,The associations between social comparison on social media and young adults’ mental health,Frontiers,"08/07/2025, 07:00 AM, +0000 UTC",,8,1,serpapi_google_news,1,serpapi_google_news::Q3_title_fragment,1
https://frontiersin.org/journals/public-health/articles/10.3389/fpubh.2022.1062688/full,https://www.frontiersin.org/journals/public-health/articles/10.3389/fpubh.2022.1062688/full,Social media use as a coping mechanism during the COVID-19 pandemic: A multidimensional perspective on adolescents' well-being,Frontiers,"02/07/2024, 12:11 AM, +0000 UTC",,8,1,serpapi_google_news,1,serpapi_google_news::Q3_title_fragment,1
https://frontiersin.org/journals/psychiatry/articles/10.3389/fpsyt.2022.1106004/full,https://www.frontiersin.org/journals/psychiatry/articles/10.3389/fpsyt.2022.1106004/full,Problematic Social Networking Site use-effects on mental health and the brain,Frontiers,"01/30/2024, 09:31 AM, +0000 UTC",,8,1,serpapi_google_news,1,serpapi_google_news::Q3_title_fragment,1
https://frontiersin.org/journals/psychology/articles/10.3389/fpsyg.2020.01949/full,https://www.frontiersin.org/journals/psychology/articles/10.3389/fpsyg.2020.01949/full,Social Media Use and Mental Health and Well-Being Among Adolescents – A Scoping Review,Frontiers,"08/13/2020, 07:00 AM, +0000 UTC",,8,1,serpapi_google_news,1,serpapi_google_news::Q3_title_fragment,1
https://frontiersin.org/journals/psychiatry/articles/10.3389/fpsyt.2024.1517533/full,https://www.frontiersin.org/journals/psychiatry/articles/10.3389/fpsyt.2024.1517533/full,The youth mental health crisis: analysis and solutions,Frontiers,"12/09/2024, 10:48 PM, +0000 UTC",,8,1,serpapi_google_news,1,serpapi_google_news::Q3_title_fragment,1
https://frontiersin.org/journals/psychology/articles/10.3389/fpsyg.2023.1161300/full,https://www.frontiersin.org/journals/psychology/articles/10.3389/fpsyg.2023.1161300/full,"Should I post? The relationships among social media use, emotion recognition, and mental health",Frontiers,"05/22/2023, 07:00 AM, +0000 UTC",,8,1,serpapi_google_news,1,serpapi_google_news::Q3_title_fragment,1
https://frontiersin.org/journals/psychiatry/articles/10.3389/fpsyt.2023.1332930/full,https://www.frontiersin.org/journals/psychiatry/articles/10.3389/fpsyt.2023.1332930/full,"Editorial: The intersection among the internet and social media use, mental health, and Trust & Safety practices",Frontiers,"02/05/2024, 08:47 PM, +0000 UTC",,8,1,serpapi_google_news,1,serpapi_google_news::Q3_title_fragment,1
https://frontiersin.org/journals/psychology/articles/10.3389/fpsyg.2021.711447/full,https://www.frontiersin.org/journals/psychology/articles/10.3389/fpsyg.2021.711447/full,"Regulating Self-Image on Instagram: Links Between Social Anxiety, Instagram Contingent Self-Worth, and Content Control Behaviors",Frontiers,"08/24/2021, 07:00 AM, +0000 UTC",,8,1,serpapi_google_news,1,serpapi_google_news::Q3_title_fragment,1
https://frontiersin.org/journals/psychology/articles/10.3389/fpsyg.2020.00211/full,https://www.frontiersin.org/journals/psychology/articles/10.3389/fpsyg.2020.00211/full,Social Networks Use Disorder and Associations With Depression and Anxiety Symptoms: A Systematic Review of Recent Research in China,Frontiers,"02/20/2020, 08:00 AM, +0000 UTC",,8,1,serpapi_google_news,1,serpapi_google_news::Q3_title_fragment,1
https://frontiersin.org/journals/psychiatry/articles/10.3389/fpsyt.2024.1512149/full,https://www.frontiersin.org/journals/psychiatry/articles/10.3389/fpsyt.2024.1512149/full,Commentary: Relationships between screen time and childhood attention deficit hyperactivity disorder: a Mendelian randomization study,Frontiers,"11/25/2024, 07:27 AM, +0000 UTC",,"18,381,420,84",4,serpapi_google_news,1,"serpapi_google_news::Q2_author_topic,serpapi_google_news::Q3_title_fragment",2
https://frontiersin.org/journals/psychology/articles/10.3389/fpsyg.2025.1649571/full,https://www.frontiersin.org/journals/psychology/articles/10.3389/fpsyg.2025.1649571/full,A systematic review on the eating behaviors of youth exceeding electronic device recommendations,Frontiers,"08/29/2025, 03:51 PM, +0000 UTC",,"160,215,24,70",4,serpapi_google_news,1,"serpapi_google_news::Q2_author_topic,serpapi_google_news::Q3_title_fragment",2
https://frontiersin.org/journals/medicine/articles/10.3389/fmed.2026.1736060/full,https://www.frontiersin.org/journals/medicine/articles/10.3389/fmed.2026.1736060/full,Digital media use and cognitive networks in medical students: linking screen time with intelligence and academic performance,Frontiers,"01/27/2026, 06:14 PM, +0000 UTC",,"139,157,177,190,215,443,57",7,serpapi_google_news,1,"serpapi_google_news::Q2_author_topic,serpapi_google_news::Q3_title_fragment",2
https://frontiersin.org/journals/psychology/articles/10.3389/fpsyg.2025.1596595/full,https://www.frontiersin.org/journals/psychology/articles/10.3389/fpsyg.2025.1596595/full,Smartphones through children’s eyes: perceived benefits and educational considerations,Frontiers,"06/18/2025, 07:00 AM, +0000 UTC",,57,1,serpapi_google_news,1,serpapi_google_news::Q2_author_topic,1
https://frontiersin.org/journals/psychology/articles/10.3389/fpsyg.2025.1666581/full,https://www.frontiersin.org/journals/psychology/articles/10.3389/fpsyg.2025.1666581/full,Association between 24-hour movement guidelines and working memory in early Chinese adolescents,Frontiers,"10/01/2025, 07:00 AM, +0000 UTC",,"160,70",2,serpapi_google_news,1,serpapi_google_news::Q2_author_topic,1
https://frontiersin.org/journals/psychology/articles/10.3389/fpsyg.2026.1737937/full,https://www.frontiersin.org/journals/psychology/articles/10.3389/fpsyg.2026.1737937/full,Passive and active screen time relate differently to attention in preschool children,Frontiers,"02/27/2026, 03:21 PM, +0000 UTC",,84,1,serpapi_google_news,1,serpapi_google_news::Q3_title_fragment,1
https://frontiersin.org/journals/developmental-psychology/articles/10.3389/fdpys.2024.1439040/full,https://www.frontiersin.org/journals/developmental-psychology/articles/10.3389/fdpys.2024.1439040/full,Screen on = development off? A systematic scoping review and a developmental psychology perspective on the effects of screen time on early childhood development,Frontiers,"12/02/2024, 01:38 PM, +0000 UTC",,"381,84",2,serpapi_google_news,1,serpapi_google_news::Q3_title_fragment,1
https://frontiersin.org/journals/public-health/articles/10.3389/fpubh.2020.560378/full,https://www.frontiersin.org/journals/public-health/articles/10.3389/fpubh.2020.560378/full,The Relationship Between Screen and Outdoor Time With Rates of Myopia in Spanish Children,Frontiers,"10/13/2020, 07:00 AM, +0000 UTC",,84,1,serpapi_google_news,1,serpapi_google_news::Q3_title_fragment,1
https://frontiersin.org/journals/psychology/articles/10.3389/fpsyg.2025.1505360/full,https://www.frontiersin.org/journals/psychology/articles/10.3389/fpsyg.2025.1505360/full,Short-term exposure to aggressive card game: releasing emotion without escalating post-game aggression,Frontiers,"03/31/2025, 07:00 AM, +0000 UTC",,95,1,serpapi_google_news,1,serpapi_google_news::Q3_title_fragment,1
https://frontiersin.org/journals/psychiatry/articles/10.3389/fpsyt.2022.1043490/full,https://www.frontiersin.org/journals/psychiatry/articles/10.3389/fpsyt.2022.1043490/full,The directionality of anxiety and gaming disorder: An exploratory analysis of longitudinal data from an Australian youth population,Frontiers,"11/03/2022, 07:00 AM, +0000 UTC",,130,1,serpapi_google_news,1,serpapi_google_news::Q3_title_fragment,1
https://frontiersin.org/journals/psychology/articles/10.3389/fpsyg.2022.1011951/full,https://www.frontiersin.org/journals/psychology/articles/10.3389/fpsyg.2022.1011951/full,The contributions of gender identification and gender ideologies to the purposes of social media use in adolescence,Frontiers,"02/06/2024, 02:25 AM, +0000 UTC",,150,1,serpapi_google_news,1,serpapi_google_news::Q3_title_fragment,1
https://frontiersin.org/journals/psychology/articles/10.3389/fpsyg.2021.758226/full,https://www.frontiersin.org/journals/psychology/articles/10.3389/fpsyg.2021.758226/full,"Support From Parents, Peers, and Teachers Is Differently Associated With Middle School Students’ Well-Being",Frontiers,"12/01/2021, 08:00 AM, +0000 UTC",,150,1,serpapi_google_news,1,serpapi_google_news::Q3_title_fragment,1
https://frontiersin.org/journals/sleep/articles/10.3389/frsle.2024.1365784/full,https://www.frontiersin.org/journals/sleep/articles/10.3389/frsle.2024.1365784/full,Case report: Nighttime media restriction for pediatric insomnia,Frontiers,"03/13/2024, 07:00 AM, +0000 UTC",,156,1,serpapi_google_news,1,serpapi_google_news::Q3_title_fragment,1
https://frontiersin.org/journals/developmental-psychology/articles/10.3389/fdpys.2024.1377998/full,https://www.frontiersin.org/journals/developmental-psychology/articles/10.3389/fdpys.2024.1377998/full,Measuring parents' regulatory media use for themselves and their children,Frontiers,"04/03/2024, 07:00 AM, +0000 UTC",,156,1,serpapi_google_news,1,serpapi_google_news::Q3_title_fragment,1
https://frontiersin.org/journals/psychiatry/articles/10.3389/fpsyt.2024.1337740/full,https://www.frontiersin.org/journals/psychiatry/articles/10.3389/fpsyt.2024.1337740/full,Leveraging big data for causal understanding in mental health: a research framework,Frontiers,"02/18/2024, 08:00 AM, +0000 UTC",,"177,420",2,serpapi_google_news,1,"serpapi_google_news::Q2_author_topic,serpapi_google_news::Q3_title_fragment",2
https://frontiersin.org/journals/psychiatry/articles/10.3389/fpsyt.2025.1717336/full,https://www.frontiersin.org/journals/psychiatry/articles/10.3389/fpsyt.2025.1717336/full,"Effects of the COVID-19 pandemic on the emotional disorders of adolescents from rural high schools in Dobrogea, Romania",Frontiers,"01/07/2026, 08:00 AM, +0000 UTC",,177,1,serpapi_google_news,1,serpapi_google_news::Q3_title_fragment,1
https://frontiersin.org/journals/digital-health/articles/10.3389/fdgth.2021.733151/full,https://www.frontiersin.org/journals/digital-health/articles/10.3389/fdgth.2021.733151/full,"How Digital Technology Mediated the Effects of the COVID-19 Pandemic on Mental Health: The Good, the Bad, and the Indifferent",Frontiers,"10/17/2023, 06:38 AM, +0000 UTC",,177,1,serpapi_google_news,1,serpapi_google_news::Q3_title_fragment,1
https://frontiersin.org/journals/public-health/articles/10.3389/fpubh.2024.1390055/full,https://www.frontiersin.org/journals/public-health/articles/10.3389/fpubh.2024.1390055/full,Review of the impacts of COVID-19 pandemic on the employment of college graduates in China and countermeasures to it,Frontiers,"06/06/2024, 07:00 AM, +0000 UTC",,177,1,serpapi_google_news,1,serpapi_google_news::Q3_title_fragment,1
https://frontiersin.org/journals/psychology/articles/10.3389/fpsyg.2022.1096857/full,https://www.frontiersin.org/journals/psychology/articles/10.3389/fpsyg.2022.1096857/full,Effects of COVID-19 pandemic on mental health among frontline healthcare workers: A systematic review and meta-analysis,Frontiers,"02/05/2024, 07:13 PM, +0000 UTC",,177,1,serpapi_google_news,1,serpapi_google_news::Q3_title_fragment,1
https://frontiersin.org/journals/earth-science/articles/10.3389/feart.2023.1291975/full,https://www.frontiersin.org/journals/earth-science/articles/10.3389/feart.2023.1291975/full,Disproportionate impacts of the COVID-19 pandemic on early career researchers and disabled researchers in volcanology,Frontiers,"06/25/2024, 04:00 PM, +0000 UTC",,177,1,serpapi_google_news,1,serpapi_google_news::Q3_title_fragment,1
https://frontiersin.org/journals/public-health/articles/10.3389/fpubh.2024.1105518/full,https://www.frontiersin.org/journals/public-health/articles/10.3389/fpubh.2024.1105518/full,The intervention of local public authorities and the impact of the COVID-19 pandemic in Romania: a subnational analysis,Frontiers,"05/15/2024, 07:00 AM, +0000 UTC",,177,1,serpapi_google_news,1,serpapi_google_news::Q3_title_fragment,1
https://frontiersin.org/journals/virology/articles/10.3389/fviro.2024.1527580/full,https://www.frontiersin.org/journals/virology/articles/10.3389/fviro.2024.1527580/full,Editorial: Impact of the SARS-CoV-2 pandemic on the evolution and epidemiology of other viruses,Frontiers,"12/04/2024, 09:27 AM, +0000 UTC",,177,1,serpapi_google_news,1,serpapi_google_news::Q3_title_fragment,1
https://frontiersin.org/journals/education/articles/10.3389/feduc.2022.808015/full,https://www.frontiersin.org/journals/education/articles/10.3389/feduc.2022.808015/full,Effects of the COVID-19 Pandemic on Children and Adolescents from the Perspective of Teachers,Frontiers,"06/27/2024, 05:16 PM, +0000 UTC",,177,1,serpapi_google_news,1,serpapi_google_news::Q3_title_fragment,1
https://frontiersin.org/journals/future-transportation/articles/10.3389/ffutr.2021.646664/full,https://www.frontiersin.org/journals/future-transportation/articles/10.3389/ffutr.2021.646664/full,"Impact of COVID-19 Pandemic on Motorcycle Purchase in Dhaka, Bangladesh",Frontiers,"06/26/2024, 11:55 PM, +0000 UTC",,177,1,serpapi_google_news,1,serpapi_google_news::Q3_title_fragment,1
https://frontiersin.org/journals/psychology/articles/10.3389/fpsyg.2021.610138/full,https://www.frontiersin.org/journals/psychology/articles/10.3389/fpsyg.2021.610138/full,Financial Insecurity During the COVID-19 Pandemic: Spillover Effects on Burnout–Disengagement Relationships and Performance of Employees Who Moonlight,Frontiers,"02/06/2024, 12:56 AM, +0000 UTC",,177,1,serpapi_google_news,1,serpapi_google_news::Q3_title_fragment,1
https://frontiersin.org/journals/public-health/articles/10.3389/fpubh.2021.760619/full,https://www.frontiersin.org/journals/public-health/articles/10.3389/fpubh.2021.760619/full,Editorial: Economic Effects of COVID-19 Related Uncertainty Shocks,Frontiers,"02/12/2024, 10:49 AM, +0000 UTC",,177,1,serpapi_google_news,1,serpapi_google_news::Q3_title_fragment,1
https://frontiersin.org/journals/pediatrics/articles/10.3389/fped.2021.725439/full,https://www.frontiersin.org/journals/pediatrics/articles/10.3389/fped.2021.725439/full,The Effects of the COVID-19 Pandemic on Health and Well-Being of Children and Youth in Nova Scotia: Youth and Parent Perspectives,Frontiers,"11/17/2021, 08:00 AM, +0000 UTC",,177,1,serpapi_google_news,1,serpapi_google_news::Q3_title_fragment,1
https://frontiersin.org/journals/public-health/articles/10.3389/fpubh.2023.1213514/full,https://www.frontiersin.org/journals/public-health/articles/10.3389/fpubh.2023.1213514/full,The effects of the COVID-19 pandemic on dengue cases in Malaysia,Frontiers,"02/05/2024, 04:51 PM, +0000 UTC",,177,1,serpapi_google_news,1,serpapi_google_news::Q3_title_fragment,1
https://frontiersin.org/journals/communication/articles/10.3389/fcomm.2025.1675693/full,https://www.frontiersin.org/journals/communication/articles/10.3389/fcomm.2025.1675693/full,Modeling Jordanian audience engagement and news credibility in the digital media era: a PLS-SEM approach,Frontiers,"10/26/2025, 07:00 AM, +0000 UTC",,190,1,serpapi_google_news,1,serpapi_google_news::Q3_title_fragment,1
https://frontiersin.org/journals/communication/articles/10.3389/fcomm.2026.1707701/full,https://www.frontiersin.org/journals/communication/articles/10.3389/fcomm.2026.1707701/full,Impact of digital media on language revitalization: the case of BBC News Igbo,Frontiers,"01/27/2026, 08:00 AM, +0000 UTC",,190,1,serpapi_google_news,1,serpapi_google_news::Q3_title_fragment,1
https://frontiersin.org/journals/psychology/articles/10.3389/fpsyg.2022.985287/full,https://www.frontiersin.org/journals/psychology/articles/10.3389/fpsyg.2022.985287/full,Exploring the role of digital media dependency on the relationship between personal involvement and flashbulb memory during the pandemic: Empirical evidence from Mainland China,Frontiers,"02/06/2024, 06:24 PM, +0000 UTC",,190,1,serpapi_google_news,1,serpapi_google_news::Q3_title_fragment,1
https://frontiersin.org/journals/education/articles/10.3389/feduc.2025.1504726/full,https://www.frontiersin.org/journals/education/articles/10.3389/feduc.2025.1504726/full,Adapting educational practices for Generation Z: integrating metacognitive strategies and artificial intelligence,Frontiers,"01/06/2025, 02:12 PM, +0000 UTC",,190,1,serpapi_google_news,1,serpapi_google_news::Q3_title_fragment,1
https://frontiersin.org/journals/public-health/articles/10.3389/fpubh.2020.00063/full,https://www.frontiersin.org/journals/public-health/articles/10.3389/fpubh.2020.00063/full,The Impact of Internet and Videogaming Addiction on Adolescent Vision: A Review of the Literature,Frontiers,"03/04/2020, 08:00 AM, +0000 UTC",,190,1,serpapi_google_news,1,serpapi_google_news::Q3_title_fragment,1
https://frontiersin.org/journals/psychology/articles/10.3389/fpsyg.2025.1699094/full,https://www.frontiersin.org/journals/psychology/articles/10.3389/fpsyg.2025.1699094/full,From stress to screen: family factors on the path to problematic media use in children aged 4–11,Frontiers,"12/18/2025, 08:00 AM, +0000 UTC",,"289,398",2,serpapi_google_news,1,serpapi_google_news::Q3_title_fragment,1
https://frontiersin.org/journals/public-health/articles/10.3389/fpubh.2023.1146580/full,https://www.frontiersin.org/journals/public-health/articles/10.3389/fpubh.2023.1146580/full,Adherence to 24-h movement guidelines in Spanish schoolchildren and its association with insulin resistance: a cross-sectional study,Frontiers,"07/09/2023, 07:00 AM, +0000 UTC",,398,1,serpapi_google_news,1,serpapi_google_news::Q3_title_fragment,1
https://frontiersin.org/journals/endocrinology/articles/10.3389/fendo.2024.1412522/full,https://www.frontiersin.org/journals/endocrinology/articles/10.3389/fendo.2024.1412522/full,Research progress on the role of mindfulness in intervention for adolescent obesity,Frontiers,"08/20/2024, 07:00 AM, +0000 UTC",,521,1,serpapi_google_news,1,serpapi_google_news::Q3_title_fragment,1
https://ajmc.com/view/increased-social-media-use-linked-to-rising-depressive-symptoms-in-early-adolescents,https://www.ajmc.com/view/increased-social-media-use-linked-to-rising-depressive-symptoms-in-early-adolescents,Increased Social Media Use Linked to Rising Depressive Symptoms in Early Adolescents,AJMC,"05/21/2025, 07:00 AM, +0000 UTC",,8,1,serpapi_google_news,1,serpapi_google_news::Q3_title_fragment,1
https://phcc.org.nz/briefing/evidence-supports-need-protect-adolescents-social-media-harms,https://www.phcc.org.nz/briefing/evidence-supports-need-protect-adolescents-social-media-harms,Evidence supports the need to protect adolescents from social media harms,Public Health Communication Centre,"07/25/2025, 07:00 AM, +0000 UTC",,8,1,serpapi_google_news,1,serpapi_google_news::Q3_title_fragment,1
https://news-medical.net/news/20240130/Social-media-usage-and-depressive-symptoms-among-adolescents-in-India.aspx,https://www.news-medical.net/news/20240130/Social-media-usage-and-depressive-symptoms-among-adolescents-in-India.aspx,Social media usage and depressive symptoms among adolescents in India,News-Medical,"01/30/2024, 08:00 AM, +0000 UTC",,8,1,serpapi_google_news,1,serpapi_google_news::Q3_title_fragment,1
https://news-medical.net/news/20260212/Addictive-screen-habits-harm-early-adolescent-mental-health.aspx,https://www.news-medical.net/news/20260212/Addictive-screen-habits-harm-early-adolescent-mental-health.aspx,Addictive screen habits harm early adolescent mental health,News-Medical,"02/12/2026, 08:00 AM, +0000 UTC",,"106,133,139,157,158,184,24,302,304,393,394,49,80,86",14,serpapi_google_news,1,serpapi_google_news::Q2_author_topic,1
https://news-medical.net/news/20250220/Study-links-screen-time-to-increased-risk-of-manic-symptoms-in-preteens.aspx,https://www.news-medical.net/news/20250220/Study-links-screen-time-to-increased-risk-of-manic-symptoms-in-preteens.aspx,Study links screen time to increased risk of manic symptoms in preteens,News-Medical,"02/20/2025, 08:00 AM, +0000 UTC",,49,1,serpapi_google_news,1,serpapi_google_news::Q3_title_fragment,1
https://news-medical.net/news/20250225/Excessive-screen-time-linked-to-manic-symptoms-in-teens.aspx,https://www.news-medical.net/news/20250225/Excessive-screen-time-linked-to-manic-symptoms-in-teens.aspx,Excessive screen time linked to manic symptoms in teens,News-Medical,"02/25/2025, 08:00 AM, +0000 UTC",,"215,49",2,serpapi_google_news,1,"serpapi_google_news::Q2_author_topic,serpapi_google_news::Q3_title_fragment",2
https://news-medical.net/news/20260115/Screen-time-may-increase-body-fat-in-children.aspx,https://www.news-medical.net/news/20260115/Screen-time-may-increase-body-fat-in-children.aspx,Screen time may increase body fat in children,News-Medical,"01/15/2026, 08:00 AM, +0000 UTC",,84,1,serpapi_google_news,1,serpapi_google_news::Q3_title_fragment,1
https://news-medical.net/news/20250807/How-too-much-screen-time-affects-kidse28099-heart-health-and-what-can-reduce-the-risk.aspx,https://www.news-medical.net/news/20250807/How-too-much-screen-time-affects-kidse28099-heart-health-and-what-can-reduce-the-risk.aspx,How too much screen time affects kids’ heart health and what can reduce the risk,News-Medical,"08/07/2025, 07:00 AM, +0000 UTC",,84,1,serpapi_google_news,1,serpapi_google_news::Q3_title_fragment,1
https://news-medical.net/health/Screen-Time-and-Insomnia.aspx,https://www.news-medical.net/health/Screen-Time-and-Insomnia.aspx,Screen Time and Insomnia,News-Medical,"02/01/2021, 08:00 AM, +0000 UTC",,84,1,serpapi_google_news,1,serpapi_google_news::Q3_title_fragment,1
https://news-medical.net/health/Screen-Time-and-Mental-Health.aspx,https://www.news-medical.net/health/Screen-Time-and-Mental-Health.aspx,Screen Time and Mental Health,News-Medical,"06/29/2022, 07:00 AM, +0000 UTC",,84,1,serpapi_google_news,1,serpapi_google_news::Q3_title_fragment,1
https://news-medical.net/news/20250620/Bedtime-screen-habits-linked-to-poor-sleep-in-tweens.aspx,https://www.news-medical.net/news/20250620/Bedtime-screen-habits-linked-to-poor-sleep-in-tweens.aspx,Bedtime screen habits linked to poor sleep in tweens,News-Medical,"06/20/2025, 07:00 AM, +0000 UTC",,"139,157,158",3,serpapi_google_news,1,serpapi_google_news::Q3_title_fragment,1
https://news-medical.net/news/20240723/How-bedtime-screen-use-affects-sleep-in-early-adolescents.aspx,https://www.news-medical.net/news/20240723/How-bedtime-screen-use-affects-sleep-in-early-adolescents.aspx,How bedtime screen use affects sleep in early adolescents,News-Medical,"07/23/2024, 07:00 AM, +0000 UTC",,"139,157",2,serpapi_google_news,1,serpapi_google_news::Q3_title_fragment,1
https://news-medical.net/news/20250206/Parents-role-key-in-shaping-childrens-exposure-to-mature-media.aspx,https://www.news-medical.net/news/20250206/Parents-role-key-in-shaping-childrens-exposure-to-mature-media.aspx,Parents' role key in shaping children's exposure to mature media,News-Medical,"02/06/2025, 08:00 AM, +0000 UTC",,184,1,serpapi_google_news,1,serpapi_google_news::Q3_title_fragment,1
https://news-medical.net/news/20251210/Screen-time-and-ADHD-why-social-media-stands-out-from-gaming-and-TV.aspx,https://www.news-medical.net/news/20251210/Screen-time-and-ADHD-why-social-media-stands-out-from-gaming-and-TV.aspx,Screen time and ADHD: why social media stands out from gaming and TV,News-Medical,"12/10/2025, 08:00 AM, +0000 UTC",,"192,435,436",3,serpapi_google_news,1,"serpapi_google_news::Q2_author_topic,serpapi_google_news::Q3_title_fragment",2
https://news-medical.net/news/20240530/Study-finds-distinct-link-between-sleep-duration-social-media-usage-and-brain-activation-in-teens.aspx,https://www.news-medical.net/news/20240530/Study-finds-distinct-link-between-sleep-duration-social-media-usage-and-brain-activation-in-teens.aspx,"Study finds distinct link between sleep duration, social media usage, and brain activation in teens",News-Medical,"05/30/2024, 07:00 AM, +0000 UTC",,314,1,serpapi_google_news,1,serpapi_google_news::Q2_author_topic,1
https://psychologicalscience.org/observer/longitudinal-data-show-no-evidence-of-teens-social-media-use-leading-to-depression,https://www.psychologicalscience.org/observer/longitudinal-data-show-no-evidence-of-teens-social-media-use-leading-to-depression,Longitudinal Data Show No Evidence of Teens’ Social Media Use Leading to Depression,Association for Psychological Science – APS,"02/27/2019, 08:00 AM, +0000 UTC",,8,1,serpapi_google_news,1,serpapi_google_news::Q3_title_fragment,1
https://healthcentral.com/condition/depression/social-media-and-depression,https://www.healthcentral.com/condition/depression/social-media-and-depression,Social Media and Depression: How to Help Your Kids,HealthCentral,"06/08/2022, 07:00 AM, +0000 UTC",,8,1,serpapi_google_news,1,serpapi_google_news::Q3_title_fragment,1
https://healthcentral.com/condition/depression/male-depression-and-anxiety-in-athletes,https://www.healthcentral.com/condition/depression/male-depression-and-anxiety-in-athletes,Male Depression a& Anxiety in Athletes: Overcoming the Taboo,HealthCentral,"06/09/2022, 07:00 AM, +0000 UTC",,8,1,serpapi_google_news,1,serpapi_google_news::Q3_title_fragment,1
https://thelancet.com/journals/lanchi/article/PIIS2352-4642(24)00332-8/abstract,https://www.thelancet.com/journals/lanchi/article/PIIS2352-4642(24)00332-8/abstract,From social media to artificial intelligence: improving research on digital harms in youth,The Lancet,"01/21/2025, 08:00 AM, +0000 UTC",,8,1,serpapi_google_news,1,serpapi_google_news::Q3_title_fragment,1
https://thelancet.com/journals/lanchi/article/PIIS2352-4642(18)30278-5/abstract,https://www.thelancet.com/journals/lanchi/article/PIIS2352-4642(18)30278-5/abstract,Associations between 24 hour movement behaviours and global cognition in US children: a cross-sectional observational study,The Lancet,"09/26/2018, 07:00 AM, +0000 UTC",,57,1,serpapi_google_news,1,serpapi_google_news::Q2_author_topic,1
https://thelancet.com/article/S0140-6736(22)01585-9/fulltext,https://www.thelancet.com/article/S0140-6736(22)01585-9/fulltext,The Lancet Commission on lessons for the future from the COVID-19 pandemic,The Lancet,"07/14/2025, 11:12 AM, +0000 UTC",,177,1,serpapi_google_news,1,serpapi_google_news::Q3_title_fragment,1
https://thelancet.com/journals/laninf/article/PIIS1473-3099(20)30700-3/fulltext,https://www.thelancet.com/journals/laninf/article/PIIS1473-3099(20)30700-3/fulltext,"Indirect effects of the COVID-19 pandemic on malaria intervention coverage, morbidity, and mortality in Africa: a geospatial modelling analysis",The Lancet,"09/21/2020, 07:00 AM, +0000 UTC",,177,1,serpapi_google_news,1,serpapi_google_news::Q3_title_fragment,1
https://thelancet.com/journals/lancet/article/PIIS0140-6736(23)02744-7/fulltext,https://www.thelancet.com/journals/lancet/article/PIIS0140-6736(23)02744-7/fulltext,Effects of the COVID-19 pandemic on NHS England waiting times for elective hospital care: a modelling study,The Lancet,"01/11/2024, 08:00 AM, +0000 UTC",,177,1,serpapi_google_news,1,serpapi_google_news::Q3_title_fragment,1
https://hcplive.com/view/study-shows-a-correlation-between-social-media-use-irritability,https://www.hcplive.com/view/study-shows-a-correlation-between-social-media-use-irritability,Study Shows a Correlation Between Social Media Use and Irritability,HCPLive,"01/10/2025, 08:00 AM, +0000 UTC",,8,1,serpapi_google_news,1,serpapi_google_news::Q3_title_fragment,1
https://theguardian.com/society/2019/jan/04/depression-in-girls-linked-to-higher-use-of-social-media,https://www.theguardian.com/society/2019/jan/04/depression-in-girls-linked-to-higher-use-of-social-media,Depression in girls linked to higher use of social media,The Guardian,"01/04/2019, 08:00 AM, +0000 UTC",,8,1,serpapi_google_news,1,serpapi_google_news::Q3_title_fragment,1
https://theguardian.com/science/2025/apr/22/teenagers-bed-early-sleep-longer-sharper-brains-study,https://www.theguardian.com/science/2025/apr/22/teenagers-bed-early-sleep-longer-sharper-brains-study,Teenagers who go to bed early and sleep longer have ...,theguardian.com,"Apr 22, 2025","Sahakian's team and researchers at Fudan University in Shanghai analysed data from 3,222 young people in the adolescent brain cognitive development study ...",,0,serpapi_outlet_sweep,1,serpapi_outlet_sweep::S-O,1
https://theguardian.com/science/2025/sep/30/study-links-greater-inequality-to-structural-changes-in-childrens-brains,https://www.theguardian.com/science/2025/sep/30/study-links-greater-inequality-to-structural-changes-in-childrens-brains,Study links greater inequality to structural changes in ...,theguardian.com,"Sep 30, 2025",The data was gathered from the Adolescent Brain Cognitive Development study and published in the journal Nature Mental Health. Researchers at King's College ...,,0,serpapi_outlet_sweep,1,serpapi_outlet_sweep::S-O,1
https://theguardian.com/commentisfree/2025/sep/10/england-ban-energy-drinks-caffeine-children-parents-social-media,https://www.theguardian.com/commentisfree/2025/sep/10/england-ban-energy-drinks-caffeine-children-parents-social-media,Why have energy drinks been banned for under-16s in ...,theguardian.com,"Sep 10, 2025","... adolescent brain cognitive development study. It followed these children over time to look at the impact of various substances, including caffeine, on brain ...",,0,serpapi_outlet_sweep,1,serpapi_outlet_sweep::S-O,1
https://theguardian.com/global/2022/jul/03/is-your-smartphone-ruining-your-memory-the-rise-of-digital-amenesia,https://www.theguardian.com/global/2022/jul/03/is-your-smartphone-ruining-your-memory-the-rise-of-digital-amenesia,Is your smartphone ruining your memory? A special report ...,theguardian.com,"Jul 3, 2022","Smartphone use can even change the brain, according to the ongoing ABCD study which is tracking over 10,000 American children through to adulthood. “It ...",,0,serpapi_outlet_sweep,1,serpapi_outlet_sweep::S-O,1
https://health.harvard.edu/mind-and-mood/scroll-smarter-to-protect-your-mental-health,https://www.health.harvard.edu/mind-and-mood/scroll-smarter-to-protect-your-mental-health,Scroll smarter to protect your mental health,Harvard Health,"05/01/2022, 07:00 AM, +0000 UTC",,8,1,serpapi_google_news,1,serpapi_google_news::Q3_title_fragment,1
https://ucl.ac.uk/news/2019/jan/depression-linked-social-media-twice-high-among-girls-0,https://www.ucl.ac.uk/news/2019/jan/depression-linked-social-media-twice-high-among-girls-0,Depression linked to social media twice as high among girls | UCL News - UCL,UCL | University College London,"01/04/2019, 08:00 AM, +0000 UTC",,8,1,serpapi_google_news,1,serpapi_google_news::Q3_title_fragment,1
https://earth.com/news/exercise-over-social-media-less-stress-more-life-satisfaction,https://www.earth.com/news/exercise-over-social-media-less-stress-more-life-satisfaction/,"Exercise over social media: less stress, more life satisfaction",Earth.com,"02/08/2023, 08:00 AM, +0000 UTC",,8,1,serpapi_google_news,1,serpapi_google_news::Q3_title_fragment,1
https://earth.com/news/too-much-screen-time-could-put-kids-hearts-at-risk,https://www.earth.com/news/too-much-screen-time-could-put-kids-hearts-at-risk/,Too much screen time could put kids’ hearts at risk,Earth.com,"08/10/2025, 07:00 AM, +0000 UTC",,84,1,serpapi_google_news,1,serpapi_google_news::Q3_title_fragment,1
https://earth.com/news/how-screen-time-changes-the-brain-based-on-23-years-of-research,https://www.earth.com/news/how-screen-time-changes-the-brain-based-on-23-years-of-research/,How screen time changes the brain structure of children,Earth.com,"11/18/2023, 08:00 AM, +0000 UTC",,192,1,serpapi_google_news,1,serpapi_google_news::Q3_title_fragment,1
https://earth.com/news/screen-time-and-mental-health-a-vicious-cycle-for-kids,https://www.earth.com/news/screen-time-and-mental-health-a-vicious-cycle-for-kids/,Screen time and mental health: A vicious cycle for kids,Earth.com,"06/11/2025, 07:00 AM, +0000 UTC",,"393,394",2,serpapi_google_news,1,serpapi_google_news::Q3_title_fragment,1
https://sia.az/en/news/social/1288918.html,https://sia.az/en/news/social/1288918.html,The pressure to be perfect – The idealisation syndrome on social media and its impact on mental health,Sia.az,"10/03/2025, 02:37 PM, +0000 UTC",,8,1,serpapi_google_news,1,serpapi_google_news::Q3_title_fragment,1
https://bbc.com/news/articles/c89z2v0pjl3o,https://www.bbc.com/news/articles/c89z2v0pjl3o,"Internet use linked to higher wellbeing, global study suggests",BBC,"05/12/2024, 07:00 AM, +0000 UTC",,8,1,serpapi_google_news,1,serpapi_google_news::Q3_title_fragment,1
https://bbc.com/news/articles/cvg7j0pg1e2o,https://www.bbc.com/news/articles/cvg7j0pg1e2o,Is an early night the key to better test results?,bbc.com,"Apr 23, 2025","The study, published in Cell Reports, also used data from the Adolescent Brain Cognitive Development Study. Dr Qing Ma, of Fudan University, said: ""Although ...",,0,serpapi_outlet_sweep,1,serpapi_outlet_sweep::S-O,1
https://vox.com/science-and-health/2019/2/20/18210498/smartphones-tech-social-media-teens-depression-anxiety-research,https://www.vox.com/science-and-health/2019/2/20/18210498/smartphones-tech-social-media-teens-depression-anxiety-research,Have smartphones really destroyed a generation? We don’t know.,vox.com,"02/20/2019, 08:00 AM, +0000 UTC","Breslin is currently working on an enormous study of adolescent brain development. It's called the ABCD Study (Adolescent Brain Cognitive Development Study), ...",8,1,"serpapi_google_news,serpapi_outlet_sweep",2,"serpapi_google_news::Q3_title_fragment,serpapi_outlet_sweep::S-O",2
https://vox.com/science-and-health/2018/11/28/18102745/cellphone-distraction-brain-health-screens-kids,https://www.vox.com/science-and-health/2018/11/28/18102745/cellphone-distraction-brain-health-screens-kids,Is our constant use of digital technologies affecting our brain health? We asked 11 experts.,vox.com,"11/28/2018, 08:00 AM, +0000 UTC",,190,1,serpapi_google_news,1,serpapi_google_news::Q3_title_fragment,1
https://vox.com/podcasts/471398/teenage-brains-science-abcd-study-unexplainable,https://www.vox.com/podcasts/471398/teenage-brains-science-abcd-study-unexplainable,The quest to solve the mysteries of teen minds - Vox,vox.com,"Dec 10, 2025","And so, the NIH ultimately decided to kick off a massive project: the Adolescent Brain Cognitive Development study, or “ABCD.” The plan was to follow ...",,0,serpapi_outlet_sweep,1,serpapi_outlet_sweep::S-O,1
https://ifstudies.org/blog/six-facts-about-screens-and-teen-mental-health-that%20a-recent-new-york-times-article-ignores,https://ifstudies.org/blog/six-facts-about-screens-and-teen-mental-health-that%20a-recent-new-york-times-article-ignores,Six Facts About Screens and Teen Mental Health That a Recent New York Times’ Article Ignores,Institute for Family Studies,"01/22/2020, 08:00 AM, +0000 UTC",,8,1,serpapi_google_news,1,serpapi_google_news::Q3_title_fragment,1
https://english.elpais.com/technology/2024-06-27/does-internet-use-improve-well-being-study-suggests-it-does-for-everyone-except-young-women.html,https://english.elpais.com/technology/2024-06-27/does-internet-use-improve-well-being-study-suggests-it-does-for-everyone-except-young-women.html,Does internet use improve well-being? Study suggests it does for everyone except young women,EL PAÍS English,"06/27/2024, 07:00 AM, +0000 UTC",,8,1,serpapi_google_news,1,serpapi_google_news::Q3_title_fragment,1
https://meer.com/en/67168-how-digital-technology-can-affect-our-brains,https://www.meer.com/en/67168-how-digital-technology-can-affect-our-brains,How digital technology can affect our brains,Meer | English edition,"02/10/2022, 08:00 AM, +0000 UTC",,8,1,serpapi_google_news,1,serpapi_google_news::Q3_title_fragment,1
https://meer.com/en/83391-solarwind-in-array,https://www.meer.com/en/83391-solarwind-in-array,Solarwind in array,Meer | English edition,"09/28/2024, 07:00 AM, +0000 UTC",,190,1,serpapi_google_news,1,serpapi_google_news::Q3_title_fragment,1
https://journalistsresource.org/education/screen-time-children-health-research,https://journalistsresource.org/education/screen-time-children-health-research/,The health effects of screen time on children: A research roundup,The Journalist's Resource,"05/14/2019, 07:00 AM, +0000 UTC",,8,1,serpapi_google_news,1,serpapi_google_news::Q3_title_fragment,1
https://mirror.co.uk/news/uk-news/teenage-girls-depression-linked-directly-13809402,https://www.mirror.co.uk/news/uk-news/teenage-girls-depression-linked-directly-13809402,Teenage girls' depression linked directly to social media use for first time,The Mirror,"01/04/2019, 08:00 AM, +0000 UTC",,8,1,serpapi_google_news,1,serpapi_google_news::Q3_title_fragment,1
https://gulfnews.com/world/europe/girls-hyperactive-on-social-media-more-prone-to-depression-than-boys-study-1.1546662817760,https://gulfnews.com/world/europe/girls-hyperactive-on-social-media-more-prone-to-depression-than-boys-study-1.1546662817760,Girls hyperactive on social media more prone to depression than boys: Study,Gulf News,"01/05/2019, 08:00 AM, +0000 UTC",,8,1,serpapi_google_news,1,serpapi_google_news::Q3_title_fragment,1
https://hindustantimes.com/health/girls-twice-more-likely-to-be-depressed-due-to-social-media-use/story-WoncaqdK4zzuketrFlN7iN.html,https://www.hindustantimes.com/health/girls-twice-more-likely-to-be-depressed-due-to-social-media-use/story-WoncaqdK4zzuketrFlN7iN.html,Girls twice more likely to be depressed due to social media use | Health,Hindustan Times,"01/07/2019, 08:00 AM, +0000 UTC",,8,1,serpapi_google_news,1,serpapi_google_news::Q3_title_fragment,1
https://smh.com.au/education/we-can-combat-the-use-of-envy-by-social-media-20190723-p529tm.html,https://www.smh.com.au/education/we-can-combat-the-use-of-envy-by-social-media-20190723-p529tm.html,We can combat the use of envy by social media,SMH.com.au,"09/15/2019, 07:00 AM, +0000 UTC",,8,1,serpapi_google_news,1,serpapi_google_news::Q3_title_fragment,1
https://bbrfoundation.org/content/link-between-more-screen-time-childhood-and-depression-early-adolescence-related-less-sleep,https://bbrfoundation.org/content/link-between-more-screen-time-childhood-and-depression-early-adolescence-related-less-sleep,"A Link Between More Screen Time in Childhood and Depression in Early Adolescence Is Related to Less Sleep and White Matter Changes, Study Finds",Brain and Behavior Research,"08/28/2025, 07:00 AM, +0000 UTC",,"13,521",2,serpapi_google_news,1,serpapi_google_news::Q2_author_topic,1
https://bbrfoundation.org/content/study-finds-small-significant-impact-electronic-media-use-mental-health-children,https://bbrfoundation.org/content/study-finds-small-significant-impact-electronic-media-use-mental-health-children,Study Finds “Small But Significant” Impact of Electronic Media Use on Mental Health in Children,Brain and Behavior Research,"02/27/2020, 08:00 AM, +0000 UTC",,55,1,serpapi_google_news,1,serpapi_google_news::Q2_author_topic,1
https://emjreviews.com/general-healthcare/news/screen-time-in-childhood-linked-to-teen-depression,https://www.emjreviews.com/general-healthcare/news/screen-time-in-childhood-linked-to-teen-depression/,Screen Time in Childhood Linked to Teen Depression,EMJ,"07/06/2025, 07:00 AM, +0000 UTC",,"13,84",2,serpapi_google_news,1,serpapi_google_news::Q3_title_fragment,1
https://emjreviews.com/general-healthcare/news/how-social-media-shapes-childrens-attention-over-time,https://www.emjreviews.com/general-healthcare/news/how-social-media-shapes-childrens-attention-over-time/,How Social Media Shapes Children’s Attention Over Time,EMJ,"12/14/2025, 08:00 AM, +0000 UTC",,"435,436",2,serpapi_google_news,1,serpapi_google_news::Q3_title_fragment,1
https://mother.ly/parenting/how-screens-affect-child-sleep-and-mood,https://www.mother.ly/parenting/how-screens-affect-child-sleep-and-mood/,How screen time affects sleep—and why it matters for your child’s mental health,Motherly,"07/04/2025, 07:00 AM, +0000 UTC",,13,1,serpapi_google_news,1,serpapi_google_news::Q3_title_fragment,1
https://advancedsciencenews.com/new-study-reveals-surprising-impact-of-screen-time-on-the-developing-brain,https://www.advancedsciencenews.com/new-study-reveals-surprising-impact-of-screen-time-on-the-developing-brain/,New study reveals surprising impact of screen time on the developing brain,Advanced Science News,"01/25/2024, 08:00 AM, +0000 UTC",,18,1,serpapi_google_news,1,"serpapi_google_news::Q2_author_topic,serpapi_google_news::Q3_title_fragment",2
https://cureus.com/articles/432746-sleep-duration-quality-and-factors-affecting-sleep-health-among-young-people-in-the-california-bay-area-a-cross-sectional-study,https://www.cureus.com/articles/432746-sleep-duration-quality-and-factors-affecting-sleep-health-among-young-people-in-the-california-bay-area-a-cross-sectional-study,"Sleep Duration, Quality, and Factors Affecting Sleep Health Among Young People in the California Bay Area: A Cross-Sectional Study",Cureus,"12/03/2025, 08:00 AM, +0000 UTC",,"139,157,18,215,393,394,57",7,serpapi_google_news,1,"serpapi_google_news::Q2_author_topic,serpapi_google_news::Q3_title_fragment",2
https://cureus.com/articles/434434-the-impact-of-screen-time-on-the-health-of-the-pediatric-population-short--and-long-term-consequences-for-lifestyle-ophthalmology-and-mental-health,https://www.cureus.com/articles/434434-the-impact-of-screen-time-on-the-health-of-the-pediatric-population-short--and-long-term-consequences-for-lifestyle-ophthalmology-and-mental-health,"The Impact of Screen Time on the Health of the Pediatric Population: Short- and Long-Term Consequences for Lifestyle, Ophthalmology, and Mental Health",Cureus,"11/16/2025, 08:00 AM, +0000 UTC",,"381,420,443,57,84",5,serpapi_google_news,1,"serpapi_google_news::Q2_author_topic,serpapi_google_news::Q3_title_fragment",2
https://cureus.com/articles/349191-association-between-screen-time-dietary-patterns-and-oral-health-among-children-a-cross-sectional-study,https://www.cureus.com/articles/349191-association-between-screen-time-dietary-patterns-and-oral-health-among-children-a-cross-sectional-study,"Association Between Screen Time, Dietary Patterns, and Oral Health Among Children: A Cross-Sectional Study",Cureus,"03/28/2025, 07:00 AM, +0000 UTC",,84,1,serpapi_google_news,1,serpapi_google_news::Q3_title_fragment,1
https://cureus.com/articles/73980-the-association-between-screen-time-exposure-and-autism-spectrum-disorder-like-symptoms-in-children,https://www.cureus.com/articles/73980-the-association-between-screen-time-exposure-and-autism-spectrum-disorder-like-symptoms-in-children,The Association Between Screen Time Exposure and Autism Spectrum Disorder-Like Symptoms in Children,Cureus,"10/14/2021, 07:00 AM, +0000 UTC",,84,1,serpapi_google_news,1,serpapi_google_news::Q3_title_fragment,1
https://cureus.com/articles/242036-screen-time-among-medical-and-nursing-students-and-its-correlation-with-sleep-quality-and-attention-span-a-cross-sectional-study,https://www.cureus.com/articles/242036-screen-time-among-medical-and-nursing-students-and-its-correlation-with-sleep-quality-and-attention-span-a-cross-sectional-study,Screen Time Among Medical and Nursing Students and Its Correlation With Sleep Quality and Attention Span: A Cross-Sectional Study,Cureus,"04/15/2024, 07:00 AM, +0000 UTC",,84,1,serpapi_google_news,1,serpapi_google_news::Q3_title_fragment,1
https://cureus.com/articles/336341-digital-detox-strategies-and-mental-health-a-comprehensive-scoping-review-of-why-where-and-how,https://www.cureus.com/articles/336341-digital-detox-strategies-and-mental-health-a-comprehensive-scoping-review-of-why-where-and-how,"Digital Detox Strategies and Mental Health: A Comprehensive Scoping Review of Why, Where, and How",Cureus,"02/01/2025, 08:00 AM, +0000 UTC",,85,1,serpapi_google_news,1,serpapi_google_news::Q3_title_fragment,1
https://cureus.com/articles/442695-cannabis-expectancies-as-a-mediator-in-the-relationship-between-cannabis-use-and-psychiatric-symptoms-in-women-with-post-traumatic-stress-disorder-ptsd-symptoms,https://www.cureus.com/articles/442695-cannabis-expectancies-as-a-mediator-in-the-relationship-between-cannabis-use-and-psychiatric-symptoms-in-women-with-post-traumatic-stress-disorder-ptsd-symptoms,Cannabis Expectancies as a Mediator in the Relationship Between Cannabis Use and Psychiatric Symptoms in Women With Post-traumatic Stress Disorder (PTSD) Symptoms,Cureus,"05/06/2026, 02:04 AM, +0000 UTC",,107,1,serpapi_google_news,1,serpapi_google_news::Q3_title_fragment,1
https://cureus.com/articles/298611-game-faces-how-digital-play-affects-the-psychological-landscape-of-youth,https://www.cureus.com/articles/298611-game-faces-how-digital-play-affects-the-psychological-landscape-of-youth,Game Faces: How Digital Play Affects the Psychological Landscape of Youth,Cureus,"01/15/2025, 08:00 AM, +0000 UTC",,124,1,serpapi_google_news,1,"serpapi_google_news::Q2_author_topic,serpapi_google_news::Q3_title_fragment",2
https://cureus.com/articles/450969-the-effects-of-social-networks-and-digital-technology-on-non-suicidal-self-injury-in-children-and-adolescents-a-systematic-review,https://www.cureus.com/articles/450969-the-effects-of-social-networks-and-digital-technology-on-non-suicidal-self-injury-in-children-and-adolescents-a-systematic-review,The Effects of Social Networks and Digital Technology on Non-suicidal Self-Injury in Children and Adolescents: A Systematic Review,Cureus,"01/07/2026, 08:00 AM, +0000 UTC",,124,1,serpapi_google_news,1,serpapi_google_news::Q3_title_fragment,1
https://cureus.com/articles/466434-effects-of-the-covid-19-pandemic-on-orthodontic-practices-in-europe-findings-from-a-survey-by-the-european-federation-of-orthodontics,https://www.cureus.com/articles/466434-effects-of-the-covid-19-pandemic-on-orthodontic-practices-in-europe-findings-from-a-survey-by-the-european-federation-of-orthodontics,Effects of the COVID-19 Pandemic on Orthodontic Practices in Europe: Findings From a Survey by the European Federation of Orthodontics,Cureus,"03/05/2026, 08:00 AM, +0000 UTC",,177,1,serpapi_google_news,1,serpapi_google_news::Q3_title_fragment,1
https://cureus.com/articles/412549-national-trends-and-impact-of-the-covid-19-pandemic-on-trauma-patient-care-in-the-united-states,https://www.cureus.com/articles/412549-national-trends-and-impact-of-the-covid-19-pandemic-on-trauma-patient-care-in-the-united-states,National Trends and Impact of the COVID-19 Pandemic on Trauma Patient Care in the United States,Cureus,"11/24/2025, 08:00 AM, +0000 UTC",,177,1,serpapi_google_news,1,serpapi_google_news::Q3_title_fragment,1
https://cureus.com/articles/430909-prevalence-of-suicide-among-adolescents-before-and-after-the-covid-19-pandemic,https://www.cureus.com/articles/430909-prevalence-of-suicide-among-adolescents-before-and-after-the-covid-19-pandemic,Prevalence of Suicide Among Adolescents Before and After the COVID-19 Pandemic,Cureus,"11/18/2025, 08:00 AM, +0000 UTC",,177,1,serpapi_google_news,1,serpapi_google_news::Q3_title_fragment,1
https://cureus.com/articles/402675-impact-of-the-covid-19-pandemic-on-patient-flow-in-the-nuclear-medicine-department-of-a-covid-19-reference-hospital-in-greece,https://www.cureus.com/articles/402675-impact-of-the-covid-19-pandemic-on-patient-flow-in-the-nuclear-medicine-department-of-a-covid-19-reference-hospital-in-greece,Impact of the COVID-19 Pandemic on Patient Flow in the Nuclear Medicine Department of a COVID-19 Reference Hospital in Greece,Cureus,"09/29/2025, 07:00 AM, +0000 UTC",,177,1,serpapi_google_news,1,serpapi_google_news::Q3_title_fragment,1
https://cureus.com/articles/344638-impact-of-the-covid-19-pandemic-on-childrens-physical-activity-as-perceived-by-their-parents,https://www.cureus.com/articles/344638-impact-of-the-covid-19-pandemic-on-childrens-physical-activity-as-perceived-by-their-parents,Impact of the COVID-19 Pandemic on Children’s Physical Activity As Perceived by Their Parents,Cureus,"03/17/2025, 07:00 AM, +0000 UTC",,177,1,serpapi_google_news,1,serpapi_google_news::Q3_title_fragment,1
https://cureus.com/articles/207363-the-effects-of-covid-19-on-the-mental-health-of-children-and-adolescents-a-review,https://www.cureus.com/articles/207363-the-effects-of-covid-19-on-the-mental-health-of-children-and-adolescents-a-review,The Effects of COVID-19 on the Mental Health of Children and Adolescents: A Review,Cureus,"03/20/2024, 07:00 AM, +0000 UTC",,177,1,serpapi_google_news,1,serpapi_google_news::Q3_title_fragment,1
https://cureus.com/articles/348072-psychological-impact-of-covid-19-on-children-and-adolescents-a-narrative-review-of-mental-health-challenges-interventions-and-long-term-trajectories,https://www.cureus.com/articles/348072-psychological-impact-of-covid-19-on-children-and-adolescents-a-narrative-review-of-mental-health-challenges-interventions-and-long-term-trajectories,"Psychological Impact of COVID-19 on Children and Adolescents: A Narrative Review of Mental Health Challenges, Interventions, and Long-Term Trajectories",Cureus,"04/07/2025, 07:00 AM, +0000 UTC",,177,1,serpapi_google_news,1,serpapi_google_news::Q3_title_fragment,1
https://cureus.com/articles/335610-effect-of-the-use-of-electronic-media-on-the-cognitive-intelligence-attention-and-academic-trajectory-of-medical-students,https://www.cureus.com/articles/335610-effect-of-the-use-of-electronic-media-on-the-cognitive-intelligence-attention-and-academic-trajectory-of-medical-students,"Effect of the Use of Electronic Media on the Cognitive Intelligence, Attention, and Academic Trajectory of Medical Students",Cureus,"02/23/2025, 08:00 AM, +0000 UTC",,190,1,serpapi_google_news,1,serpapi_google_news::Q3_title_fragment,1
https://cureus.com/articles/380494-modern-day-high-the-neurocognitive-impact-of-social-media-usage,https://www.cureus.com/articles/380494-modern-day-high-the-neurocognitive-impact-of-social-media-usage,Modern Day High: The Neurocognitive Impact of Social Media Usage,Cureus,"07/08/2025, 07:00 AM, +0000 UTC",,192,1,serpapi_google_news,1,serpapi_google_news::Q3_title_fragment,1
https://cureus.com/articles/440615-the-association-between-smartphone-overuse-and-cognitive-impairment-among-adults-in-the-united-arab-emirates-a-cross-sectional-study,https://www.cureus.com/articles/440615-the-association-between-smartphone-overuse-and-cognitive-impairment-among-adults-in-the-united-arab-emirates-a-cross-sectional-study,The Association Between Smartphone Overuse and Cognitive Impairment Among Adults in the United Arab Emirates: A Cross-Sectional Study,Cureus,"12/23/2025, 08:00 AM, +0000 UTC",,381,1,serpapi_google_news,1,serpapi_google_news::Q2_author_topic,1
https://cureus.com/articles/259146-impact-of-elevated-screen-time-on-school-age-adolescents-during-the-covid-19-pandemic-an-analytical-study,https://www.cureus.com/articles/259146-impact-of-elevated-screen-time-on-school-age-adolescents-during-the-covid-19-pandemic-an-analytical-study,Impact of Elevated Screen Time on School-Age Adolescents During the COVID-19 Pandemic: An Analytical Study,Cureus,"07/16/2024, 07:00 AM, +0000 UTC",,420,1,serpapi_google_news,1,"serpapi_google_news::Q2_author_topic,serpapi_google_news::Q3_title_fragment",2
https://cureus.com/articles/298931-exploring-screen-time-and-its-effects-on-childrens-mental-health-a-cross-sectional-study,https://www.cureus.com/articles/298931-exploring-screen-time-and-its-effects-on-childrens-mental-health-a-cross-sectional-study,Exploring Screen Time and Its Effects on Children’s Mental Health: A Cross-Sectional Study,Cureus,"10/10/2024, 07:00 AM, +0000 UTC",,420,1,serpapi_google_news,1,serpapi_google_news::Q3_title_fragment,1
https://bioengineer.org/study-finds-early-adolescent-addictive-digital-habits-tied-to-mental-health-challenges,https://bioengineer.org/study-finds-early-adolescent-addictive-digital-habits-tied-to-mental-health-challenges/,Study Finds Early Adolescent Addictive Digital Habits Tied to Mental Health Challenges,Bioengineer.org,"02/12/2026, 08:00 AM, +0000 UTC",,"18,521,86,95",4,serpapi_google_news,1,"serpapi_google_news::Q2_author_topic,serpapi_google_news::Q3_title_fragment",2
https://e3.eurekalert.org/specialtopic/biology/home?page=214,https://e3.eurekalert.org/specialtopic/biology/home?page=214,Biology,https://e3.eurekalert.org › specialtopic › biology,,"... Shi at Hainan Normal University in China and colleagues warn in a ... Follow EurekAlert! on social media for daily trending science news, images, videos, & more.",35,1,serpapi_google,1,serpapi_google::Q4_eurekalert,1
https://olemiss.edu/news/2025/05/tiktok-detox-paradox/index.html,https://olemiss.edu/news/2025/05/tiktok-detox-paradox/index.html,Efforts to Reduce TikTok Screen Time Often Increase Usage,University of Mississippi | Ole Miss,"05/19/2025, 07:00 AM, +0000 UTC",,49,1,serpapi_google_news,1,serpapi_google_news::Q3_title_fragment,1
https://healthday.com/healthpro-news/child-health/screen-time-tied-to-manic-symptoms-in-preteens,https://www.healthday.com/healthpro-news/child-health/screen-time-tied-to-manic-symptoms-in-preteens,Screen Time Tied to Manic Symptoms in Preteens,HealthDay,"02/24/2025, 08:00 AM, +0000 UTC",,49,1,serpapi_google_news,1,serpapi_google_news::Q3_title_fragment,1
https://healthday.com/healthday-tv/eye-care/just-one-hour-of-daily-screen-time-can-increase-your-childs-risk-of-nearsightedness,https://www.healthday.com/healthday-tv/eye-care/just-one-hour-of-daily-screen-time-can-increase-your-childs-risk-of-nearsightedness,Just One Hour of Daily Screen Time Can Increase Your Child’s Risk of Nearsightedness,HealthDay,"02/21/2025, 08:00 AM, +0000 UTC",,84,1,serpapi_google_news,1,serpapi_google_news::Q3_title_fragment,1
https://healthday.com/healthpro-news/child-health/screen-time-has-effect-on-presentation-treatment-of-nocturnal-enuresis-2659687761.html,https://www.healthday.com/healthpro-news/child-health/screen-time-has-effect-on-presentation-treatment-of-nocturnal-enuresis-2659687761.html,"Screen Time Has Effect on Presentation, Treatment of Nocturnal Enuresis",HealthDay,"03/30/2023, 07:00 AM, +0000 UTC",,84,1,serpapi_google_news,1,serpapi_google_news::Q3_title_fragment,1
https://healthday.com/health-news/public-health/child-development-2661926333.html,https://www.healthday.com/health-news/public-health/child-development-2661926333.html,Growing Up Poor May Rewire a Child's Brain: Study,healthday.com,"Jun 28, 2023","... Adolescent Brain Cognitive Development (ABCD) study, of which Washington University is one of 21 study sites. The ABCD study is following nearly 12,000 ...",,0,serpapi_outlet_sweep,1,serpapi_outlet_sweep::S-O,1
https://healthday.com/health-news/child-health/b-8-3-too-little-sleep-may-harm-young-kids-brains-2657771550.html,https://www.healthday.com/health-news/child-health/b-8-3-too-little-sleep-may-harm-young-kids-brains-2657771550.html,Too Little Sleep May Harm Young Kids' Brains,healthday.com,"Aug 3, 2022","... Adolescent Brain Cognitive Development (ABCD) study. The investigators looked at MRI scans, medical records, and surveys the kids and their parents filled ...",,0,serpapi_outlet_sweep,1,serpapi_outlet_sweep::S-O,1
https://healthday.com/health-news/child-health/obesity-in-kids-2658728790.html,https://www.healthday.com/health-news/child-health/obesity-in-kids-2658728790.html,"As Kids' Obesity Rises, Brain Health Declines: Study",healthday.com,"Nov 29, 2022","... Adolescent Brain Cognitive Development (ABCD) study. Of these, 21% were overweight and 17.6% were obese. What did they find? There were structural and ...",,0,serpapi_outlet_sweep,1,serpapi_outlet_sweep::S-O,1
https://healthday.com/health-news/public-health/kids-and-social-media-2659636501.html,https://www.healthday.com/health-news/public-health/kids-and-social-media-2659636501.html,Too Much Time Online Might Raise Kids' Odds for Mental ...,healthday.com,"Mar 29, 2023","... Adolescent Brain Cognitive Development (ABCD) study. The data included brain scans, psychological evaluations and behavior tracking on these kids starting ...",,0,serpapi_outlet_sweep,1,serpapi_outlet_sweep::S-O,1
https://healthday.com/health-news/public-health/how-much-sleep-do-teens-need-2660614458.html,https://www.healthday.com/health-news/public-health/how-much-sleep-do-teens-need-2660614458.html,One Key to Good Sleep for Teens: No Social Media at ...,healthday.com,"May 30, 2023",... Adolescent Brain Cognitive Development Study. Kids and parents answered questions about sleep habits. Youth also provided information about their screen and ...,,0,serpapi_outlet_sweep,1,serpapi_outlet_sweep::S-O,1
https://healthday.com/healthpro-news/cardiovascular-diseases/adequate-sleep-linked-to-reduced-risk-for-hypertension-in-teens,https://www.healthday.com/healthpro-news/cardiovascular-diseases/adequate-sleep-linked-to-reduced-risk-for-hypertension-in-teens,Adequate Sleep Linked to Reduced Risk for Hypertension ...,healthday.com,"Nov 15, 2024",... Adolescent Brain Cognitive Development study to examine the specific interaction between noise and sleep health in causing hypertension. The cohort included ...,,0,serpapi_outlet_sweep,1,serpapi_outlet_sweep::S-O,1
https://healthday.com/health-news/child-health/kids-consume-more-mature-media-when-parents-overuse-screens,https://www.healthday.com/health-news/child-health/kids-consume-more-mature-media-when-parents-overuse-screens,Kids Consume More Mature Media When Parents Overuse ...,healthday.com,"Feb 5, 2025","The study analyzed data from more than 10,000 12- and 13-year-olds who were part of the Adolescent Brain Cognitive Development (ABCD) Study. “We wanted to ...",,0,serpapi_outlet_sweep,1,serpapi_outlet_sweep::S-O,1
https://healthday.com/health-news/child-health/video-games-2658484987.html,https://www.healthday.com/health-news/child-health/video-games-2658484987.html,Video Games May Bring Cognitive Benefits to Kids: Study,healthday.com,"Oct 24, 2022",The ABCD study is following kids to young adulthood. Chaarani said that will allow researchers to see whether video gaming actually precedes any ...,,0,serpapi_outlet_sweep,1,serpapi_outlet_sweep::S-O,1
https://healthday.com/health-news/sexual-health/lgbt-2659659345.html,https://www.healthday.com/health-news/sexual-health/lgbt-2659659345.html,Stress Might Mean Worse Sleep for Many Gay & Lesbian ...,healthday.com,"Mar 28, 2023","For the study, Nagata's team used data from 2018 to 2020 on more than 8,500 chlidren aged 10 to 14 who were part of the Adolescent Brain Cognitive Development ...",,0,serpapi_outlet_sweep,1,serpapi_outlet_sweep::S-O,1
https://healthday.com/health-news/mental-health/binge-eating-disorder-2666013373.html,https://www.healthday.com/health-news/mental-health/binge-eating-disorder-2666013373.html,Lesbian & Gay Teens Have Twice the Odds for Binge ...,healthday.com,"Oct 19, 2023","The researchers analyzed data from more than 10,000 adolescents aged 10 to 14 years old who were part of the Adolescent Brain Cognitive Development Study ...",,0,serpapi_outlet_sweep,1,serpapi_outlet_sweep::S-O,1
https://movieguide.org/news-articles/adolescence-screen-time-spikes-risk-of-bipolar-disorder.html,https://www.movieguide.org/news-articles/adolescence-screen-time-spikes-risk-of-bipolar-disorder.html,Adolescence Screen Time Spikes Risk of This Mental Health Disorder,Movieguide,"02/24/2025, 08:00 AM, +0000 UTC",,49,1,serpapi_google_news,1,serpapi_google_news::Q3_title_fragment,1
https://movieguide.org/news-articles/this-new-study-gives-yet-another-reason-to-keep-your-kids-from-screens.html,https://www.movieguide.org/news-articles/this-new-study-gives-yet-another-reason-to-keep-your-kids-from-screens.html,This New Study Gives Yet Another Reason to Keep Your Kids From Screens,Movieguide,"03/10/2025, 07:00 AM, +0000 UTC",,49,1,serpapi_google_news,1,serpapi_google_news::Q3_title_fragment,1
https://pnas.org/doi/10.1073/pnas.2109860118,https://www.pnas.org/doi/10.1073/pnas.2109860118,Adolescent civic engagement: Lessons from Black Lives Matter,PNAS,"10/04/2021, 07:00 AM, +0000 UTC",,55,1,serpapi_google_news,1,serpapi_google_news::Q2_author_topic,1
https://pnas.org/doi/10.1073/pnas.2312249121,https://www.pnas.org/doi/10.1073/pnas.2312249121,Higher chronic absenteeism threatens academic recovery from the COVID-19 pandemic,PNAS,"01/09/2024, 07:18 PM, +0000 UTC",,177,1,serpapi_google_news,1,serpapi_google_news::Q3_title_fragment,1
https://pnas.org/doi/10.1073/pnas.1920325116,https://www.pnas.org/doi/10.1073/pnas.1920325116,Cannabis and the adolescent brain,PNAS,"01/07/2020, 08:00 AM, +0000 UTC",,381,1,serpapi_google_news,1,serpapi_google_news::Q2_author_topic,1
https://apa.org/topics/social-media-internet/healthy-teen-video-viewing,https://www.apa.org/topics/social-media-internet/healthy-teen-video-viewing,APA Recommendations for Healthy Teen Video Viewing,American Psychological Association (APA),"11/20/2024, 06:13 AM, +0000 UTC",,57,1,serpapi_google_news,1,serpapi_google_news::Q3_title_fragment,1
https://additudemag.com/emotional-dysregulation-ocd-screen-time-adhd-study,https://www.additudemag.com/emotional-dysregulation-ocd-screen-time-adhd-study/,"Research Links Screen Time to Emotional Dysregulation, OCD",ADDitude,"12/20/2022, 08:00 AM, +0000 UTC",,"133,160,70",3,serpapi_google_news,1,"serpapi_google_news::Q2_author_topic,serpapi_google_news::Q3_title_fragment",2
https://additudemag.com/digital-media-adhd-symptoms-teens,https://www.additudemag.com/digital-media-adhd-symptoms-teens/,New Study Reports Association Between Heavy Media Use and ADHD Symptoms in Adolescents,ADDitude,"07/19/2018, 07:00 AM, +0000 UTC",,84,1,serpapi_google_news,1,serpapi_google_news::Q3_title_fragment,1
https://additudemag.com/social-media-use-adhd-children,https://www.additudemag.com/social-media-use-adhd-children/,"New Studies Link Heavy Social Media, Screen Use to ADHD Symptoms",ADDitude,"03/19/2026, 07:00 AM, +0000 UTC",,"435,436",2,serpapi_google_news,1,serpapi_google_news::Q3_title_fragment,1
https://m.economictimes.com/magazines/panache/study-reveals-social-medias-growing-influence-on-eating-disorders-among-adolescents-here-is-what-parents-need-to-know/articleshow/117641253.cms,https://m.economictimes.com/magazines/panache/study-reveals-social-medias-growing-influence-on-eating-disorders-among-adolescents-here-is-what-parents-need-to-know/articleshow/117641253.cms,Study reveals social media's growing influence on eating disorders among adolescents. Here is what parents,The Economic Times,"01/28/2025, 08:00 AM, +0000 UTC",,70,1,serpapi_google_news,1,serpapi_google_news::Q3_title_fragment,1
https://hmpgloballearningnetwork.com/site/pcn/news/higher-screen-time-tied-adhd-symptoms-altered-brain-structure-children,https://www.hmpgloballearningnetwork.com/site/pcn/news/higher-screen-time-tied-adhd-symptoms-altered-brain-structure-children,"Higher Screen Time Tied to ADHD Symptoms, Altered Brain Structure in Children",HMP Global Learning Network,"12/03/2025, 08:00 AM, +0000 UTC",,84,1,serpapi_google_news,1,"serpapi_google_news::Q2_author_topic,serpapi_google_news::Q3_title_fragment",2
https://nrtimes.co.uk/higher-screen-time-linked-to-adhd-symptoms-and-altered-brain-development-np25,https://nrtimes.co.uk/higher-screen-time-linked-to-adhd-symptoms-and-altered-brain-development-np25/,Higher screen time linked to ADHD symptoms and altered brain development,NR Times,"11/24/2025, 08:00 AM, +0000 UTC",,84,1,serpapi_google_news,1,serpapi_google_news::Q2_author_topic,1
https://nrtimes.co.uk/screen-time-can-lead-to-developmental-delay-npstory,https://nrtimes.co.uk/screen-time-can-lead-to-developmental-delay-npstory/,Screen time ‘can lead to developmental delay’,NR Times,"08/31/2023, 07:00 AM, +0000 UTC",,84,1,serpapi_google_news,1,serpapi_google_news::Q3_title_fragment,1
https://usrtk.org/healthwire/screen-time-linked-to-brain-abnormalities-and-adhd-symptoms-in-children,https://usrtk.org/healthwire/screen-time-linked-to-brain-abnormalities-and-adhd-symptoms-in-children/,"Higher screen time linked to brain abnormalities and ADHD symptoms in children, study shows",U.S. Right to Know,"11/21/2025, 08:00 AM, +0000 UTC",,84,1,serpapi_google_news,1,serpapi_google_news::Q2_author_topic,1
https://newsroom.heart.org/news/excessive-screen-time-among-youth-may-pose-heart-health-risks,https://newsroom.heart.org/news/excessive-screen-time-among-youth-may-pose-heart-health-risks,Excessive screen time among youth may pose heart health risks,www.heart.org,"08/06/2025, 07:00 AM, +0000 UTC",,84,1,serpapi_google_news,1,serpapi_google_news::Q3_title_fragment,1
https://sciencedaily.com/releases/2025/11/251101000418.htm,https://www.sciencedaily.com/releases/2025/11/251101000418.htm,Too much screen time may be hurting kids’ hearts,ScienceDaily,"11/01/2025, 07:00 AM, +0000 UTC",,84,1,serpapi_google_news,1,serpapi_google_news::Q3_title_fragment,1
https://healio.com/news/cardiology/20250806/too-much-screen-time-may-negatively-impact-kids-cardiometabolic-health,https://www.healio.com/news/cardiology/20250806/too-much-screen-time-may-negatively-impact-kids-cardiometabolic-health,Too much screen time may negatively impact kids’ cardiometabolic health,Healio,"08/06/2025, 07:00 AM, +0000 UTC",,84,1,serpapi_google_news,1,serpapi_google_news::Q3_title_fragment,1
https://openaccessgovernment.org/excessive-screen-time-may-raise-kids-risk-of-heart-disease-and-diabetes/196487,https://www.openaccessgovernment.org/excessive-screen-time-may-raise-kids-risk-of-heart-disease-and-diabetes/196487/,Excessive screen time may raise kids’ risk of heart disease and diabetes,Open Access Government,"08/08/2025, 07:00 AM, +0000 UTC",,84,1,serpapi_google_news,1,serpapi_google_news::Q3_title_fragment,1
https://medicaldialogues.in/pediatrics-neonatology/news/higher-screen-time-in-toddlers-linked-to-increased-risk-of-autism-symptoms-new-study-finds-156779,https://medicaldialogues.in/pediatrics-neonatology/news/higher-screen-time-in-toddlers-linked-to-increased-risk-of-autism-symptoms-new-study-finds-156779,"Higher Screen Time in Toddlers Linked to Increased Risk of Autism Symptoms, New Study Finds",Medical Dialogues,"10/12/2025, 07:00 AM, +0000 UTC",,84,1,serpapi_google_news,1,serpapi_google_news::Q3_title_fragment,1
https://medicaldialogues.in/pediatrics-neonatology/news/screen-time-in-infants-leads-to-developmental-delays-in-communication-and-problem-solving-116550,https://medicaldialogues.in/pediatrics-neonatology/news/screen-time-in-infants-leads-to-developmental-delays-in-communication-and-problem-solving-116550,Screen time in infants leads to developmental delays in communication and problem-solving,Medical Dialogues,"08/29/2023, 07:00 AM, +0000 UTC",,84,1,serpapi_google_news,1,serpapi_google_news::Q3_title_fragment,1
https://medicaldialogues.in/psychiatry/news/screen-time-linked-to-bipolar-and-manic-symptoms-in-preteens-suggests-study-143679,https://medicaldialogues.in/psychiatry/news/screen-time-linked-to-bipolar-and-manic-symptoms-in-preteens-suggests-study-143679,"Screen time linked to bipolar and manic symptoms in preteens, suggests study",Medical Dialogues,"02/21/2025, 08:00 AM, +0000 UTC",,215,1,serpapi_google_news,1,serpapi_google_news::Q2_author_topic,1
https://medicaldialogues.in/pediatrics-neonatology/news/increased-screen-time-linked-to-weight-gain-in-children-study-79377,https://medicaldialogues.in/pediatrics-neonatology/news/increased-screen-time-linked-to-weight-gain-in-children-study-79377,Increased screen time linked to weight gain in children: Study,Medical Dialogues,"07/05/2021, 07:00 AM, +0000 UTC",,"302,521",2,serpapi_google_news,1,"serpapi_google_news::Q2_author_topic,serpapi_google_news::Q3_title_fragment",2
https://medicaldialogues.in/mdtv/pediatrics-neonatology/videos/study-links-social-media-use-to-poor-focus-rising-adhd-symptoms-in-children-160567,https://medicaldialogues.in/mdtv/pediatrics-neonatology/videos/study-links-social-media-use-to-poor-focus-rising-adhd-symptoms-in-children-160567,"Study links social media use to poor focus, rising ADHD symptoms in children",Medical Dialogues,"12/13/2025, 08:00 AM, +0000 UTC",,"435,436",2,serpapi_google_news,1,serpapi_google_news::Q3_title_fragment,1
https://blogs.bmj.com/bmjopen/2025/11/18/top-10-most-read-in-october-2025-algorithms-singing-vaping-smartphone-use-and-fast-food,https://blogs.bmj.com/bmjopen/2025/11/18/top-10-most-read-in-october-2025-algorithms-singing-vaping-smartphone-use-and-fast-food/,"Top 10 most read in October 2025 – algorithms, singing, vaping, smartphone use and fast food!",BMJ Blogs,"11/18/2025, 08:00 AM, +0000 UTC",,84,1,serpapi_google_news,1,serpapi_google_news::Q3_title_fragment,1
https://medrxiv.org/content/10.1101/2024.07.12.24310353v1.full-text,https://www.medrxiv.org/content/10.1101/2024.07.12.24310353v1.full-text,Screen Time is Associated with Cardiometabolic and Cardiovascular Disease Risk in Childhood and Adolescence,medRxiv,"07/14/2024, 07:00 AM, +0000 UTC",,84,1,serpapi_google_news,1,serpapi_google_news::Q3_title_fragment,1
https://medrxiv.org/content/10.1101/2025.11.23.25340847v1.full-text,https://www.medrxiv.org/content/10.1101/2025.11.23.25340847v1.full-text,Longitudinal Patterns of Digital Parenting Restrictions and Adolescent Screen Use: Insights from the Adolescent Brain Cognitive Development (ABCD) Study,medRxiv,"11/25/2025, 08:00 AM, +0000 UTC",,"154,395",2,serpapi_google_news,1,serpapi_google_news::Q2_author_topic,1
https://medrxiv.org/content/10.1101/2024.04.26.24306444v1.full,https://www.medrxiv.org/content/10.1101/2024.04.26.24306444v1.full,"Fertility decline in the later phase of the COVID-19 pandemic: The role of policy interventions, vaccination programmes, and economic uncertainty",medRxiv,"04/28/2024, 07:00 AM, +0000 UTC",,177,1,serpapi_google_news,1,serpapi_google_news::Q3_title_fragment,1
https://medrxiv.org/content/10.1101/2021.04.23.21256007.full,https://www.medrxiv.org/content/10.1101/2021.04.23.21256007.full,Effects of the COVID-19 Pandemic on Park Use in U.S. Cities,medRxiv,"04/25/2021, 07:00 AM, +0000 UTC",,177,1,serpapi_google_news,1,serpapi_google_news::Q3_title_fragment,1
https://medrxiv.org/content/10.64898/2026.03.26.26349404v1.full,https://www.medrxiv.org/content/10.64898/2026.03.26.26349404v1.full,The exposome and attention-related brain networks jointly predict attention problems in early adolescence,medRxiv,"03/28/2026, 07:00 AM, +0000 UTC",,420,1,serpapi_google_news,1,serpapi_google_news::Q3_title_fragment,1
https://thetransmitter.org/spectrum/studies-investigating-link-between-screen-time-and-autism-must-improve,https://www.thetransmitter.org/spectrum/studies-investigating-link-between-screen-time-and-autism-must-improve/,Studies investigating link between screen time and autism must improve,The Transmitter,"05/03/2024, 02:11 PM, +0000 UTC",,84,1,serpapi_google_news,1,serpapi_google_news::Q3_title_fragment,1
https://mghpsychnews.org/excessive-screen-time-and-cognitive-deficits,https://mghpsychnews.org/excessive-screen-time-and-cognitive-deficits/,Does Excessive Screen Time Contribute to Cognitive Deficits in Adolescents?,mghpsychnews.org,"10/17/2022, 07:00 AM, +0000 UTC",,84,1,serpapi_google_news,1,serpapi_google_news::Q3_title_fragment,1
https://cambridge.org/core/journals/british-journal-of-nutrition/article/ultraprocessed-food-consumption-is-related-to-screen-time-among-brazilian-adolescents-adults-and-older-adults/E983BB91DC5D35C5B3D0DA84708A5894,https://www.cambridge.org/core/journals/british-journal-of-nutrition/article/ultraprocessed-food-consumption-is-related-to-screen-time-among-brazilian-adolescents-adults-and-older-adults/E983BB91DC5D35C5B3D0DA84708A5894,"Ultra-processed food consumption is related to screen time among Brazilian adolescents, adults and older adults",Cambridge University Press & Assessment,"11/11/2024, 08:00 AM, +0000 UTC",,84,1,serpapi_google_news,1,serpapi_google_news::Q3_title_fragment,1
https://cambridge.org/core/journals/epidemiology-and-infection/article/association-between-age-of-paediatric-index-cases-and-household-sarscov2-transmission/1592BD16CAD4CA87DA239416F688F538,https://www.cambridge.org/core/journals/epidemiology-and-infection/article/association-between-age-of-paediatric-index-cases-and-household-sarscov2-transmission/1592BD16CAD4CA87DA239416F688F538,Association between age of paediatric index cases and household SARS-CoV-2 transmission,Cambridge University Press & Assessment,"11/20/2024, 08:00 AM, +0000 UTC",,152,1,serpapi_google_news,1,serpapi_google_news::Q3_title_fragment,1
https://cambridge.org/core/journals/ps-political-science-and-politics/article/effects-of-the-covid19-pandemic-on-submissions-to-politics-gender/C4E3C41CCFF27E1FF8D7D7B556CFB337,https://www.cambridge.org/core/journals/ps-political-science-and-politics/article/effects-of-the-covid19-pandemic-on-submissions-to-politics-gender/C4E3C41CCFF27E1FF8D7D7B556CFB337,Effects of the COVID-19 Pandemic on Submissions to Politics & Gender,Cambridge University Press & Assessment,"02/16/2024, 08:00 AM, +0000 UTC",,177,1,serpapi_google_news,1,serpapi_google_news::Q3_title_fragment,1
https://cambridge.org/core/journals/bjpsych-open/article/differing-impact-of-the-covid19-pandemic-on-youth-mental-health-combined-population-and-clinical-study/939EDB00D962E84F86DC362C16B82A14,https://www.cambridge.org/core/journals/bjpsych-open/article/differing-impact-of-the-covid19-pandemic-on-youth-mental-health-combined-population-and-clinical-study/939EDB00D962E84F86DC362C16B82A14,Differing impact of the COVID-19 pandemic on youth mental health: combined population and clinical study,Cambridge University Press & Assessment,"11/20/2023, 08:00 AM, +0000 UTC",,177,1,serpapi_google_news,1,serpapi_google_news::Q3_title_fragment,1
https://cambridge.org/core/journals/development-and-psychopathology/article/psychopathology-as-dynamic-markers-of-alcohol-initiation-across-development-a-threeyear-longitudinal-examination/B00C5C08C90D40BB3BE75F420FD9E35C,https://www.cambridge.org/core/journals/development-and-psychopathology/article/psychopathology-as-dynamic-markers-of-alcohol-initiation-across-development-a-threeyear-longitudinal-examination/B00C5C08C90D40BB3BE75F420FD9E35C,Psychopathology as dynamic markers of alcohol initiation across development: A three-year longitudinal examination,Cambridge University Press & Assessment,"03/20/2023, 07:00 AM, +0000 UTC",,208,1,serpapi_google_news,1,serpapi_google_news::Q3_title_fragment,1
https://cambridge.org/core/journals/development-and-psychopathology/article/middle-childhood-and-adolescence-sleep-duration-and-behavior-problems-in-adolescence/78A733C303B84BE8B1FE2EBBE809CAF5,https://www.cambridge.org/core/journals/development-and-psychopathology/article/middle-childhood-and-adolescence-sleep-duration-and-behavior-problems-in-adolescence/78A733C303B84BE8B1FE2EBBE809CAF5,Middle childhood and adolescence sleep duration and behavior problems in adolescence,Cambridge University Press & Assessment,"11/14/2022, 08:00 AM, +0000 UTC",,398,1,serpapi_google_news,1,serpapi_google_news::Q3_title_fragment,1
https://fhi.no/en/publ/2024/Screen-use-and-children-and-adolescents-physical-health-assessed-as-musculosceletal-pain-headache-and-eye-health,https://www.fhi.no/en/publ/2024/Screen-use-and-children-and-adolescents-physical-health-assessed-as-musculosceletal-pain-headache-and-eye-health/,"Screen use and children and adolescents’ physical health assessed as musculosceletal pain, headache and eye health",Folkehelseinstituttet - FHI,"05/15/2024, 07:00 AM, +0000 UTC",,84,1,serpapi_google_news,1,serpapi_google_news::Q3_title_fragment,1
https://cnbc.com/2017/03/14/screentime-linked-to-increased-diabetes-risk-in-children-study.html,https://www.cnbc.com/2017/03/14/screentime-linked-to-increased-diabetes-risk-in-children-study.html,Screen time linked to increased diabetes risk in children: study,CNBC,"03/14/2017, 07:00 AM, +0000 UTC",,84,1,serpapi_google_news,1,serpapi_google_news::Q3_title_fragment,1
https://ophthalmologyadvisor.com/news/screen-time-rasies-youth-myopia-risk,https://www.ophthalmologyadvisor.com/news/screen-time-rasies-youth-myopia-risk/,Continuous Teen Smartphone Use Associated with Myopic Refractive Errors,Ophthalmology Advisor,"08/05/2021, 07:00 AM, +0000 UTC",,84,1,serpapi_google_news,1,serpapi_google_news::Q3_title_fragment,1
https://ucalgary.ca/news/excessive-screen-time-linked-preschool-learning-delays,https://ucalgary.ca/news/excessive-screen-time-linked-preschool-learning-delays,Excessive screen time linked to preschool learning delays,University of Calgary,"01/28/2019, 08:00 AM, +0000 UTC",,84,1,serpapi_google_news,1,serpapi_google_news::Q3_title_fragment,1
https://straitstimes.com/singapore/how-singaporean-researchers-measured-the-effects-of-screen-time-on-children-s-brains,https://www.straitstimes.com/singapore/how-singaporean-researchers-measured-the-effects-of-screen-time-on-children-s-brains,How Singaporean researchers measured the effects of screen time on children’s brains,The Straits Times,"01/31/2023, 07:31 AM, +0000 UTC",,84,1,serpapi_google_news,1,serpapi_google_news::Q3_title_fragment,1
https://straitstimes.com/singapore/parenting-education/should-i-stop-my-child-from-befriending-strangers-on-the-internet,https://www.straitstimes.com/singapore/parenting-education/should-i-stop-my-child-from-befriending-strangers-on-the-internet,Should I stop my child from befriending strangers on the Internet?,The Straits Times,"02/09/2022, 08:00 AM, +0000 UTC",,190,1,serpapi_google_news,1,serpapi_google_news::Q3_title_fragment,1
https://straitstimes.com/singapore/weaning-children-off-screens-struggling-working-parents-say-they-need-help-not-more-rules,https://www.straitstimes.com/singapore/weaning-children-off-screens-struggling-working-parents-say-they-need-help-not-more-rules,"Weaning children off screens? Struggling working parents say they need help, not more rules",The Straits Times,"01/25/2025, 08:00 AM, +0000 UTC",,190,1,serpapi_google_news,1,serpapi_google_news::Q3_title_fragment,1
https://guampdn.com/news/from-vaping-to-cancer-uog-students-research-at-health-awareness-fair/article_7566e3d6-358b-4068-9bc4-99f51ad581a9.html,https://www.guampdn.com/news/from-vaping-to-cancer-uog-students-research-at-health-awareness-fair/article_7566e3d6-358b-4068-9bc4-99f51ad581a9.html,From vaping to cancer: UOG students' research at health awareness fair,guampdn.com,"05/04/2025, 07:00 AM, +0000 UTC",,84,1,serpapi_google_news,1,serpapi_google_news::Q3_title_fragment,1
https://businessinsider.com/research-proves-it-your-ipad-is-killing-you-2011-1,https://www.businessinsider.com/research-proves-it-your-ipad-is-killing-you-2011-1,RESEARCH PROVES IT: Your iPad Is Killing You,Business Insider,"01/16/2011, 08:00 AM, +0000 UTC",,84,1,serpapi_google_news,1,serpapi_google_news::Q3_title_fragment,1
https://businessinsider.com/scientists-say-brain-scans-show-signs-of-adhd-in-children-2022-11,https://www.businessinsider.com/scientists-say-brain-scans-show-signs-of-adhd-in-children-2022-11,Brain Scans Reveal Unique Signs of ADHD in Children,businessinsider.com,"Nov 23, 2022","The study group ultimately included 7,805 patients who were 9 or 10 years old when they underwent brain scans for the Adolescent Brain Cognitive Development ...",,0,serpapi_outlet_sweep,1,serpapi_outlet_sweep::S-O,1
https://businessinsider.com/kids-sleep-needs-screen-time-exercise-schedule-2018-10,https://www.businessinsider.com/kids-sleep-needs-screen-time-exercise-schedule-2018-10,"How Much Time Kids Should Spend on Screens, Sleeping, ...",businessinsider.com,"Oct 2, 2018","The authors of the new study used data from the ongoing ABCD Study, which is following more than 10,000 kids for 10 years to revolutionize our understanding of ...",,0,serpapi_outlet_sweep,1,serpapi_outlet_sweep::S-O,1
https://businessinsider.com/teen-brothers-moderna-vaccine-trial-kids-2021-3,https://www.businessinsider.com/teen-brothers-moderna-vaccine-trial-kids-2021-3,Teen Brothers Describe Experience in Moderna's Vaccine ...,businessinsider.com,"Mar 19, 2021","For the past few years, they've participated in the Adolescent Brain Cognitive Development Study, the largest long-term study of brain development and child ...",,0,serpapi_outlet_sweep,1,serpapi_outlet_sweep::S-O,1
https://timesofmalta.com/article/Reduce-screen-time.440441,https://timesofmalta.com/article/Reduce-screen-time.440441,Reduce screen time,Times of Malta,"10/09/2012, 07:00 AM, +0000 UTC",,84,1,serpapi_google_news,1,serpapi_google_news::Q3_title_fragment,1
https://snexplores.org/article/brain-rot-social-media-teen-health,https://www.snexplores.org/article/brain-rot-social-media-teen-health,Got brain rot?,Science News Explores,"03/19/2026, 07:00 AM, +0000 UTC",,"190,192,435,436,86,95",6,serpapi_google_news,1,"serpapi_google_news::Q2_author_topic,serpapi_google_news::Q3_title_fragment",2
https://snexplores.org/article/kids-age-own-smartphone-health-risks,https://www.snexplores.org/article/kids-age-own-smartphone-health-risks,New study links early smartphone ownership to health risks,Science News Explores,"02/17/2026, 08:00 AM, +0000 UTC",,431,1,serpapi_google_news,1,serpapi_google_news::Q3_title_fragment,1
https://nytimes.com/2026/01/24/us/children-genetics-race-science.html,https://www.nytimes.com/2026/01/24/us/children-genetics-race-science.html,"Genetic Data From Over 20,000 U.S. Children Misused for ‘Race Science’",The New York Times,"01/24/2026, 08:00 AM, +0000 UTC","Yet by relying on genetic and other personal data from the prominent project, known as the Adolescent Brain Cognitive Development ... ABCD Study and a ...",95,1,"serpapi_google_news,serpapi_outlet_sweep",2,"serpapi_google_news::Q2_author_topic,serpapi_outlet_sweep::S-O",2
https://nytimes.com/2025/12/01/well/family/early-smartphone-ownership-study.html,https://www.nytimes.com/2025/12/01/well/family/early-smartphone-ownership-study.html,"A Smartphone Before Age 12 Could Carry Health Risks, Study Says",The New York Times,"12/01/2025, 08:00 AM, +0000 UTC","Researchers had analyzed data from more than 10,500 children who participated in the Adolescent Brain Cognitive Development Study — the largest long-term ...","431,95",2,"serpapi_google_news,serpapi_outlet_sweep",2,"serpapi_google_news::Q2_author_topic,serpapi_outlet_sweep::S-O",2
https://nytimes.com/2023/09/20/well/family/social-media-teen-brain-mental-health.html,https://www.nytimes.com/2023/09/20/well/family/social-media-teen-brain-mental-health.html,What Social Media Does to the Teen Brain (Published 2023),The New York Times,"09/20/2023, 07:00 AM, +0000 UTC","She is eagerly awaiting results from the ongoing Adolescent Brain Cognitive Development, or A.B.C.D. study, funded by the National Institutes of Health ...",95,1,"serpapi_google_news,serpapi_outlet_sweep",2,"serpapi_google_news::Q2_author_topic,serpapi_outlet_sweep::S-O",2
https://nytimes.com/2018/12/10/health/screen-time-kids-psychology.html,https://www.nytimes.com/2018/12/10/health/screen-time-kids-psychology.html,Is Screen Time Bad for Kids' Brains?,nytimes.com,"Dec 10, 2018","On Sunday evening, CBS's “60 Minutes” reported on early results from the A.B.C.D. Study (for Adolescent Brain Cognitive Development), a $300 million project ...",,0,serpapi_outlet_sweep,1,serpapi_outlet_sweep::S-O,1
https://nytimes.com/2022/03/16/science/brain-imaging-research.html,https://www.nytimes.com/2022/03/16/science/brain-imaging-research.html,Brain-Imaging Studies Hampered by Small Data Sets ...,nytimes.com,"Mar 16, 2022","All three studies are ongoing: the Human Connectome Project, which has 1,200 participants; the Adolescent Brain Cognitive Development, or A.B.C.D., study ...",,0,serpapi_outlet_sweep,1,serpapi_outlet_sweep::S-O,1
https://nytimes.com/2026/03/26/learning/science-practice-a-study-on-the-health-effects-of-a-cellphone-before-age-12.html,https://www.nytimes.com/2026/03/26/learning/science-practice-a-study-on-the-health-effects-of-a-cellphone-before-age-12.html,A Study on the Health Effects of a Cellphone Before Age 12,nytimes.com,"Mar 30, 2026","Researchers had analyzed data from more than 10,500 children who participated in the Adolescent Brain Cognitive Development Study — the largest long-term ...",,0,serpapi_outlet_sweep,1,serpapi_outlet_sweep::S-O,1
https://nytimes.com/2026/03/26/learning/how-young-is-too-young-to-get-a-smartphone.html,https://www.nytimes.com/2026/03/26/learning/how-young-is-too-young-to-get-a-smartphone.html,How Young Is Too Young to Get a Smartphone?,nytimes.com,"Mar 26, 2026","Researchers had analyzed data from more than 10,500 children who participated in the Adolescent Brain Cognitive Development Study — the largest long-term ...",,0,serpapi_outlet_sweep,1,serpapi_outlet_sweep::S-O,1
https://nytimes.com/2019/04/24/health/screen-time-kids.html,https://www.nytimes.com/2019/04/24/health/screen-time-kids.html,W.H.O. Says Limited or No Screen Time for Children Under 5,nytimes.com,"Apr 24, 2019","The National Institutes of Health has funded a $300 million project known as the A.B.C.D. Study (for Adolescent Brain Cognitive Development), which hopes to ...",,0,serpapi_outlet_sweep,1,serpapi_outlet_sweep::S-O,1
https://nytimes.com/2025/11/06/technology/personaltech/ai-social-media-brain-rot.html,https://www.nytimes.com/2025/11/06/technology/personaltech/ai-social-media-brain-rot.html,How A.I. and Social Media Contribute to 'Brain Rot',nytimes.com,"Nov 6, 2025","Dr. Jason Nagata, a pediatrician who led the study, and his colleagues looked at data from ABCD, for Adolescent Brain Cognitive Development, a research project ...",,0,serpapi_outlet_sweep,1,serpapi_outlet_sweep::S-O,1
https://nytimes.com/2022/08/22/health/adolescents-mental-health-technology.html,https://www.nytimes.com/2022/08/22/health/adolescents-mental-health-technology.html,A Teen's Journey Into the Internet's Darkness and Back Again,nytimes.com,"Sep 9, 2022","Major research efforts, such as the federally funded Adolescent Brain Cognitive Development study, are still in their early stages. The study follows 12,000 ...",,0,serpapi_outlet_sweep,1,serpapi_outlet_sweep::S-O,1
https://ocregister.com/2026/04/29/csuf-professor-and-grad-student-examine-how-sports-mental-health-and-social-media-interact,https://www.ocregister.com/2026/04/29/csuf-professor-and-grad-student-examine-how-sports-mental-health-and-social-media-interact/,"CSUF professor and grad student examine how sports, mental health and social media interact",Orange County Register,"04/29/2026, 07:00 AM, +0000 UTC",,95,1,serpapi_google_news,1,serpapi_google_news::Q2_author_topic,1
https://nypost.com/2025/10/15/health/social-media-is-hurting-kids-memory-vocabulary-study,https://nypost.com/2025/10/15/health/social-media-is-hurting-kids-memory-vocabulary-study/,Social media is rotting kids’ brains — and especially hurting their memory and vocabulary: study,New York Post,"10/15/2025, 07:00 AM, +0000 UTC",,95,1,serpapi_google_news,1,serpapi_google_news::Q2_author_topic,1
https://torontosun.com/news/world/study-social-media-is-harming-kids-brains,https://torontosun.com/news/world/study-social-media-is-harming-kids-brains,Study reveals how social media is harming kids' brains,Toronto Sun,"10/19/2025, 07:00 AM, +0000 UTC",,95,1,serpapi_google_news,1,serpapi_google_news::Q2_author_topic,1
https://medicine.yale.edu/news-article/social-media-and-youth-mental-health,https://medicine.yale.edu/news-article/social-media-and-youth-mental-health/,Social Media and Youth Mental Health: Does More Use Always Mean More Harm?,Yale School of Medicine,"03/30/2026, 07:00 AM, +0000 UTC",,95,1,serpapi_google_news,1,serpapi_google_news::Q2_author_topic,1
https://medicine.yale.edu/news-article/yale-study-probes-connection-between-excessive-screen-media-activity-and-mental-health-problems-in-youth,https://medicine.yale.edu/news-article/yale-study-probes-connection-between-excessive-screen-media-activity-and-mental-health-problems-in-youth/,Study Probes Connection Between Excessive Screen Media Activity and Mental Health Problems in Youth,Yale School of Medicine,"03/21/2023, 07:00 AM, +0000 UTC",,95,1,serpapi_google_news,1,serpapi_google_news::Q2_author_topic,1
https://detroitnews.com/story/life/wellness/2025/06/17/is-brain-rot-real-heres-what-brain-health-experts-say/84239428007,https://www.detroitnews.com/story/life/wellness/2025/06/17/is-brain-rot-real-heres-what-brain-health-experts-say/84239428007/,Is brain rot real? Here's what brain health experts say,The Detroit News,"06/17/2025, 07:00 AM, +0000 UTC",,95,1,serpapi_google_news,1,serpapi_google_news::Q2_author_topic,1
https://phillyvoice.com/social-media-children-reading-memory,https://www.phillyvoice.com/social-media-children-reading-memory/,Social media use hurts preteens' development of reading and memory skills,PhillyVoice,"10/14/2025, 07:00 AM, +0000 UTC",,95,1,serpapi_google_news,1,serpapi_google_news::Q2_author_topic,1
https://androidpolice.com/study-shows-smartphones-for-kids-under-13-could-carry-health-risks,https://www.androidpolice.com/study-shows-smartphones-for-kids-under-13-could-carry-health-risks/,Study shows smartphones for kids under 13 could carry health risks,Android Police,"12/01/2025, 08:00 AM, +0000 UTC",,95,1,serpapi_google_news,1,serpapi_google_news::Q2_author_topic,1
https://healthandme.com/parenting/should-parents-limit-social-media-for-teens-new-study-shows-it-is-lowering-their-memory-score-article-153000534,https://www.healthandme.com/parenting/should-parents-limit-social-media-for-teens-new-study-shows-it-is-lowering-their-memory-score-article-153000534,Should Parents Limit Social Media For Teens? New Study Shows It Is Lowering Their Memory Score,Health and Me,"10/14/2025, 07:00 AM, +0000 UTC",,95,1,serpapi_google_news,1,serpapi_google_news::Q2_author_topic,1
https://abc7.com/post/ucla-study-looks-at-how-kids-grow-up-to-be-successful/1664717,https://abc7.com/post/ucla-study-looks-at-how-kids-grow-up-to-be-successful/1664717/,"UCLA, CHLA study looks at how kids grow up to be successful",ABC7 Los Angeles,"12/19/2016, 08:00 AM, +0000 UTC",,95,1,serpapi_google_news,1,serpapi_google_news::Q2_author_topic,1
https://levinlaw.com/newsroom/last-scroll-for-alcohol,https://levinlaw.com/newsroom/last-scroll-for-alcohol/,Last Scroll for Alcohol? Study Links Teen Social Media Bingeing to Early Substance Use,Levin Papantonio,"11/20/2024, 08:00 AM, +0000 UTC",,106,1,serpapi_google_news,1,serpapi_google_news::Q3_title_fragment,1
https://nida.nih.gov/about-nida/noras-blog/2024/09/commercial-interests-contribute-to-drug-use-addiction,https://nida.nih.gov/about-nida/noras-blog/2024/09/commercial-interests-contribute-to-drug-use-addiction,Commercial interests contribute to drug use and addiction,National Institute on Drug Abuse (NIDA) (.gov),"09/26/2024, 07:00 AM, +0000 UTC",,124,1,serpapi_google_news,1,serpapi_google_news::Q3_title_fragment,1
https://psychcentral.com/health/us-surgeon-general-vivek-murthy-how-to-address-the-youth-mental-health-crisis,https://psychcentral.com/health/us-surgeon-general-vivek-murthy-how-to-address-the-youth-mental-health-crisis,Interview With U.S. Surgeon General Vivek Murthy on Youth Mental Health,Psych Central,"04/28/2022, 07:00 AM, +0000 UTC",,130,1,serpapi_google_news,1,serpapi_google_news::Q3_title_fragment,1
https://everydayhealth.com/sleep/how-to-make-sure-phone-use-doesnt-ruin-your-sleep,https://www.everydayhealth.com/sleep/how-to-make-sure-phone-use-doesnt-ruin-your-sleep/,Screen Time Before Bed: How to Make Sure Phone Use Doesn’t Ruin Your Sleep,Everyday Health,"12/10/2025, 08:00 AM, +0000 UTC",,"139,157",2,serpapi_google_news,1,serpapi_google_news::Q3_title_fragment,1
https://uknow.uky.edu/research/what-new-study-reveals-about-selfies-and-teenage-body-image,https://uknow.uky.edu/research/what-new-study-reveals-about-selfies-and-teenage-body-image,What a New Study Reveals About Selfies and Teenage Body Image,UKNow,"05/29/2018, 07:00 AM, +0000 UTC",,150,1,serpapi_google_news,1,serpapi_google_news::Q3_title_fragment,1
https://motleyrice.com/social-media-lawsuits/self-esteem,https://www.motleyrice.com/social-media-lawsuits/self-esteem,Social Media and Self-Esteem: Mental Health Risks Explained,Motley Rice,"03/05/2026, 08:00 AM, +0000 UTC",,150,1,serpapi_google_news,1,serpapi_google_news::Q3_title_fragment,1
https://refinery29.com/en-ca/2019/08/240691/teen-girls-scribbling-faces-instagram-photos,https://www.refinery29.com/en-ca/2019/08/240691/teen-girls-scribbling-faces-instagram-photos,What's Going On With Young Women Scribbling Out Their Faces On Insta? We Investigate,Refinery29,"08/15/2019, 07:00 AM, +0000 UTC",,150,1,serpapi_google_news,1,serpapi_google_news::Q3_title_fragment,1
https://medicalnewstoday.com/articles/best-night-lights,https://www.medicalnewstoday.com/articles/best-night-lights,7 best night lights: Products and how to choose,Medical News Today,"08/10/2022, 07:00 AM, +0000 UTC",,156,1,serpapi_google_news,1,serpapi_google_news::Q3_title_fragment,1
https://medicalnewstoday.com/articles/negative-effects-of-technology,https://www.medicalnewstoday.com/articles/negative-effects-of-technology,"Negative effects of technology: Psychological, social, and health",Medical News Today,"04/15/2025, 07:00 AM, +0000 UTC",,398,1,serpapi_google_news,1,serpapi_google_news::Q3_title_fragment,1
https://psychiatryonline.org/doi/10.1176/appi.ajp.20240706,https://psychiatryonline.org/doi/10.1176/appi.ajp.20240706,National Trends in Suicidal Thoughts and Suicide Attempts Among High School Students in the United States,Psychiatry Online,"05/28/2025, 07:00 AM, +0000 UTC",,160,1,serpapi_google_news,1,serpapi_google_news::Q3_title_fragment,1
https://psychiatryonline.org/doi/10.1176/appi.focus.20240016,https://www.psychiatryonline.org/doi/10.1176/appi.focus.20240016,The ABCD and HBCD Studies: Longitudinal Studies to Inform Prevention Science,Psychiatry Online,"10/15/2024, 07:00 AM, +0000 UTC",,"160,389",2,serpapi_google_news,1,serpapi_google_news::Q3_title_fragment,1
https://parents.com/tiktok-launches-screen-time-limits-for-teens-7197989,https://www.parents.com/tiktok-launches-screen-time-limits-for-teens-7197989,"TikTok Launches Screen Time Limits for Teens: Too Little, Too Late?",Parents,"03/06/2023, 08:00 AM, +0000 UTC",,160,1,serpapi_google_news,1,serpapi_google_news::Q3_title_fragment,1
https://news.uga.edu/social-media-impacts-kids,https://news.uga.edu/social-media-impacts-kids/,Frequent social media use could impact child development,UGA Today,"03/25/2026, 07:00 AM, +0000 UTC",,"167,175,310",3,serpapi_google_news,1,serpapi_google_news::Q2_author_topic,1
https://news.uga.edu/cellphones-family-conflict-mental-health,https://news.uga.edu/cellphones-family-conflict-mental-health/,"Cellphones lead to family conflict, mental health problems in kids",UGA Today,"10/13/2025, 07:00 AM, +0000 UTC",,"175,310",2,serpapi_google_news,1,serpapi_google_news::Q2_author_topic,1
https://futurity.org/screen-use-family-conflict-mental-health-problems-3299462,https://www.futurity.org/screen-use-family-conflict-mental-health-problems-3299462/,Youth phone use can be bad for family bonds and mental health,futurity.org,"10/15/2025, 07:00 AM, +0000 UTC",,167,1,serpapi_google_news,1,serpapi_google_news::Q2_author_topic,1
https://yahoo.com/news/articles/frequent-social-media-related-worse-182114530.html,https://www.yahoo.com/news/articles/frequent-social-media-related-worse-182114530.html,"Frequent Social Media Use Related to Worse Reading Skills for Tweens and Teens, Study Finds",Yahoo,"03/27/2026, 07:00 AM, +0000 UTC",,"175,310",2,serpapi_google_news,1,serpapi_google_news::Q2_author_topic,1
https://consumeraffairs.com/news/heavy-social-media-use-tied-to-declines-in-reading-skills-among-adolescents-032726.html,https://www.consumeraffairs.com/news/heavy-social-media-use-tied-to-declines-in-reading-skills-among-adolescents-032726.html,Heavy social media use tied to declines in reading skills among adolescents,ConsumerAffairs,"03/27/2026, 07:00 AM, +0000 UTC",,"175,310",2,serpapi_google_news,1,serpapi_google_news::Q2_author_topic,1
https://bps.org.uk/research-digest/does-pre-teen-screen-time-lead-later-family-conflict,https://www.bps.org.uk/research-digest/does-pre-teen-screen-time-lead-later-family-conflict,Does pre-teen screen time lead to later family conflict?,British Psychological Society,"12/18/2025, 08:00 AM, +0000 UTC",,175,1,serpapi_google_news,1,serpapi_google_news::Q3_title_fragment,1
https://respiratory-therapy.com/disorders-diseases/infectious-diseases/coronavirus/these-factors-improved-youth-mental-health-during-covid-19-pandemic,https://respiratory-therapy.com/disorders-diseases/infectious-diseases/coronavirus/these-factors-improved-youth-mental-health-during-covid-19-pandemic/,Youth Mental Health During the Pandemic,respiratory-therapy.com,"05/02/2024, 08:04 PM, +0000 UTC",,177,1,serpapi_google_news,1,serpapi_google_news::Q2_author_topic,1
https://villanova.edu/vu/magazine/spring-2024/features/focus-on-the-front-line.html,https://www.villanova.edu/vu/magazine/spring-2024/features/focus-on-the-front-line.html,Focus on the Front Line,Villanova University,"02/16/2026, 04:49 AM, +0000 UTC",,177,1,serpapi_google_news,1,serpapi_google_news::Q3_title_fragment,1
https://onlinelibrary.wiley.com/doi/abs/10.1002/jid.70025,https://onlinelibrary.wiley.com/doi/abs/10.1002/jid.70025,The Wage Effect of the COVID‐19 Pandemic by Company Size: Evidence From Thailand,Wiley Online Library,"10/04/2025, 08:04 PM, +0000 UTC",,177,1,serpapi_google_news,1,serpapi_google_news::Q3_title_fragment,1
https://onlinelibrary.wiley.com/doi/abs/10.1002/smi.3359,https://onlinelibrary.wiley.com/doi/abs/10.1002/smi.3359,The effects of the COVID‐19 pandemic on the mental health of people with obesity,Wiley Online Library,"12/21/2023, 08:00 AM, +0000 UTC",,177,1,serpapi_google_news,1,serpapi_google_news::Q3_title_fragment,1
https://onlinelibrary.wiley.com/doi/full/10.1002/brb3.70220,https://onlinelibrary.wiley.com/doi/full/10.1002/brb3.70220,The Effect of Digital Era on Human Visual Working Memory - Tang - 2025 - Brain and Behavior,Wiley Online Library,"12/31/2024, 08:00 AM, +0000 UTC",,190,1,serpapi_google_news,1,serpapi_google_news::Q3_title_fragment,1
https://onlinelibrary.wiley.com/doi/full/10.1155/da/6514030,https://onlinelibrary.wiley.com/doi/full/10.1155/da/6514030,Identifying Risk and Protective Factors Impacting the Clinical Outcomes of Subthreshold Anxiety in Early Adolescents: Insights From the ABCD Study,Wiley Online Library,"06/25/2025, 07:00 AM, +0000 UTC",,381,1,serpapi_google_news,1,serpapi_google_news::Q2_author_topic,1
https://cdc.gov/mmwr/volumes/69/wr/mm6919e2.htm,https://www.cdc.gov/mmwr/volumes/69/wr/mm6919e2.htm,"Effects of the COVID-19 Pandemic on Routine Pediatric Vaccine Ordering and Administration — United States, 2020",Centers for Disease Control and Prevention | CDC (.gov),"05/15/2020, 07:00 AM, +0000 UTC",,177,1,serpapi_google_news,1,serpapi_google_news::Q3_title_fragment,1
https://cdc.gov/mmwr/volumes/69/wr/mm6925e2.htm,https://www.cdc.gov/mmwr/volumes/69/wr/mm6925e2.htm,Potential Indirect Effects of the COVID-19 Pandemic on Use ...,Centers for Disease Control and Prevention | CDC (.gov),"06/26/2020, 07:00 AM, +0000 UTC",,177,1,serpapi_google_news,1,serpapi_google_news::Q3_title_fragment,1
https://cdc.gov/mmwr/volumes/70/wr/mm7046a5.htm,https://www.cdc.gov/mmwr/volumes/70/wr/mm7046a5.htm,"Impact of Hospital Strain on Excess Deaths During the COVID-19 Pandemic — United States, July 2020–July 2021",Centers for Disease Control and Prevention | CDC (.gov),"11/19/2021, 08:00 AM, +0000 UTC",,177,1,serpapi_google_news,1,serpapi_google_news::Q3_title_fragment,1
https://cdc.gov/mmwr/volumes/70/wr/mm7023a2.htm,https://www.cdc.gov/mmwr/volumes/70/wr/mm7023a2.htm,Impact of the COVID-19 Pandemic on Administration ...,Centers for Disease Control and Prevention | CDC (.gov),"06/11/2021, 07:00 AM, +0000 UTC",,177,1,serpapi_google_news,1,serpapi_google_news::Q3_title_fragment,1
https://cdc.gov/mmwr/volumes/69/wr/mm6936a4.htm,https://www.cdc.gov/mmwr/volumes/69/wr/mm6936a4.htm,"Delay or Avoidance of Medical Care Because of COVID-19–Related Concerns — United States, June 2020 | MMWR",Centers for Disease Control and Prevention | CDC (.gov),"09/11/2020, 07:00 AM, +0000 UTC",,177,1,serpapi_google_news,1,serpapi_google_news::Q3_title_fragment,1
https://cdc.gov/mmwr/volumes/69/wr/mm6920e1.htm,https://www.cdc.gov/mmwr/volumes/69/wr/mm6920e1.htm,Decline in Child Vaccination Coverage During the COVID-19 Pandemic ...,Centers for Disease Control and Prevention | CDC (.gov),"05/22/2020, 07:00 AM, +0000 UTC",,177,1,serpapi_google_news,1,serpapi_google_news::Q3_title_fragment,1
https://cdc.gov/mmwr/volumes/70/wr/mm7015a4.htm,https://www.cdc.gov/mmwr/volumes/70/wr/mm7015a4.htm,Notes from the Field: Update on Excess Deaths Associated...,Centers for Disease Control and Prevention | CDC (.gov),"04/16/2021, 07:00 AM, +0000 UTC",,177,1,serpapi_google_news,1,serpapi_google_news::Q3_title_fragment,1
https://drexel.edu/medicine/academics/md-program/scholars-programs/womens-health-education-program/whep-scholars/maureen-farrell,https://drexel.edu/medicine/academics/md-program/scholars-programs/womens-health-education-program/whep-scholars/maureen-farrell/,Medical Care and Education in the Age of the COVID-19 Pandemic,Drexel,"06/04/2025, 12:54 AM, +0000 UTC",,177,1,serpapi_google_news,1,serpapi_google_news::Q3_title_fragment,1
https://advocacy.sba.gov/2021/03/02/the-effects-of-the-covid-19-pandemic-on-small-businesses,https://advocacy.sba.gov/2021/03/02/the-effects-of-the-covid-19-pandemic-on-small-businesses/,Issue Brief No. 16 – The Effects of the COVID-19 Pandemic on Small Businesses,Office of Advocacy (.gov),"03/02/2021, 08:00 AM, +0000 UTC",,177,1,serpapi_google_news,1,serpapi_google_news::Q3_title_fragment,1
https://corporate.dukehealth.org/news/analysis-details-lasting-effects-covid-19-pandemic-cancer-care,https://corporate.dukehealth.org/news/analysis-details-lasting-effects-covid-19-pandemic-cancer-care,Analysis Details Lasting Effects of the Covid-19 Pandemic on Cancer Care,Duke Health,"03/15/2023, 07:00 AM, +0000 UTC",,177,1,serpapi_google_news,1,serpapi_google_news::Q3_title_fragment,1
https://lao.ca.gov/Publications/Report/4428,https://lao.ca.gov/Publications/Report/4428,An Initial Look at Effects of the COVID-19 Pandemic on Local Government Fiscal Condition,Legislative Analyst’s Office (.gov),"05/12/2021, 07:00 AM, +0000 UTC",,177,1,serpapi_google_news,1,serpapi_google_news::Q3_title_fragment,1
https://childrenshospitals.org/news/childrens-hospitals-today/2021/04/7-effects-of-the-covid19-pandemic-on-kids,https://www.childrenshospitals.org/news/childrens-hospitals-today/2021/04/7-effects-of-the-covid19-pandemic-on-kids,7 Effects of the COVID-19 Pandemic on Kids,Children's Hospital Association,"04/28/2021, 07:00 AM, +0000 UTC",,177,1,serpapi_google_news,1,serpapi_google_news::Q3_title_fragment,1
https://nimh.nih.gov/news/science-updates/2023/covid-19-pandemic-associated-with-worse-mental-health-and-accelerated-brain-development-in-adolescents,https://www.nimh.nih.gov/news/science-updates/2023/covid-19-pandemic-associated-with-worse-mental-health-and-accelerated-brain-development-in-adolescents,COVID-19 Pandemic Associated With Worse Mental Health and Accelerated Brain Development in Adolescents,National Institute of Mental Health (NIMH) (.gov),"01/26/2023, 08:00 AM, +0000 UTC",,177,1,serpapi_google_news,1,serpapi_google_news::Q3_title_fragment,1
https://nam.edu/perspectives/a-path-to-improved-health-care-worker-well-being-lessons-from-the-covid-19-pandemic,https://nam.edu/perspectives/a-path-to-improved-health-care-worker-well-being-lessons-from-the-covid-19-pandemic/,A Path to Improved Health Care Worker Well-Being: Lessons from the COVID-19 Pandemic,National Academy of Medicine,"04/07/2025, 03:47 PM, +0000 UTC",,177,1,serpapi_google_news,1,serpapi_google_news::Q3_title_fragment,1
https://nam.edu/perspectives/patients-families-and-communities-covid-19-impact-assessment-lessons-learned-and-compelling-needs,https://nam.edu/perspectives/patients-families-and-communities-covid-19-impact-assessment-lessons-learned-and-compelling-needs/,"Patients, Families, and Communities COVID-19 Impact Assessment: Lessons Learned and Compelling Needs",National Academy of Medicine,"02/26/2025, 11:48 PM, +0000 UTC",,177,1,serpapi_google_news,1,serpapi_google_news::Q3_title_fragment,1
https://bls.gov/opub/mlr/2020/article/employment-recovery.htm,https://www.bls.gov/opub/mlr/2020/article/employment-recovery.htm,Employment recovery in the wake of the COVID-19 pandemic,Bureau of Labor Statistics (.gov),"12/29/2020, 07:26 PM, +0000 UTC",,177,1,serpapi_google_news,1,serpapi_google_news::Q3_title_fragment,1
https://bls.gov/opub/btn/volume-11/what-the-long-term-impacts-of-the-covid-19-pandemic-could-mean-for-the-future-of-it-jobs.htm,https://www.bls.gov/opub/btn/volume-11/what-the-long-term-impacts-of-the-covid-19-pandemic-could-mean-for-the-future-of-it-jobs.htm,What the long-term impacts of the COVID-19 pandemic could mean for the future of IT jobs : Beyond the Numbers,Bureau of Labor Statistics (.gov),"02/24/2022, 08:00 AM, +0000 UTC",,177,1,serpapi_google_news,1,serpapi_google_news::Q3_title_fragment,1
https://bls.gov/opub/btn/volume-11/how-did-employment-change-during-the-covid-19-pandemic.htm,https://www.bls.gov/opub/btn/volume-11/how-did-employment-change-during-the-covid-19-pandemic.htm,How did employment change during the COVID-19 pandemic? Evidence from a new BLS survey supplement,Bureau of Labor Statistics (.gov),"01/04/2022, 08:00 AM, +0000 UTC",,177,1,serpapi_google_news,1,serpapi_google_news::Q3_title_fragment,1
https://bls.gov/opub/mlr/2021/article/unemployment-rises-in-2020-as-the-country-battles-the-covid-19-pandemic.htm,https://www.bls.gov/opub/mlr/2021/article/unemployment-rises-in-2020-as-the-country-battles-the-covid-19-pandemic.htm,"Unemployment rises in 2020, as the country battles the COVID-19 pandemic",Bureau of Labor Statistics (.gov),"06/11/2021, 01:40 AM, +0000 UTC",,177,1,serpapi_google_news,1,serpapi_google_news::Q3_title_fragment,1
https://ncei.noaa.gov/news/exploring-effects-covid-19-pandemic-ocean-observing,https://www.ncei.noaa.gov/news/exploring-effects-covid-19-pandemic-ocean-observing,Exploring the Effects of COVID-19 Pandemic on Ocean Observing,NOAA National Centers for Environmental Information (NCEI) (.gov),"01/03/2023, 08:00 AM, +0000 UTC",,177,1,serpapi_google_news,1,serpapi_google_news::Q3_title_fragment,1
https://unicef.org/lac/en/effects-of-covid-19-pandemic-on-adolescent-and-youth-nutrition-and-physical-activity,https://www.unicef.org/lac/en/effects-of-covid-19-pandemic-on-adolescent-and-youth-nutrition-and-physical-activity,Effects of the COVID-19 pandemic on adolescent and youth nutrition and physical activity,Unicef,"03/03/2021, 02:43 PM, +0000 UTC",,177,1,serpapi_google_news,1,serpapi_google_news::Q3_title_fragment,1
https://bea.gov/recovery/estimates-from-payment-card-transactions/old,https://www.bea.gov/recovery/estimates-from-payment-card-transactions/old,COVID-19 and Recovery: Estimates From Payment Card Transactions,Bureau of Economic Analysis (BEA) (.gov),"05/08/2023, 07:54 AM, +0000 UTC",,177,1,serpapi_google_news,1,serpapi_google_news::Q3_title_fragment,1
https://federalreserve.gov/econres/notes/feds-notes/the-effects-of-covid-19-as-reported-by-local-communities-20210212.htm,https://www.federalreserve.gov/econres/notes/feds-notes/the-effects-of-covid-19-as-reported-by-local-communities-20210212.htm,"The Fed - The Effects of COVID-19, as Reported by Local Communities",Federal Reserve (.gov),"02/12/2021, 08:00 AM, +0000 UTC",,177,1,serpapi_google_news,1,serpapi_google_news::Q3_title_fragment,1
https://philadelphiafed.org/consumer-finance/education-finance/the-lingering-fiscal-effects-of-the-covid-19-pandemic-on-higher-education,https://www.philadelphiafed.org/consumer-finance/education-finance/the-lingering-fiscal-effects-of-the-covid-19-pandemic-on-higher-education,The Lingering Fiscal Effects of the COVID-19 Pandemic on Higher Education,Philadelphia Federal Reserve Bank,"05/12/2021, 02:39 PM, +0000 UTC",,177,1,serpapi_google_news,1,serpapi_google_news::Q3_title_fragment,1
https://ho.int/news/item/11-05-2020-the-cost-of-inaction-covid-19-related-service-disruptions-could-cause-hundreds-of-thousands-of-extra-deaths-from-hiv,https://www.who.int/news/item/11-05-2020-the-cost-of-inaction-covid-19-related-service-disruptions-could-cause-hundreds-of-thousands-of-extra-deaths-from-hiv,The cost of inaction: COVID-19-related service disruptions could cause hundreds of thousands of extra deaths from HIV,World Health Organization (WHO),"05/11/2020, 07:00 AM, +0000 UTC",,177,1,serpapi_google_news,1,serpapi_google_news::Q3_title_fragment,1
https://reliefweb.int/report/world/effects-covid-19-pandemic-trafficking-persons-and-responses-challenges,https://reliefweb.int/report/world/effects-covid-19-pandemic-trafficking-persons-and-responses-challenges,The effects of the COVID-19 pandemic on trafficking in persons and the responses to the challenges,ReliefWeb,"07/09/2021, 07:00 AM, +0000 UTC",,177,1,serpapi_google_news,1,serpapi_google_news::Q3_title_fragment,1
https://un.org/development/desa/en/news/population/igmereport.html,https://www.un.org/development/desa/en/news/population/igmereport.html,"COVID-19 could reverse decades of progress toward eliminating preventable child deaths, agencies warn",Welcome to the United Nations,"09/09/2020, 07:00 AM, +0000 UTC",,177,1,serpapi_google_news,1,serpapi_google_news::Q3_title_fragment,1
https://news.gallup.com/poll/658100/pandemic-hurt-children-social-skills-mental-health.aspx,https://news.gallup.com/poll/658100/pandemic-hurt-children-social-skills-mental-health.aspx,"Pandemic Hurt Children's Social Skills, Mental Health Most",Gallup News,"03/13/2025, 07:00 AM, +0000 UTC",,177,1,serpapi_google_news,1,serpapi_google_news::Q3_title_fragment,1
https://kmuw.org/2025-05-22/far-from-over-kansas-schools-still-see-covids-effects-on-learning-and-behavior,https://www.kmuw.org/2025-05-22/far-from-over-kansas-schools-still-see-covids-effects-on-learning-and-behavior,'Far from over': Kansas schools still see COVID's effects on learning and behavior,KMUW,"05/22/2025, 07:00 AM, +0000 UTC",,177,1,serpapi_google_news,1,serpapi_google_news::Q3_title_fragment,1
https://cgdev.org/publication/exploring-effects-covid-19-pandemic-low-cost-private-schools-nairobi-kenya,https://www.cgdev.org/publication/exploring-effects-covid-19-pandemic-low-cost-private-schools-nairobi-kenya,"Exploring the Effects of the COVID-19 Pandemic on Low-Cost Private Schools in Nairobi, Kenya",Center for Global Development,"10/19/2022, 07:00 AM, +0000 UTC",,177,1,serpapi_google_news,1,serpapi_google_news::Q3_title_fragment,1
https://gh.bmj.com/content/6/10/e005988,https://gh.bmj.com/content/6/10/e005988,The impact of the COVID-19 pandemic on hospital utilisation in Sierra Leone,BMJ Global Health,"10/12/2021, 02:21 AM, +0000 UTC",,177,1,serpapi_google_news,1,serpapi_google_news::Q3_title_fragment,1
https://facs.org/for-medical-professionals/news-publications/news-and-articles/bulletin/2022/august-2022-volume-107-number-8/the-importance-of-advocacy-increased-during-the-pandemic,https://www.facs.org/for-medical-professionals/news-publications/news-and-articles/bulletin/2022/august-2022-volume-107-number-8/the-importance-of-advocacy-increased-during-the-pandemic/,The Importance of Advocacy Increased during the Pandemic,American College of Surgeons,"08/01/2022, 07:00 AM, +0000 UTC",,177,1,serpapi_google_news,1,serpapi_google_news::Q3_title_fragment,1
https://reason.com/2024/06/17/parents-not-lax-regulation-to-blame-for-tweens-excessive-screen-time,https://reason.com/2024/06/17/parents-not-lax-regulation-to-blame-for-tweens-excessive-screen-time/,Parents share blame for problematic phone use among teens,Reason Magazine,"06/17/2024, 07:00 AM, +0000 UTC",,184,1,serpapi_google_news,1,serpapi_google_news::Q3_title_fragment,1
https://aparc.fsi.stanford.edu/events/when-children-stop-going-school-japan-rethinking-compulsory-education-and-role-journalism,https://aparc.fsi.stanford.edu/events/when-children-stop-going-school-japan-rethinking-compulsory-education-and-role-journalism,When Children Stop Going to School in Japan: Rethinking Compulsory Education and the Role of Journalism,Shorenstein Asia-Pacific Research Center,"03/30/2026, 07:00 AM, +0000 UTC",,190,1,serpapi_google_news,1,serpapi_google_news::Q3_title_fragment,1
https://thefastmode.com/services-and-innovations/47938-proximus-launches-mobile-kids-a-safe-first-smartphone-experience-for-children,https://www.thefastmode.com/services-and-innovations/47938-proximus-launches-mobile-kids-a-safe-first-smartphone-experience-for-children,Proximus Launches Mobile Kids: A Safe First Smartphone Experience for Children,The Fast Mode,"04/03/2026, 05:34 AM, +0000 UTC",,190,1,serpapi_google_news,1,serpapi_google_news::Q3_title_fragment,1
https://issuewire.com/vadodara-student-hani-prajapati-leads-digital-transformation-through-devotional-content-1852814928338514,https://www.issuewire.com/vadodara-student-hani-prajapati-leads-digital-transformation-through-devotional-content-1852814928338514,Vadodara Student Hani Prajapati Leads Digital Transformation Through Devotional Content,Issuewire,"05/01/2026, 09:22 AM, +0000 UTC",,190,1,serpapi_google_news,1,serpapi_google_news::Q3_title_fragment,1
https://artsci.washington.edu/news/2024-02/closer-look-teens-digital-technology,https://artsci.washington.edu/news/2024-02/closer-look-teens-digital-technology,A Closer Look at Teens & Digital Technology,"University of Washington, College of Arts and Sciences","02/01/2024, 08:00 AM, +0000 UTC",,190,1,serpapi_google_news,1,serpapi_google_news::Q3_title_fragment,1
https://mediahub.fundacionlacaixa.org/en/social/social-programmes/childhood/2025-12-09/maria-angustias-salmeron-digital-health-childhood-adolescence-7844.html,https://mediahub.fundacionlacaixa.org/en/social/social-programmes/childhood/2025-12-09/maria-angustias-salmeron-digital-health-childhood-adolescence-7844.html,"María Angustias Salmerón: “If your child needs to carry a mobile to go and buy a loaf of bread, it’s better not to let them go”","Fundación ""la Caixa""","12/09/2025, 08:00 AM, +0000 UTC",,190,1,serpapi_google_news,1,serpapi_google_news::Q3_title_fragment,1
https://newsweek.com/entertainment/harry-meghan-markle-step-back-archewell-parents-network-11345707,https://www.newsweek.com/entertainment/harry-meghan-markle-step-back-archewell-parents-network-11345707,Prince Harry and Meghan Appear to Step Back From Major Project,Newsweek,"01/13/2026, 08:00 AM, +0000 UTC",,190,1,serpapi_google_news,1,serpapi_google_news::Q3_title_fragment,1
https://newsweek.com/neurons-different-children-autism-study-1967219,https://www.newsweek.com/neurons-different-children-autism-study-1967219,"Neurons Different in Children with Autism, Study Finds",newsweek.com,"Oct 10, 2024",The University of Rochester neuroscientists used data from the Adolescent Brain Cognitive Development (ABCD) study database: a large long-term study of brain ...,,0,serpapi_outlet_sweep,1,serpapi_outlet_sweep::S-O,1
https://newsweek.com/neuroscientists-brain-sex-gender-1924056,https://www.newsweek.com/neuroscientists-brain-sex-gender-1924056,Neuroscientists Reveal Key Brain Differences Between ...,newsweek.com,"Jul 12, 2024","""Using data from the Adolescent Brain Cognitive Development Study with 4,757 participants, we analyzed functional MRI data to see how different brain ...",,0,serpapi_outlet_sweep,1,serpapi_outlet_sweep::S-O,1
https://dentsu.com/ie/en/blog/sound-affects-4,https://www.dentsu.com/ie/en/blog/sound-affects-4,dentsu,Dentsu,"01/30/2026, 08:00 AM, +0000 UTC",,190,1,serpapi_google_news,1,serpapi_google_news::Q3_title_fragment,1
https://scmp.com/week-asia/health-environment/article/3333280/indonesia-mulls-violent-video-game-ban-after-mosque-bombing-can-fight-extremism,https://www.scmp.com/week-asia/health-environment/article/3333280/indonesia-mulls-violent-video-game-ban-after-mosque-bombing-can-fight-extremism,Can banning PUBG fight extremism? Indonesia proposes video game curbs,South China Morning Post,"11/19/2025, 08:00 AM, +0000 UTC",,190,1,serpapi_google_news,1,serpapi_google_news::Q3_title_fragment,1
https://prnewswire.com/news-releases/the-impact-of-digital-media-on-childrens-health-300727235.html,https://www.prnewswire.com/news-releases/the-impact-of-digital-media-on-childrens-health-300727235.html,The Impact Of Digital Media On Children's Health,PR Newswire,"10/08/2018, 07:00 AM, +0000 UTC",,190,1,serpapi_google_news,1,serpapi_google_news::Q3_title_fragment,1
https://prnewswire.com/news-releases/childrens-hospital-of-philadelphia-study-links-smartphone-ownership-in-childhood-to-increased-risk-of-depression-and-obesity-in-youth-302627044.html,https://www.prnewswire.com/news-releases/childrens-hospital-of-philadelphia-study-links-smartphone-ownership-in-childhood-to-increased-risk-of-depression-and-obesity-in-youth-302627044.html,Children's Hospital of Philadelphia Study Links Smartphone Ownership in Childhood to Increased Risk of Depression and Obesity in Youth,PR Newswire,"12/01/2025, 08:00 AM, +0000 UTC",,431,1,serpapi_google_news,1,serpapi_google_news::Q3_title_fragment,1
https://news.uci.edu/2020/09/14/associate-professor-of-education-receives-grant-to-study-impact-of-digital-media-on-child-development,https://news.uci.edu/2020/09/14/associate-professor-of-education-receives-grant-to-study-impact-of-digital-media-on-child-development/,Faculty member receives grant to study the impact of digital media on child development,UC Irvine News,"09/14/2020, 07:00 AM, +0000 UTC",,190,1,serpapi_google_news,1,serpapi_google_news::Q3_title_fragment,1
https://news.uci.edu/2022/07/18/how-a-protein-breaks-free-to-cause-deadly-cancers,https://news.uci.edu/2022/07/18/how-a-protein-breaks-free-to-cause-deadly-cancers/,How a protein breaks free to cause deadly cancers,UC Irvine News,"07/18/2022, 07:00 AM, +0000 UTC",,190,1,serpapi_google_news,1,serpapi_google_news::Q3_title_fragment,1
https://rappler.com/technology/features/children-safety-social-media-bills-philippines-senate-hearing-february-11-2026,https://www.rappler.com/technology/features/children-safety-social-media-bills-philippines-senate-hearing-february-11-2026/,Social media regulation in PH: Experts push for ‘age-appropriate’ framework for minors,Rappler,"02/14/2026, 08:00 AM, +0000 UTC",,190,1,serpapi_google_news,1,serpapi_google_news::Q3_title_fragment,1
https://dornsife.usc.edu/news/stories/social-media-detox-dornsife-dialogues,https://dornsife.usc.edu/news/stories/social-media-detox-dornsife-dialogues/,Is social media scrambling our sanity?,USC Dornsife,"02/21/2024, 08:00 AM, +0000 UTC",,190,1,serpapi_google_news,1,serpapi_google_news::Q3_title_fragment,1
https://en.ammonnews.net/article/86449,https://en.ammonnews.net/article/86449,Zarqa University concludes Int'l Digital Communication Conference 2025,Ammon News,"11/06/2025, 08:00 AM, +0000 UTC",,190,1,serpapi_google_news,1,serpapi_google_news::Q3_title_fragment,1
https://news.lafayette.edu/2024/04/03/gloria-mark-to-deliver-april-15-jones-visiting-lecture,https://news.lafayette.edu/2024/04/03/gloria-mark-to-deliver-april-15-jones-visiting-lecture/,Gloria Mark to deliver April 15 Jones Visiting Lecture,News · Lafayette College,"04/03/2024, 07:00 AM, +0000 UTC",,190,1,serpapi_google_news,1,serpapi_google_news::Q3_title_fragment,1
https://globaldata.com/data-insights/macroeconomic/covid-19-accelerates-digital-media-market,https://www.globaldata.com/data-insights/macroeconomic/covid-19-accelerates-digital-media-market/,COVID-19 Accelerates Digital Media Market,globaldata.com,"09/22/2022, 02:48 AM, +0000 UTC",,190,1,serpapi_google_news,1,serpapi_google_news::Q3_title_fragment,1
https://fao.org/africa/news-stories/news-detail/fao-hosts-live-conversation-on-how-youth-are-reshaping-african-agriculture-through-digital-innovation/en,https://www.fao.org/africa/news-stories/news-detail/fao-hosts-live-conversation-on-how-youth-are-reshaping-african-agriculture-through-digital-innovation/en,FAO hosts live conversation on how youth are reshaping African agriculture through digital innovation,Food and Agriculture Organization,"05/26/2025, 07:00 AM, +0000 UTC",,190,1,serpapi_google_news,1,serpapi_google_news::Q3_title_fragment,1
https://indiatoday.in/movies/bollywood/story/madhuri-dixit-shriram-nene-digital-media-family-health-wellness-2830318-2025-12-03,https://www.indiatoday.in/movies/bollywood/story/madhuri-dixit-shriram-nene-digital-media-family-health-wellness-2830318-2025-12-03,Madhuri Dixit says sons need not act; can be YouTubers like Dr Nene,India Today,"12/03/2025, 08:00 AM, +0000 UTC",,190,1,serpapi_google_news,1,serpapi_google_news::Q3_title_fragment,1
https://ideal-investisseur.fr/en/actions-b/proximus-targets-children-with-mobile-kids-its-new-family-offering/16933.html,https://www.ideal-investisseur.fr/en/actions-b/proximus-targets-children-with-mobile-kids-its-new-family-offering/16933.html,"Proximus Targets Children with Mobile Kids, Its New Family Offering",Idéal Investisseur,"04/02/2026, 07:00 AM, +0000 UTC",,190,1,serpapi_google_news,1,serpapi_google_news::Q3_title_fragment,1
https://etedge-insights.com/industry/media-and-entertainment/government-cracks-down-on-ott-platforms-streaming-explicit-content,https://etedge-insights.com/industry/media-and-entertainment/government-cracks-down-on-ott-platforms-streaming-explicit-content/,Government cracks down on OTT platforms streaming explicit content,ET Edge Insights,"07/29/2025, 07:00 AM, +0000 UTC",,190,1,serpapi_google_news,1,serpapi_google_news::Q3_title_fragment,1
https://broadcastlawblog.com/2021/10/articles/copyright-office-initiates-study-of-ancillary-copyright-protections-accorded-to-publishers-reviewing-news-aggregation-and-digital-medias-use-of-news-content-from-t,https://www.broadcastlawblog.com/2021/10/articles/copyright-office-initiates-study-of-ancillary-copyright-protections-accorded-to-publishers-reviewing-news-aggregation-and-digital-medias-use-of-news-content-from-t/,Copyright Office Initiates Study of “Ancillary Copyright Protections” Accorded to Publishers – Reviewing News Aggregation and Digital Media’s Use of News Content from Traditional Sources,Broadcast Law Blog,"10/20/2021, 07:00 AM, +0000 UTC",,190,1,serpapi_google_news,1,serpapi_google_news::Q3_title_fragment,1
https://marketbrief.edweek.org/product-development/how-ai-products-can-promote-child-development-not-just-a-commercial-mindset/2024/03,https://marketbrief.edweek.org/product-development/how-ai-products-can-promote-child-development-not-just-a-commercial-mindset/2024/03,"How AI Products Can Promote Child Development, Not Just a ‘Commercial Mindset’",Education Week,"03/04/2024, 08:00 AM, +0000 UTC",,190,1,serpapi_google_news,1,serpapi_google_news::Q3_title_fragment,1
https://vocal.media/feast/the-impact-of-digital-media-on-traditional-arts,https://vocal.media/feast/the-impact-of-digital-media-on-traditional-arts,The impact of digital media on traditional arts | Feast,vocal.media,"02/23/2025, 08:15 PM, +0000 UTC",,190,1,serpapi_google_news,1,serpapi_google_news::Q3_title_fragment,1
https://vocal.media/humans/politics-and-its-impact-on-society-shaping-the-present-and-future,https://vocal.media/humans/politics-and-its-impact-on-society-shaping-the-present-and-future,Politics and Its Impact on Society: Shaping the Present and Future,vocal.media,"06/28/2023, 01:24 PM, +0000 UTC",,190,1,serpapi_google_news,1,serpapi_google_news::Q3_title_fragment,1
https://blogs.lse.ac.uk/lsereviewofbooks/2014/11/03/book-review-digital-media-and-society-transforming-economics-politics-and-social-practices-by-andrew-white,https://blogs.lse.ac.uk/lsereviewofbooks/2014/11/03/book-review-digital-media-and-society-transforming-economics-politics-and-social-practices-by-andrew-white/,"Book Review: Digital Media and Society: Transforming Economics, Politics and Social Practices by Andrew White",The London School of Economics and Political Science,"11/03/2014, 08:00 AM, +0000 UTC",,190,1,serpapi_google_news,1,serpapi_google_news::Q3_title_fragment,1
https://blogs.lse.ac.uk/parenting4digitalfuture/2020/09/23/parental-judgements-about-risks-and-opportunities,https://blogs.lse.ac.uk/parenting4digitalfuture/2020/09/23/parental-judgements-about-risks-and-opportunities/,‘Is that appropriate?’ Parental judgements about the risks and opportunities of teenagers’ digital media use,The London School of Economics and Political Science,"09/23/2020, 07:00 AM, +0000 UTC",,190,1,serpapi_google_news,1,serpapi_google_news::Q3_title_fragment,1
https://epha.org/strengthening-countries-cooperation-to-safeguard-children-and-adolescent-from-screen-addiction-and-protect-mental-health,https://epha.org/strengthening-countries-cooperation-to-safeguard-children-and-adolescent-from-screen-addiction-and-protect-mental-health/,Strengthening countries' cooperation to safeguard children and adolescents from screen addiction and to protect mental health,epha.org,"09/24/2024, 07:00 AM, +0000 UTC",,190,1,serpapi_google_news,1,serpapi_google_news::Q3_title_fragment,1
https://cyber.harvard.edu/events/2015/04/NetworkedPublicSphere,https://cyber.harvard.edu/events/2015/04/NetworkedPublicSphere,The Arab Networked Public Sphere: Social Mobilization Post-Revolutions,Berkman Klein Center,"05/30/2024, 07:00 AM, +0000 UTC",,190,1,serpapi_google_news,1,serpapi_google_news::Q3_title_fragment,1
https://shu.edu/technology/news/adobe-creative-skills-series-raffle.html,https://www.shu.edu/technology/news/adobe-creative-skills-series-raffle.html,Earn Adobe Badges for a Chance to Win!,Seton Hall,"04/27/2023, 07:00 AM, +0000 UTC",,190,1,serpapi_google_news,1,serpapi_google_news::Q3_title_fragment,1
https://aftermarketmatters.com/national-news/digital-influence-on-automotive-parts-and-accessories-market-to-reach-218-billion-by-2028,https://www.aftermarketmatters.com/national-news/digital-influence-on-automotive-parts-and-accessories-market-to-reach-218-billion-by-2028/,Digital influence on automotive parts and accessories market to reach $218 billion by 2028,Aftermarket Matters,"12/19/2022, 08:00 AM, +0000 UTC",,190,1,serpapi_google_news,1,serpapi_google_news::Q3_title_fragment,1
https://thebarbellspin.com/fitness/setting-the-standard-redefining-wellness-in-the-digital-era,https://thebarbellspin.com/fitness/setting-the-standard-redefining-wellness-in-the-digital-era/,Setting the Standard: Redefining Wellness in the Digital Era,The Barbell Spin,"06/11/2024, 07:00 AM, +0000 UTC",,190,1,serpapi_google_news,1,serpapi_google_news::Q3_title_fragment,1
https://news.wisc.edu/uw-madison-graduate-named-knight-hennessy-scholar,https://news.wisc.edu/uw-madison-graduate-named-knight-hennessy-scholar/,UW–Madison graduate named Knight-Hennessy Scholar,UW–Madison News,"05/04/2020, 07:00 AM, +0000 UTC",,190,1,serpapi_google_news,1,serpapi_google_news::Q3_title_fragment,1
https://newsroom.ucla.edu/magazine/technology-good-or-bad,https://newsroom.ucla.edu/magazine/technology-good-or-bad,Think Again,Newsroom | UCLA,"04/01/2013, 07:00 AM, +0000 UTC",,190,1,serpapi_google_news,1,serpapi_google_news::Q3_title_fragment,1
https://asiasociety.org/hong-kong/app-generation-what-are-they,https://asiasociety.org/hong-kong/app-generation-what-are-they,The App Generation: What Are They Like?,Asia Society,"03/21/2016, 05:25 AM, +0000 UTC",,190,1,serpapi_google_news,1,serpapi_google_news::Q3_title_fragment,1
https://justiceinconflict.org/2012/06/02/has-social-media-reinvented-social-activism-a-debate,https://justiceinconflict.org/2012/06/02/has-social-media-reinvented-social-activism-a-debate/,Has Social Media Successfully Reinvented Social Activism?,Justice in Conflict,"06/02/2012, 07:00 AM, +0000 UTC",,190,1,serpapi_google_news,1,serpapi_google_news::Q3_title_fragment,1
https://fortune.com/well/article/phone-addiction-how-to-spot-signs,https://fortune.com/well/article/phone-addiction-how-to-spot-signs/,Smartphone addiction: Do you have a problem?,Fortune,"08/16/2024, 07:00 AM, +0000 UTC",,190,1,serpapi_google_news,1,serpapi_google_news::Q3_title_fragment,1
https://asc.upenn.edu/news-events/news/annenberg-welcomes-visiting-scholars-and-postdoctoral-fellows-2024-25,https://www.asc.upenn.edu/news-events/news/annenberg-welcomes-visiting-scholars-and-postdoctoral-fellows-2024-25,Annenberg Welcomes Visiting Scholars and Postdoctoral Fellows for 2024-25,Annenberg School for Communication,"09/04/2024, 07:00 AM, +0000 UTC",,190,1,serpapi_google_news,1,serpapi_google_news::Q3_title_fragment,1
https://salon.com/2022/05/20/unlike-social-media-video-games-may-actually-be-raising-kids-iqs-study-finds,https://www.salon.com/2022/05/20/unlike-social-media-video-games-may-actually-be-raising-kids-iqs-study-finds/,"Wait, video games might be making kids smarter?",Salon.com,"05/20/2022, 07:00 AM, +0000 UTC",,190,1,serpapi_google_news,1,serpapi_google_news::Q3_title_fragment,1
https://lsureveille.com/195166/news/author-professor-david-karpf-lectures-on-analytical-activism-digital-media,https://lsureveille.com/195166/news/author-professor-david-karpf-lectures-on-analytical-activism-digital-media/,"Author, professor David Karpf lectures on analytical activism, digital media",lsureveille.com,"02/10/2017, 08:00 AM, +0000 UTC",,190,1,serpapi_google_news,1,serpapi_google_news::Q3_title_fragment,1
https://news.ki.se/video-games-can-help-boost-childrens-intelligence,https://news.ki.se/video-games-can-help-boost-childrens-intelligence,Video games can help boost children’s intelligence,Karolinska Institutet,"05/12/2022, 07:00 AM, +0000 UTC",,190,1,serpapi_google_news,1,serpapi_google_news::Q3_title_fragment,1
https://news.ki.se/using-social-media-may-impair-childrens-attention,https://news.ki.se/using-social-media-may-impair-childrens-attention,Using social media may impair children’s attention,Karolinska Institutet,"08/12/2025, 07:00 AM, +0000 UTC",,"435,436",2,serpapi_google_news,1,serpapi_google_news::Q3_title_fragment,1
https://reed.edu/reed-magazine/articles/2022/autonomy-and-authority.html,https://www.reed.edu/reed-magazine/articles/2022/autonomy-and-authority.html,Autonomy and Authority,Reed College,"03/30/2022, 07:00 AM, +0000 UTC",,190,1,serpapi_google_news,1,serpapi_google_news::Q3_title_fragment,1
https://flaunt.com/blog/people-the-berggruen-institute,https://www.flaunt.com/blog/people-the-berggruen-institute,"The Past is Always Tense, the Future Perfect",Flaunt Magazine,"11/25/2023, 07:21 PM, +0000 UTC",,190,1,serpapi_google_news,1,serpapi_google_news::Q3_title_fragment,1
https://reutersinstitute.politics.ox.ac.uk/types-sources-and-claims-covid-19-misinformation,https://reutersinstitute.politics.ox.ac.uk/types-sources-and-claims-covid-19-misinformation,"Types, sources, and claims of COVID-19 misinformation",reutersinstitute.politics.ox.ac.uk,"04/07/2020, 07:00 AM, +0000 UTC",,190,1,serpapi_google_news,1,serpapi_google_news::Q3_title_fragment,1
https://reuters.com/world/us/us-senate-set-vote-two-child-online-safety-bills-2024-07-25,https://www.reuters.com/world/us/us-senate-set-vote-two-child-online-safety-bills-2024-07-25/,US Senate advances two child online safety bills,Reuters,"07/25/2024, 07:00 AM, +0000 UTC",,190,1,serpapi_google_news,1,serpapi_google_news::Q3_title_fragment,1
https://brookings.edu/articles/will-chinas-e-commerce-reshape-a-reopening-world,https://www.brookings.edu/articles/will-chinas-e-commerce-reshape-a-reopening-world/,Will China’s e-commerce reshape a reopening world?,Brookings,"06/10/2020, 10:32 PM, +0000 UTC",,190,1,serpapi_google_news,1,serpapi_google_news::Q3_title_fragment,1
https://nwo.nl/en/professor-jose-van-dijck,https://www.nwo.nl/en/professor-jose-van-dijck,Professor J. (José) van Dijck,nwo.nl,"09/06/2021, 03:44 AM, +0000 UTC",,190,1,serpapi_google_news,1,serpapi_google_news::Q3_title_fragment,1
http://mi-3.com.au/09-04-2025/magic-challenges-traditional-retail-attribution-new-whitepaper,http://www.mi-3.com.au/09-04-2025/magic-challenges-traditional-retail-attribution-new-whitepaper,Magic challenges traditional retail attribution in new whitepaper,Mi-3.com.au,"04/09/2025, 07:00 AM, +0000 UTC",,190,1,serpapi_google_news,1,serpapi_google_news::Q3_title_fragment,1
https://isas.nus.edu.sg/papers/the-impact-of-digital-media-on-the-2019-indian-general-election,https://www.isas.nus.edu.sg/papers/the-impact-of-digital-media-on-the-2019-indian-general-election/,The Impact of Digital Media on the 2019 Indian General Election,isas.nus.edu.sg,"10/31/2019, 07:00 AM, +0000 UTC",,190,1,serpapi_google_news,1,serpapi_google_news::Q3_title_fragment,1
https://isas.nus.edu.sg/papers/political-interviewing-on-youtube-an-analysis-of-indian-politicians-engagement-with-digital-influencers-and-media-houses-online,https://www.isas.nus.edu.sg/papers/political-interviewing-on-youtube-an-analysis-of-indian-politicians-engagement-with-digital-influencers-and-media-houses-online/,Political Interviewing on YouTube: An Analysis of Indian Politicians’ Engagement with Digital Influencers and Media Houses Online – NUS Institute of South Asian Studies (ISAS),isas.nus.edu.sg,"08/14/2024, 07:00 AM, +0000 UTC",,190,1,serpapi_google_news,1,serpapi_google_news::Q3_title_fragment,1
https://clnsmedia.com/emerging-sports-trends-in-brazil-a-perspective-from-esporte-e-midia,https://www.clnsmedia.com/emerging-sports-trends-in-brazil-a-perspective-from-esporte-e-midia/,Emerging Sports Trends in Brazil: A Perspective from Esporte e Mídia,CLNS Media Network,"06/25/2024, 07:00 AM, +0000 UTC",,190,1,serpapi_google_news,1,serpapi_google_news::Q3_title_fragment,1
http://studies.aljazeera.net/en/news/ajcs-releases-second-issue-al-jazeera-li-dirasat-al-itisal-wa-al-i%E2%80%99lam,http://studies.aljazeera.net/en/news/ajcs-releases-second-issue-al-jazeera-li-dirasat-al-itisal-wa-al-i%E2%80%99lam,AJCS releases second issue of Al Jazeera li Dirasat al-Itisal wa al-I’lam,Al Jazeera Centre for Studies,"07/10/2023, 07:00 AM, +0000 UTC",,190,1,serpapi_google_news,1,serpapi_google_news::Q3_title_fragment,1
https://newscientist.com/article/2-does-more-than-2-hours-of-screen-time-really-harm-childrens-brains,https://www.newscientist.com/article/2-does-more-than-2-hours-of-screen-time-really-harm-childrens-brains/,Does more than 2 hours of screen time really harm children's brains?,New Scientist,"09/28/2018, 07:00 AM, +0000 UTC",,190,1,serpapi_google_news,1,serpapi_google_news::Q3_title_fragment,1
https://committees.parliament.uk/committee/373/political-polling-and-digital-media-committee/news/94781/time-for-better-oversight-of-polling-and-online-political-communications,https://committees.parliament.uk/committee/373/political-polling-and-digital-media-committee/news/94781/time-for-better-oversight-of-polling-and-online-political-communications/,Time for better oversight of polling and online political communications,UK Parliament,"04/17/2018, 07:00 AM, +0000 UTC",,190,1,serpapi_google_news,1,serpapi_google_news::Q3_title_fragment,1
https://campaignbrief.com/magic-backs-incrementality-as-the-answer-to-omnichannel-commerce-in-new-whitepaper,https://campaignbrief.com/magic-backs-incrementality-as-the-answer-to-omnichannel-commerce-in-new-whitepaper/,Magic backs incrementality as the answer to omnichannel commerce in new whitepaper,Campaign Brief,"04/09/2025, 07:00 AM, +0000 UTC",,190,1,serpapi_google_news,1,serpapi_google_news::Q3_title_fragment,1
https://ninertimes.com/opinion/opinion-cultural-appropriation-on-social-media-can-harm-communities/article_3e3b391a-a468-11ed-8bfd-5f6a37c1eed4.html,https://www.ninertimes.com/opinion/opinion-cultural-appropriation-on-social-media-can-harm-communities/article_3e3b391a-a468-11ed-8bfd-5f6a37c1eed4.html,Opinion: Cultural appropriation on social media can harm communities,Niner Times,"02/04/2023, 08:00 AM, +0000 UTC",,190,1,serpapi_google_news,1,serpapi_google_news::Q3_title_fragment,1
https://chicagotribune.com/2015/12/15/digital-learning-innovator-works-to-reimagine-future-of-education,https://www.chicagotribune.com/2015/12/15/digital-learning-innovator-works-to-reimagine-future-of-education/,Digital learning innovator works to reimagine future of education,Chicago Tribune,"12/15/2015, 08:00 AM, +0000 UTC",,190,1,serpapi_google_news,1,serpapi_google_news::Q3_title_fragment,1
https://sentinelassam.com/more-news/editorial/role-of-public-opinion-in-digital-era-and-its-influence-on-election-process-in-democracy,https://www.sentinelassam.com/more-news/editorial/role-of-public-opinion-in-digital-era-and-its-influence-on-election-process-in-democracy,Role of public opinion in digital era and its influence on election process in democracy,"The Sentinel - of this Land, for its People","11/08/2024, 08:00 AM, +0000 UTC",,190,1,serpapi_google_news,1,serpapi_google_news::Q3_title_fragment,1
https://univen.ac.za/news/the-impact-of-digital-media-towards-print-media-has-cost-media-companies-losses-in-both-sales-and-revenue-dr-mathata-tsedu,https://www.univen.ac.za/news/the-impact-of-digital-media-towards-print-media-has-cost-media-companies-losses-in-both-sales-and-revenue-dr-mathata-tsedu/,The impact of digital media towards print media has cost media companies losses in both sales and revenue – Dr Mathata Tsedu,University of Venda,"09/25/2019, 07:00 AM, +0000 UTC",,190,1,serpapi_google_news,1,serpapi_google_news::Q3_title_fragment,1
https://eurasiareview.com/03112017-engaging-filipinos-and-the-world-through-digital-diplomacy-analysis,https://www.eurasiareview.com/03112017-engaging-filipinos-and-the-world-through-digital-diplomacy-analysis/,Engaging Filipinos And The World Through Digital Diplomacy – Analysis,Eurasia Review,"11/03/2017, 07:00 AM, +0000 UTC",,190,1,serpapi_google_news,1,serpapi_google_news::Q3_title_fragment,1
https://corporate.dw.com/en/didszuweit-simon/a-15904632,https://corporate.dw.com/en/didszuweit-simon/a-15904632,"Didszuweit, Simon",corporate.dw.com,"04/23/2012, 07:00 AM, +0000 UTC",,190,1,serpapi_google_news,1,serpapi_google_news::Q3_title_fragment,1
https://creativereview.co.uk/how-i-work-olafur-eliasson,https://www.creativereview.co.uk/how-i-work-olafur-eliasson/,How I Work: Olafur Eliasson,Creative Review,"11/06/2018, 08:00 AM, +0000 UTC",,190,1,serpapi_google_news,1,serpapi_google_news::Q3_title_fragment,1
https://favikon.com/blog/top-journalists-social-media-germany,https://www.favikon.com/blog/top-journalists-social-media-germany,Top 20 Journalists in Germany in 2026 [🏆Rating],Favikon,"05/17/2025, 11:27 AM, +0000 UTC",,190,1,serpapi_google_news,1,serpapi_google_news::Q3_title_fragment,1
https://cityu.edu.hk/class/media_events/news_item.aspx,https://www.cityu.edu.hk/class/media_events/news_item.aspx?ref=461,"Digital Society Seminar Explores How People Talk to AI | College of Liberal Arts and Social Sciences, CityU",City University of Hong Kong,"10/26/2023, 07:00 AM, +0000 UTC",,190,1,serpapi_google_news,1,serpapi_google_news::Q3_title_fragment,1
https://lordslibrary.parliament.uk/political-opinion-polls-should-there-be-greater-oversight,https://lordslibrary.parliament.uk/political-opinion-polls-should-there-be-greater-oversight/,Political opinion polls: Should there be greater oversight?,House of Lords Library,"05/13/2022, 07:00 AM, +0000 UTC",,190,1,serpapi_google_news,1,serpapi_google_news::Q3_title_fragment,1
https://en.idi.org.il/articles/26559,https://en.idi.org.il/articles/26559,Hacking Gantz’s Phone,The Israel Democracy Institute,"03/25/2019, 07:00 AM, +0000 UTC",,190,1,serpapi_google_news,1,serpapi_google_news::Q3_title_fragment,1
https://news.uct.ac.za/article/-2017-08-29-honour-for-innovative-multifaceted-linguist,https://www.news.uct.ac.za/article/-2017-08-29-honour-for-innovative-multifaceted-linguist,"Honour for innovative, multifaceted linguist",news.uct.ac.za,"08/29/2017, 07:00 AM, +0000 UTC",,190,1,serpapi_google_news,1,serpapi_google_news::Q3_title_fragment,1
https://csiro.au/en/news/All/Articles/2024/December/Everyday-AI-relationships,https://www.csiro.au/en/news/All/Articles/2024/December/Everyday-AI-relationships,Everyday AI: Swipe right for a date with artificial intelligence,CSIRO,"12/05/2024, 08:00 AM, +0000 UTC",,190,1,serpapi_google_news,1,serpapi_google_news::Q3_title_fragment,1
https://durham.ac.uk/research/institutes-and-centres/open-world-research-initiative/research-projects/minorities-in-russia,https://www.durham.ac.uk/research/institutes-and-centres/open-world-research-initiative/research-projects/minorities-in-russia/,Minorities in Russia,Durham University,"06/11/2021, 12:59 AM, +0000 UTC",,190,1,serpapi_google_news,1,serpapi_google_news::Q3_title_fragment,1
https://libyaobserver.ly/news/former-un-envoy-stephanie-williams-publish-new-book-libyas-post-gaddafi-era,https://libyaobserver.ly/news/former-un-envoy-stephanie-williams-publish-new-book-libyas-post-gaddafi-era,Former UN envoy Stephanie Williams to publish new book on Libya’s post-Gaddafi era,The Libya Observer,"03/26/2025, 07:00 AM, +0000 UTC",,190,1,serpapi_google_news,1,serpapi_google_news::Q3_title_fragment,1
https://royalgazette.com/education/news/article/20151224/bermudian-researcher-named-rising-star,https://www.royalgazette.com/education/news/article/20151224/bermudian-researcher-named-rising-star/,Bermudian researcher named Rising Star,Royal Gazette | Bermuda,"12/24/2015, 08:00 AM, +0000 UTC",,190,1,serpapi_google_news,1,serpapi_google_news::Q3_title_fragment,1
https://shafaq.com/en/Iraq/University-of-Baghdad-to-host-international-media-conference-on-intercultural-dialogue,https://shafaq.com/en/Iraq/University-of-Baghdad-to-host-international-media-conference-on-intercultural-dialogue,University of Baghdad to host international media conference on intercultural dialogue - Shafaq News,شفق نيوز,"08/06/2024, 07:00 AM, +0000 UTC",,190,1,serpapi_google_news,1,serpapi_google_news::Q3_title_fragment,1
https://newsday.co.tt/2025/01/02/life-insurance-brain-rot,https://newsday.co.tt/2025/01/02/life-insurance-brain-rot/,Life Insurance: Brain rot,Trinidad and Tobago Newsday,"01/02/2025, 08:00 AM, +0000 UTC",,190,1,serpapi_google_news,1,serpapi_google_news::Q3_title_fragment,1
https://thepatriot.in/listicle/fragile-a-group-art-exhibition-54590,https://thepatriot.in/listicle/fragile-a-group-art-exhibition-54590,Fragile- A group art exhibition,thepatriot.in,"07/29/2024, 07:00 AM, +0000 UTC",,190,1,serpapi_google_news,1,serpapi_google_news::Q3_title_fragment,1
https://m.sknvibes.com/news/newsdetails.cfm/88529,https://m.sknvibes.com/news/newsdetails.cfm/88529,Launch of new CAPE courses at CFBC this Thursday,SKNVibes,"08/20/2014, 07:00 AM, +0000 UTC",,190,1,serpapi_google_news,1,serpapi_google_news::Q3_title_fragment,1
https://trendhunter.com/trends/wikipedia-cia-vatican,https://www.trendhunter.com/trends/wikipedia-cia-vatican,"Wikipedia Screened By CIA, Vatican",Trend Hunter,"08/20/2007, 07:00 AM, +0000 UTC",,190,1,serpapi_google_news,1,serpapi_google_news::Q3_title_fragment,1
https://campaignlive.co.uk/article/archant-operating-profit-doubles-82m/1058611,https://www.campaignlive.co.uk/article/archant-operating-profit-doubles-82m/1058611,Archant operating profit more than doubles to £8.2m,Campaign,"03/07/2011, 08:00 AM, +0000 UTC",,190,1,serpapi_google_news,1,serpapi_google_news::Q3_title_fragment,1
https://london-post.co.uk/the-evolution-of-world-book-day-costumes-a-look-back-in-time,https://london-post.co.uk/the-evolution-of-world-book-day-costumes-a-look-back-in-time/,The Evolution of World Book Day Costumes: A Look Back in Time,London Post,"01/12/2024, 08:00 AM, +0000 UTC",,190,1,serpapi_google_news,1,serpapi_google_news::Q3_title_fragment,1
https://bermudasun.bm/news/2014/jul/25/bermuda-sun-to-close-after-50-years,https://www.bermudasun.bm/news/2014/jul/25/bermuda-sun-to-close-after-50-years/,Bermuda Sun to close after 50 years,Bermuda Sun,"07/25/2014, 07:00 AM, +0000 UTC",,190,1,serpapi_google_news,1,serpapi_google_news::Q3_title_fragment,1
https://medafricatimes.com/36885-libya-book-fair-kicks-off-in-tripoli.html,https://medafricatimes.com/36885-libya-book-fair-kicks-off-in-tripoli.html,Libya: Book fair kicks off in Tripoli,Medafrica Times,"10/17/2024, 01:49 PM, +0000 UTC",,190,1,serpapi_google_news,1,serpapi_google_news::Q3_title_fragment,1
https://menafn.com/1095650840/Qatar-working-on-more-flexible-media-law,https://menafn.com/1095650840/Qatar-working-on-more-flexible-media-law,Qatar working on more flexible media law,Menafn.com,"07/24/2017, 07:00 AM, +0000 UTC",,190,1,serpapi_google_news,1,serpapi_google_news::Q3_title_fragment,1
https://koreabiomed.com/news/articleView.html?idxno=29871,https://www.koreabiomed.com/news/articleView.html?idxno=29871,[Column] Smartphones and children’s brain health,koreabiomed.com,"12/05/2025, 08:00 AM, +0000 UTC",,"192,435",2,serpapi_google_news,1,serpapi_google_news::Q2_author_topic,1
https://enterpriseai.economictimes.indiatimes.com/news/industry/the-dangers-of-relying-on-ai-for-learning-a-threat-to-critical-thinking-and-creativity/129919675,https://enterpriseai.economictimes.indiatimes.com/news/industry/the-dangers-of-relying-on-ai-for-learning-a-threat-to-critical-thinking-and-creativity/129919675,"Generative AI in education: Benefits, risks, and student impact",Indiatimes,"03/31/2026, 07:00 AM, +0000 UTC",,192,1,serpapi_google_news,1,serpapi_google_news::Q3_title_fragment,1
https://shorensteincenter.org/resource/machines-truth-distortion-citizens-call-action-preparing-america-ai-flood,https://shorensteincenter.org/resource/machines-truth-distortion-citizens-call-action-preparing-america-ai-flood/,Machines of Truth and Distortion - A Citizen's Call to Action: Preparing America for the AI Flood,The Shorenstein Center,"06/12/2025, 07:00 AM, +0000 UTC",,192,1,serpapi_google_news,1,serpapi_google_news::Q3_title_fragment,1
https://lboro.ac.uk/research/online-civic-culture-centre/news-events/articles/o3c-2-crisis,https://www.lboro.ac.uk/research/online-civic-culture-centre/news-events/articles/o3c-2-crisis/,New O3C Article by Andrew Chadwick: The New Crisis of Public Communication | Online Civic Culture Centre,Loughborough University,"12/12/2019, 08:00 AM, +0000 UTC",,192,1,serpapi_google_news,1,serpapi_google_news::Q3_title_fragment,1
https://thestar.com.my/tech/tech-news/2025/01/24/watching-short-videos-may-be-having-an-effect-on-kids-grades-at-school,https://www.thestar.com.my/tech/tech-news/2025/01/24/watching-short-videos-may-be-having-an-effect-on-kids-grades-at-school,Watching short videos may be having an effect on kids’ grades at school,The Star,"01/24/2025, 08:00 AM, +0000 UTC",,192,1,serpapi_google_news,1,serpapi_google_news::Q3_title_fragment,1
https://patientcareonline.com/view/smartphone-ownership-in-young-adolescence-drives-physical-and-emotional-health-risks,https://www.patientcareonline.com/view/smartphone-ownership-in-young-adolescence-drives-physical-and-emotional-health-risks,Smartphone Ownership in Young Adolescence Drives Physical and Emotional Health Risks,Patient Care Online,"12/05/2025, 08:00 AM, +0000 UTC",,"196,431",2,serpapi_google_news,1,"serpapi_google_news::Q2_author_topic,serpapi_google_news::Q3_title_fragment",2
https://nbcbayarea.com/news/health/ucsf-study-extended-screen-time/3675031,https://www.nbcbayarea.com/news/health/ucsf-study-extended-screen-time/3675031/,UCSF study shows extended screen time is mentally unhealthy for kids,NBC Bay Area,"10/09/2024, 07:00 AM, +0000 UTC",,"393,394",2,serpapi_google_news,1,serpapi_google_news::Q3_title_fragment,1
https://cbc.ca/news/canada/ottawa/cheo-screen-time-sleep-impulsive-behaviour-study-pediatrics-1.5246219,https://www.cbc.ca/news/canada/ottawa/cheo-screen-time-sleep-impulsive-behaviour-study-pediatrics-1.5246219,"Screen time, lack of sleep linked to impulsive behaviour in kids, study finds",CBC,"08/15/2019, 07:00 AM, +0000 UTC",,398,1,serpapi_google_news,1,serpapi_google_news::Q2_author_topic,1
https://theconversation.com/kids-and-their-computers-several-hours-a-day-of-screen-time-is-ok-study-suggests-168022,https://theconversation.com/kids-and-their-computers-several-hours-a-day-of-screen-time-is-ok-study-suggests-168022,"Kids and their computers: Several hours a day of screen time is OK, study suggests",The Conversation,"10/12/2021, 07:00 AM, +0000 UTC",,420,1,serpapi_google_news,1,serpapi_google_news::Q2_author_topic,1
https://cbsnews.com/news/children-smartphones-increased-risk-of-health-problems-study,https://www.cbsnews.com/news/children-smartphones-increased-risk-of-health-problems-study/,"Children who have smartphones by age 12 are at increased risk of health problems, new study finds",CBS News,"12/01/2025, 08:00 AM, +0000 UTC","... Adolescent Brain Cognitive Development Study (ABCD) between 2018 and 2020. ... According to researchers, 63.6% of the ABCD study's participants owned a ...",431,1,"serpapi_google_news,serpapi_outlet_sweep",2,"serpapi_google_news::Q2_author_topic,serpapi_outlet_sweep::S-O",2
https://cbsnews.com/news/phones-tablets-and-their-impact-on-kids-brains-60-minutes,https://www.cbsnews.com/news/phones-tablets-and-their-impact-on-kids-brains-60-minutes/,"Phones, tablets, and their impact on kids' brains - 60 Minutes",cbsnews.com,"Dec 9, 2018","The Adolescent Brain Cognitive Development (ABCD) study will follow more than 10,000 kids. Dr. Gaya Dowling of the National Institutes of Health explained ...",,0,serpapi_outlet_sweep,1,serpapi_outlet_sweep::S-O,1
https://newstribune.com/news/2025/dec/23/study-links-owning-smartphone-before-age-12-to,https://www.newstribune.com/news/2025/dec/23/study-links-owning-smartphone-before-age-12-to/,Study links owning smartphone before age 12 to health risks,Jefferson City News Tribune,"12/23/2025, 08:00 AM, +0000 UTC",,431,1,serpapi_google_news,1,serpapi_google_news::Q2_author_topic,1
https://publications.aap.org/pediatrics/article-abstract/157/1/e2025072941/205716/Smartphone-Ownership-Age-of-Smartphone-Acquisition?autologincheck=redirected,https://publications.aap.org/pediatrics/article-abstract/157/1/e2025072941/205716/Smartphone-Ownership-Age-of-Smartphone-Acquisition?autologincheck=redirected,"Smartphone Ownership, Age of Smartphone Acquisition, and Health Outcomes in Early Adolescence",AAP,"12/01/2025, 08:00 AM, +0000 UTC",,431,1,serpapi_google_news,1,"serpapi_google_news::Q2_author_topic,serpapi_google_news::Q3_title_fragment",2
https://en.as.com/latest_news/dr-ran-barzilay-psychiatrist-on-when-its-ok-for-kids-to-own-a-smartphone-the-findings-do-support-delaying-f202601-n,https://en.as.com/latest_news/dr-ran-barzilay-psychiatrist-on-when-its-ok-for-kids-to-own-a-smartphone-the-findings-do-support-delaying-f202601-n/,"Dr. Ran Barzilay, psychiatrist, on when it’s OK for kids to own a smartphone: “The findings do support delayin",Diario AS,"01/31/2026, 08:00 AM, +0000 UTC",,431,1,serpapi_google_news,1,serpapi_google_news::Q2_author_topic,1
https://futurism.com/health-medicine/grim-happenings-kids-smartphones,https://futurism.com/health-medicine/grim-happenings-kids-smartphones,Something Grim Is Happening to Kids Who Got Cell Phones Early,Futurism,"12/02/2025, 08:00 AM, +0000 UTC",,431,1,serpapi_google_news,1,serpapi_google_news::Q2_author_topic,1
https://politico.com/newsletters/future-pulse/2025/12/02/kids-smartphone-use-linked-to-health-risks-00672580,https://www.politico.com/newsletters/future-pulse/2025/12/02/kids-smartphone-use-linked-to-health-risks-00672580,Kids’ smartphone use linked to health risks,Politico,"12/02/2025, 08:00 AM, +0000 UTC",,431,1,serpapi_google_news,1,serpapi_google_news::Q2_author_topic,1
https://timesofindia.indiatimes.com/technology/mobiles-tabs/smartphone-ownership-linked-to-depression-obesity-and-sleep-loss-in-early-adolescents-study/articleshow/127928562.cms,https://timesofindia.indiatimes.com/technology/mobiles-tabs/smartphone-ownership-linked-to-depression-obesity-and-sleep-loss-in-early-adolescents-study/articleshow/127928562.cms,"Smartphone ownership linked to depression, obesity, and sleep loss in early adolescents: Study",The Times of India,"03/07/2026, 08:00 AM, +0000 UTC",,431,1,serpapi_google_news,1,serpapi_google_news::Q3_title_fragment,1
https://ordonfire.org/articles/parents-must-wake-up-to-the-dangers-of-screen-addiction,https://www.wordonfire.org/articles/parents-must-wake-up-to-the-dangers-of-screen-addiction/,Parents Must Wake Up to the Dangers of Screen Addiction,Word on Fire,"03/12/2024, 07:00 AM, +0000 UTC",,521,1,serpapi_google_news,1,serpapi_google_news::Q2_author_topic,1
https://themorning.lk/articles/PhDTyxfqXFKSEwn62aQG,https://www.themorning.lk/articles/PhDTyxfqXFKSEwn62aQG,Social media: Pros and cons of a teen social media ban in SL,The Morning,"02/06/2026, 08:00 AM, +0000 UTC",,521,1,serpapi_google_news,1,serpapi_google_news::Q2_author_topic,1
https://thehill.com/changing-america/enrichment/education/3702176-video-gaming-may-be-associated-with-better-cognitive-performance-in-children,https://thehill.com/changing-america/enrichment/education/3702176-video-gaming-may-be-associated-with-better-cognitive-performance-in-children/,Video gaming may be associated with better cognitive performance in children,The Hill,"10/24/2022, 07:00 AM, +0000 UTC",,521,1,serpapi_google_news,1,serpapi_google_news::Q2_author_topic,1
https://sj.com/opinion/the-medical-case-against-rescheduling-weed-cannabis-6945c4b8,https://www.wsj.com/opinion/the-medical-case-against-rescheduling-weed-cannabis-6945c4b8,The Medical Case Against Rescheduling Weed,wsj.com,"Dec 14, 2025",The National Institute on Drug Abuse's Adolescent Brain Cognitive Development longitudinal study shows prenatal marijuana exposure is also associated with later ...,,0,serpapi_outlet_sweep,1,serpapi_outlet_sweep::S-O,1
https://cnn.com/2022/10/24/health/kids-video-games-cognition-memory,https://www.cnn.com/2022/10/24/health/kids-video-games-cognition-memory,Video gaming may have some cognitive benefits for kids ...,cnn.com,,"The research involved data from nearly 2,000 9- and 10-year-olds from the Adolescent Brain Cognitive Development (ABCD) Study, which is following about ...",,0,serpapi_outlet_sweep,1,serpapi_outlet_sweep::S-O,1
https://cnn.com/2024/07/12/health/sex-gender-child-brain,https://www.cnn.com/2024/07/12/health/sex-gender-child-brain,A detailed look at children's brains might show how sex ...,cnn.com,"Jul 12, 2024","... Adolescent Brain Cognitive Development (ABCD) study, the largest long-term study of brain development and child health in the United States. Over a period ...",,0,serpapi_outlet_sweep,1,serpapi_outlet_sweep::S-O,1
https://cnn.com/2025/02/04/health/parent-child-screen-time-wellness,https://www.cnn.com/2025/02/04/health/parent-child-screen-time-wellness,Parents' phone habits increase exposure of mature content ...,cnn.com,"Feb 4, 2025","Nagata and other researchers analyzed data from the Adolescent Brain Cognitive Development (ABCD) Study, including more than 10,000 adolescents aged 12 to 13.",,0,serpapi_outlet_sweep,1,serpapi_outlet_sweep::S-O,1
https://cnn.com/2024/06/27/health/parents-kids-screen-time-wellness,https://www.cnn.com/2024/06/27/health/parents-kids-screen-time-wellness,"To curb kids' use of screens, parents may have to cut back ...",cnn.com,"Jun 27, 2024","The researchers analyzed data from the national Adolescent Brain Cognitive Development (ABCD) Study, involving over 10,000 families with 12- and 13-year-olds.",,0,serpapi_outlet_sweep,1,serpapi_outlet_sweep::S-O,1
https://cnn.com/2024/09/19/health/childhood-sleep-problems-suicide-risk-wellness,https://www.cnn.com/2024/09/19/health/childhood-sleep-problems-suicide-risk-wellness,"Childhood sleep issues may raise suicide risk, study finds",cnn.com,"Sep 19, 2024","That's why the authors used data from more than 8,800 children recruited by the Adolescent Brain Cognitive Development Study at 21 sites across the United ...",,0,serpapi_outlet_sweep,1,serpapi_outlet_sweep::S-O,1
https://cnnespanol.cnn.com/2024/07/12/cerebro-menores-diferencias-sexo-genero-estudio-trax,https://cnnespanol.cnn.com/2024/07/12/cerebro-menores-diferencias-sexo-genero-estudio-trax,Una mirada detallada al cerebro de los menores podría ...,cnn.com,"Jul 12, 2024","... Adolescent Brain Cognitive Development (ABCD), el mayor estudio a largo plazo sobre el desarrollo cerebral y la salud infantil en Estados Unidos. Durante un ...",,0,serpapi_outlet_sweep,1,serpapi_outlet_sweep::S-O,1
https://usatoday.com/story/news/health/2021/11/01/covid-screen-time-among-teens-doubles-during-pandemic-study-finds/6230769001,https://www.usatoday.com/story/news/health/2021/11/01/covid-screen-time-among-teens-doubles-during-pandemic-study-finds/6230769001/,"Screen time among teens doubles during pandemic, study ...",usatoday.com,"Nov 1, 2021","Using data from the Adolescent Brain Cognitive Development Study, a large, long-term study of brain development funded by the National Institutes of Health ...",,0,serpapi_outlet_sweep,1,serpapi_outlet_sweep::S-O,1
https://usatoday.com/story/money/2022/10/25/video-games-linked-better-cognitive-skills-kids-study-shows/10596752002,https://www.usatoday.com/story/money/2022/10/25/video-games-linked-better-cognitive-skills-kids-study-shows/10596752002/,"Video games linked to better cognitive skills in kids, study ...",usatoday.com,"Oct 27, 2022","The Adolescent Brain Cognitive Development Study, funded by the National Institutes of Health, tracks 12,000 children who entered the study when they were nine ...",,0,serpapi_outlet_sweep,1,serpapi_outlet_sweep::S-O,1
https://usatoday.com/story/news/health/2023/05/08/anti-poverty-programs-children-brain-development-health/70179467007,https://www.usatoday.com/story/news/health/2023/05/08/anti-poverty-programs-children-brain-development-health/70179467007/,"How anti-poverty programs help close rich, poor gap in ...",usatoday.com,"May 8, 2023","Dowling is director of the Adolescent Brain Cognitive Development (ABCD) Study, which provided the data for the cash assistance study. ABCD Study is a long ...",,0,serpapi_outlet_sweep,1,serpapi_outlet_sweep::S-O,1
https://ired.com/story/year-in-review-tech-addiction-debate-all-wrong,https://www.wired.com/story/year-in-review-tech-addiction-debate-all-wrong/,We've Got the Screen Time Debate All Wrong. Let's Fix It,wired.com,"Dec 20, 2018","News outlets responded similarly in early December, when 60 Minutes reported on preliminary results from the Adolescent Brain Cognitive Development Study, a ...",,0,serpapi_outlet_sweep,1,serpapi_outlet_sweep::S-O,1
https://bbc.co.uk/news/articles/cvg7j0pg1e2o,https://www.bbc.co.uk/news/articles/cvg7j0pg1e2o,Is an early night the key to better test results?,bbc.co.uk,"Apr 23, 2025","The study, published in Cell Reports, external, also used data from the Adolescent Brain Cognitive Development Study. Dr Qing Ma, of Fudan University, said ...",,0,serpapi_outlet_sweep,1,serpapi_outlet_sweep::S-O,1
https://emedicine.medscape.com/article/916611-differential,https://emedicine.medscape.com/article/916611-differential,Pediatric Sleep Disorders Differential Diagnoses,medscape.com,"Sep 26, 2024","Data-driven, generalizable prediction of adolescent sleep disturbances in the multisite Adolescent Brain Cognitive Development Study. Sleep. 2024 Jun 13. 47 ...",,0,serpapi_outlet_sweep,1,serpapi_outlet_sweep::S-O,1
https://sciencealert.com/groundbreaking-study-reveals-the-extent-of-brain-abnormalities-in-american-children,https://www.sciencealert.com/groundbreaking-study-reveals-the-extent-of-brain-abnormalities-in-american-children,Groundbreaking Study Reveals The Extent of Brain ...,sciencealert.com,"Mar 26, 2021","The Adolescent Brain Cognitive Development (ABCD) Study is the largest long-term study of its kind in the United States, involving almost 11,700 healthy ...",,0,serpapi_outlet_sweep,1,serpapi_outlet_sweep::S-O,1
https://sciencealert.com/sex-and-gender-show-distinct-variations-in-brain-connectivity,https://www.sciencealert.com/sex-and-gender-show-distinct-variations-in-brain-connectivity,Sex And Gender Show Distinct Variations in Brain ...,sciencealert.com,"Jul 23, 2024",... Adolescent Brain Cognitive Development (ABCD) Study. This data was cross-referenced against answers given by the kids on their feelings about their gender ...,,0,serpapi_outlet_sweep,1,serpapi_outlet_sweep::S-O,1
https://sciencealert.com/study-of-11000-us-teens-links-cannabis-use-to-slower-brain-development,https://www.sciencealert.com/study-of-11000-us-teens-links-cannabis-use-to-slower-brain-development,Study of 11000 US Teens Links Cannabis Use to Slower ...,sciencealert.com,"Apr 22, 2026","It's based on data from the Adolescent Brain Cognitive Development study, which tracked the brain health and function of 11,036 young people from age 9 or ...",,0,serpapi_outlet_sweep,1,serpapi_outlet_sweep::S-O,1
https://sciencealert.com/boosted-brain-activity-observed-in-children-who-play-video-games,https://www.sciencealert.com/boosted-brain-activity-observed-in-children-who-play-video-games,Boosted Brain Activity Observed in Children Who Play ...,sciencealert.com,"Oct 25, 2022","​For the new research, Chaarani and colleagues analyzed data from the large and ongoing Adolescent Brain Cognitive Development (ABCD) Study, which is funded by ...",,0,serpapi_outlet_sweep,1,serpapi_outlet_sweep::S-O,1
https://sciencealert.com/playing-video-games-has-an-unexpected-effect-on-kids-iq-study-says,https://www.sciencealert.com/playing-video-games-has-an-unexpected-effect-on-kids-iq-study-says,Playing Video Games Has an Unexpected Effect on Kids' ...,sciencealert.com,"Jan 18, 2026","The researchers looked at screen time records for 9,855 kids in the ABCD Study, all in the US and aged 9 or 10. On average, the youngsters reported spending ...",,0,serpapi_outlet_sweep,1,serpapi_outlet_sweep::S-O,1
https://sciencealert.com/study-of-6000-scans-reveals-brain-wide-patterns-linked-to-adhd-symptoms,https://www.sciencealert.com/study-of-6000-scans-reveals-brain-wide-patterns-linked-to-adhd-symptoms,Study of 6000 Scans Reveals Brain-Wide Patterns Linked ...,sciencealert.com,"Feb 1, 2024","... Adolescent Brain Cognitive Development Study, a long-term US study of brain development into adulthood. The link between PNRS and ADHD symptoms was then ...",,0,serpapi_outlet_sweep,1,serpapi_outlet_sweep::S-O,1
https://scientificamerican.com/article/addiction-risk-shows-up-in-childrens-brain-scans-before-drug-use-starts,https://www.scientificamerican.com/article/addiction-risk-shows-up-in-childrens-brain-scans-before-drug-use-starts/,Massive Study Flips Our Story of Addiction and the Brain,scientificamerican.com,"Jul 7, 2025","Published in December 2024 in JAMA Network Open, the new work is part of the ongoing NIDA-led Adolescent Brain Cognitive Development initiative, the largest ...",,0,serpapi_outlet_sweep,1,serpapi_outlet_sweep::S-O,1
https://scientificamerican.com/article/the-pandemic-disrupted-adolescent-brain-development,https://www.scientificamerican.com/article/the-pandemic-disrupted-adolescent-brain-development/,The Pandemic Disrupted Adolescent Brain Development,scientificamerican.com,"Nov 17, 2023","Stamoulis and her colleagues looked at neuroimaging data from 1,414 adolescents in the Adolescent Brain Cognitive Development Study, the largest ongoing ...",,0,serpapi_outlet_sweep,1,serpapi_outlet_sweep::S-O,1
https://scientificamerican.com/article/is-social-media-addictive-the-science-reveals-whats-at-stake,https://www.scientificamerican.com/article/is-social-media-addictive-the-science-reveals-whats-at-stake/,Is social media addictive? The science reveals what's at ...,scientificamerican.com,"Mar 24, 2026","... Adolescent Brain Cognitive Development (ABCD) Study, a large, long-term investigation that has been tracking children's mental health over time. The May ...",,0,serpapi_outlet_sweep,1,serpapi_outlet_sweep::S-O,1
https://scientificamerican.com/article/is-cannabis-bad-for-teens-data-paint-a-conflicting-picture,https://www.scientificamerican.com/article/is-cannabis-bad-for-teens-data-paint-a-conflicting-picture/,Is Cannabis Bad for Teens? Data Paint a Conflicting Picture,scientificamerican.com,"Dec 13, 2023","In the hope of getting a better handle on the situation, her agency funded the Adolescent Brain Cognitive Development (ABCD) study. Started in 2015, ABCD ...",,0,serpapi_outlet_sweep,1,serpapi_outlet_sweep::S-O,1
https://scientificamerican.com/article/are-smartphones-really-destroying-the-lives-of-teenagers,https://www.scientificamerican.com/article/are-smartphones-really-destroying-the-lives-of-teenagers/,Are Smartphones Really Destroying the Lives of Teenagers?,scientificamerican.com,"Feb 1, 2018","The ABCD (Adolescent Brain Cognitive Development) study has received funding of $300 million, “which is more than the entire history of adolescent research ...",,0,serpapi_outlet_sweep,1,serpapi_outlet_sweep::S-O,1
https://scientificamerican.com/article/why-do-so-many-mental-illnesses-overlap,https://www.scientificamerican.com/article/why-do-so-many-mental-illnesses-overlap/,Why Do So Many Mental Illnesses Overlap?,scientificamerican.com,"Mar 4, 2024","... Adolescent Brain Cognitive Development (ABCD) Study, the scientists reported at the 2023 meeting of the American Society for Human Genetics. The researchers ...",,0,serpapi_outlet_sweep,1,serpapi_outlet_sweep::S-O,1
https://scientificamerican.com/article/marijuana-may-not-lower-your-iq,https://www.scientificamerican.com/article/marijuana-may-not-lower-your-iq/,Marijuana May Not Lower Your IQ,scientificamerican.com,"May 7, 2020","For now, investigators are eagerly awaiting data from the recently launched Adolescent Brain and Cognitive Development (ABCD) study. ABCD is following ...",,0,serpapi_outlet_sweep,1,serpapi_outlet_sweep::S-O,1
https://scientificamerican.com/article/why-you-shouldnt-ignore-loud-snoring-in-kids,https://www.scientificamerican.com/article/why-you-shouldnt-ignore-loud-snoring-in-kids/,Why You Shouldn't Ignore Loud Snoring in Kids,scientificamerican.com,"Apr 15, 2025","In two recent papers using data from nearly 12,000 children enrolled in the ongoing Adolescent Brain Cognitive Development study, pediatric ...",,0,serpapi_outlet_sweep,1,serpapi_outlet_sweep::S-O,1
https://livescience.com/health/neuroscience/is-there-really-a-difference-between-male-and-female-brains-emerging-science-is-revealing-the-answer,https://www.livescience.com/health/neuroscience/is-there-really-a-difference-between-male-and-female-brains-emerging-science-is-revealing-the-answer,Is there really a difference between male and female brains ...,livescience.com,"Mar 7, 2025","Dhamala and colleagues recently aimed to fill in that gap using data from the Adolescent Brain and Cognitive Development (ABCD) study, an enormous U.S. ...",,0,serpapi_outlet_sweep,1,serpapi_outlet_sweep::S-O,1
https://livescience.com/62767-drug-addiction-alters-six-brain-networks.html,https://www.livescience.com/62767-drug-addiction-alters-six-brain-networks.html,How Drug Addiction Hijacks the Brain,livescience.com,"Jun 8, 2018","Zilverstand added that she's particularly excited about an ongoing study called the Adolescent Brain Cognitive Development (ABCD) Study, which is tracking ...",,0,serpapi_outlet_sweep,1,serpapi_outlet_sweep::S-O,1
https://axios.com/2025/12/01/smartphones-age-12-worse-health-study,https://www.axios.com/2025/12/01/smartphones-age-12-worse-health-study,Smartphones at age 12 linked to worse health,axios.com,"Dec 1, 2025","Preteens who own smartphones are likelier to have depression, obesity and insufficient sleep than their peers.",,0,serpapi_outlet_sweep,1,serpapi_outlet_sweep::S-O,1
https://pbs.org/newshour/show/new-study-finds-link-between-pre-teen-use-of-social-media-and-depression,https://www.pbs.org/newshour/show/new-study-finds-link-between-pre-teen-use-of-social-media-and-depression,New study finds link between pre-teen use of social media ...,pbs.org,"May 24, 2025","So, yeah, the data comes from the Adolescent Brain Cognitive Development Study. It is a national study that follows these 12,000 kids from over 21 different ...",,0,serpapi_outlet_sweep,1,serpapi_outlet_sweep::S-O,1
https://pbs.org/video/brain-health-cfmAr2,https://www.pbs.org/video/brain-health-cfmAr2/,Second Opinion with Joan Lunden | Brain Health | Season 18,pbs.org,,"You are one of the researchers at this ABCD Study, which I find so fascinating. See Adolescent Brain Cognitive Development Study. It's the largest brain ...",,0,serpapi_outlet_sweep,1,serpapi_outlet_sweep::S-O,1
https://pbs.org/video/social-media-effect-on-children-okrvh7,https://www.pbs.org/video/social-media-effect-on-children-okrvh7/,Adelante | Social Media Effect on Children,pbs.org,,El ABCD es Adolescent Brain Cognitive Development. Está investigando muchas áreas del desarrollo de los niños y del desarrollo en el cerebro. Una de las ...,,0,serpapi_outlet_sweep,1,serpapi_outlet_sweep::S-O,1
https://pbs.org/video/the-cannabis-question-82boad,https://www.pbs.org/video/the-cannabis-question-82boad/,NOVA | The Cannabis Question | Season 48 | Episode 11,pbs.org,,"... Adolescent Brain Cognitive Development Study. And would you say that's definitely a no, kind of no... NARRATOR: N.I.H.. researchers will evaluate the ...",,0,serpapi_outlet_sweep,1,serpapi_outlet_sweep::S-O,1
https://pbs.org/video/understanding-todays-marijuana-part-two-exujgx,https://www.pbs.org/video/understanding-todays-marijuana-part-two-exujgx/,Voices of Hope | Understanding Today's Marijuana: Part Two ...,pbs.org,,"- What we're seeing, based on a lot of data, the ABCD study, the National Institute of Health, when they follow these babies that were exposed to cannabis ...",,0,serpapi_outlet_sweep,1,serpapi_outlet_sweep::S-O,1
https://statnews.com/2023/02/01/brain-scans-reveal-disparate-impact-of-poverty-toxic-stress-on-black-children,https://www.statnews.com/2023/02/01/brain-scans-reveal-disparate-impact-of-poverty-toxic-stress-on-black-children/,Brain MRIs reveal impact of 'toxic stress' on Black children,statnews.com,"Feb 1, 2023","The current study took advantage of the powerful Adolescent Brain Cognitive Development, or ABCD, study established and funded by the National Institutes of ...",,0,serpapi_outlet_sweep,1,serpapi_outlet_sweep::S-O,1
https://statnews.com/2026/04/20/health-news-how-weed-affects-adolescent-brains,https://www.statnews.com/2026/04/20/health-news-how-weed-affects-adolescent-brains/,How weed affects adolescent brains - STAT News,statnews.com,"Apr 20, 2026","The research, published yesterday in Neuropsychopharmacology, used data from the NIH-supported Adolescent Brain Cognitive Development Study, following youth ...",,0,serpapi_outlet_sweep,1,serpapi_outlet_sweep::S-O,1
https://statnews.com/wp-content/uploads/2025/02/statmadness-25-6.pdf,https://www.statnews.com/wp-content/uploads/2025/02/statmadness-25-6.pdf,Psilocybin desynchronizes the human brain,statnews.com,,"The Adolescent Brain Cognitive Development (ABCD) study: imaging acquisition across 21 sites. Dev. Cogn. Neurosci. 32, 43–54 (2018). Article CAS PubMed ...",,0,serpapi_outlet_sweep,1,serpapi_outlet_sweep::S-O,1
https://statnews.com/2020/10/29/a-macarthur-genius-will-likely-use-his-grant-to-support-his-wifes-work-in-the-name-of-science,https://www.statnews.com/2020/10/29/a-macarthur-genius-will-likely-use-his-grant-to-support-his-wifes-work-in-the-name-of-science/,A MacArthur 'genius' will likely use his grant to ... - STAT News,statnews.com,"Oct 29, 2020","He's been instrumental in many large-scale data projects, including the ABCD Study — a National Institutes of Health-funded effort to collect and compare the ...",,0,serpapi_outlet_sweep,1,serpapi_outlet_sweep::S-O,1
https://statnews.com/2025/12/09/how-research-funding-cuts-impacted-trans-nonbinary-scientists,https://www.statnews.com/2025/12/09/how-research-funding-cuts-impacted-trans-nonbinary-scientists/,"Trans, nonbinary researchers see more than funding threatened",statnews.com,"Dec 9, 2025","This summer, Zubizarreta needed to retrieve data from the NIH's Adolescent Brain Cognitive Development Study, which included extensive information about ...",,0,serpapi_outlet_sweep,1,serpapi_outlet_sweep::S-O,1
https://kffhealthnews.org/morning-breakout/health-officials-confirm-wind-down-of-federal-hiv-meds-program,https://kffhealthnews.org/morning-breakout/health-officials-confirm-wind-down-of-federal-hiv-meds-program/,Health Officials Confirm Wind-Down Of Federal HIV Meds ...,kffhealthnews.org,"Jul 24, 2024","... Adolescent Brain Cognitive Development Study, a large, long-term study of brain development and child health in the United States. A majority of the tweens ...",,0,serpapi_outlet_sweep,1,serpapi_outlet_sweep::S-O,1
https://kffhealthnews.org/morning-briefing/friday-october-3-2025,https://kffhealthnews.org/morning-briefing/friday-october-3-2025/,"Friday, October 3, 2025 - KFF Health ...",kffhealthnews.org,"Oct 3, 2025","Consider a 10-year national Adolescent Brain Cognitive Development (ABCD) Study, funded by the federal National Institutes of Health (NIH) and partners. My ...",,0,serpapi_outlet_sweep,1,serpapi_outlet_sweep::S-O,1
