article_id,outlet,title,url,published_date,n1_decision,matched_paper_ids,linkage_test,confidence,exclusion_reason,evidence,provisional_paper_ids,summary
A0000,NPR,"Kids who use social media score lower on reading and memory tests, a study shows",https://www.npr.org/sections/shots-health-news/2025/10/13/nx-s1-5571050/social-media-teens-brains-reading-memory,"10/13/2025, 07:00 AM, +0000 UTC",INCLUDE,"144,1",L3,0.85,,"Title 'Kids who use social media score lower on reading and memory tests' directly paraphrases findings from paper 144 (Nagata 2026 Lancet Regional Health - Americas: social media trajectories → spatial and verbal memory, lower scores) and paper 1 (Nagata 2025 JAMA: social media trajectories → cognitive performance). The 'reading and memory' framing and ABCD Study mention are distinctive to these two papers from the same first author. L3 met via outcome (memory/reading) + exposure (social media) + cohort (ABCD) uniquely consistent with papers 144 and 1.","1,107,144,150,208,287,389,8,95",... Adolescent Brain Cognitive Development (ABCD) Study. Scientists have been following thousands of preteens as they go through adolescence to understand the ...
A0001,NPR,"Screen addiction and suicidal behaviors are linked for teens, a study shows : Shots - Health News",https://www.npr.org/sections/shots-health-news/2025/06/18/nx-s1-5436951/jama-screens-teens-addiction-suicide-abcd,"06/18/2025, 07:00 AM, +0000 UTC",INCLUDE,3,L4,0.97,,"Summary explicitly names 'Xiao' and references ABCD Study in the context of screen addiction and suicidal behaviors. Paper 3 is Xiao 2025 JAMA: 'Addictive Screen Use Trajectories and Suicidal Behaviors, Suicidal Ideation, and Mental Health in US Youths.' L4: lead author surname (Xiao) + topic (screen addiction and suicidality) + ABCD Study cohort, uniquely consistent with paper 3.","106,133,139,157,158,184,24,3,302,304,393,394,49,80,86,95",Xiao and her colleagues used data from a large-scale ongoing longitudinal study called the Adolescent Brain Cognitive Development (ABCD) Study. It's been ...
A0002,NPR,A Look At Social Media Finds Some Possible Benefits For Kids,https://www.npr.org/sections/health-shots/2018/06/19/621136346/a-look-at-social-media-finds-some-possible-benefits-for-kids,"06/19/2018, 07:00 AM, +0000 UTC",EXCLUDE,,,0.0,"general ABCD coverage, no specific paper from corpus — published June 2018 pre-dates all 69 corpus papers; references early ABCD pilot data (~4,500 participants) on social media, not linked to any identifiable corpus paper",,95,"The findings come from an analysis of data from about 4,500 young people and their parents collected by the Adolescent Brain Cognitive Development study, a ..."
A0003,npr.org,Study: Laying Off Pot Improved Teens' Learning : Shots,https://www.npr.org/sections/health-shots/2018/10/30/662127406/when-adolescents-give-up-pot-their-cognition-quickly-improves,"Oct 30, 2018",EXCLUDE,,,0.0,"ABCD coverage of out-of-corpus topic — article is about cannabis use and cognition in adolescents, no social media or smartphone exposure variable",,,Lisdahl says that longitudinal studies such as the NIH's Adolescent Brain Cognitive Development Study could provide more information about what marijuana does ...
A0004,npr.org,Screen addiction and suicidal behaviors are linked for ...,https://www.npr.org/transcripts/nx-s1-5436951,"Jun 18, 2025",INCLUDE,3,L4,0.97,,"NPR transcript of the same Xiao et al. broadcast reported in A0001. Summary states 'data on more than 4,000 kids from ABCD' in context of screen addiction and suicidal behaviors. Paper 3 is Xiao 2025 JAMA on addictive screen use trajectories and suicidal behaviors. L4: topic (screen addiction + suicidality) + ABCD Study + sample description uniquely consistent with paper 3. Likely syndicated/transcript of A0001 but coded independently.",,"So they used data on more than 4,000 kids from a really well-known long-term study called ABCD - or Adolescent Brain Cognitive Development Study. And it's ..."
A0005,npr.org,TASTE BUDDIES: No Sugarcoating How Sweet Affects The ...,https://www.npr.org/transcripts/1110870180,"Jul 28, 2022",EXCLUDE,,,0.0,ABCD coverage of out-of-corpus topic — article is about taste perception and sweets (sugar/food science); ABCD Study mentioned only in passing as a general longitudinal study description,,,Would you introduce us to the ABCD study or the Adolescent Brain Cognitive Development study? JOSEPH: Yeah. So the ABCD study is the largest long-term study ...
A0006,npr.org,"Tweens, screens and sleep: How parents can help kids get ...",https://www.npr.org/sections/shots-health-news/2024/07/24/nx-s1-5049892/tweens-screens-sleep-how-parents-can-help-kids-get-zzzzz,"Jul 24, 2024",INCLUDE,139,L3,0.88,,"Summary specifies 'nearly 9,400 11- and 12-year-olds' from ABCD Study, topic is tweens + screens + sleep. Paper 139 is Nagata 2024 J Adolesc Health: 'Bedtime Screen Use Behaviors and Sleep Outcomes in Early Adolescents' using ABCD data at ages 11-12 (Year 3 follow-up, approximately 9,400 participants). L3: sample size (~9,400), age group (11-12), exposure (screens/bedtime), outcome (sleep) uniquely consistent with paper 139.",,"The study involved nearly 9,400 11- and 12-year-olds who are part of the Adolescent Brain Cognitive Development Study, a large, long-term study of brain ..."
A0007,npr.org,ADHD drugs may work indirectly to boost attention,https://www.npr.org/sections/shots-health-news/2025/12/27/nx-s1-5658291/adhd-adderall-ritalin-mechanism,"Dec 27, 2025",EXCLUDE,,,0.0,"ABCD coverage of out-of-corpus topic — article is about ADHD medication mechanisms (Adderall, Ritalin) using ABCD brain scan data; no social media or smartphone exposure variable",,,"The new research analyzed data from the Adolescent Brain Cognitive Development Study, a federally funded effort that includes brain scans of nearly 12,000 ..."
A0008,npr.org,More Evidence Links Marijuana Use And Psychosis : Shots,https://www.npr.org/sections/health-shots/2019/03/19/704948217/daily-marijuana-use-and-highly-potent-weed-linked-to-psychosis,"Mar 19, 2019",EXCLUDE,,,0.0,ABCD coverage of out-of-corpus topic — article is about marijuana use and psychosis; no social media or smartphone exposure variable,,,"The Adolescent Brain Cognitive Development study, which is funded by the U.S. National Institutes of Health, is attempting to tease out the various ..."
A0009,npr.org,Up First briefing: Biden Oval Office speech; Harris' stance ...,https://www.npr.org/2024/07/25/g-s1-13285/up-first-newsletter-biden-oval-office-address-harris-israel-gaza,"Jul 25, 2024",INCLUDE,139,L3,0.82,,"NPR Up First newsletter summary mentions 'Scientists looked at nearly 9,400 11- and 12-year-olds for the ABCD Study.' Context is screens and sleep in tweens, published July 25, 2024 (same day as A0006). This references the same study as A0006. Paper 139 is Nagata 2024 J Adolesc Health on bedtime screen use and sleep outcomes using ABCD ~9,400 participants ages 11-12. L3: sample (9,400), age (11-12), ABCD, screen/sleep topic uniquely maps to paper 139.",,"Scientists looked at nearly 9,400 11- and 12-year-olds for the Adolescent Brain Cognitive Development Study, a long-term study of brain development and ..."
A0010,PsyPost,More time spent on social media is linked to a thinner cerebral cortex in young adolescents,https://www.psypost.org/more-time-spent-on-social-media-is-linked-to-a-thinner-cerebral-cortex-in-young-adolescents/,"04/15/2026, 07:00 AM, +0000 UTC",INCLUDE,150,L3,0.95,,"Title 'More time spent on social media is linked to a thinner cerebral cortex in young adolescents' precisely describes paper 150 (Nagata 2026 NeuroImage: 'Social media use and early adolescent brain structure: Findings from the ABCD Study'). Paper 150 reports social media use predicting reduced cortical thickness/surface area. L3: outcome (thinner cerebral cortex / brain structure), exposure (social media use), population (young adolescents / early adolescents) uniquely consistent with paper 150. Published April 2026, consistent with paper 150's 2026 publication year.","1,107,133,144,150,208,24,287,302,304,389,393,394,49,8,80",
A0011,PsyPost,Higher social media engagement linked to reduced performance on cognitive assessments,https://www.psypost.org/higher-social-media-engagement-linked-to-reduced-performance-on-cognitive-assessments/,"12/02/2025, 08:00 AM, +0000 UTC",INCLUDE,1,L3,0.93,,"Title 'Higher social media engagement linked to reduced performance on cognitive assessments' paraphrases paper 1 (Nagata 2025 JAMA: 'Social Media Use Trajectories and Cognitive Performance in Adolescents'). L3: exposure (social media engagement/use), outcome (cognitive assessment performance), direction (reduced/negative), uniquely consistent with paper 1. Published December 2025, consistent with paper 1's 2025 publication year.",1,
A0012,PsyPost,Three types of screen time linked to substance experimentation in early adolescents,https://www.psypost.org/three-types-of-screen-time-linked-to-substance-experimentation-in-early-adolescents/,"01/10/2025, 08:00 AM, +0000 UTC",INCLUDE,106,L3,0.92,,"Title 'Three types of screen time linked to substance experimentation in early adolescents' precisely matches paper 106 (Nagata 2025 Drug and Alcohol Dependence: 'Prospective association between screen use modalities and substance use experimentation in early adolescents'). Paper 106 explicitly reports separate per-modality estimates for social media, texting, and video chat predicting substance experimentation — three modality types. L3: three screen time modalities, substance experimentation, early adolescents. Published January 2025, consistent with paper 106's 2025 publication year.","106,133,24,302,304,393,394,49,80",
A0013,PsyPost,Brain structure changes may partially explain the link between screen time and ADHD,https://www.psypost.org/brain-structure-changes-may-partially-explain-the-link-between-screen-time-and-adhd/,"11/26/2025, 08:00 AM, +0000 UTC",INCLUDE,84,L3,0.78,,"Title 'Brain structure changes may partially explain the link between screen time and ADHD' matches paper 84 (Shou 2026 Acta Psychologica: 'The association between screen time and cognitive function in children: The partially mediating role of putamen volume'). Paper 84 reports putamen volume (brain structure) as a partial mediator between screen time and cognitive function; ADHD-related attention may be the specific cognitive domain highlighted. L3: brain structure (putamen/brain changes), partial mediation, screen time, cognitive/attention outcome, ABCD data. Confidence moderate (0.78) because paper 84's title says 'cognitive function' not 'ADHD' directly, though putamen volume and attention/ADHD are closely related.",84,
A0014,PsyPost,"Early screen time not a cause of autism, study concludes",https://www.psypost.org/early-screen-time-not-a-cause-of-autism-study-concludes/,"12/31/2024, 08:00 AM, +0000 UTC",EXCLUDE,,,0.0,"non-ABCD cohort — article about early screen time and autism causation, which is a toddler/infant study; ABCD study follows children from age 9-10, not toddlers; autism causation from early screen time is not a corpus topic",,84,
A0015,PsyPost,From likes to anxiety: Examining the psychological costs of social media among teens,https://www.psypost.org/from-likes-to-anxiety-examining-the-psychological-costs-of-social-media-among-teens/,"03/15/2024, 07:00 AM, +0000 UTC",EXCLUDE,,,0.0,"insufficient evidence to link to specific corpus paper — title ('From likes to anxiety: Examining the psychological costs of social media among teens') describes a broad review or non-ABCD study; provisional paper 84 (Shou 2026 Acta Psychologica, screen time/cognition/putamen) does not match the article's social media anxiety framing; no L1-L4 criterion met for any specific corpus paper",,84,
A0016,PsyPost,"TikTok leads as the most popular platform among underage users, research reveals",https://www.psypost.org/tiktok-leads-as-the-most-popular-platform-among-underage-users-research-reveals/,"01/10/2025, 08:00 AM, +0000 UTC",EXCLUDE,,,0.0,"non-ABCD cohort — article about TikTok platform popularity among underage users; provisional paper 95 (He 2025, video game vs. social media addiction and reward circuit in ABCD) does not cover TikTok platform popularity statistics; article likely reports a different dataset or industry survey, not an ABCD corpus paper",,95,
A0017,PsyPost,Excessive screen time linked to developmental and behavioral issues in U.S. children,https://www.psypost.org/excessive-screen-time-linked-to-developmental-and-behavioral-issues-in-u-s-children/,"01/30/2024, 08:00 AM, +0000 UTC",EXCLUDE,,,0.0,"insufficient evidence to link to specific corpus paper — title ('Excessive screen time linked to developmental and behavioral issues in U.S. children') is too generic to map uniquely to any corpus paper; provisional paper 190 (Sauce 2022 Scientific Reports) is about digital media and intelligence, not 'developmental and behavioral issues' broadly; published January 2024 making paper 190 (2022) a possible but uncertain fit; no distinctive paraphrase (L3) or other L1-L4 criterion clearly met",,190,
A0018,MedPage Today,Increasing Social Media Use in Preteens May Be Hurting Cognition Too,https://www.medpagetoday.com/pediatrics/generalpediatrics/117911,"10/13/2025, 07:00 AM, +0000 UTC",INCLUDE,1,L3,0.97,,"Summary explicitly states 'ages 9 to 13 years, both low increasing social media use (+1.3 hours/day) and high increasing [trajectory]' from ABCD Study. These specific trajectory descriptions — 'low increasing' with '+1.3 hours/day' and 'high increasing' — are distinctive markers from paper 1 (Nagata 2025 JAMA: 'Social Media Use Trajectories and Cognitive Performance in Adolescents'), which uses group-based trajectory modeling with exactly those trajectory labels. L3: sample ages (9-13), trajectory groups (low increasing +1.3 h/day), exposure (social media), ABCD cohort uniquely consistent with paper 1.","1,107,133,144,150,208,24,287,302,304,389,393,394,49,8,80,95","... Adolescent Brain Cognitive Development (ABCD) study. From ages 9 to 13 years, both low increasing social media use (+1.3 hours/day) and high increasing ..."
A0019,MedPage Today,Teens Spend an Hour on Their Smartphones at School,https://www.medpagetoday.com/pediatrics/generalpediatrics/119288,"01/05/2026, 08:00 AM, +0000 UTC",INCLUDE,154,L3,0.9,,"Summary states '640 teens with passive measurement software on their phones' from ABCD Study, spending 'mean of 1.16 hours' on smartphones at school. Paper 154 is Alexander 2025 Psychiatry Research: 'Adolescent smartphone use, sleep, and physical activity: daily associations between sensor-based measures in the ABCD Study.' This is the only ABCD corpus paper using passive sensor-based smartphone measurement (EARS platform). L3: passive measurement software (sensor-based), specific n=640, ABCD Study, smartphone use outcome uniquely consistent with paper 154.","1,107,133,144,150,208,24,287,302,304,389,393,394,49,8,80","... Adolescent Brain Cognitive Development (ABCD) study. Among 640 teens with passive measurement software on their phones, a mean of 1.16 hours was spent using ..."
A0020,MedPage Today,Addiction to Screen Time Tied to Suicidality in U.S. Kids,https://www.medpagetoday.com/pediatrics/generalpediatrics/116127,"06/18/2025, 07:00 AM, +0000 UTC",INCLUDE,3,L4,0.97,,"Title 'Addiction to Screen Time Tied to Suicidality in U.S. Kids' and summary confirming ABCD Study data with multi-site population-based samples (21 sites). Paper 3 is Xiao 2025 JAMA: 'Addictive Screen Use Trajectories and Suicidal Behaviors, Suicidal Ideation, and Mental Health in US Youths,' which uses ABCD data from 21 sites. L4: institution/study (ABCD, 21 sites) + topic (screen addiction and suicidality) uniquely consistent with paper 3. Published June 18, 2025 matches paper 3's 2025 publication year.",3,"The study used data from the Adolescent Brain Cognitive Development (ABCD) study, with population-based samples from 21 sites across the U.S.. Limitations ..."
A0021,MedPage Today,Toddlers' Screen Time Linked to Delayed Development,https://www.medpagetoday.com/pediatrics/generalpediatrics/105970,"08/21/2023, 07:00 AM, +0000 UTC",EXCLUDE,,,0.0,"non-ABCD cohort — article is about toddlers' screen time and delayed development; ABCD Study enrolls children at ages 9-10, not toddlers; this article covers a different pediatric cohort study",,84,
A0022,medpagetoday.com,NIH Data Misused for 'Race Science'; RFK Jr.'s Autism ...,https://www.medpagetoday.com/special-reports/features/119625,"Jan 28, 2026",EXCLUDE,,,0.0,"general ABCD coverage, no specific paper from corpus — article discusses misuse of NIH/ABCD data for race science and RFK Jr.'s autism claims; ABCD Study mentioned as a data source in a policy/controversy context, not covering any specific phone/SM corpus paper",,,The Adolescent Brain Cognitive Development (ABCD) Study is a decade-long endeavor tracking kids' brain development in order to give insight into the impact ...
A0023,medpagetoday.com,"Brain Structure, Cognitive Performance Linked With ...",https://www.medpagetoday.com/pediatrics/preventivecare/100164,"Aug 10, 2022",EXCLUDE,,,0.0,"ABCD coverage of out-of-corpus topic — title fragment 'Brain Structure, Cognitive Performance Linked With...' and August 2022 date from ABCD cohort; available summary does not reference social media or smartphone exposure; likely covers an ABCD brain imaging/cognitive study without a qualifying phone/SM variable; no L1-L4 criterion met for any corpus paper",,,This observational cohort study was conducted using data from the Adolescent Brain and Cognitive Developmentopens in a new tab or window (ABCD) study of ...
A0024,medpagetoday.com,Video Games May Not Rot Kids' Brains After All,https://www.medpagetoday.com/pediatrics/generalpediatrics/101377,"Oct 24, 2022",EXCLUDE,,,0.0,ABCD coverage of out-of-corpus topic — article is about video games and children's brain/cognitive outcomes using ABCD data; no social media or smartphone exposure variable relevant to corpus,,,The Adolescent Brain Cognitive Development (ABCD) Study is supported by the National Institute on Drug Abuse. A study co-author reported grants from the NIH ...
A0025,medpagetoday.com,Asthma Tied to Memory Difficulties in Kids,https://www.medpagetoday.com/pulmonology/asthma/112842,"Nov 11, 2024",EXCLUDE,,,0.95,ABCD coverage of out-of-corpus topic (asthma and memory),"Title 'Asthma Tied to Memory Difficulties in Kids' and snippet confirm ABCD data, but topic is asthma-cognition link — no phone/SM variable in any of the 69 corpus papers.",,"For this study, the researchers used data collected from the long-term Adolescent Brain Cognitive Development (ABCD) Studyopens in a new tab or window."
A0026,medpagetoday.com,No Causal Link Between Stimulants and Psychotic ...,https://www.medpagetoday.com/pediatrics/generalpediatrics/115531,"May 12, 2025",EXCLUDE,,,0.95,ABCD coverage of out-of-corpus topic (stimulants and psychosis),"Title 'No Causal Link Between Stimulants and Psychotic...' and snippet confirm ABCD data, but topic is stimulant treatment and psychotic symptoms — no phone/SM variable in any of the 69 corpus papers.",,... Adolescent Brain Cognitive Development Studyopens in a new tab or window. Treatment propensities were derived using covariates indexing demographic factors ...
A0027,medpagetoday.com,Childhood Adversity Tied to Race-Related Differences in ...,https://www.medpagetoday.com/psychiatry/generalpsychiatry/102906,"Feb 1, 2023",EXCLUDE,,,0.95,"ABCD coverage of out-of-corpus topic (childhood adversity, race, gray matter)",Title 'Childhood Adversity Tied to Race-Related Differences in...' and snippet reference ABCD ages 9-10 but topic is racial disparities in brain gray matter — no phone/SM variable in any of the 69 corpus papers.,,"... Adolescent Brain Cognitive Development (ABCDopens in a new tab or window) study. Among children ages 9 to 10 years, white kids showed greater gray matter ..."
A0028,medpagetoday.com,Brain MRI Finds Areas of Interest in Kids With ADHD,https://www.medpagetoday.com/meetingcoverage/rsna/101983,"Nov 30, 2022",EXCLUDE,,,0.95,"ABCD coverage of out-of-corpus topic (brain MRI and ADHD, no phone/SM focus)","Title 'Brain MRI Finds Areas of Interest in Kids With ADHD' and snippet reference ABCD MRI data, but article is about neuroimaging correlates of ADHD — no phone/SM variable in any of the 69 corpus papers.",,"Lin and co-authors used MRI data from the NIH-sponsored multisite Adolescent Brain Cognitive Development (ABCD) study, which is the largest long-term study ..."
A0029,Medical Xpress,"Teens use cellphones for an hour a day at school, study finds",https://medicalxpress.com/news/2026-01-teens-cellphones-hour-day-school.html,"01/10/2026, 08:00 AM, +0000 UTC",EXCLUDE,,,0.85,ABCD coverage of out-of-corpus topic (in-school cellphone use frequency),Title 'Teens use cellphones for an hour a day at school' describes a descriptive finding about in-school phone use duration. None of the 69 corpus papers specifically examine or report in-school cellphone use as a primary finding. Provisional IDs (Nagata UCSF set) do not include any paper measuring in-school phone use specifically. L3 cannot be established without a distinctive paraphrase matching a corpus paper.,"1,107,144,150,208,287,389,8,95",
A0030,Medical Xpress,Social media usage linked to lower cognitive performance in preteens,https://medicalxpress.com/news/2025-10-social-media-usage-linked-cognitive.html,"10/18/2025, 07:00 AM, +0000 UTC",INCLUDE,1,L3,0.92,,"Title 'Social media usage linked to lower cognitive performance in preteens' paraphrases the central finding of paper 1 (Nagata 2025 JAMA, 'Social Media Use Trajectories and Cognitive Performance in Adolescents'): social media use as IV + cognitive performance as DV + ABCD preteen sample. The directional claim (social media → lower cognition) and age group uniquely match paper 1.",1,
A0031,Medical Xpress,"Addictive screen use, not total screen time, linked to youth suicide risk",https://medicalxpress.com/news/2025-06-addictive-screen-total-linked-youth.html,"06/18/2025, 07:00 AM, +0000 UTC",INCLUDE,3,L3,0.95,,"Title 'Addictive screen use, not total screen time, linked to youth suicide risk' closely paraphrases paper 3 (Xiao 2025 JAMA, 'Addictive Screen Use Trajectories and Suicidal Behaviors...'): addictive screen use (SMAQ/MPIQ trajectories) as IV + suicidal behaviors as DV, with the distinctive contrast against total screen time. This framing is uniquely consistent with Xiao 2025 JAMA.",3,
A0032,Medical Xpress,Problematic social media use predicts higher depressive symptoms in adolescents under 16,https://medicalxpress.com/news/2026-03-problematic-social-media-higher-depressive.html,"03/16/2026, 07:00 AM, +0000 UTC",INCLUDE,"8,86",multi,0.75,,"Title 'Problematic social media use predicts higher depressive symptoms in adolescents under 16' maps to paper 8 (Nagata 2025 JAMA Network Open, SM use → depressive symptoms in ABCD) and paper 86 (Nagata 2026 AJPM, problematic screen use including SMAQ → depressive/mental health outcomes). The 'problematic social media' framing overlaps both. Published 03/2026 — paper 86 (2026) may be the primary; paper 8 also plausible.",8,
A0033,Medical Xpress,"Social media use increases depression in preteens, not vice versa, researchers find",https://medicalxpress.com/news/2025-05-social-media-depression-preteens-vice.html,"05/21/2025, 07:00 AM, +0000 UTC",INCLUDE,8,L3,0.92,,"Title 'Social media use increases depression in preteens, not vice versa, researchers find' paraphrases the cross-lagged directional finding of paper 8 (Nagata 2025 JAMA Network Open): social media → depressive symptoms (not reverse), in ABCD preteen sample. The 'not vice versa' framing uniquely matches the cross-lagged panel result of paper 8.",8,
A0034,Medical Xpress,"Research reveals possible link between teen personalities, social media preferences and depressive symptoms",https://medicalxpress.com/news/2024-01-reveals-link-teen-personalities-social.html,"01/18/2024, 08:00 AM, +0000 UTC",EXCLUDE,,,0.8,ABCD coverage of out-of-corpus topic (personality traits and social media preferences),"Title 'Research reveals possible link between teen personalities, social media preferences and depressive symptoms' incorporates 'personality types' as a moderator — a variable not featured in paper 8 or any of the 69 corpus papers. This appears to reference a different ABCD-based study examining personality × social media × depression that is outside the corpus.",8,
A0035,Medical Xpress,Teen depression? Study finds clues in screen use and sleep quality,https://medicalxpress.com/news/2025-06-teen-depression-clues-screen-quality.html,"06/23/2025, 07:00 AM, +0000 UTC",INCLUDE,13,L3,0.9,,"Title 'Teen depression? Study finds clues in screen use and sleep quality' paraphrases paper 13 (Lima Santos 2025 JAMA Pediatrics, 'Role of Sleep and White Matter in the Link Between Screen Time and Depression'): screen time + sleep as mediator/co-variable + depression in adolescents. The joint screen-sleep-depression framing uniquely matches Lima Santos 2025.",13,
A0036,Medical Xpress,"Addictive digital habits in early adolescence linked to mental health struggles, study finds",https://medicalxpress.com/news/2026-02-addictive-digital-habits-early-adolescence.html,"02/12/2026, 08:00 AM, +0000 UTC",INCLUDE,86,L3,0.75,,"Title 'Addictive digital habits in early adolescence linked to mental health struggles, study finds' (published 02/2026) most likely covers paper 86 (Nagata 2026 AJPM, 'Prospective Associations Between Early Adolescent Problematic Screen Use, Mental Health, Sleep, and Substance Use'): addictive/problematic screen use (SMAQ/MPIQ) + mental health outcomes in early adolescence from ABCD. Paper 95 (He 2025 CHB, social media addiction + neural reward) is also a provisional ID but is a narrower fMRI paper; paper 18 (Li 2024 Advanced Science, brain development) does not fit the 'mental health struggles' framing.","18,86,95",
A0037,Medical Xpress,"Screen time tied to depression, anxiety in 9- and 10-year-olds",https://medicalxpress.com/news/2024-10-screen-depression-anxiety-year-olds.html,"10/07/2024, 07:00 AM, +0000 UTC",INCLUDE,393,L3,0.7,,"Title 'Screen time tied to depression, anxiety in 9- and 10-year-olds' (published 10/2024) maps to paper 393 (Nagata 2024 BMC Public Health, 'Screen time and mental health: a prospective analysis of the ABCD Study'): screen time → depressive symptoms + anxiety, ages 9-10 from ABCD. The age specificity (9-10) and mental health focus align. Paper 394 has the same DOI as 393 (likely a data entry duplicate). Confidence is moderate because the title is generic and other Nagata UCSF papers (e.g., 86, 49) could partially match.","106,133,139,157,158,184,24,302,304,393,394,49,80,86",
A0038,Medical Xpress,Screen time linked to bipolar and manic symptoms in U.S. preteens,https://medicalxpress.com/news/2025-02-screen-linked-bipolar-manic-symptoms.html,"02/20/2025, 08:00 AM, +0000 UTC",INCLUDE,49,L3,0.95,,"Title 'Screen time linked to bipolar and manic symptoms in U.S. preteens' (published 02/2025) uniquely maps to paper 49 (Nagata 2025 Social Psychiatry and Psychiatric Epidemiology, 'Screen time and manic symptoms in early adolescents: prospective findings from the ABCD Study'): screen time IV + manic symptoms DV + ABCD early adolescents. 'Bipolar and manic symptoms' is a very distinctive outcome pairing found specifically in paper 49.","106,133,139,157,158,184,24,302,304,393,394,49,80,86",
A0039,Medical Xpress,Transgender preteens report 13 hours of daily screen time,https://medicalxpress.com/news/2024-05-transgender-preteens-hours-daily-screen.html,"05/13/2024, 07:00 AM, +0000 UTC",EXCLUDE,,,0.85,ABCD coverage of out-of-corpus topic (screen time in transgender youth),Title 'Transgender preteens report 13 hours of daily screen time' (published 05/2024) reports screen time in transgender/gender-diverse youth as a demographic/descriptive finding. None of the 69 corpus papers focus on screen time patterns in transgender or gender-diverse youth as the primary finding. L3 criteria cannot be met.,"106,133,139,157,158,184,24,302,304,393,394,49,80,86",
A0040,Medical Xpress,"Gay, lesbian, bisexual preteens spend 4 more hours on screens daily, finds study",https://medicalxpress.com/news/2023-03-gay-lesbian-bisexual-preteens-hours.html,"03/31/2023, 07:00 AM, +0000 UTC",EXCLUDE,,,0.85,ABCD coverage of out-of-corpus topic (screen time disparities in LGB youth),"Title 'Gay, lesbian, bisexual preteens spend 4 more hours on screens daily, finds study' (published 03/2023) focuses on sexual-minority screen time disparities as a descriptive finding. None of the 69 corpus papers have LGB/sexual orientation as the primary framing or finding. L3 criteria cannot be met.","106,133,139,157,158,184,24,302,304,393,394,49,80,86",
A0041,Medical Xpress,Excessive screen time linked to suicidal behaviors in US preteens,https://medicalxpress.com/news/2023-02-excessive-screen-linked-suicidal-behaviors.html,"02/27/2023, 08:00 AM, +0000 UTC",INCLUDE,160,L3,0.95,,"Title 'Excessive screen time linked to suicidal behaviors in US preteens' (published 02/2023) paraphrases paper 160 (Chu 2023 Preventive Medicine, 'Screen time and suicidal behaviors among U.S. children 9-11 years old: A prospective cohort study'): screen time + suicidal behaviors + US preteens ages 9-11 from ABCD. The specific combination of 'excessive screen time' + 'suicidal behaviors' + 'US preteens' uniquely maps to Chu 2023.","160,70",
A0042,Medical Xpress,Screen time and social media use linked to eating disorder symptoms in young adolescents,https://medicalxpress.com/news/2024-09-screen-social-media-linked-disorder.html,"09/10/2024, 07:00 AM, +0000 UTC",INCLUDE,70,L3,0.9,,"Title 'Screen time and social media use linked to eating disorder symptoms in young adolescents' (published 09/2024) paraphrases paper 70 (Chu 2024 Eating and Weight Disorders, 'Screen time, problematic screen use, and eating disorder symptoms among early adolescents: findings from the ABCD Study'): screen time AND social media use + eating disorder symptoms + adolescents from ABCD. Paper 35 (Shi 2025 Obesity) was not yet published at article date (09/2024), so paper 70 is the best match.","160,70",
A0043,Medical Xpress,Higher screen time linked to ADHD symptoms and altered brain development,https://medicalxpress.com/news/2025-11-higher-screen-linked-adhd-symptoms.html,"11/21/2025, 08:00 AM, +0000 UTC",INCLUDE,"84,435",multi,0.65,,"Title 'Higher screen time linked to ADHD symptoms and altered brain development' (published 11/2025) partially maps to paper 84 (Shou 2026 Acta Psychologica, screen time + cognitive function + putamen volume) for the 'altered brain development' component, and to paper 435 (Nivins 2025 Pediatrics Open Science, digital media + genetics + ADHD symptoms) for the 'ADHD symptoms' component. Neither paper alone covers both aspects; low confidence — flagged for human review.",84,
A0044,Medical Xpress,Genetic risks of autism and ADHD may be related to more screen time in children,https://medicalxpress.com/news/2023-10-genetic-autism-adhd-screen-children.html,"10/26/2023, 07:00 AM, +0000 UTC",EXCLUDE,,,0.75,ABCD coverage of out-of-corpus topic (genetic risk for autism/ADHD and screen time),"Title 'Genetic risks of autism and ADHD may be related to more screen time in children' (published 10/2023) focuses on autism genetic risk + ADHD genetic risk → screen time. No corpus paper specifically examines autism genetic risk in relation to screen time. Paper 435 (Nivins 2025, genetics + ADHD + digital media) was not published until 2025 and focuses on ADHD not autism. The autism component places this outside the corpus. Flagged for human review.",84,
A0045,Medical Xpress,Excessive social media use tied to substance experimentation in US pre-teens,https://medicalxpress.com/news/2024-11-excessive-social-media-substance-experimentation.html,"11/16/2024, 08:00 AM, +0000 UTC",INCLUDE,106,L3,0.9,,"Title 'Excessive social media use tied to substance experimentation in US pre-teens' (published 11/2024) paraphrases paper 106 (Nagata 2025 Drug and Alcohol Dependence, 'Prospective association between screen use modalities and substance use experimentation in early adolescents'): social media use + substance experimentation + US pre-teens from ABCD. The combination of social media + substance experimentation + preteen sample uniquely maps to paper 106.",106,
A0046,Medical Xpress,New study reveals how screen time affects preteen sleep,https://medicalxpress.com/news/2024-07-reveals-screen-affects-preteen.html,"07/22/2024, 07:00 AM, +0000 UTC",INCLUDE,139,L3,0.82,,"Title 'New study reveals how screen time affects preteen sleep' (published 07/2024) maps most directly to paper 139 (Nagata 2024 Journal of Adolescent Health, 'Bedtime Screen Use Behaviors and Sleep Outcomes in Early Adolescents: A Prospective Cohort Study'): screen time (bedtime behaviors) + sleep outcomes + preteens from ABCD, published 2024. Paper 157 (Nagata 2023 Sleep Health) is the same topic but earlier; the 07/2024 article date aligns better with paper 139 as the primary coverage.","139,157",
A0047,Medical Xpress,Unlocking restful nights: Teen-friendly social media habits for optimal sleep,https://medicalxpress.com/news/2023-05-restful-nights-teen-friendly-social-media.html,"05/24/2023, 07:00 AM, +0000 UTC",INCLUDE,157,L3,0.85,,"Title 'Unlocking restful nights: Teen-friendly social media habits for optimal sleep' (published 05/2023) maps to paper 157 (Nagata 2023 Sleep Health, 'Bedtime screen use behaviors and sleep outcomes: Findings from the ABCD Study'): social media bedtime habits + sleep outcomes in teens from ABCD. Published May 2023, consistent with paper 157 (2023 Sleep Health). The 'social media habits for sleep' framing fits paper 157's bedtime screen use focus.","139,157",
A0048,Medical Xpress,"Youth screen use can cause family conflict, exacerbate mental health problems",https://medicalxpress.com/news/2025-10-youth-screen-family-conflict-exacerbate.html,"10/13/2025, 07:00 AM, +0000 UTC",INCLUDE,"175,167",multi,0.9,,"Title 'Youth screen use can cause family conflict, exacerbate mental health problems' (published 10/2025) maps to paper 175 (Carvalho 2025 Journal of Family Psychology, 'Youth electronic media use and family conflict: Bidirectional associations across early adolescence') for the 'family conflict' component, and to paper 167 (Carvalho 2025 Development and Psychopathology, 'The role of smartphones in adolescent-parent discrepancy in reporting adolescents' internalizing problems') for the 'mental health problems' component. Both are Carvalho 2025 ABCD papers from the same research group.","167,175",
A0049,Medical Xpress,Excessive screen time linked to obesity in US preteen,https://medicalxpress.com/news/2021-06-excessive-screen-linked-obesity-preteen.html,"06/28/2021, 07:00 AM, +0000 UTC",INCLUDE,302,L3,0.95,,"Title 'Excessive screen time linked to obesity in US preteen' (published 06/2021) paraphrases paper 302 (Nagata 2021 Pediatric Obesity, 'Contemporary screen time usage among children 9-10-years-old is associated with higher body mass index percentile at 1-year follow-up: A prospective cohort study'): screen time + BMI/obesity + US preteens ages 9-10 from ABCD, published 2021. The combination uniquely maps to paper 302.",302,
A0050,Medical Xpress,Frequent social media use could impact child development,https://medicalxpress.com/news/2026-03-frequent-social-media-impact-child.html,"03/25/2026, 07:00 AM, +0000 UTC",INCLUDE,310,L3,0.82,,"Title 'Frequent social media use could impact child development' maps to paper 310 (Carvalho & Ravindran, Journal of Research on Adolescence, 2025), which examines associations between social media hours and crystallized/fluid cognitive performance trajectories in ABCD youth. Published March 2025, article date March 2026. Paraphrase of social media effect on development/cognitive trajectories uniquely consistent with paper 310 among corpus papers on this topic published at that time.",310,
A0051,Medical Xpress,Owning a smartphone at age 12 linked to mental and physical health risks,https://medicalxpress.com/news/2025-12-smartphone-age-linked-mental-physical.html,"12/02/2025, 08:00 AM, +0000 UTC",INCLUDE,431,L3,0.92,,"Title 'Owning a smartphone at age 12 linked to mental and physical health risks' maps precisely to paper 431 (Barzilay et al., Pediatrics, 2026), which examines smartphone ownership and age of first smartphone acquisition as predictors of depression (OR=1.31), obesity (OR=1.40), and insufficient sleep (OR=1.62) in ABCD early adolescents. Mention of a specific age of acquisition and mental+physical health outcomes uniquely matches paper 431.",431,
A0052,the Manitoban,Social media use linked to cognitive decline in youth,https://themanitoban.com/2025/11/social-media-use-linked-to-cognitive-decline-in-youth/51082/,"11/26/2025, 08:00 AM, +0000 UTC",INCLUDE,"1,144",multi,0.8,,"Title 'Social media use linked to cognitive decline in youth' maps to paper 1 (Nagata et al., JAMA 2025 — social media use trajectories and cognitive performance via NIH Toolbox) and paper 144 (Nagata et al., Lancet Regional Health-Americas 2026 — SM use trajectories and spatial/verbal memory). Both papers link social media to cognitive outcomes in ABCD youth. Article published November 2025, consistent with coverage of paper 1 (2025) and potentially paper 144 (preprint/early publication 2026). Multi-mapped to both.","1,107,133,144,150,208,24,287,302,304,389,393,394,49,8,80",
A0053,U.S. News & World Report,"Social Media Might Stunt Students' Intellect, Study Says",https://www.usnews.com/news/health-news/articles/2025-10-14/social-media-might-stunt-students-intellect-study-says,"10/14/2025, 07:00 AM, +0000 UTC",INCLUDE,1,L3,0.87,,"Title 'Social Media Might Stunt Students' Intellect, Study Says' (U.S. News, Oct 14, 2025) maps to paper 1 (Nagata et al., JAMA 2025 — social media trajectories and cognitive performance including NIH Toolbox Cognition Battery subtests). Published in same October 2025 window as several outlets covering paper 1. 'Stunt intellect' paraphrases the finding of high-increasing SM trajectory associated with lower cognitive performance. Paper 310 (Carvalho 2025 fluid/crystallized) is alternative but paper 1 is higher-profile (JAMA) and more likely target of this framing.","1,107,144,150,208,287,389,8,95",
A0054,U.S. News & World Report,Youngsters Face Heart Health Risks From Too Much Screen Time,https://www.usnews.com/news/health-news/articles/2025-08-06/youngsters-face-heart-health-risks-from-too-much-screen-time,"08/06/2025, 07:00 AM, +0000 UTC",EXCLUDE,,,0.88,out-of-corpus topic — article is about screen time and heart/cardiovascular health risks in youth; no corpus paper covers cardiovascular outcomes from smartphone/SM use,"Title 'Youngsters Face Heart Health Risks From Too Much Screen Time' refers to a cardiovascular health outcome. No paper in candidate_papers.json covers heart health or cardiometabolic outcomes as a primary finding linked to smartphone/SM use. Paper 84 (Shou, Acta Psychologica — screen time + cognitive function + putamen volume, the provisional match) is unrelated to heart health. L1-L4 not met for any corpus paper.",84,
A0055,Contemporary Pediatrics,"Jason Nagata, MD, MSc, highlights frequent teen smartphone use during school hours",https://www.contemporarypediatrics.com/view/jason-nagata-md-msc-highlights-frequent-teen-smartphone-use-during-school-hours,"01/19/2026, 08:00 AM, +0000 UTC",EXCLUDE,,,0.78,"general Nagata coverage — interview/highlight about smartphone use during school hours, a topic not specifically covered by any corpus paper; no paper from candidate_papers.json specifically examines in-school smartphone use as primary outcome","Title 'Jason Nagata, MD, MSc, highlights frequent teen smartphone use during school hours' describes an interview or editorial commentary about Nagata's work in general. No corpus paper specifically investigates smartphone use during school hours as a primary IV or DV. The provisional list of Nagata papers (1, 8, 107, 144, 150, 208, 287, 389) are all about different outcome associations; none specifically focus on school-hours phone use as the study's core construct. L1-L4 not satisfied for any specific corpus paper.","1,107,144,150,208,287,389,8",
A0056,Contemporary Pediatrics,Social media potentially linked to depression in children,https://www.contemporarypediatrics.com/view/social-media-potentially-linked-to-depression-in-children,"05/22/2025, 07:00 AM, +0000 UTC",INCLUDE,8,L3,0.9,,"Title 'Social media potentially linked to depression in children' published May 22, 2025 maps to paper 8 (Nagata et al., JAMA Network Open, 2025 — social media use and depressive symptoms during early adolescence, ABCD). Paper 8 reports cross-lagged paths: SM Y1 -> depressive symptoms Y2, beta=0.07; Y2->Y3, beta=0.09. Article timing (May 2025) coincides with paper 8's publication in JAMA Network Open. 'Social media potentially linked to depression' paraphrases paper 8's core finding uniquely.","1,107,144,150,208,287,389,8",
A0057,Contemporary Pediatrics,Addictive screen use tied to youth mental health risks,https://www.contemporarypediatrics.com/view/addictive-screen-use-tied-to-youth-mental-health-risks,"06/19/2025, 07:00 AM, +0000 UTC",INCLUDE,3,L3,0.9,,"Title 'Addictive screen use tied to youth mental health risks' published June 19, 2025 maps to paper 3 (Xiao et al., JAMA 2025 — addictive screen use trajectories and suicidal behaviors, suicidal ideation, and mental health in US youths). 'Addictive screen use' is a term that uniquely characterizes paper 3 (which uses SMAQ and MPIQ trajectory groups for addictive social media and phone use). Paper 48 (Keyes — childhood symptoms predict screen time changes) does not have 'addictive screen use → mental health' framing. L3 satisfied for paper 3.","3,48",
A0058,Contemporary Pediatrics,Social media use and binge eating in early adolescence,https://www.contemporarypediatrics.com/view/social-media-use-and-binge-eating-in-early-adolescence,"01/06/2025, 08:00 AM, +0000 UTC",INCLUDE,35,L3,0.92,,"Title 'Social media use and binge eating in early adolescence' published January 6, 2025 maps precisely to paper 35 (Shi et al., Obesity, 2025 — concurrent and prospective associations of social media usage with binge eating symptoms in early adolescence from ABCD). Title is nearly verbatim restatement of paper 35's topic and finding. L3 uniquely satisfied — no other corpus paper specifically links social media use to binge eating in early adolescence.",35,
A0059,Contemporary Pediatrics,"Weekly review: New peanut patch data, norovirus outbreaks, and more",https://www.contemporarypediatrics.com/view/weekly-review-new-peanut-patch-data-norovirus-outbreaks-and-more,"01/13/2025, 08:00 AM, +0000 UTC",EXCLUDE,,,0.87,"general aggregator — weekly news digest covering peanut patch data, norovirus, and unrelated topics; no evidence this item covers paper 35 or any corpus paper about social media/screen time","Title 'Weekly review: New peanut patch data, norovirus outbreaks, and more' from Contemporary Pediatrics (Jan 13, 2025) is a general weekly digest. The title content (peanut patch, norovirus) has no overlap with any corpus paper's topic. Provisional assignment to paper 35 (social media + binge eating) appears to be a search artifact. L1-L4 not met.",35,
A0060,Contemporary Pediatrics,Screen time under 2 years of age and autism risk at 12 years,https://www.contemporarypediatrics.com/view/screen-time-under-2-years-of-age-and-autism-risk-at-12-years,"01/07/2025, 08:00 AM, +0000 UTC",EXCLUDE,,,0.9,out-of-corpus topic — article covers toddler/infant screen time and autism risk; no corpus paper examines screen time in children under 2 years or autism diagnosis as an outcome,"Title 'Screen time under 2 years of age and autism risk at 12 years' describes a study of screen use in infants/toddlers and autism risk — out-of-corpus. Provisional paper 84 (Shou, Acta Psychologica — screen time + cognitive function + putamen volume in ABCD children 9-10) does not cover toddler age range or autism outcomes. L1-L4 not met for any corpus paper.",84,
A0061,Contemporary Pediatrics,Study finds parents' screen habits shape kids' media exposure,https://www.contemporarypediatrics.com/view/study-finds-parents-screen-habits-shape-kids-media-exposure,"02/06/2025, 08:00 AM, +0000 UTC",INCLUDE,184,L3,0.88,,"Title 'Study finds parents' screen habits shape kids' media exposure' published February 6, 2025 maps to paper 184 (Nagata et al., Pediatric Research, 2025 — associations between media parenting practices and early adolescent screen use, ABCD). Paper 184 examines how parental media habits (including parental bedroom screen use predicting problematic SM use: B=1.91) influence child screen behavior. Paraphrase 'parents' screen habits → kids' media exposure' uniquely matches paper 184's core finding.",184,
A0062,Contemporary Pediatrics,Social media use linked to rising inattentive ADHD symptoms in children,https://www.contemporarypediatrics.com/view/social-media-use-linked-to-rising-inattentive-adhd-symptoms-in-children,"01/22/2026, 08:00 AM, +0000 UTC",INCLUDE,"435,436",L3,0.88,,"Title 'Social media use linked to rising inattentive ADHD symptoms in children' published January 22, 2026 maps to papers 435/436 (Nivins et al., Pediatrics Open Science, 2025 — digital media, genetics, and risk for ADHD symptoms; social media use x time predicts inattention beta=0.03). Papers 435 and 436 share the same DOI (10.1542/pedsos.2025-000922) and represent the same paper. 'Inattentive ADHD symptoms' and 'social media' uniquely map to this paper. Paper 50 (Deng, online social activity → ADHD) is also possible but paper 435/436 more specifically aligns with 'inattentive' ADHD subtype phrasing.","192,435,436",
A0063,Education Week,"Kids’ Social Media Use Linked to Lower Reading and Memory Scores, Study Suggests",https://www.edweek.org/leadership/kids-social-media-use-linked-to-lower-reading-and-memory-scores-study-suggests/2025/10,"10/17/2025, 07:00 AM, +0000 UTC",INCLUDE,"144,1",multi,0.85,,"Title 'Kids' Social Media Use Linked to Lower Reading and Memory Scores, Study Suggests' (Education Week, Oct 17, 2025). 'Memory scores' uniquely maps to paper 144 (Nagata et al., Lancet Regional Health-Americas 2026 — SM trajectories and spatial/verbal memory: B=-1.90 for RAVLT initial trials). 'Reading scores' may map to paper 1 (Nagata, JAMA 2025 — cognitive performance including oral reading recognition) or paper 144. The article may also reference paper 310 (Carvalho 2025 — crystallized performance includes verbal/reading tasks). Multi-mapped to papers 144 and 1 as the primary matches.","1,107,144,150,208,287,389,8",
A0064,Education Week,Screen Time Can Raise Children’s Chance of OCD. Educators Can Help Prevent That,https://www.edweek.org/leadership/screen-time-can-raise-childrens-chance-of-ocd-educators-can-help-prevent-that/2022/12,"12/20/2022, 08:00 AM, +0000 UTC",INCLUDE,133,L3,0.85,,"Title 'Screen Time Can Raise Children's Chance of OCD. Educators Can Help Prevent That' (Education Week, Dec 20, 2022) maps to paper 133 (Nagata et al., Journal of Adolescent Health, 2023 — screen time and OCD among children 9-10 years old, prospective cohort from ABCD). OCD as an outcome of screen time is a distinctive finding uniquely matching paper 133 in the corpus. Provisional paper 521 (Must, autism/obesity) is mismatched — that paper does not cover OCD. L3 satisfied for paper 133.",521,
A0065,The Washington Post,New study shows social media use predicted future depression in tweens,https://www.washingtonpost.com/lifestyle/2025/06/11/social-media-use-depression-tweens/,"06/11/2025, 07:00 AM, +0000 UTC",INCLUDE,8,L3,0.93,,"Title 'New study shows social media use predicted future depression in tweens' (Washington Post, June 11, 2025). Summary explicitly states 'data was drawn from the national Adolescent Brain Cognitive Development Study.' 'Social media use predicted future depression' with longitudinal framing maps precisely to paper 8 (Nagata et al., JAMA Network Open, 2025 — social media use and depressive symptoms, cross-lagged panel, beta=0.07-0.09 for SM->depression). Article date (June 2025) aligns with paper 8 publication. L3 uniquely satisfied.","1,106,107,139,144,150,157,158,184,208,287,389,8,86,95","The data was drawn from the national Adolescent Brain Cognitive Development Study, which includes a racially and economically diverse sample of children in ..."
A0066,The Washington Post,Perspective | How much screen time? Silicon Valley parents are still trying to figure it out.,https://www.washingtonpost.com/lifestyle/2018/12/27/how-much-screentime-debate-all-parents-are-just-trying-figure-it-out/,"12/27/2018, 08:00 AM, +0000 UTC",EXCLUDE,,,0.9,"general ABCD coverage — 2018 opinion piece about screen time debates among Silicon Valley parents, mentioning ABCD Study launch; no specific corpus paper covered","Title 'Perspective | How much screen time? Silicon Valley parents are still trying to figure it out.' published December 27, 2018. Summary states 'The National Institutes of Health recently announced the launch of the Adolescent Brain Cognitive Development (ABCD) study.' This predates all corpus papers and is a general background mention of ABCD at its launch. No specific paper from candidate_papers.json could be covered (all papers are from 2019 onwards, most 2021-2026). L1-L4 not met.",95,"The National Institutes of Health (NIH) recently announced the launch of the Adolescent Brain Cognitive Development (ABCD) study, which will track more ..."
A0067,washingtonpost.com,Racism can spark depression and anxiety in Black ...,https://www.washingtonpost.com/health/2024/06/14/racism-depression-anxiety-black-adolescents/,"Jun 14, 2024",EXCLUDE,,,0.92,"ABCD coverage of out-of-corpus topic — article is about racism-linked depression and anxiety in Black adolescents, using ABCD data; no corpus paper covers racial discrimination as a primary exposure","Title 'Racism can spark depression and anxiety in Black adolescents' (Washington Post, June 14, 2024). Summary confirms ABCD Study data used. However, the paper cited is about racial discrimination exposures and mental health outcomes — not smartphone/social media use. None of the 69 candidate papers cover racial discrimination as a primary exposure variable. L1-L4 not met.",,"He and his team pulled data from the Adolescent Brain Cognitive Development Study, a nationwide project funded by the National Institutes of Health that ..."
A0068,washingtonpost.com,"ADHD drugs work, but not the way experts thought",https://www.washingtonpost.com/health/2026/01/06/adhd-ritalin-sleep-children/,"Jan 6, 2026",EXCLUDE,,,0.93,ABCD coverage of out-of-corpus topic — article is about ADHD medication (Ritalin) effects on children's brains using ABCD brain imaging data; no corpus paper covers pharmacological treatment or ADHD medication,"Title 'ADHD drugs work, but not the way experts thought' (Washington Post, Jan 6, 2026). Summary states 'brain images used in the Cell paper came from children enrolled in the Adolescent Brain Cognitive Development (ABCD) study.' This concerns ADHD pharmacology/neuroimaging research — not smartphone or social media use. L1-L4 not met for any corpus paper.",,"The brain images used in the Cell paper published last month came from children enrolled in the Adolescent Brain Cognitive Development (ABCD) study, which began ..."
A0069,washingtonpost.com,Disaster news can trigger post-traumatic stress in kids ...,https://www.washingtonpost.com/health/2022/02/20/children-disasters-mental-health/,"Feb 20, 2022",EXCLUDE,,,0.93,ABCD coverage of out-of-corpus topic — article is about disaster news exposure and post-traumatic stress in children; no corpus paper covers disaster/news media consumption as primary exposure,"Title 'Disaster news can trigger post-traumatic stress in kids' (Washington Post, Feb 20, 2022). Summary confirms ABCD Study data used. Topic (disaster/news media → PTSD) is outside the corpus scope (smartphone/social media use and individual outcomes). L1-L4 not met.",,"The Adolescent Brain Cognitive Development study followed 11,800 children across the United States over a 10-year period using a variety of brain imaging ..."
A0070,LiveNOW from FOX,Social media use triples depression symptoms for pre-teens: Study,https://www.livenowfox.com/news/adolescent-social-media-depression-study,"05/23/2025, 07:00 AM, +0000 UTC",INCLUDE,8,L3,0.82,,"Title 'Social media use triples depression symptoms for pre-teens: Study' (LiveNOW from FOX, May 23, 2025) published on the same day as other articles covering paper 8 (Nagata, JAMA Network Open, 2025 — social media use and depressive symptoms, ABCD). 'Triples depression symptoms' likely reflects a popular-press interpretation/exaggeration of paper 8's cross-lagged finding (beta=0.07-0.09, or possibly a subgroup difference). Article date (May 23, 2025) and topic align with paper 8 publication timing. L3 satisfied; confidence modestly reduced due to 'triples' claim being a strong quantitative assertion not directly traceable to paper 8's reported estimates.","1,107,144,150,208,287,389,8",
A0071,LiveNOW from FOX,"Excessive screen time linked to manic symptoms in kids, study finds",https://www.livenowfox.com/news/excessive-screen-time-manic-symptoms-kids-study,"03/05/2025, 08:00 AM, +0000 UTC",INCLUDE,49,L3,0.92,,"Title 'Excessive screen time linked to manic symptoms in kids, study finds' (LiveNOW from FOX, March 5, 2025) maps uniquely to paper 49 (Nagata et al., Social Psychiatry and Psychiatric Epidemiology, 2025 — screen time and manic symptoms in early adolescents from ABCD; social media screen time B=0.20 for manic symptoms). 'Manic symptoms' is a highly distinctive outcome that uniquely identifies paper 49 among corpus papers. No other corpus paper specifically examines mania/manic symptoms as an outcome.","106,133,139,157,158,184,24,302,304,393,394,49,80,86",
A0072,Jang,"Prolonged social media use may reduce intelligence, study",https://jang.com.pk/en/49920-prolonged-social-media-use-may-reduce-intelligence-study-news,"10/14/2025, 07:00 AM, +0000 UTC",INCLUDE,1,L3,0.85,,"Title 'Prolonged social media use may reduce intelligence, study' (Jang, Oct 14, 2025) published same date as A0053 covering the same cluster of outlets reacting to paper 1 (Nagata et al., JAMA 2025 — social media trajectories and cognitive performance). 'Reduce intelligence' paraphrases paper 1's finding that high-increasing SM trajectory is associated with lower cognitive performance scores on NIH Toolbox. Paper 190 (Sauce 2022, Scientific Reports — digital media + intelligence) is older and less likely the target. Published October 2025 timing aligns with paper 1 press coverage wave.","1,107,144,150,208,287,389,8,95",
A0073,Science News,"Social media is designed to be addictive, jury finds. Research links excessive use to mental harm",https://www.sciencenews.org/article/social-media-addictive-meta-youtube,"03/26/2026, 07:00 AM, +0000 UTC",INCLUDE,3,L3,0.72,,"Title 'Social media is designed to be addictive, jury finds. Research links excessive use to mental harm' (Science News, March 26, 2026). This is an aggregator article about the Meta/YouTube legal case plus research evidence. The research link to 'excessive use → mental harm' most distinctively maps to paper 3 (Xiao et al., JAMA 2025 — addictive screen use trajectories and suicidal behaviors/mental health). Paper 86 (Nagata, AJPM 2026 — problematic screen use → mental health) is also a possible match. Confidence reduced to 0.72 because this appears to be a broad aggregator with multiple sources; without access to full text, it is uncertain which specific corpus papers are cited. Provisional list includes papers 3 and 86.","1,107,144,150,208,287,389,8,86",
A0074,Science News,"Screen addiction affects teens’ mental health. How to spot it, and help",https://www.sciencenews.org/article/screen-addiction-teens-mental-health,"07/22/2025, 07:00 AM, +0000 UTC",INCLUDE,3,L3,0.83,,"Title 'Screen addiction affects teens' mental health. How to spot it, and help' (Science News, July 22, 2025) maps to paper 3 (Xiao et al., JAMA 2025 — addictive screen use trajectories and suicidal behaviors/suicidal ideation/mental health in US youths). 'Screen addiction → teens' mental health' paraphrases paper 3's core finding about addictive SM/phone use trajectory classes predicting mental health outcomes. Provisional paper 521 (Must, autism/obesity) is irrelevant. Paper 215 (Al-shoaibi, screen time + BMI + sleep) is not specifically about screen addiction. L3 satisfied for paper 3.","215,3,521",
A0075,SciTechDaily,Excessive Screen Time in Preteens Linked to Suicidal Behavior,https://scitechdaily.com/excessive-screen-time-in-preteens-linked-to-suicidal-behavior/,"03/11/2023, 08:00 AM, +0000 UTC",INCLUDE,160,L3,0.88,,"Title 'Excessive Screen Time in Preteens Linked to Suicidal Behavior' paraphrases the core finding of paper 160 (Chu 2023 Preventive Medicine: screen time and suicidal behaviors among U.S. children 9-11). Published March 2023, matching paper 160's 2023 publication. Exposure (screen time), outcome (suicidal behavior), and population (preteens = children 9-11) uniquely map to paper 160. Paper 160 is among the provisional IDs.","1,106,107,133,139,144,150,157,158,160,184,208,24,287,302,304,389,393,394,49,70,8,80,86",
A0076,SciTechDaily,Science Confirms: Social Media Could Be Making Kids Depressed,https://scitechdaily.com/science-confirms-social-media-could-be-making-kids-depressed/,"06/06/2025, 07:00 AM, +0000 UTC",INCLUDE,8,L3,0.92,,"Title 'Science Confirms: Social Media Could Be Making Kids Depressed' published June 2025 directly paraphrases paper 8 (Nagata 2025 JAMA Network Open: 'Social Media Use and Depressive Symptoms During Early Adolescence'). Exposure (social media), outcome (depression/kids depressed), direction (social media causing depression), and timing (June 2025, matching paper 8's 2025 publication) uniquely map to paper 8.",8,
A0077,SciTechDaily,New Research Links Screen Time With Childhood Development Delays,https://scitechdaily.com/new-research-links-screen-time-with-childhood-development-delays/,"12/06/2023, 08:00 AM, +0000 UTC",INCLUDE,97,L3,0.65,,"Title 'New Research Links Screen Time With Childhood Development Delays' published December 2023. Provisional paper 84 (Shou 2026) cannot match a Dec 2023 article. Paper 97 (Miller 2023 Cortex: 'Impact of digital screen media activity on functional brain organization in late childhood') is a 2023 ABCD study linking screen time to brain/cognitive development outcomes, which could be paraphrased as 'development delays.' Match is uncertain without article body text; confidence below threshold, flagged for human review.",84,
A0078,SciTechDaily,Scrolling in the Dark: How Screens Steal Sleep and Trigger Teen Depression,https://scitechdaily.com/scrolling-in-the-dark-how-screens-steal-sleep-and-trigger-teen-depression/,"04/08/2025, 07:00 AM, +0000 UTC",INCLUDE,13,L3,0.85,,"Title 'Scrolling in the Dark: How Screens Steal Sleep and Trigger Teen Depression' published April 2025 paraphrases paper 13 (Lima Santos 2025 JAMA Pediatrics: 'Role of Sleep and White Matter in the Link Between Screen Time and Depression in Childhood and Early Adolescence'). The mediation chain screen time -> sleep -> depression matches exactly, and the 2025 publication year aligns. Provisional paper 84 (Shou 2026 Acta Psychologica, about putamen and cognitive function) does not match the sleep+depression theme.",84,
A0079,SciTechDaily,Watching Videos and Playing Video Games Can Increase Children’s Risk of OCD,https://scitechdaily.com/watching-videos-and-playing-video-games-can-increase-childrens-risk-of-ocd/,"01/14/2023, 08:00 AM, +0000 UTC",INCLUDE,133,L3,0.95,,"Title 'Watching Videos and Playing Video Games Can Increase Children's Risk of OCD' published January 2023 directly paraphrases paper 133 (Nagata 2023 Journal of Adolescent Health: 'Screen Time and Obsessive-Compulsive Disorder Among Children 9-10 Years Old'). Exposure modalities (videos/YouTube, video games), outcome (OCD), population (children), and direction of effect uniquely match paper 133. Date also aligns with 2023 publication.",133,
A0080,SciTechDaily,Unlocking Parental Powers in the Digital Battle With Tweens,https://scitechdaily.com/unlocking-parental-powers-in-the-digital-battle-with-tweens/,"06/05/2024, 07:00 AM, +0000 UTC",INCLUDE,184,L3,0.75,,"Title 'Unlocking Parental Powers in the Digital Battle With Tweens' published June 2024 suggests parenting practices and adolescent screen use, closely matching paper 184 (Nagata 2025 Pediatric Research: 'Associations between media parenting practices and early adolescent screen use'). Topic of parental media strategies + tweens/early adolescents maps to paper 184. Confidence is moderate (0.75) because the paper was published 2025 and article appeared June 2024, suggesting possible pre-publication or preprint coverage; body text unavailable for confirmation.","177,184,215",
A0081,SciTechDaily,Research Shows That Playing Video Games Increases Your Intelligence,https://scitechdaily.com/research-shows-that-playing-video-games-increases-your-intelligence/,"06/09/2022, 07:00 AM, +0000 UTC",INCLUDE,190,L3,0.9,,"Title 'Research Shows That Playing Video Games Increases Your Intelligence' published June 2022 paraphrases a key finding from paper 190 (Sauce 2022 Scientific Reports: 'The impact of digital media on children's intelligence while controlling for genetic differences'). Sauce 2022 found video games associated with higher intelligence (positive effect) while socializing/screen time had negative or null effects, and the ABCD Study and 2022 date match uniquely. L3 criteria met: sample (ABCD), outcome (intelligence/cognitive), exposure (video games), direction (increase).",190,
A0082,Arab Times Kuwait News,Kids who use more social media perform worse on reading and memory tests: study,https://www.arabtimesonline.com/news/kids-who-use-more-social-media-perform-worse-on-reading-and-memory-tests-study/,"10/14/2025, 07:00 AM, +0000 UTC",INCLUDE,"144,1",multi,0.88,,"Title 'Kids who use more social media perform worse on reading and memory tests: study' published October 2025. 'Memory tests' maps directly to paper 144 (Nagata 2026 Lancet Regional Health - Americas: 'Associations of adolescent social media use trajectories with spatial and verbal memory'); 'reading' maps to verbal/reading memory in that paper. Paper 1 (Nagata 2025 JAMA: 'Social Media Use Trajectories and Cognitive Performance') also qualifies as it covers cognitive performance broadly, including memory subtests of the NIH Toolbox. Both papers involve Nagata, ABCD Study, social media exposure, and cognitive/memory outcomes, and are plausible given the October 2025 publication date.","1,107,144,150,208,287,389,8",
A0083,The People's Pharmacy,Does More Screen Time Pose Hazards for Everyone?,https://www.peoplespharmacy.com/articles/screentime-before-bedtime-means-less-sleep-for-tweens,"04/20/2026, 07:00 AM, +0000 UTC",INCLUDE,139,L3,0.82,,"URL slug 'screentime-before-bedtime-means-less-sleep-for-tweens' and publication April 2026 point to a bedtime screen use and sleep outcome study. Paper 139 (Nagata 2024 Journal of Adolescent Health: 'Bedtime Screen Use Behaviors and Sleep Outcomes in Early Adolescents') is the primary match: bedtime screen use -> sleep outcomes (duration, disturbance) in early adolescents/tweens. Paper 158 (Nagata 2025 Sleep Health) is also possible but 139's topic precisely matches the URL slug. Without article body, confidence is moderate.",1,
A0084,American Medical Association,"Look out! As pickleball’s popularity soars, so do eye injuries",https://www.ama-assn.org/about/publications-newsletters/look-out-pickleball-s-popularity-soars-so-do-eye-injuries,"10/16/2025, 07:00 AM, +0000 UTC",EXCLUDE,,,0.99,"unrelated topic — article is about pickleball eye injuries, no connection to any smartphone/social media paper in the corpus","Title 'Look out! As pickleball's popularity soars, so do eye injuries' (AMA, Oct 2025) is about sports injuries. No linkage to any of the 69 candidate papers is possible. The provisional paper_id 1 was assigned due to keyword overlap in the search query, not content relevance.",1,
A0085,https://www.eurekalert.org › news-releases,Social media use trajectories and cognitive performance in ...,https://www.eurekalert.org/news-releases/1101286,"Oct 13, 2025",INCLUDE,1,L2,0.97,,"EurekAlert press release titled 'Social media use trajectories and cognitive performance in...' published October 13, 2025. Title is nearly verbatim paper 1 title: 'Social Media Use Trajectories and Cognitive Performance in Adolescents' (Nagata 2025 JAMA). Summary contains 'Nagata, MD, MSc, email jason.nagata@ucsf.edu' — author name (Nagata) is present; as a JAMA EurekAlert, the journal would be named in the full press release. L2 satisfied by author name + JAMA affiliation/context; L3 also satisfied by title paraphrase.","1,107,144,150,208,287,389,8","Social media use trajectories and cognitive performance in adolescents ... Nagata, MD, MSc, email jason.nagata@ucsf.edu. To access the ..."
A0086,https://www.eurekalert.org › news-releases,Social media linked to early substance use in US pre-teens,https://www.eurekalert.org/news-releases/1065105,"Nov 15, 2024",INCLUDE,208,L2,0.85,,"EurekAlert: 'Social media linked to early substance use in US pre-teens' published November 15, 2024. Summary mentions 'Nagata, MD, an associate professor of pediatrics at the University...' Paper 208 (Nagata 2024 Substance Use & Misuse: 'Social Media Use and Alcohol Sipping in Early Adolescents') published 2024 matches topic (social media -> substance use in pre-teens) and author. Paper 106 (Nagata 2025 Drug Alcohol Dependence) is also a candidate but published 2025, making the Nov 2024 EurekAlert a better fit for paper 208. L2 satisfied: Nagata + Substance Use & Misuse context.","1,107,144,150,208,287,389,8","Social media linked to early substance use in US pre-teens ... Nagata, MD, an associate professor of pediatrics at the University ..."
A0087,https://www.eurekalert.org › news-releases,Study: Teens use cellphones for an hour a day at school,https://www.eurekalert.org/news-releases/1111741,"Jan 6, 2026",EXCLUDE,,,0.85,"out-of-corpus topic — article about in-school cellphone use time does not match any of the 69 candidate papers, which focus on health/cognitive outcomes of smartphone/SM use","EurekAlert: 'Study: Teens use cellphones for an hour a day at school' (Jan 2026). Topic is quantifying in-school cellphone use duration; no candidate paper covers cellphone use prevalence at school. Despite Nagata authorship, this paper is not among the 69 included papers. None of L1-L4 criteria satisfied for any corpus paper.","1,107,133,144,150,208,24,287,302,304,389,393,394,49,8,80","Social media apps are the main content. The effect of state laws ... Jason Nagata, an associate professor of pediatrics at the University of ..."
A0088,https://www.eurekalert.org › news-releases,Social media use and depressive symptoms during early ...,https://www.eurekalert.org/news-releases/1084464,"May 21, 2025",INCLUDE,8,L2,0.98,,"EurekAlert: 'Social media use and depressive symptoms during early adolescence...' published May 21, 2025. Title directly matches paper 8 (Nagata 2025 JAMA Network Open: 'Social Media Use and Depressive Symptoms During Early Adolescence'). Summary contains 'Nagata, MD, email Jason.nagata@ucsf.edu' — L2 satisfied (Nagata + JAMA Network Open named in EurekAlert context). Date matches 2025 publication.","1,107,144,150,208,287,389,8","Social media use and depressive symptoms during early adolescence ... Nagata, MD, email Jason.nagata@ucsf.edu. To access the embargoed ..."
A0089,https://www.eurekalert.org › news-releases,unveiling teen-friendly social media habits for optimal sleep,https://www.eurekalert.org/news-releases/990379,"May 24, 2023",INCLUDE,157,L2,0.9,,"EurekAlert: 'unveiling teen-friendly social media habits for optimal sleep' published May 24, 2023. Topic is social media habits and sleep in teens. Paper 157 (Nagata 2023 Sleep Health: 'Bedtime Screen Use Behaviors and Sleep Outcomes: Findings from the ABCD Study') published 2023 matches topic and year. Summary mentions 'Nagata, MD, assistant professor of pediatrics at the University of...' — L2 satisfied (Nagata + Sleep Health). The May 2023 EurekAlert aligns with Sleep Health 2023 publication.","1,106,107,139,144,150,157,158,184,208,287,389,8,86","... social media use in adolescence. Both advisories note potential ... Nagata, MD, assistant professor of pediatrics at the University of ..."
A0090,https://www.eurekalert.org › news-releases,Excessive social media use linked to binge eating in US ...,https://www.eurekalert.org/news-releases/763232,"Mar 1, 2021",INCLUDE,24,L2,0.92,,"EurekAlert: 'Excessive social media use linked to binge eating in US preteens...' published March 1, 2021. Topic is social media -> binge eating in preteens. Paper 24 (Nagata 2021 International Journal of Eating Disorders: 'Contemporary screen time modalities among children 9-10 years old and binge-eating disorder') published 2021 matches topic (social media/screen time -> binge eating), population (preteens), year, and author. Summary mentions 'Nagata, MD, assistant professor of pediatrics at the University of...' — L2 satisfied.","1,107,144,150,160,208,287,389,70,8","Excessive social media use linked to binge eating in US preteens ... Nagata, MD, assistant professor of pediatrics at the University of ..."
A0091,https://www.eurekalert.org › news-releases,"Yes, social media might be making kids depressed",https://www.eurekalert.org/news-releases/1084461,"May 21, 2025",INCLUDE,8,L3,0.97,,"EurekAlert: 'Yes, social media might be making kids depressed' published May 21, 2025. Summary contains direct quote from Nagata: 'These findings provide evidence that social media may be contributing to the development of depressive symptoms.' This paraphrases the core finding of paper 8 (Nagata 2025 JAMA Network Open: social media -> depressive symptoms in early adolescence). L3 satisfied: outcome (depressive symptoms), exposure (social media), direction (social media causes depression), author (Nagata). Same-day release as A0088, likely same paper.","1,107,144,150,18,208,287,389,8",... Nagata. “These findings provide evidence that social media may be contributing to the development of depressive symptoms.” While it's ...
A0092,https://www.eurekalert.org › news-releases,Sleep and social media in tweens: Tips for better rest,https://www.eurekalert.org/news-releases/1052053,"Jul 22, 2024",INCLUDE,139,L2,0.9,,"EurekAlert: 'Sleep and social media in tweens: Tips for better rest' published July 22, 2024. Topic is social media + sleep in tweens. Paper 139 (Nagata 2024 Journal of Adolescent Health: 'Bedtime Screen Use Behaviors and Sleep Outcomes in Early Adolescents: A Prospective Cohort Study') published 2024 matches year, topic (social media + sleep + tweens), and author. Summary mentions 'Jason Nagata' — L2 satisfied (Nagata + JAH context). Paper 158 (2025) is excluded by date.","1,106,107,139,144,150,157,158,184,208,287,389,8,86","“Ensuring adolescents get enough sleep is vital, as it supports their physical and mental growth and development,” says lead author Jason Nagata ..."
A0093,https://www.eurekalert.org › news-releases,Parents underestimate teens' social media use during ...,https://www.eurekalert.org/news-releases/938448,"Dec 17, 2021",EXCLUDE,,,0.8,out-of-corpus topic — article about parents underestimating teen social media use does not match any of the 69 candidate papers; no paper in corpus addresses parental estimation accuracy of teen SM use,"EurekAlert: 'Parents underestimate teens' social media use during...' published December 17, 2021. Despite Nagata authorship, no candidate paper covers parental underestimation of teen social media use. Paper 184 (media parenting practices) is from 2025 and covers parenting strategies, not parental accuracy of estimation. None of L1-L4 criteria satisfied for any corpus paper.","1,106,107,139,144,150,157,158,184,208,287,389,8,86","... social media and multi-player video games (versus texting, video ... Nagata, MD, assistant professor of pediatrics at the University of ..."
A0094,https://www.eurekalert.org › news-releases,Screen time linked to bipolar and manic symptoms in U.S. ...,https://www.eurekalert.org/news-releases/1074319,"Feb 20, 2025",INCLUDE,49,L3,0.95,,"EurekAlert: 'Screen time linked to bipolar and manic symptoms in U.S....' published February 20, 2025. Summary states '10- to 11-year-olds who engage heavily with social media' and mentions Nagata as associate professor of pediatrics. Paper 49 (Nagata 2025 Social Psychiatry and Psychiatric Epidemiology: 'Screen time and manic symptoms in early adolescents: prospective findings from the ABCD Study') is a direct match: screen time (including social media) -> manic/bipolar symptoms in early adolescents. L3 satisfied: outcome (manic symptoms), exposure (social media/screen time), population (10-11 year-olds = early adolescents), direction, and 2025 date.","1,106,107,133,139,144,150,157,158,184,208,24,287,302,304,389,393,394,49,8,80,86","The findings reveal that 10- to 11-year-olds who engage heavily with social media ... Nagata, MD, an associate professor of pediatrics at ..."
A0095,https://www.eurekalert.org › news-releases,"Study finds addictive screen use, not total ...",https://www.eurekalert.org/news-releases/1087939,"Jun 18, 2025",INCLUDE,3,L3,0.95,,"EurekAlert: 'Study finds addictive screen use, not total...' published June 18, 2025. Summary: 'Xiao said. Though the study does not prove addictive screen use causes mental health problems—higher addiction use trajectories are linked to...' Paper 3 (Xiao 2025 JAMA: 'Addictive Screen Use Trajectories and Suicidal Behaviors, Suicidal Ideation, and Mental Health in US Youths') matches: addictive screen use trajectories, mental health outcomes, first author Xiao, JAMA 2025. L3 satisfied: addictive use (not total time), mental health outcomes, trajectory design, Weill Cornell/Xiao context.","3,48",Xiao said. Though the study does not prove addictive screen use causes mental health problems—higher addiction use trajectories are linked to ...
A0096,https://www.eurekalert.org › news-releases,"Addictive use of social media, not total time, associated ...",https://www.eurekalert.org/news-releases/1087953,"Jun 18, 2025",INCLUDE,3,L2,0.97,,"EurekAlert: 'Addictive use of social media, not total time, associated...' published June 18, 2025. Summary: 'Yunyu Xiao, PhD, the first and lead author, assistant professor of population health science and psychiatry at Weill...' Paper 3 (Xiao 2025 JAMA, Weill Cornell Medicine): L2 satisfied — author surname Xiao + institution (Weill Cornell) + journal JAMA named in EurekAlert context. Title paraphrases the addictive SM use (not total time) finding from paper 3.","3,48","... screen use,” says Yunyu Xiao, PhD, the first and lead author, assistant professor of population health science and psychiatry at Weill ..."
A0097,https://www.eurekalert.org › news-releases,Addictive screen use trajectories and suicidal behaviors ...,https://www.eurekalert.org/news-releases/1087529,"Jun 18, 2025",INCLUDE,3,L2,0.99,,"EurekAlert: 'Addictive screen use trajectories and suicidal behaviors...' published June 18, 2025. Title is nearly verbatim paper 3: 'Addictive Screen Use Trajectories and Suicidal Behaviors, Suicidal Ideation, and Mental Health in US Youths' (Xiao 2025 JAMA). Summary contains 'Yunyu Xiao, PhD, email yux4008@med.cornell.edu' — L2 and L1 criteria strongly satisfied. This is the official JAMA EurekAlert press release for paper 3.",3,"Addictive screen use ... Corresponding Author: To contact the corresponding author, Yunyu Xiao, PhD, email yux4008@med.cornell.edu."
A0098,https://www.eurekalert.org › news-releases,Too much screen time can reduce sleep quality in ...,https://www.eurekalert.org/news-releases/1067510,"Dec 12, 2024",EXCLUDE,,,0.9,"non-ABCD cohort — article about preschool-age children's screen time and sleep quality; no ABCD paper covers preschoolers, and the Xiao mentioned is a different researcher from paper 3's Yunyu Xiao","EurekAlert: 'Too much screen time can reduce sleep quality in [preschool-age children]' published December 12, 2024. Summary mentions 'Xiao, an expert in children's socio-emotional functioning' — this is a different Xiao, not Yunyu Xiao (paper 3, suicidal behaviors) or any other ABCD corpus author. Content is about preschoolers and sleep, not matching any of the 69 ABCD candidate papers. Provisional paper 3 (Xiao 2025 JAMA, suicidal behaviors) and paper 18 (Li 2024 Advanced Science, brain development) do not cover preschoolers' sleep.","18,3","Excessive screen use by preschool-age children can lead to reduced ... Xiao, an expert in children's socio-emotional functioning and ..."
A0099,https://www.eurekalert.org › news-releases,Screen time not harmful for academic skills of preschoolers,https://www.eurekalert.org/news-releases/994570,"Jul 4, 2023",EXCLUDE,,,0.95,non-ABCD cohort — article about preschoolers' academic skills; ABCD Study covers ages 9-10+ and no corpus paper addresses academic skills in preschoolers,"EurekAlert: 'Screen time not harmful for academic skills of preschoolers' published July 4, 2023. Preschool population and academic skills outcome do not match any of the 69 candidate papers. Paper 3 (Xiao 2025 JAMA) is about addictive screen use and suicidal behaviors in ABCD adolescents, not preschoolers' academic skills. None of L1-L4 criteria satisfied.",3,Results showed no significant effects of screen use time on the academic skills assessed in the study. High levels of screen media use were ...
A0100,https://www.eurekalert.org › news-releases,Role of sleep and white matter in the link between screen ...,https://www.eurekalert.org/news-releases/1088083,"Jun 23, 2025",INCLUDE,13,L3,0.95,,EurekAlert press release titled 'Role of sleep and white matter in the link between screen...' — title exactly paraphrases paper 13 (Lima Santos 2025 JAMA Pediatrics: screen time → depressive symptoms mediated by sleep and white matter cingulum bundle). Summary confirms 'more screen time in late childhood was associated with more depressive symptoms.' Distinctive three-way paraphrase (screen time + depressive symptoms + sleep/white matter mediation) uniquely maps to paper 13.,13,"About The Study: The results of this study show that more screen time in late childhood was associated with more depressive symptoms, ..."
A0101,https://www.eurekalert.org › news-releases,Teen depression? Study finds clues in screen use and ...,https://www.eurekalert.org/news-releases/1088374,"Jun 23, 2025",INCLUDE,13,L2,0.97,,EurekAlert press release title 'Teen depression? Study finds clues in screen use and...' + summary directly quotes 'Lima Santos said' — author surname match. Lima Santos is the first author of paper 13 (Lima Santos 2025 JAMA Pediatrics). Summary content (screen use + teen depression) consistent with paper 13's findings. L2 satisfied: lead author surname in article text.,13,"“Our study considered digital screen time as a broad definition but it's really important to look at the nuances,” Lima Santos said. “Time ..."
A0102,https://www.eurekalert.org › news-releases,"Screen use, mental health symptoms in children during ...",https://www.eurekalert.org/news-releases/938851,"Dec 28, 2021",EXCLUDE,,,0.9,"non-ABCD cohort or different study — author 'Xuedi Li, M.Sc., of the Hospital for Sick Children in Toronto' does not match paper 18 (Li et al. Zhejiang University); likely a SickKids COVID screen use study unrelated to corpus","Title 'Screen use, mental health symptoms in children during pandemic'; summary names 'Xuedi Li, M.Sc., of the Hospital for Sick Children in Toronto.' Paper 18 (Li 2024 Advanced Science) is from Zhejiang University, China — different institution, different country, different study cohort. No L1-L4 link to any candidate paper.",18,"Screen use, mental health symptoms in children during pandemic ... Authors: Xuedi Li, M.Sc., of the Hospital for Sick Children in Toronto, is the ..."
A0103,https://www.eurekalert.org › news-releases,Study links screen time to insomnia symptoms and ...,https://www.eurekalert.org/news-releases/908325,"Jun 4, 2018",EXCLUDE,,,0.92,"out-of-corpus topic or pre-dates all candidate papers — published Jun 2018, no candidate paper from corpus dated 2018 on this topic; likely non-ABCD insomnia/sleep study","Published Jun 4, 2018. All candidate papers on screen time and sleep are 2019 or later. Summary references 'adverse influences of social media and screen use on sleep and mental health' but no author, journal, institution, or sample detail links to any candidate paper. No L1-L4 satisfied.",18,"She added, ""We're very interested to see whether the adverse influences of social media and screen use on sleep and mental health persist during ..."
A0104,https://www.eurekalert.org › news-releases,Screen time linked to lower academic achievement among ...,https://www.eurekalert.org/news-releases/1101141,"Oct 10, 2025",EXCLUDE,,,0.92,"non-ABCD cohort — 'Li, first author and Epidemiologist at SickKids' does not match paper 18 (Li et al. Zhejiang University); this is a SickKids academic-achievement study from a different cohort","Title 'Screen time linked to lower academic achievement among...' + summary names 'Li, first author and Epidemiologist at SickKids.' Paper 18 (Li 2024 Advanced Science) is from Zhejiang University — completely different institution. No match to any candidate paper on L1-L4.",18,"... Li, first author and Epidemiologist at SickKids. The team emphasised ... screen use habits and improve academic outcomes. This study ..."
A0105,https://www.eurekalert.org › news-releases,Excessive screen time linked to suicidal behaviors in US ...,https://www.eurekalert.org/news-releases/981045,"Feb 27, 2023",INCLUDE,160,L4,0.88,,"Title 'Excessive screen time linked to suicidal behaviors in US preteens' + published Feb 27, 2023 + summary names 'Nagata, MD, assistant professor of pediatrics at the University of [California, San Francisco].' Paper 160 (Chu et al. 2023 Preventive Medicine: screen time and suicidal behaviors among US children 9-11) matches on all four L4 elements: UCSF institution (Nagata co-author), suicidal behaviors topic, ABCD Study, early adolescent/preteen sample. Article date aligns with paper 160 publication year.","133,24,302,304,393,394,49,80","Excessive screen time linked to suicidal behaviors in US preteens ... Nagata, MD, assistant professor of pediatrics at the University of ..."
A0106,https://www.eurekalert.org › news-releases,How parents can protect children from mature and adult ...,https://www.eurekalert.org/news-releases/1072583,"Feb 5, 2025",INCLUDE,184,L4,0.9,,"Title 'How parents can protect children from mature and adult...' + published Feb 5, 2025 + summary quotes Nagata: 'One key factor in a child's exposure to mature content is how much screen time their parents use.' This directly paraphrases the topic of paper 184 (Nagata et al. 2025 Pediatric Research: associations between media parenting practices and early adolescent screen use). L4: UCSF/Nagata + media parenting practices topic + ABCD Study configuration.","106,133,139,157,158,184,24,302,304,393,394,49,80,86","“One key factor in a child's exposure to mature content is how much screen time their parents use,” says Nagata. “Children often model their ..."
A0107,https://www.eurekalert.org › news-releases,Adolescents' recreational screen time doubled during ...,https://www.eurekalert.org/news-releases/933424,"Nov 1, 2021",INCLUDE,"302,24",multi,0.82,,"Title 'Adolescents' recreational screen time doubled during...' + published Nov 1, 2021 + summary mentions Nagata and 'weight gain and binge eating.' Maps to paper 302 (Nagata 2021 Pediatric Obesity: screen time and BMI in 9-10 year olds) via L4 (UCSF + BMI/obesity topic + ABCD) and to paper 24 (Nagata 2021 IJED: screen time modalities and binge-eating disorder) via L4 (UCSF + binge eating topic + ABCD). Both 2021 Nagata ABCD papers align with date and content. Multi-mapped.","106,133,139,157,158,184,24,302,304,393,394,49,80,86","Excessive screen use in adolescents also is associated with weight gain and binge eating, Nagata noted: “Screen time lends itself to more ..."
A0108,https://www.eurekalert.org › news-releases,"For preteens, more screen time is tied to depression, ...",https://www.eurekalert.org/news-releases/1060422,"Oct 7, 2024",INCLUDE,393,L4,0.88,,"Title 'For preteens, more screen time is tied to depression...' + published Oct 7, 2024 + mentions Nagata. Maps to paper 393 (Nagata 2024 BMC Public Health: screen time and mental health prospective ABCD analysis). L4: Nagata/UCSF + depression/mental health topic + ABCD Study. Publication date Oct 2024 aligns with paper 393 (2024). The '394' entry is a duplicate DOI of 393 — mapping to 393.","106,133,139,157,158,184,24,302,304,393,394,49,80,86",Nagata said parents can play an essential role in helping to mitigate the negative effects of excessive screen time. “The American Academy of ...
A0109,https://www.eurekalert.org › news-releases,Excessive screen time linked to obesity in US preteen,https://www.eurekalert.org/news-releases/753397,"Jun 28, 2021",INCLUDE,302,L2,0.97,,"Title 'Excessive screen time linked to obesity in US preteen' + published Jun 28, 2021 + summary shows citation 'Nagata, JM, Iyer...' matching paper 302 (Nagata, Iyer, Chu, Baker, Gabriel 2021 Pediatric Obesity: screen time → BMI percentile in 9-10 year olds). L2: lead author surname Nagata + Pediatric Obesity journal implied by citation. Author list directly matches paper 302.","133,160,24,302,304,393,394,49,70,80","Parents should regularly talk to their children about screen-time usage and develop a family media use plan,"" said Nagata. ###. Nagata, JM, Iyer ..."
A0110,https://www.eurekalert.org › news-releases,Screen time linked to OCD in U.S. preteens,https://www.eurekalert.org/news-releases/973956,"Dec 12, 2022",INCLUDE,"133,304",multi,0.92,,"Title 'Screen time linked to OCD in U.S. preteens' + published Dec 12, 2022 + mentions Nagata. Primary map: paper 133 (Nagata 2023 J Adolescent Health: screen time and OCD, 9-10 year olds prospective — L4: UCSF + OCD topic + ABCD). Summary also explicitly references 'July' finding of 'disruptive behavior disorders in 9-11 year olds' — cross-reference to paper 304 (Nagata 2023 JCPP: screen time and disruptive behavior disorders). Multi-mapped.","133,24,302,304,393,394,49,80","In July, Nagata and his colleagues discovered excessive screen time was linked to disruptive behavior disorders in 9-11 year olds, though ..."
A0111,https://www.eurekalert.org › news-releases,Screen time and social media use linked to eating disorder ...,https://www.eurekalert.org/news-releases/1057483,"Sep 10, 2024",INCLUDE,70,L4,0.87,,"Title 'Screen time and social media use linked to eating disorder symptoms in young adolescents' + published Sep 10, 2024 + names 'Nagata, MD, an associate professor of pediatrics.' Maps to paper 70 (Chu et al. 2024 Eating and Weight Disorders: screen time, problematic screen use, and eating disorder symptoms in early adolescents from ABCD Study — Nagata is a co-author). L4: UCSF + eating disorder symptoms topic + ABCD + 2024 publication date.","106,133,139,157,158,184,24,302,304,393,394,49,80,86","Screen time and social media use linked to eating disorder symptoms in young adolescents ... Nagata, MD, an associate professor of pediatrics at ..."
A0112,https://www.eurekalert.org › news-releases,"Great news, parents: You do have power over your tweens' ...",https://www.eurekalert.org/news-releases/1046791,"Jun 5, 2024",INCLUDE,139,L3,0.93,,"Title 'Great news, parents: You do have power over your tweens'...' + published Jun 5, 2024 + summary quotes Nagata: 'Screen time at bedtime displaces sleep time, which is essential for health and development in young adolescents.' This is a distinctive paraphrase of paper 139 (Nagata 2024 J Adolescent Health: bedtime screen use behaviors and sleep outcomes in early adolescents, prospective ABCD cohort). L3: bedtime screen use + sleep displacement + young adolescents + Nagata/UCSF uniquely map to paper 139.","106,133,139,157,158,184,215,24,302,304,393,394,49,80,86","""Screen time at bedtime displaces sleep time, which is essential for health and development in young adolescents,” Nagata said. “Parents can ..."
A0113,https://www.eurekalert.org › news-releases,"Despite health warnings, Americans still sit too much",https://www.eurekalert.org/news-releases/681975,"Apr 23, 2019",EXCLUDE,,,0.92,"out-of-corpus topic — general physical activity / sedentary behavior study (non-ABCD cohort study by Yang, Cao, Kantor, Nguyen, Zheng); no link to any candidate paper","Title 'Despite health warnings, Americans still sit too much' + Apr 23, 2019. Summary lists authors Yang L, Cao C, Kantor ED, Nguyen LH, Zheng X — none are authors of candidate papers 31 (Zheng 2026) or 57 (Lin 2020). This is a general population sedentary behavior epidemiology study, not ABCD Study. No L1-L4 satisfied.","31,57","In addition, computer screen time outside of work and school increased over this period. ... Yang L, Cao C, Kantor ED, Nguyen LH, Zheng X ..."
A0114,https://www.eurekalert.org › news-releases,"AI-generated arguments are persuasive, even when labeled",https://www.eurekalert.org/news-releases/1115579,"Feb 10, 2026",EXCLUDE,,,0.99,"unrelated topic — AI persuasion / social media liability study; 'Weiyan Shi' is not the Shi first author of paper 35 (Shi 2025 Obesity, first author Shi at Johns Hopkins)","Title 'AI-generated arguments are persuasive, even when labeled' + Feb 10, 2026. About AI persuasion research. 'Weiyan Shi, Northeastern University Khoury College of Computer...' — completely different Shi than paper 35 (Shi 2025 Obesity: social media and binge eating in ABCD adolescents). No health, ABCD, or adolescent content. No L1-L4 satisfied.",35,... social media platform liability. Participants were randomly assigned ... Weiyan Shi Northeastern University Khoury College of Computer ...
A0115,https://www.eurekalert.org › news-releases,“AI slop” hurts consumers and creators. But high-quality ...,https://www.eurekalert.org/news-releases/1118742,"Mar 4, 2026",EXCLUDE,,,0.99,unrelated topic — AI-generated content quality study; no connection to ABCD Study or candidate papers,"Title ''AI slop' hurts consumers and creators' + Mar 4, 2026. About AI-generated content on social media platforms — not about adolescent health, screen time, or ABCD Study. Provisional paper 35 (Shi 2025 Obesity) is unrelated. No L1-L4 satisfied.",35,The study was inspired by the rapid rise in AI-generated or AI-enhanced content on most social media platforms. The generative AI tools can ...
A0116,https://www.eurekalert.org › news-releases,Enhancer provides a potential target for 'undruggable' MYC ...,https://www.eurekalert.org/news-releases/1125370,"Apr 22, 2026",EXCLUDE,,,0.99,unrelated topic — oncology/cancer research (MYC enhancer); no connection to ABCD Study or candidate papers,"Title 'Enhancer provides a potential target for undruggable MYC...' + Apr 22, 2026. Cancer Research journal, MYC oncogene, St. Jude. Authors include Shi but a different Shi entirely. No L1-L4 satisfied.",35,"... Shi, Justin Williams, Virginia Valentine, Barbara Passaia, Bensheng ... Jude on social media @stjuderesearch. Journal. Cancer Research ..."
A0117,https://www.eurekalert.org › news-releases,Reprogramming 'gatekeeper' immune cell may boost ...,https://www.eurekalert.org/news-releases/1122639,"Apr 2, 2026",EXCLUDE,,,0.99,unrelated topic — immunotherapy/cancer biology research; no connection to ABCD Study or candidate papers,"Title 'Reprogramming gatekeeper immune cell may boost...' + Apr 2, 2026. Immunotherapy study in Science journal from St. Jude. 'Hao Shi' is an immunology researcher. No connection to adolescent screen time or ABCD Study. No L1-L4 satisfied.",35,"The study's other authors are Nicole Chapman, Hao Shi, Yan ... Jude on social media at @stjuderesearch. Journal. Science. DOI. 10.1126 ..."
A0118,https://www.eurekalert.org › news-releases,News media amplified rather than rectified misleading ...,https://www.eurekalert.org/news-releases/938589,"Dec 20, 2021",EXCLUDE,,,0.99,unrelated topic — fake news / media misinformation research; no connection to ABCD Study or candidate papers,"Title 'News media amplified rather than rectified misleading...' + Dec 20, 2021. About fake news amplification on social media. 'Shi, Assistant Professor of Marketing at HKUST' — different Shi from paper 35. No ABCD content. No L1-L4 satisfied.",35,"While social media platforms try to identify and eliminate fake news ... Shi, Assistant Professor of Marketing at HKUST, a coauthor who ..."
A0119,https://www.eurekalert.org › news-releases,Social media activism is driving corporate agendas,https://www.eurekalert.org/news-releases/627040,"Nov 16, 2016",EXCLUDE,,,0.99,unrelated topic — corporate social media activism; no connection to ABCD Study or candidate papers,"Title 'Social media activism is driving corporate agendas' + Nov 16, 2016. About corporate activism on social media. 'Wang Shi, chairman of Vanke' — entirely different Shi. Predates all candidate papers. No L1-L4 satisfied.",35,"Social media activism is driving corporate agendas. Social ... Wang Shi, chairman of Vanke, China's largest real estate development ..."
A0120,https://www.eurekalert.org › news-releases,NATO taps UH professor to keep big data secure on the ...,https://www.eurekalert.org/news-releases/772621,"Mar 23, 2016",EXCLUDE,,,0.99,unrelated topic — cybersecurity / NATO grant; no connection to ABCD Study or candidate papers,"Title 'NATO taps UH professor to keep big data secure on the...' + Mar 23, 2016. Cybersecurity research. 'Shi' is a UH cybersecurity professor. No adolescent health or ABCD content. No L1-L4 satisfied.",35,"Shi is the recipient of a $369,803 NATO award through its Science for Peace and Security (SPS) Programme to keep big data secure on the cloud."
A0121,https://www.eurekalert.org › news-releases,Scientists calculate predictions for meson measurements,https://www.eurekalert.org/news-releases/1063995,"Nov 6, 2024",EXCLUDE,,,0.99,unrelated topic — particle physics / meson measurements; no connection to ABCD Study or candidate papers,"Title 'Scientists calculate predictions for meson measurements' + Nov 6, 2024. Physics study from Brookhaven Lab. 'Shi and Xiang Gao' are physics researchers. No L1-L4 satisfied.",35,"Shi and Xiang Gao, a postdoctoral researcher in the group, used ... Follow @BrookhavenLab on social media. Find us on Instagram ..."
A0122,https://www.eurekalert.org › news-releases,Removing a protein 'signal jammer' improves immunotherapy,https://www.eurekalert.org/news-releases/1077517,"Mar 19, 2025",EXCLUDE,,,0.99,unrelated topic — immunotherapy / cancer biology (protein signal jammer); no connection to ABCD Study or candidate papers,"Title 'Removing a protein signal jammer improves immunotherapy' + Mar 19, 2025. Nature journal, St. Jude, immunotherapy. 'Hao Shi' is an immunologist. No adolescent screen time or ABCD content. No L1-L4 satisfied.",35,"The study's other authors are Hao Shi, Nicole Chapman, Cliff Guy ... Jude on social media at @stjuderesearch. Journal. Nature. Method of ..."
A0123,https://www.eurekalert.org › multimedia,Anne-Marie Fors Connolly [IMAGE],https://www.eurekalert.org/multimedia/1009009,,EXCLUDE,,,0.92,image asset only — no article content to evaluate against L1-L4 criteria; photo caption cannot satisfy any linkage test,"EurekAlert multimedia item: 'Anne-Marie Fors Connolly [IMAGE]' — a photograph of the author with caption 'Mattias Pettersson / Media use / Licensed content.' No article text, no findings paraphrased, no journal or DOI cited. Provisional paper 55 (Fors 2019 Child Psychiatry & Human Development) cannot be linked without any substantive content. No L1-L4 satisfied.",55,Caption. Anne-Marie Fors Connolly ; Credit. Mattias Pettersson ; Usage Restrictions. Media use ; License. Licensed content.
A0124,https://www.eurekalert.org › news-releases,Too much screen time too soon? A*STAR study links infant ...,https://www.eurekalert.org/news-releases/1111150,"Dec 30, 2025",EXCLUDE,,,0.95,non-ABCD cohort — 'Growing Up in Singapore' cohort study on infant screen time; no connection to ABCD Study or any candidate paper,"Title 'Too much screen time too soon? A*STAR study links infant...' + Dec 30, 2025. Summary explicitly states 'data from the Growing Up in Singapore' — a different cohort. Provisional paper 57 (Lin 2020 J Abnormal Child Psychology, ABCD Study) is unrelated. No L1-L4 satisfied.",57,"... Lin School of Medicine, using data from the Growing Up in Singapore ... screen time in infancy. Importantly, the study focuses on ..."
A0125,https://www.eurekalert.org › news-releases,Study: Infants exposed to excessive screen time show ...,https://www.eurekalert.org/news-releases/978215,"Jan 30, 2023",EXCLUDE,,,0,non-ABCD cohort,"Article describes a Singapore-based study on infants and screen time from researchers at Yong Loo Lin School of Medicine. Provisional paper 57 (Lin 2020 J Abnormal Child Psychology) is an ABCD study of preadolescent mood symptoms; no author, institution, finding, or design overlap. No L1-L4 criteria met.",57,Study: Infants exposed to excessive screen time show ... The study was a collaborative effort comprising researchers from the Yong Loo Lin ...
A0126,https://www.eurekalert.org › news-releases,First graders who use more educational media spend ...,https://www.eurekalert.org/news-releases/1092444,"Jul 25, 2025",EXCLUDE,,,0,non-ABCD cohort,Article is about educational media use among first graders; co-authors named are Purtell and Tzu-Jung Lin. This is not the ABCD study; provisional paper 57 (Lin/Eaton/Schleider 2020) has no overlap with this study population or topic. No L1-L4 criteria met.,57,"Finding that educational media use does not crowd out reading time or extend overall screen time ... Co-authors were Kelly Purtell, Tzu-Jung Lin ..."
A0127,https://www.eurekalert.org › news-releases,"Study finds links between early screen exposure, sleep ...",https://www.eurekalert.org/news-releases/779888,"Nov 13, 2019",EXCLUDE,,,0,non-ABCD cohort,"Article from Nov 2019 reports a Singapore study on early screen exposure and sleep, by researchers at Lee Kong Chian School of Medicine. Not ABCD; provisional paper 57 is an ABCD preadolescent mood/network analysis with no connection to this Singapore infant/child study. No L1-L4 met.",57,- Screen time - Majority (93.9%) of the children exceeded the 1 hour ... Lin School of Medicine andLee Kong Chian School of Medicine.
A0128,https://www.eurekalert.org › news-releases,Singapore's largest parenting intervention study on ...,https://www.eurekalert.org/news-releases/1126732,6 days ago,EXCLUDE,,,0,non-ABCD cohort,"Article describes Singapore's largest parenting intervention study with digital exposure focus, from Yong Loo Lin/Lee Kong Chian School of Medicine. Not ABCD. Provisional paper 57 (Lin 2020 ABCD preadolescent mood) has no connection to this Singaporean intervention study. No L1-L4 met.",57,"As families weave through hectic and time-scarce modern lifestyles, increasing digital exposure and screen-time ... Lin School of Medicine ..."
A0129,https://www.eurekalert.org › news-releases,Toddlers who chill in front of TV are at later risk of being ...,https://www.eurekalert.org/news-releases/792245,"Jul 17, 2015",EXCLUDE,,,0,non-ABCD cohort,Jul 2015 article about toddlers watching TV and later risk outcomes; cites AAP recommendations. Provisional papers 160 (Chu 2023 suicidal behaviors in 9-11 year olds) and 70 (Chu 2024 eating disorders) are both ABCD prospective studies published 2023-2024. A 2015 toddler/TV article cannot reference either. No L1-L4 met.,"160,70","Assuming that the programs watched are developmentally appropriate, the American Academy of Pediatrics recommends that daily screen time not ..."
A0130,https://www.eurekalert.org › news-releases,The long-term benefits of improving your toddler's memory ...,https://www.eurekalert.org/news-releases/607547,"Jan 12, 2016",EXCLUDE,,,0,non-ABCD cohort,Jan 2016 article about improving toddler working memory; mentions CHU Sainte-Justine researchers and limiting screen time. Predates ABCD study papers 160 and 70 by 7-8 years; no connection to ABCD or corpus papers. No L1-L4 met.,"160,70",The researchers note that another promising strategy for improving working memory in children is to limit screen time ... CHU Sainte-Justine.
A0131,https://www.eurekalert.org › multimedia,Lack of Safety at School and Poverty Linked to Childhood Obesity,https://www.eurekalert.org/multimedia/912909,,EXCLUDE,,,0,non-ABCD cohort,"Undated article from EurekAlert about school safety, poverty, and childhood obesity at CHU Sainte Justine; mentions screen time peripherally in victimization context. Provisional papers 160 and 70 are ABCD-based studies on suicidal behaviors and eating disorders; no author, institution, finding, or design overlap. No L1-L4 met.","160,70","... CHU Sainte Justine children's hospital. ... ""Surprisingly, we have found that although victimization at school is linked to childhood obesity and more screen-time ..."
A0132,EurekAlert!,Higher screen time linked to ADHD symptoms and altered brain development,https://www.eurekalert.org/news-releases/1107002,"11/21/2025, 08:00 AM, +0000 UTC",INCLUDE,84,L4,0.75,,"Title 'Higher screen time linked to ADHD symptoms and altered brain development' and summary explicitly name 'Qiulu Shou' as 'Assistant Professor at the Research Centre' — Shou is the first author of paper 84 (Shou 2026 Acta Psychologica: screen time, cognitive function, and putamen volume). The article topic (screen time + altered brain development in children) is uniquely consistent with paper 84; no other corpus paper has Shou as lead author. Satisfies L4: institution + topic + ABCD configuration uniquely mapping to paper 84.",84,Higher screen time linked to ADHD symptoms and altered brain development ... Qiulu Shou serves as an Assistant Professor at the Research Centre ...
A0133,EurekAlert!,Study links teen girls’ screen time to sleep disruptions and depression,https://www.eurekalert.org/news-releases/1078851,"04/02/2025, 07:00 AM, +0000 UTC",EXCLUDE,,,0,out-of-corpus topic,"Title 'Study links teen girls' screen time to sleep disruptions and depression' — framing is teen girls, sleep, and depression. No summary text available. Provisional paper 84 (Shou 2026, cognitive function/putamen) does not address teen girls' sleep or depression. Could superficially relate to Nagata sleep papers but no author or journal detail is available to establish L2 or stronger. Insufficient evidence to assign a linkage; excluded as out-of-corpus topic match without confirmatory detail.",84,
A0134,EurekAlert!,Lengthy screen time associated with childhood development delays,https://www.eurekalert.org/news-releases/1000060,"08/30/2023, 07:00 AM, +0000 UTC",EXCLUDE,,,0,out-of-corpus topic,Aug 2023 article titled 'Lengthy screen time associated with childhood development delays.' Provisional paper 84 is Shou 2026 — a paper published in 2026 cannot have been reported in Aug 2023. No summary text to verify authorship or findings. No L1-L4 met.,84,
A0135,https://www.eurekalert.org › news-releases,European high school students emerge from isolation after ...,https://www.eurekalert.org/news-releases/1089371,"Jun 30, 2025",EXCLUDE,,,0,out-of-corpus topic,"Jun 2025 article about European high school students in a COSPAR/EXPLORE science education project; Rosa Doran (NUCLIO) is Chair, and social media is mentioned only as a project contact link. Provisional paper 85 (Doran 2025 Addictive Behaviors, mobile phone/social media and substance use in ABCD) involves a different 'Doran' (N. Doran, ABCD researcher). No institutional, topic, or finding overlap with any corpus paper. No L1-L4 met.",85,"Rosa Doran (NUCLIO, Chair of COSPAR's Panel on Education) commented ... Social media: www.facebook.com/EXPLOREprojectEU and www ..."
A0136,https://www.eurekalert.org › news-releases,Brookhaven Lab scientists complete 2023 Oppenheimer ...,https://www.eurekalert.org/news-releases/1032411,"Jan 25, 2024",EXCLUDE,,,0,out-of-corpus topic,Jan 2024 article about Brookhaven Lab scientists completing the Oppenheimer Science and Energy Leadership Program; Kevin Doran is program director. Provisional paper 85 (Doran 2025 Addictive Behaviors) involves a different 'Doran' in a pediatric substance use context. No ABCD or corpus-paper connection. No L1-L4 met.,85,Professor Kevin Doran serves as the program director. Inquiries ... Follow @BrookhavenLab on social media. Find us on Instagram ...
A0137,https://www.eurekalert.org › news-releases,Bringing asteroids to class: COSPAR joins new Erasmus+ ...,https://www.eurekalert.org/news-releases/1009675,"Nov 30, 2023",EXCLUDE,,,0,out-of-corpus topic,"Nov 2023 article about COSPAR joining an Erasmus+ asteroid education project; Rosa Doran (COSPAR) is named. Provisional paper 85 (Doran 2025 Addictive Behaviors, ABCD) involves a different 'Doran.' No connection to ABCD corpus. No L1-L4 met.",85,"The COSPAR Panel on Education, under the dynamic Chair Rosa Doran ... COSPAR Social Media: LinkedIn: Committee on Space Research - COSPAR"
A0138,https://www.eurekalert.org › news-releases,Want better sleep for your tween? Start with their screens,https://www.eurekalert.org/news-releases/1088219,"Jun 20, 2025",INCLUDE,"158,157",L2,0.85,,"Title 'Want better sleep for your tween? Start with their screens' and summary name 'Nagata, MD, an associate professor of pediatrics at the University [of California, San Francisco]' and report 'sociodemographic differences in both screen use.' Paper 158 (Nagata 2025 Sleep Health: 'Social epidemiology of bedtime screen use behaviors and sleep outcomes in early adolescence') is the primary match — 'social epidemiology' directly explains the 'sociodemographic differences' framing. Satisfies L2: author Nagata + journal Sleep Health. Paper 157 (Nagata 2023 Sleep Health: 'Bedtime screen use behaviors and sleep outcomes') is also a plausible secondary match given the same author-journal pairing; included as multi-mapped.","106,139,157,158,184,86","... Nagata, MD, an associate professor of pediatrics at the University ... Researchers also identified sociodemographic differences in both screen use ..."
A0139,https://www.eurekalert.org › news-releases,Social media's double-edged sword: New study links both ...,https://www.eurekalert.org/news-releases/1073001,"Feb 7, 2025",EXCLUDE,,,0,non-ABCD cohort,"Feb 2025 article: 'Social media's double-edged sword: New study links both passive and active social media use to increased feelings of loneliness over time.' Focus on passive vs. active social media use and loneliness is not a topic of any ABCD corpus paper. Provisional paper 95 (He 2025 Computers in Human Behavior, video game vs. social media addiction and reward circuit in ABCD) has no connection to this loneliness/passive-active use study. Non-ABCD cohort. No L1-L4 met.",95,The findings showed that both passive (PSMU) and active (ASMU) social media use were associated with increased feelings of loneliness over time.
A0140,https://www.eurekalert.org › news-releases,Social media is a treasure trove for interdisciplinary ...,https://www.eurekalert.org/news-releases/1117890,"Feb 26, 2026",EXCLUDE,,,0,out-of-corpus topic,"Feb 2026 article about social media as a data source for interdisciplinary research, citing 60% global usage. Not about any ABCD study or corpus paper. Provisional paper 95 is unrelated. No L1-L4 met.",95,"“60 per cent of the world's population already uses social media. For researchers, this offers enormous potential for approaching any ..."
A0141,https://www.eurekalert.org › news-releases,Social media use amplifies delusional disorders: SFU study,https://www.eurekalert.org/news-releases/1076585,"Mar 11, 2025",EXCLUDE,,,0,non-ABCD cohort,Mar 2025 article: 'Social media use amplifies delusional disorders: SFU study' — about an SFU (Simon Fraser University) study on social media and delusion formation via platform structures. Non-ABCD cohort; provisional paper 95 (He 2025 ABCD reward circuit) is unrelated. No L1-L4 met.,95,“Social media is creating conditions where delusions can more easily be generated and sustained due to the presence of platforms and apps that ...
A0142,https://www.eurekalert.org › news-releases,International study by NTU Singapore and Research ...,https://www.eurekalert.org/news-releases/1091562,"Jul 17, 2025",EXCLUDE,,,0,non-ABCD cohort,"Jul 2025 article about NTU Singapore and dopamine reward system triggered by social media. Non-ABCD cohort; provisional paper 95 (He 2025 Computers in Human Behavior, ABCD fMRI reward sensitivity) is unrelated. No L1-L4 met.",95,The use of social media is contributing to ... social media triggers the brain's dopamine reward system in ways that mimic addiction.
A0143,https://www.eurekalert.org › news-releases,"At best, social media connections unlikely to make you less ...",https://www.eurekalert.org/news-releases/1125539,2 days ago,EXCLUDE,,,0,non-ABCD cohort,"Recent article: 'At best, social media connections unlikely to make you less lonely' — about loneliness and social media interactions with strangers. Non-ABCD cohort; provisional paper 95 unrelated. No L1-L4 met.",95,The findings suggest that “people experiencing loneliness may wish to examine critically their interactions with strangers on social media and ...
A0144,https://www.eurekalert.org › news-releases,Social media's addictive loop compels users to share ...,https://www.eurekalert.org/news-releases/998256,"Aug 10, 2023",EXCLUDE,,,0,non-ABCD cohort,Aug 2023 article: 'Social media's addictive loop compels users to share' — about habitual sharing behavior on social media among adult users. Non-ABCD cohort; provisional paper 95 (He 2025 ABCD adolescent reward circuit) is unrelated. No L1-L4 met.,95,"There will have to be something really disruptive structurally on these social media sites to change the behavior of habitual users,” he said."
A0145,https://www.eurekalert.org › news-releases,"On social media platforms, more sharing means less caring ...",https://www.eurekalert.org/news-releases/981375,"Mar 3, 2023",EXCLUDE,,,0,non-ABCD cohort,"Mar 2023 MIT-led study: 'On social media platforms, more sharing means less caring about accuracy' — about sharing impulse vs. accuracy on social platforms. Non-ABCD cohort; unrelated to any corpus paper. No L1-L4 met.",95,"On social media platforms, more sharing means less caring about accuracy. An MIT-led study reveals a core tension between the impulse to share ..."
A0146,https://www.eurekalert.org › news-releases,Social-media break has huge impact on young women's ...,https://www.eurekalert.org/news-releases/1043172,"May 1, 2024",EXCLUDE,,,0,non-ABCD cohort,"May 2024 article: 'Social-media break has huge impact on young women's [body image]' — published in Body Image journal, about social media breaks and body image in young women. Non-ABCD cohort; provisional paper 95 (ABCD fMRI reward sensitivity) is unrelated. No L1-L4 met.",95,"The paper, out this week in the journal Body Image, is thought to be the first to look specifically at social-media breaks and body image. Mills ..."
A0147,https://www.eurekalert.org › news-releases,How do new words arise in social media?,https://www.eurekalert.org/news-releases/1055881,"Sep 3, 2024",EXCLUDE,,,0,out-of-corpus topic,Sep 2024 article: 'How do new words arise in social media?' — about linguistics and lexical diffusion on social media platforms. Completely unrelated to any ABCD corpus paper; provisional paper 95 is unrelated. No L1-L4 met.,95,"The more centrally connected someone is within their social media network, the more likely that new words they use will become adopted into ..."
A0148,https://www.eurekalert.org › news-releases,DFG to fund 17 new research training groups,https://www.eurekalert.org/news-releases/1046884,"May 10, 2024",EXCLUDE,,,0,out-of-corpus topic,"May 2024 article about DFG (German Research Foundation) funding 17 new research training groups for doctoral researchers. Provisional paper 96 (Hein 2024 Comprehensive Psychiatry, digital media and psychotic-like experiences in ABCD) is unrelated to German doctoral funding. No L1-L4 met.",96,Research Training Groups offer doctoral researchers the opportunity to complete their doctorates by following a structured research and training ...
A0149,https://www.eurekalert.org › news-releases,PR55α-controlled PP2A Inhibits p16 Expression and ...,https://www.eurekalert.org/news-releases/1038232,"Mar 19, 2024",EXCLUDE,,,0,out-of-corpus topic,"Mar 2024 article: 'PR55α-controlled PP2A Inhibits p16 Expression' — cancer biology study listing authors Hein, Madduri, Jenkins, Graff, Palanivel. This is a different 'Hein' (Ashley L. Hein, cancer researcher); provisional paper 96 (Hein 2024 Comprehensive Psychiatry, ABCD digital media/PLEs) involves a different Hein in a psychology context. No L1-L4 met.",96,"In this new study, researchers Chitra Palanivel, Lepakshe S. V. Madduri, Ashley L. Hein, Christopher B. Jenkins, Brendan T. Graff, Alison L."
A0150,https://www.eurekalert.org › news-releases,Active ingredient of Viagra helps treat rare genetic disease,https://www.eurekalert.org/news-releases/1119639,"Mar 11, 2026",EXCLUDE,,,0.99,"unrelated topic — Viagra/sildenafil treatment for Leigh syndrome; no ABCD study, no screen time content",Title and summary describe a clinical trial of sildenafil for a rare mitochondrial disease (Leigh syndrome). No overlap with any candidate paper.,"136,400",The study entailed administering sildenafil continuously to six Leigh syndrome patients between the ages of 9 months and 38 years. Within the ...
A0151,https://www.eurekalert.org › news-releases,November/December Annals of Family Medicine Tip Sheet,https://www.eurekalert.org/news-releases/1066030,"Nov 25, 2024",EXCLUDE,,,0.99,"unrelated topic — adult ADHD clinic wait times in a family medicine residency; no ABCD study, no screen time content",Summary describes reducing wait times for adult ADHD patients at a suburban family medicine clinic. Completely unrelated to any candidate paper.,"136,400",A suburban family medicine residency clinic implemented an innovative approach to reduce behavioral health clinic wait times for adult ADHD ...
A0152,https://www.eurekalert.org › news-releases,Penn researchers awarded $25M to conduct trial using ...,https://www.eurekalert.org/news-releases/1110164,"Dec 16, 2025",EXCLUDE,,,0.99,"unrelated topic — cardiovascular fitness trial using smartphone fitness trackers in adults; no ABCD study, no adolescent screen time content","Summary describes a $25M Penn trial on gamification and smartphone fitness trackers for cardiovascular risk, led by Dr. Fanaroff. No connection to any candidate paper.",154,"... smartphone fitness trackers gamification to reduce the risk of ... Alexander C. Fanaroff, MD, an assistant professor of Cardiovascular ..."
A0153,https://www.eurekalert.org › news-releases,New nerve gas detector built with legos and a smartphone,https://www.eurekalert.org/news-releases/510314,"Jun 27, 2018",EXCLUDE,,,0.99,"unrelated topic — engineering/chemistry (nerve gas detector built from Lego and smartphone camera); no ABCD study, no screen time content",Title and summary describe a chemistry sensor device using Lego and smartphone optics. No connection to any candidate paper.,154,"... smartphone and a box made from Lego bricks, which could help first ... Software, developed by graduate student Alexander Boulgakov and ..."
A0154,https://www.eurekalert.org › news-releases,An earthquake on a chip: New tech could make ...,https://www.eurekalert.org/news-releases/1112196,"Jan 14, 2026",EXCLUDE,,,0.99,"unrelated topic — MEMS/wireless chip technology for smartphones; no ABCD study, no screen time content",Summary describes a new microelectromechanical chip for smaller wireless devices. No connection to any candidate paper.,154,"Eichenfield says the new device could lead to smaller, higher performance, and lower power wireless devices like cell phones. In a smartphone, ..."
A0155,https://www.eurekalert.org › news-releases,New technology makes artificial intelligence more private ...,https://www.eurekalert.org/news-releases/716385,"Nov 14, 2017",EXCLUDE,,,0.99,"unrelated topic — AI chip privacy technology; no ABCD study, no screen time content",Summary describes compact AI on a chip by engineering professor Alexander Wong (University of Waterloo). No connection to any candidate paper.,154,"""We feel this has enormous potential,"" said Alexander Wong, a ... When put on a chip and embedded in a smartphone, such compact AI ..."
A0156,https://www.eurekalert.org › news-releases,AI-supported dermatology: Now for darker skin tones too ...,https://www.eurekalert.org/news-releases/1060669,"Oct 10, 2024",EXCLUDE,,,0.99,"unrelated topic — AI dermatology for darker skin tones using smartphone; no ABCD study, no screen time/SM content",Summary describes AI-assisted dermatology using smartphone cameras. No connection to any candidate paper.,154,“Our vision is that each patient will be able to take a photo of their skin problem themselves free of charge using a smartphone and then upload ...
A0157,https://www.eurekalert.org › news-releases,DopFone app can accurately track fetal heart rate using ...,https://www.eurekalert.org/news-releases/1117990,"Feb 26, 2026",EXCLUDE,,,0.99,"unrelated topic — fetal heart rate monitoring via smartphone microphone; no ABCD study, no screen time/SM content",Summary describes DopFone app for fetal heart rate estimation. No connection to any candidate paper.,154,DopFone uses an off-the-shelf smartphone's existing speaker and microphone to accurately estimate fetal heart rate. ... Alexander T. Adams ...
A0158,https://www.eurekalert.org › news-releases,Engineers combine AI and wearable cameras in self ...,https://www.eurekalert.org/news-releases/703475,"Mar 15, 2021",EXCLUDE,,,0.99,"unrelated topic — AI and wearable cameras for assistive technology; no ABCD study, no screen time/SM content",Summary describes engineering research by professor Alexander Wong on AI and wearable cameras. No connection to any candidate paper.,154,"The research team also includes engineering professor Alexander Wong, the Canada Research Chair in Artificial Intelligence and Medical Imaging, ..."
A0159,https://www.eurekalert.org › news-releases,Smartphones and intelligent socks to help prevent diabetic ...,https://www.eurekalert.org/news-releases/632008,"Jan 27, 2016",EXCLUDE,,,0.99,"unrelated topic — smartphone app and smart socks for diabetic foot prevention; no ABCD study, no screen time/SM content",Summary describes a biomedical device for diabetic foot care. No connection to any candidate paper.,154,"... smartphone app, which in turn informs the patient of developing risk. ... Yaakov Nahmias, director of the Alexander Grass Center for ..."
A0160,https://www.eurekalert.org › news-releases,A simple firmware update completely hides a device's ...,https://www.eurekalert.org/news-releases/1050243,"Jul 10, 2024",EXCLUDE,,,0.99,"unrelated topic — Bluetooth fingerprinting and firmware security; no ABCD study, no screen time/SM content",Summary describes a firmware update to hide smartphone Bluetooth identifiers. No connection to any candidate paper.,154,"A smartphone's unique Bluetooth fingerprint could be used to track ... Hadi Givehchian, Nishant Bhaskar, Alexander Redding, Aaron Schulman, ..."
A0161,https://www.eurekalert.org › news-releases,Frequent social media use could impact child development,https://www.eurekalert.org/news-releases/1121373,"Mar 25, 2026",INCLUDE,310,L2,0.92,,"Title 'Frequent social media use could impact child development' and summary name 'Cory Carvalho, lead author' — matches paper 310 (Carvalho & Ravindran 2025, Journal of Research on Adolescence, social media and cognitive performance trajectories). Author surname Carvalho + social media and child development topic satisfies L2. EurekAlert press release format; journal name not explicitly in snippet but author and topic uniquely identify paper 310.","167,175,310","The more you use it, the more it changes according to however you're using it,” said Cory Carvalho, lead author of the study who received ..."
A0162,https://www.eurekalert.org › news-releases,"Youth screen use can cause family conflict, exacerbate ...",https://www.eurekalert.org/news-releases/1101639,"Oct 13, 2025",INCLUDE,"175,167",multi,0.88,,"Title 'Youth screen use can cause family conflict, exacerbate...' and summary name 'Carvalho, lead author' and mention 'Smartphone ownership can therefore create gaps in parent and...' — maps to paper 175 (Carvalho et al. 2025, Journal of Family Psychology, youth electronic media use and family conflict) via L2 (Carvalho + family conflict topic). The smartphone ownership/parent gap phrasing also maps to paper 167 (Carvalho et al. 2025, Development and Psychopathology, smartphone ownership and parent-adolescent discrepancy in internalizing problems). Multi-mapped to 175 and 167.","167,175,310","... Carvalho, lead author of the study and an alumnus of the University ... Smartphone ownership can therefore create gaps in parent and ..."
A0163,https://www.eurekalert.org › news-releases,Method detects defects in 2D materials for future ...,https://www.eurekalert.org/news-releases/659626,"Jan 27, 2020",EXCLUDE,,,0.99,"unrelated topic — materials science (defect detection in 2D materials for flexible sensors); no ABCD study, no screen time/SM content",Summary describes defect detection in 2D materials using a different Carvalho (materials physicist). No connection to any candidate paper.,167,"... smartphone and the myriad of other places where small, flexible sensors are required. ... Carvalho, a former visiting scholar in Terrones' group,."
A0164,https://www.eurekalert.org › news-releases,"Leishmaniasis infection on the rise in US ecotourists, soldiers",https://www.eurekalert.org/news-releases/646887,"Nov 15, 2016",EXCLUDE,,,0.99,"unrelated topic — infectious disease (Leishmaniasis); no ABCD study, no screen time/SM content",Summary describes IDSA guidelines for Leishmaniasis; smartphone mentioned only as a format for reference guidelines. No connection to any candidate paper.,167,"As with other IDSA guidelines, the leishmaniasis guidelines will be available in a smartphone format and a pocket-sized quick-reference edition."
A0165,https://www.eurekalert.org › news-releases,"Children spending more time on screens, going to bed ...",https://www.eurekalert.org/news-releases/954909,"Jun 3, 2022",INCLUDE,177,L2,0.92,,"Title 'Children spending more time on screens, going to bed later' and summary: 'increased screen time was associated with later bedtimes and wake up times across the pandemic. Kiss said these data highlight...' — author surname Kiss + screen time/sleep/pandemic topic matches paper 177 (Kiss et al. 2023, Health Psychology, effects of COVID-19 pandemic on screen time and sleep in early adolescents). Published Jun 3, 2022, consistent with preprint/press release timing for a 2023-published paper.","177,314",The increased screen time was associated with later bedtimes and wake up times across the pandemic. Kiss said these data highlight the need to ...
A0166,https://www.eurekalert.org › news-releases,Social media use and sleep duration connected to brain ...,https://www.eurekalert.org/news-releases/1046446,"May 30, 2024",INCLUDE,314,L3,0.91,,"Title 'Social media use and sleep duration connected to brain...' and summary: 'Sleep duration was assessed from the Munich Chronotype questionnaire, and recreational social media use through the Youth Screen Time Survey.' The specific combination of social media use (Youth Screen Time Survey) + sleep duration + brain outcome uniquely maps to paper 314 (Kiss et al. 2026, Journal of Sleep Research, neural sensitivity to social media use and sleep duration in ABCD). L3 satisfied by distinctive paraphrase: ABCD Youth Screen Time Survey for social media, Munich Chronotype for sleep, brain outcome.","177,314","Sleep duration was assessed from the Munich Chronotype questionnaire, and recreational social media use through the Youth Screen Time Survey."
A0167,https://www.eurekalert.org › news-releases,"Social connectedness, sleep, and physical activity ...",https://www.eurekalert.org/news-releases/940924,"Jan 24, 2022",INCLUDE,130,L2,0.8,,"Title 'Social connectedness, sleep, and physical activity...' published Jan 24, 2022. Summary names 'Kiss, Ph.D., a postdoctoral fellow at SRI International and lead...' and mentions 'screen time, sleep (e.g., pre-pandemic sleep disturbances).' Author surname Kiss at SRI + pandemic/screen time/sleep topic is consistent with paper 130 (Kiss et al. 2022, Journal of Adolescent Health, The Pandemic's Toll on Young Adolescents, ABCD COVID data). Confidence slightly reduced (0.80) because the title 'Social connectedness, sleep, and physical activity' does not perfectly align with paper 130's title, and paper 177 also involves Kiss, pandemic, screen time, and sleep. However, the Jan 2022 date and 'social connectedness' framing fit paper 130's broader pandemic mental health scope better than paper 177.","177,314","... screen time, sleep (e.g., pre-pandemic sleep disturbances), and ... Kiss, Ph.D., a postdoctoral fellow at SRI International and lead ..."
A0168,https://www.eurekalert.org › news-releases,Video games can help boost children's intelligence,https://www.eurekalert.org/news-releases/952549,"May 12, 2022",INCLUDE,190,L2,0.99,,"Summary explicitly names publication 'The impact of digital media on children's intelligence' by 'Bruno Sauce, Magnus Liebherr, Nicholas Judd, Torkel Klingberg' — this is the exact title and author list of paper 190 (Sauce et al. 2022, Scientific Reports). L2 satisfied (author 'Sauce' + implied venue Scientific Reports, and title match). EurekAlert press release.",190,"Publication: “The impact of digital media on children's intelligence ... Bruno Sauce, Magnus Liebherr, Nicholas Judd, Torkel Klingberg."
A0169,https://www.eurekalert.org › news-releases,Using social media may impair children's attention,https://www.eurekalert.org/news-releases/1108691,"Dec 8, 2025",INCLUDE,435,L2,0.97,,"Summary explicitly names publication 'Digital media, Genetics and Risk for ADHD Symptoms in Children – a Longitudinal Study' by 'Samson Nivins, Michael A. Mooney, Joel...' — this is the exact title and first two authors of paper 435 (Nivins et al. 2025, Pediatrics Open Science). L2 satisfied by author surname Nivins + ADHD/digital media topic. Paper 192 (Nivins et al. 2024 Scientific Reports) covers brain development, not ADHD, so primary match is paper 435.","192,435","Publication: “Digital media, Genetics and Risk for ADHD Symptoms in Children – a Longitudinal Study”, Samson Nivins, Michael A. Mooney, Joel ..."
A0170,https://www.eurekalert.org › news-releases,Cognitive behavioral therapy alters brain activity in children ...,https://www.eurekalert.org/news-releases/1032033,"Jan 24, 2024",EXCLUDE,,,0.92,"unrelated topic — CBT altering brain activity in children with anxiety; Pagliaccio mentioned as a co-author in an unrelated neuroscience study, not as lead author on any candidate paper from the corpus","Summary describes CBT effects on brain activity in anxious children and lists 'Pagliaccio, D' as an author. Paper 196 (Pagliaccio et al. 2024, NPP Digital Psychiatry) is about social media use patterns and youth mental health in ABCD — a completely different study. The provisional mapping was based on author name overlap only; the article content does not reference social media exposure, ABCD Study, or any finding from paper 196. Excluded as out-of-corpus topic.",196,"Anxiety disorders are common in children and can cause them significant distress in social and academic situations. ... Pagliaccio, D ..."
A0171,https://www.eurekalert.org › news-releases,"Computer-, smartphone-based treatments effective at ...",https://www.eurekalert.org/news-releases/937349,"Dec 13, 2021",EXCLUDE,,,0.97,"unrelated topic — digital/smartphone-based treatments for depression (intervention efficacy review); no ABCD study, no screen time/SM exposure content","Summary describes a meta-analytic or review finding that computer- and smartphone-based interventions reduce depression symptoms. No connection to paper 289 (Pulkki-Råback et al. 2022, Acta Paediatrica, parental problems and children's screen time in ABCD) or any other candidate paper.",289,"Computer- and smartphone-based treatments appear to be effective in reducing symptoms of depression, and while it remains unclear whether ..."
A0172,https://www.eurekalert.org › news-releases,"Sleep apnea, lack of deep sleep linked to worse brain health",https://www.eurekalert.org/news-releases/988300,"May 10, 2023",EXCLUDE,,,0.97,unrelated topic — sleep apnea and deep sleep linked to brain health; Carvalho is a Mayo Clinic neurologist unrelated to any ABCD screen time paper,"Summary names 'Carvalho, MD, MS, of the Mayo Clinic in Rochester, Minnesota' — a different Carvalho (neurologist/sleep researcher) than the ABCD authors. Content is about sleep apnea and brain health in adults, with no connection to paper 310 or any candidate paper.",310,"Carvalho, MD, MS, of the Mayo Clinic in Rochester, Minnesota, and a ... When posting to social media channels about this research, we ..."
A0173,https://www.eurekalert.org › news-releases,Early immune evasion found in HPV-related pre-cancer ...,https://www.eurekalert.org/news-releases/1081862,"Apr 28, 2025",EXCLUDE,,,0.99,unrelated topic — HPV-related pre-cancer immune evasion; Carvalho Carneiro is an oncology/virology researcher unrelated to any ABCD screen time paper,"Summary describes HPV pre-cancer research by 'Humberto Carvalho Carneiro, Rodrigo de Andrade Natal.' No connection to paper 310 or any candidate paper.",310,"Researchers Humberto Carvalho Carneiro, Rodrigo de Andrade Natal ... social media: X · Facebook · YouTube · Instagram · LinkedIn · Pinterest"
A0174,https://www.eurekalert.org › news-releases,Management of refractory or relapsed classic Hodgkin ...,https://www.eurekalert.org/news-releases/1029674,,EXCLUDE,,,0.99,unrelated topic — oncology (Hodgkin lymphoma management); Carvalho Guimarães Baiocchi is an oncologist unrelated to any ABCD screen time paper,Summary describes management of classic Hodgkin lymphoma by 'Carvalho Guimarães Baiocchi from Hospital Universitário de Brasília.' No connection to paper 310 or any candidate paper.,310,"... Carvalho Guimarães Baiocchi from Hospital Universitário de Brasília ... To learn more about Oncotarget, visit Oncotarget.com and connect with us on social media:."
A0175,https://www.eurekalert.org › news-releases,Scientists announce top 10 new species,https://www.eurekalert.org/news-releases/523629,"May 23, 2013",EXCLUDE,,,0.0,"Unrelated topic — article is about newly discovered biological species; 'Carvalho' named is an entomologist at Universidade de São Paulo, not paper 310's Carvalho (University of Georgia); no ABCD content.","Title 'Scientists announce top 10 new species' from 2013; snippet references 'social media lacewing' (a species name) and 'Carvalho, Universidade de São Paulo' — entirely unrelated to ABCD smartphone/social media research.",310,"Social media lacewing: In a trend-setting collision of science and social media ... Carvalho, Universidade de São Paulo; Aharon Oren, The ..."
A0176,https://www.eurekalert.org › news-releases,Oncotarget | New oncology-focused papers published in ...,https://www.eurekalert.org/news-releases/956944,"Jun 23, 2022",EXCLUDE,,,0.0,Unrelated topic — oncology journal announcement; social media mentioned only in promotional links (Twitter/Facebook URLs); no ABCD content.,"Title 'Oncotarget | New oncology-focused papers published'; snippet only mentions social media as promotional channel for cancer journal, not as a research topic.",310,"To learn more about Oncotarget, visit Oncotarget.com and connect with us on social media: Twitter – https://twitter.com/Oncotarget; Facebook – ..."
A0177,https://www.eurekalert.org › news-releases,Incorporating “touch” into social media interactions can ...,https://www.eurekalert.org/news-releases/1047194,"Jun 12, 2024",EXCLUDE,,,0.0,"Unrelated topic — haptic technology for digital touch interactions; no ABCD content, no match to paper 314 (Kiss et al. neural sensitivity to social media and sleep).","Title 'Incorporating touch into social media interactions can...' (Jun 2024); snippet about haptic/kiss-hug transmission devices; no author, institution, or finding matching paper 314.",314,"Technology companies are developing devices to incorporate touch into digital interactions, such as interactive kiss and hug transmission ..."
A0178,https://www.eurekalert.org › news-releases,Witte receives funding for project aimed at examining how ...,https://www.eurekalert.org/news-releases/974602,,EXCLUDE,,,0.0,"Name collision — 'Marissa Kiss' mentioned is a Postdoctoral Fellow at Institute for Immigration Research, not paper 314's Kiss (SRI International, social media/sleep/ABCD); unrelated research topic.","Snippet: 'Marissa Kiss, PhD, Postdoctoral Fellow, Institute for Immigration Research' working on social media and immigration — different researcher and topic from paper 314 (neural sensitivity to social media, sleep duration, ABCD Study).",314,"Witte is collaborating with Marissa Kiss, PhD, Postdoctoral Fellow, Institute for Immigration Research, on this project. Witte and Kiss ... social media and in- ..."
A0179,https://www.eurekalert.org › news-releases,Types of on-screen content and mental health in ...,https://www.eurekalert.org/news-releases/1009751,"Dec 4, 2023",EXCLUDE,,,0.0,"Non-matching paper — 'Yunting Zhang, Ph.D., of Shanghai Jiao Tong University' is a different Zhang from paper 381 (Zhang et al. 2026, University of Oxford, Nuffield Dept. of Clinical Neuroscience); no ABCD content in snippet.","Snippet: 'Yunting Zhang, Ph.D., of Shanghai Jiao Tong University' (Dec 2023) about on-screen content and mental health; paper 381 (Zhang, Bellaert, Zhuo, Liew, Tseng 2026) is from University of Oxford — different institution, different research.",381,"Limiting children's screen time, prioritizing educational programs ... D., and Yunting Zhang, Ph.D., of Shanghai Jiao Tong University ..."
A0180,https://www.eurekalert.org › news-releases,Screen time and emotional problems in kids: A vicious circle?,https://www.eurekalert.org/news-releases/1086346,"Jun 9, 2025",INCLUDE,395,L3,0.75,,"EurekAlert press release titled 'Screen time and emotional problems in kids: A vicious circle?' (Jun 9, 2025) names author 'Parker, PhD' — matches Parker (first author, paper 395: Parker, Harton, Mattey-Mora, Streck 2025, BMC Public Health, ABCD Study). 'Vicious circle' language aligns with the bidirectional/trajectory design of paper 395 (GBTM trajectories of screen time predicting anxiety/depression). L3: finding of screen time ↔ emotional problems cycle in adolescents maps distinctively to paper 395. Confidence 0.75 (snippet only; journal name and ABCD Study label not confirmed in visible text).",395,"Screen time and emotional problems in kids: A vicious circle? ... Parker, PhD, Diego Vasconcellos, PhD, Katrina Wilhite, PhD, Ella ..."
A0181,https://www.eurekalert.org › news-releases,"Limit screen use in children under six, says psychologist",https://www.eurekalert.org/news-releases/983998,"Mar 30, 2023",EXCLUDE,,,0.0,"Non-ABCD cohort / different topic — 'Becky Parker-Ellis' from Taylor & Francis is a different person from paper 395's Parker; article is about limiting screen time for children under six, not ABCD adolescent data.","Snippet: 'Becky Parker-Ellis Taylor & Francis Group' (Mar 30, 2023) about screen limits for under-6 children; paper 395 (Parker et al. 2025 BMC Public Health) uses ABCD Study data on adolescents (9–13 years). Different researcher and study population.",395,Parents should strictly ration or not allow screen time for children ... Becky Parker-Ellis Taylor & Francis Group newsroom ...
A0182,https://www.eurekalert.org › news-releases,Increased anxiety associated with sitting down,https://www.eurekalert.org/news-releases/581884,"Jun 18, 2015",EXCLUDE,,,0.0,"Non-ABCD cohort — 2015 article by Teychenne, Costigan, and Kate Parker in BMC Public Health about sedentary behavior and anxiety; different authors, different cohort, predates ABCD Study.","Authors 'Megan Teychenne, Sarah A Costigan and Kate Parker BMC Public Health' (Jun 2015) — 'Kate Parker' is not paper 395's Parker (Parker, Harton, Mattey-Mora, Streck 2025 ABCD Study). Sedentary behavior/anxiety topic does not map to any ABCD corpus paper.",395,"... screen time were more like to experience anxiety compared to those ... Megan Teychenne, Sarah A Costigan and Kate Parker BMC Public ..."
A0183,https://www.eurekalert.org › news-releases,How tech-dependency and pandemic isolation have ...,https://www.eurekalert.org/news-releases/1115619,"Feb 11, 2026",EXCLUDE,,,0.0,Insufficient evidence — article about tech-dependency and pandemic isolation for small children; contact 'becky.parker' suggests Parker-Ellis (non-ABCD) rather than ABCD paper 395 author; no ABCD-specific finding identifiable from snippet.,"Feb 2026 article: 'Small children cannot drive to the store' — framing around very young/small children, inconsistent with ABCD adolescent cohort (ages 9–13). 'becky.parker' contact likely same Parker-Ellis (Taylor & Francis) from A0181 context. No L1-L4 criteria met.","395,521","Small children cannot drive to the store, buy an expensive device, and regulate screen time when they can't even tie their shoes. ... becky.parker ..."
A0184,https://www.eurekalert.org › news-releases,Study shows severity of childhood obesity in Guam,https://www.eurekalert.org/news-releases/679708,"Oct 5, 2020",EXCLUDE,,,0.0,"Non-ABCD cohort / name collision — 'Leon Guerrero' is a registered dietitian in a Guam childhood obesity study, not paper 398's Guerrero (Guerrero, Barnes, Chaput, Tremblay 2019, ABCD Study, Montreal/Ottawa group).","Title 'Study shows severity of childhood obesity in Guam' (Oct 2020); snippet mentions 'Leon Guerrero, a registered dietitian' — entirely different researcher and geographic context from paper 398 (Guerrero et al. ABCD/IBNA screen time and problem behaviors).",398,"... screen time, the processed and sugary foods and beverages, and, most ... Leon Guerrero, a registered dietitian who holds a doctorate in human ..."
A0185,https://www.eurekalert.org › news-releases,"Screen time only mildly linked to behavioral problems, but ...",https://www.eurekalert.org/news-releases/928055,"Sep 9, 2021",INCLUDE,420,L3,0.85,,"EurekAlert press release titled 'Screen time only mildly linked to behavioral problems, but...' (Sep 9, 2021) directly quotes 'Paulich stressed' — first author of paper 420 (Paulich, Ross, Lessem, Hewitt 2021, PLOS ONE, ABCD Study). L3: finding that screen time is only mildly associated with behavioral/mental health problems in 9–10-year-old ABCD children uniquely maps to paper 420 (cross-sectional ABCD analysis by Paulich et al.). High confidence given named author + topic + year alignment.",420,"While the study did find associations between screen time and some mental health and behavioral problems, Paulich stressed that this does not ..."
A0186,https://www.eurekalert.org › news-releases,John Hennessy and David Patterson win the Frontiers of ...,https://www.eurekalert.org/news-releases/797811,"Feb 10, 2021",EXCLUDE,,,0.0,Unrelated topic / name collision — 'Regina Barzilay' is an MIT computer science researcher (Frontiers of Knowledge Award for computing); not paper 431's Barzilay (Barzilay et al. 2026 ABCD smartphone/health study at CHOP).,"Title 'John Hennessy and David Patterson win the Frontiers of Knowledge Award' (Feb 2021) — computer architecture award; 'Regina Barzilay, Delta Electronics' is an AI/cancer researcher at MIT, entirely different from paper 431's first author at Children's Hospital of Philadelphia.",431,"... smartphone, and embedded computer [in televisions, cars and Internet ... Remaining members were Regina Barzilay, Delta Electronics ..."
A0187,https://www.eurekalert.org › news-releases,The Frontiers of Knowledge Award goes to Alberto ...,https://www.eurekalert.org/news-releases/979072,"Feb 8, 2023",EXCLUDE,,,0.0,"Unrelated topic / name collision — same Frontiers of Knowledge Award series (computer science); 'Regina Barzilay, School of Engineering' is the MIT Barzilay, not paper 431's Barzilay (CHOP, ABCD smartphone study).",Title 'The Frontiers of Knowledge Award goes to Alberto...' (Feb 2023) — computer science award; same name collision as A0186. No ABCD content.,431,"Today, in a modern smartphone, chips have billions of transistors, so ... Remaining members were Regina Barzilay, School of Engineering ..."
A0188,https://www.eurekalert.org › news-releases,New studies measure screen-based media use in children,https://www.eurekalert.org/news-releases/747989,,EXCLUDE,,,0.0,"Non-ABCD cohort / name collision — authors John Hutton, Yuanfang Xu, DeWitt, Horowitz-Kraus, Ittenbach are from a different screen time measurement study; 'Xu' here is not paper 443's Xu (Xu, Song, Deng, Geng, Zhang 2025, Beijing Normal University).",Title 'New studies measure screen-based media use in children'; authors include 'Yuanfang Xu' — different Xu from paper 443's first author. No ABCD Study mention; appears to be a Cincinnati Children's Hospital / AAP-related study.,443,"... screen time recommendations,"" said Dr. Hutton ... Authors: John Hutton, Yuanfang Xu, Thomas DeWitt, Tzipi Horowitz-Kraus, Richard Ittenbach ... screen time ..."
A0189,https://www.eurekalert.org › news-releases,Language use decreases in young children and caregivers ...,https://www.eurekalert.org/news-releases/643204,"Jun 1, 2009",EXCLUDE,,,0.0,Unrelated topic — 2009 article about language use in young children; 'Dongxin Xu' is a different Xu unrelated to paper 443 (Xu et al. 2025 ABCD Study).,"Title 'Language use decreases in young children and caregivers' (Jun 2009) — predates ABCD Study; 'Dongxin Xu, PhD' is from Seattle Children's language research, not paper 443's Xu (Beijing Normal University, screen time/problematic use/ABCD).",443,"Richards, MA; Dongxin Xu, PhD; Sharmistha Gray, PhD, and Umit ... screen time and attentional disorders. About Seattle Children's ..."
A0190,https://www.eurekalert.org › news-releases,"Better sleep, less cancer risk: The power of nightly rest",https://www.eurekalert.org/news-releases/1088684,"Jun 24, 2025",EXCLUDE,,,0.0,"Unrelated topic — article about sleep and cancer risk; 'Xiaoke (Kerri) Xu, BGI Genomics' is a genomics researcher unrelated to paper 443 (Xu et al. 2025, ABCD Study screen time).","Title 'Better sleep, less cancer risk: The power of nightly rest' (Jun 2025); author 'Xiaoke Xu, BGI Genomics' — cancer/genomics context, no ABCD content, no link to paper 443.",443,"In our fast-paced world, sleep is often sacrificed for productivity or screen time. ... Xiaoke (Kerri) Xu BGI Genomics xuxiaoke@bgi.com ..."
A0191,https://www.eurekalert.org › news-releases,Limiting screen time protects children's mental health,https://www.eurekalert.org/news-releases/1076347,"Mar 10, 2025",EXCLUDE,,,0.0,"General screen time commentary — no specific author, journal, or ABCD-specific finding; does not reference any paper from corpus.","Title 'Limiting screen time protects children's mental health' (Mar 10, 2025); snippet is a generic policy/advocacy statement ('Society as a whole — from families to policymakers — must invest in...') with no named researcher, institution, or study matching any of the 69 candidate papers.",521,Limiting screen time protects children's mental health. Peer ... “Society as a whole – from families to policymakers – must invest in ...
A0192,https://www.eurekalert.org › news-releases,What are parents doing to limit screen time for young children?,https://www.eurekalert.org/news-releases/713582,,EXCLUDE,,,0.0,General screen time commentary — author 'Inniss' not in corpus; article about parental practices limiting screen time for young children; no ABCD-specific content.,"Title 'What are parents doing to limit screen time for young children?'; 'Inniss says the national conversation about children and screen time...' — no author, affiliation, or finding matching any of the 69 candidate papers.",521,"Inniss says the national conversation about children and screen time has to expand to include quality as well as quantity. ""Future efforts must concentrate ..."
A0193,https://www.eurekalert.org › news-releases,Screen time among children and adolescents has ...,https://www.eurekalert.org/news-releases/1121884,"Mar 30, 2026",EXCLUDE,,,0.0,General screen time commentary / review — no specific author or finding identifiable from snippet; no link to any corpus paper.,"Title 'Screen time among children and adolescents has...' (Mar 30, 2026); snippet is a generic evidence-based policy statement ('effective responses must be grounded in high-quality evidence') — no named author, venue, sample, or finding mapping to paper 521 or any other corpus paper.",521,Screen time among children and adolescents ... The authors emphasize that effective responses must be grounded in high-quality evidence.
A0194,https://www.eurekalert.org › news-releases,"School, health and behavior suffer when children have TV, ...",https://www.eurekalert.org/news-releases/463129,"Sep 26, 2017",EXCLUDE,,,0.0,Non-ABCD cohort — 2017 article about TV/bedroom screens and school/health outcomes; predates ABCD Study publication timeline; no author/finding matching any corpus paper.,"Title 'School, health and behavior suffer when children have TV...' (Sep 26, 2017); snippet about bedroom TV and indirect effects on school grades — different cohort and study design; no connection to paper 521 (Must et al. 2023, autism/obesity, ABCD Study).",521,"""It's a question every parent must face, but there is a simple two-letter answer. ... screen time, which indirectly affected school grades."
A0195,https://www.eurekalert.org › news-releases,"Children's brains shaped by their time on tech devices, ...",https://www.eurekalert.org/news-releases/1008150,"Nov 17, 2023",INCLUDE,18,L4,0.65,,"EurekAlert press release titled 'Children's brains shaped by their time on tech devices' (Nov 17, 2023) references 'Chair Professor Li's team' examining screen time, brain/cognitive effects ('policymakers must... screen time... cognitive processes... learning experience'). Paper 18 (Li, Zhao, Dang, Xu, Chen 2024, Advanced Science) from Zhejiang University uses ABCD data to examine causal relationships between screen use (including SNS/texting/video chat) and brain development/reading in early adolescents. L4: institution context (Professor Li at Chinese university) + topic (screen time → brain/cognition) + ABCD Study configuration maps to paper 18. Confidence 0.65 (uncertain: 'Li' is common, 'Chair Professor' framing and Nov 2023 date slightly ahead of 2024 publication; snippet is sparse).",521,"Overall Chair Professor Li's team conclude that policymakers must ... screen time) or the cognitive processes (i.e., learning experience) ..."
A0196,https://www.eurekalert.org › news-releases,Children's health fears due to rise in screen time,https://www.eurekalert.org/news-releases/946136,"Mar 11, 2022",EXCLUDE,,,0.0,"Non-ABCD cohort / general commentary — article about children's physical health risks from screen time rise (Mar 2022); no specific author, institution, or finding matching any corpus paper.","Title 'Children's health fears due to rise in screen time' (Mar 11, 2022); snippet is generic awareness/risk commentary with no named researcher or study linking to paper 521 or any other corpus paper.",521,"However, we must be aware of the risks to their physical health as a result of this increased screen time. “Through increasing awareness of ..."
A0197,https://www.eurekalert.org › news-releases,Video gaming may be associated with better cognitive ...,https://www.eurekalert.org/news-releases/968356,"Oct 24, 2022",EXCLUDE,,,0.0,ABCD coverage of out-of-corpus topic — article about video gaming and cognitive performance in ABCD (Oct 2022); none of the 69 candidate papers focus primarily on video gaming effects on cognition.,"Title 'Video gaming may be associated with better cognitive performance' (Oct 24, 2022); mentions AAP screen time thresholds and ABCD Study children — this is ABCD-based research on video games and cognition, but no corpus paper (papers 31, 295, 310 relate to screen time/social media and cognition, not video gaming specifically as the primary exposure). No L1-L4 match to any of the 69 papers.",521,This threshold was selected as it exceeds the American Academy of Pediatrics screen time ... must continue to investigate in these children as ...
A0198,https://www.eurekalert.org › news-releases,Abundant screen time linked with overweight among children,https://www.eurekalert.org/news-releases/646024,"Aug 9, 2019",EXCLUDE,,,0.0,Non-ABCD cohort — 2019 cross-sectional study on screen time and overweight in children; no author or finding matching any corpus paper.,"Title 'Abundant screen time linked with overweight among children' (Aug 9, 2019); cross-sectional design noted in snippet; no author, institution, or ABCD Study mention; does not map to paper 521 (Must et al. 2023, autism/obesity, ABCD) or any other corpus paper.",521,"Abundant screen time linked with overweight among children. Peer ... ""It must be noted that this cross-sectional study does not reveal ..."
A0199,https://www.eurekalert.org › news-releases,Causes and remedies of sedentary behavior in children,https://www.eurekalert.org/news-releases/971236,"Nov 14, 2022",EXCLUDE,,,0.0,General screen time commentary — article about sedentary behavior and physical activity in children; no author or finding matching any corpus paper.,"Title 'Causes and remedies of sedentary behavior in children' (Nov 14, 2022); snippet about outdoor safety and sedentary behavior reduction — no named author, institution, or ABCD-specific finding linking to any of the 69 candidate papers.",521,"... screen time are necessary. Likewise, the safety of the outdoor environment can also shape children's behavior towards physical activities. A ..."
A0200,Columbia University Irving Medical Center,"Addictive Use of Social Media, Not Total Time, Associated with Youth Mental Health",https://www.cuimc.columbia.edu/news/addictive-use-social-media-not-total-time-associated-youth-mental-health,"06/18/2025, 07:00 AM, +0000 UTC",INCLUDE,3,L4,0.92,,"Columbia University Irving Medical Center (CUIMC) is the institutional home of Xiao et al. (Weill Cornell/NewYork-Presbyterian, a CUIMC affiliate); title 'Addictive Use of Social Media, Not Total Time, Associated with Youth Mental Health' uniquely paraphrases paper 3's central finding (addictive screen use trajectories vs. total screen time predicting youth mental health outcomes). Institution + topic + ABCD Study configuration is uniquely consistent with paper 3 (Xiao 2025 JAMA).","3,48",
A0201,Medscape,"Addictive Screen Use, Not Total Time, Linked to Poor Mental Health in Teens",https://www.medscape.com/viewarticle/addictive-screen-use-not-total-time-linked-poor-mental-2025a1000gbs,"06/19/2025, 07:00 AM, +0000 UTC",INCLUDE,3,L3,0.93,,"Summary explicitly names the Adolescent Brain Cognitive Development study and references 'addictive use of social media, cell phones' assessed via validated questionnaires — matching paper 3 (Xiao 2025 JAMA: SMAQ/MPIQ addictive screen use trajectories predicting suicidal behaviors/mental health). Title 'Addictive Screen Use, Not Total Time, Linked to Poor Mental Health in Teens' is a distinctive paraphrase of paper 3's key finding. Paper 86 (Nagata 2026 AJPM — problematic screen use, mental health) could also be covered but paper 3 is the primary match given SMAQ/MPIQ framing and 2025 publication date.","215,3","... Adolescent Brain Cognitive Development study. Validated self-report questionnaires were used to assess and track addictive use of social media, cell phones ..."
A0202,Medscape,Sleep and Social Media Impact Youth Brain Development,https://www.medscape.com/viewarticle/sleep-and-social-media-impact-youth-brain-development-2024a1000ag1,"06/04/2024, 07:00 AM, +0000 UTC",INCLUDE,314,L3,0.72,,"Title 'Sleep and Social Media Impact Youth Brain Development' with summary referencing ABCD study and 'shorter sleep duration correlated' maps to paper 314 (Kiss 2026 Journal of Sleep Research — neural sensitivity to social media use predicting sleep duration in adolescents). Published June 2024, consistent with coverage of ABCD research linking social media to sleep and brain. Paper 13 (Lima Santos 2025 JAMA Pediatrics — screen time → depression mediated by sleep/white matter) is a secondary possibility but its 2025 publication makes 2024 coverage less likely. Confidence reduced due to absence of full article text.","177,314","Notably, analysis of data on participants in the Adolescent Brain Cognitive Development (ABCD) study revealed that shorter sleep duration correlated ..."
A0203,medscape.com,Teen Cannabis Use Tied to Slower Cognitive Development,https://www.medscape.com/viewarticle/teen-cannabis-use-tied-slower-cognitive-development-2026a1000e0h,8 days ago,EXCLUDE,,,0.95,"ABCD coverage of out-of-corpus topic — teen cannabis use and cognitive development, no smartphone/social media variable present.",Title 'Teen Cannabis Use Tied to Slower Cognitive Development' and summary reference ABCD Study but concern cannabis use as exposure and cognitive development as outcome. No paper in the corpus focuses on cannabis use as IV; all corpus papers require a phone/SM-specific variable as the primary exposure.,,Limitations of the study were possible selection bias that may reduce generalizability and potential external contamination of hair samples. The ABCD Study is ...
A0204,medscape.com,Top Predictors of Substance Initiation in Youth Flagged,https://www.medscape.com/viewarticle/top-predictors-substance-initiation-youth-flagged-2024a10008tl,"May 7, 2024",EXCLUDE,,,0.62,Insufficient information to confirm linkage; likely ABCD coverage of out-of-corpus topic (substance initiation predictors not specific to phone/SM).,"Title 'Top Predictors of Substance Initiation in Youth Flagged' with summary about ABCD dataset and 'predictors of substance use initiation' is too generic. No provisional paper_ids. While papers 85, 106, and 107 cover social media + substance use in ABCD, the article's framing does not indicate phone/SM as the featured predictor vs. other factors. Without full text, L3/L4 criteria cannot be met. Confidence below threshold — flagged for human review.",,Previous studies examining predictors of substance use initiation in the Adolescent Brain Cognitive Development (ABCD) Study dataset focused primarily on ...
A0205,medscape.com,Motor Abnormalities a Harbinger of Serious Mental Illness?,https://www.medscape.com/viewarticle/950320,"Apr 30, 2021",EXCLUDE,,,0.97,"ABCD coverage of out-of-corpus topic — motor abnormalities and serious mental illness, no phone/SM variable.","Title 'Motor Abnormalities a Harbinger of Serious Mental Illness?' and summary reference ABCD motor function data in 10,835 children. No phone/SM-specific variable is involved; topic is outside the corpus.",,"For their study, the investigators gathered motor function data from the Adolescent Brain Cognitive Development Study (ABCD), which included 10,835 children ..."
A0206,medscape.com,"Stimulant Medications Don't Cause Psychosis, New Study ...",https://www.medscape.com/viewarticle/stimulant-medications-dont-cause-psychosis-new-study-finds-2025a1000bno,"May 14, 2025",EXCLUDE,,,0.98,"ABCD coverage of out-of-corpus topic — stimulant medications and psychosis, no phone/SM variable.",Title 'Stimulant Medications Don't Cause Psychosis' and summary reference ABCD Study longitudinal data on brain development. No phone/SM exposure; out-of-corpus topic.,,"Kelleher and his colleagues used data from the Adolescent Brain Cognitive Development Study, a longitudinal study tracking brain development and child health in ..."
A0207,medscape.com,"Older, Impulsive Teens More Open to Vaping, Smoking",https://www.medscape.com/viewarticle/older-impulsive-teens-more-open-vaping-smoking-2025a1000x6m,"Nov 27, 2025",EXCLUDE,,,0.97,"ABCD coverage of out-of-corpus topic — susceptibility to vaping/smoking in older/impulsive teens, no phone/SM variable.","Title 'Older, Impulsive Teens More Open to Vaping, Smoking' with summary about ABCD data and e-cigarette/cigarette susceptibility. Impulsivity and substance susceptibility with no phone/SM angle; out-of-corpus topic.",,Researchers analyzed data from the Adolescent Brain Cognitive Development study to assess susceptibility to e-cigarette and cigarette use among US adolescents.
A0208,medscape.com,Can the Developing Brain Weather Climate Change?,https://www.medscape.com/viewarticle/can-developing-brain-weather-climate-change-2025a1000x6k,"Nov 27, 2025",EXCLUDE,,,0.98,"ABCD coverage of out-of-corpus topic — climate change and brain development, no phone/SM variable.",Title 'Can the Developing Brain Weather Climate Change?' and summary reference ABCD brain imaging and climate change. No phone/SM-specific exposure; out-of-corpus topic.,,"Their brain imaging parameters are modeling the Adolescent Brain Cognitive Development Study, the largest long-term study of brain development and child health ..."
A0209,medscape.com,How Wildfire Smoke May Harm Brain Health,https://www.medscape.com/viewarticle/how-wildfire-smoke-may-harm-brain-health-2024a1000oyf,"Dec 23, 2024",EXCLUDE,,,0.98,"ABCD coverage of out-of-corpus topic — wildfire smoke exposure and brain health, no phone/SM variable.","Title 'How Wildfire Smoke May Harm Brain Health' and summary reference 10,000+ ABCD youth and wildfire smoke exposure. No phone/SM-specific exposure; out-of-corpus topic.",,"In this sample of more than 10,000 youth from the Adolescent Brain Cognitive Development Study, each additional day of exposure at unsafe levels boosted the ..."
A0210,Neuroscience News,"Addictive Screen Use, Not Time, Tied to Teen Suicide Risk",https://neurosciencenews.com/teen-screen-addiction-suicide-29302/,"06/19/2025, 07:00 AM, +0000 UTC",INCLUDE,3,L3,0.95,,"Title 'Addictive Screen Use, Not Time, Tied to Teen Suicide Risk' distinctively paraphrases paper 3 (Xiao 2025 JAMA — Addictive Screen Use Trajectories and Suicidal Behaviors): the specific contrast of addictive use vs. total time predicting suicide risk maps uniquely to paper 3's design. Published June 2025, consistent with paper 3's 2025 publication date.",3,
A0211,Neuroscience News,"More Social Media, More Depression: Study Links Cause and Effect",https://neurosciencenews.com/social-media-teen-depression-29115/,"05/22/2025, 07:00 AM, +0000 UTC",INCLUDE,8,L3,0.9,,"Title 'More Social Media, More Depression: Study Links Cause and Effect' with causal framing published May 2025 maps to paper 8 (Nagata 2025 JAMA Network Open — Social Media Use and Depressive Symptoms During Early Adolescence), which uses a cross-lagged panel design to infer directional effects of social media on depressive symptoms. The 'cause and effect' framing is distinctive of paper 8's cross-lagged methodology distinguishing social media → depression from reverse path.","215,8",
A0212,Neuroscience News,Personality Traits and Social Media’s Influence on Teen Depression,https://neurosciencenews.com/personality-social-media-teen-depression-25477/,"01/17/2024, 08:00 AM, +0000 UTC",EXCLUDE,,,0.7,"Insufficient information to confirm linkage; likely covers a non-corpus study on personality, social media, and teen depression.","Title 'Personality Traits and Social Media's Influence on Teen Depression' published January 2024. Provisional paper 8 (Nagata 2025 JAMA Network Open) was not published until 2025, so the 2024 article cannot be covering it. The personality traits angle does not uniquely map to any corpus paper. Likely covers a non-ABCD or non-corpus study. Confidence below threshold — flagged for human review.",8,
A0213,Neuroscience News,"Screen Time in Tweens Predicts ADHD, Slower Brain Growth",https://neurosciencenews.com/screentime-adhd-neurodevelopment-29964/,"11/21/2025, 08:00 AM, +0000 UTC",INCLUDE,435,L3,0.82,,"Title 'Screen Time in Tweens Predicts ADHD, Slower Brain Growth' published November 2025 maps to paper 435 (Nivins 2025 Pediatrics Open Science — Digital Media, Genetics, and Risk for ADHD Symptoms in Children), which reports social media use predicting inattention/ADHD symptoms and brain development effects in ABCD. The combination of ADHD prediction + brain growth/development + screen time in tweens is distinctive of paper 435. Paper 84 (Shou 2026 Acta Psychologica) is a secondary possibility but is from 2026 and focuses on putamen volume rather than ADHD specifically.",84,
A0214,Neuroscience News,Infants Exposed to Excessive Screen Time Show Differences in Brain Function Beyond Eight Years of Age,https://neurosciencenews.com/screen-time-brain-maturity-22410/,"01/31/2023, 08:00 AM, +0000 UTC",EXCLUDE,,,0.88,"Non-ABCD cohort — article concerns infant/toddler screen time exposure and brain function in middle childhood; ABCD Study enrolls children at ages 9-10, not infants.","Title 'Infants Exposed to Excessive Screen Time Show Differences in Brain Function Beyond Eight Years of Age' published January 2023. This describes an infant-cohort longitudinal study (exposure in infancy, outcome at age 8+). ABCD Study baseline enrollment begins at ages 9-10, so this is a different, non-ABCD cohort.",84,
A0215,Neuroscience News,Screen Time’s Link to Autism and ADHD Explored,https://neurosciencenews.com/adhd-asd-screentime-genetics-25109/,"10/27/2023, 07:00 AM, +0000 UTC",EXCLUDE,,,0.6,"Insufficient information to confirm linkage; likely covers a non-corpus or non-ABCD study on screen time, ASD, ADHD, and genetics.","Title 'Screen Time's Link to Autism and ADHD Explored' published October 2023. Paper 435 (Nivins 2025 Pediatrics Open Science — digital media, genetics, ADHD) was not published until 2025, so cannot be the target of this 2023 article. No other corpus paper uniquely covers ASD + ADHD + screen time genetics. Confidence below threshold — flagged for human review.",84,
A0216,Neuroscience News,Video Games Can Boost Children’s Intelligence,https://neurosciencenews.com/video-games-child-iq-200578/,"05/13/2022, 07:00 AM, +0000 UTC",INCLUDE,190,L3,0.9,,"Title 'Video Games Can Boost Children's Intelligence' published May 2022 directly matches paper 190 (Sauce 2022 Scientific Reports — 'The impact of digital media on children's intelligence while controlling for genetic differences in cognition and socioeconomic background'). The finding that video games (vs. TV/social media) positively associate with intelligence gains is the central result of paper 190. Same publication year (2022) and topic (digital media categories + IQ in children, ABCD data) uniquely consistent with paper 190.",190,
A0217,Neuroscience News,Children’s mental health affected by sleep duration,https://neurosciencenews.com/child-sleep-mental-health-15632/,"02/04/2020, 08:00 AM, +0000 UTC",EXCLUDE,,,0.85,ABCD coverage of out-of-corpus topic — sleep duration and children's mental health without phone/SM-specific variable as primary exposure.,"Title 'Children's mental health affected by sleep duration' published February 2020. Provisional paper 381 (Zhang 2026 — bidirectional screen time and irritability, temporal network) was not published until 2026. The 2020 article predates all likely candidate papers and concerns sleep as the primary exposure/factor, not phone/SM. No corpus paper focuses on sleep duration alone without phone/SM as the key variable.",381,
A0218,Mad In America,The Digital Mental Health Paradox,https://www.madinamerica.com/2026/05/the-digital-mental-health-paradox/,"05/01/2026, 10:00 AM, +0000 UTC",INCLUDE,3,L3,0.72,,"Title 'The Digital Mental Health Paradox' published May 2026 (provisional paper 3, Xiao 2025 JAMA — addictive screen use vs. total time and youth mental health). The 'paradox' framing (i.e., total screen time not the culprit but addictive quality is) is a distinctive paraphrase of paper 3's core finding. Confidence reduced due to absence of full article text; could be a broader commentary covering multiple studies.",3,
A0219,Psychiatric Times,Teen Suicide Attempts Linked to Late Night Screen Use and Medication Access,https://www.psychiatrictimes.com/view/teen-suicide-attempts-linked-to-late-night-screen-use-and-medication-access,"09/30/2025, 07:00 AM, +0000 UTC",INCLUDE,3,L3,0.75,,Title 'Teen Suicide Attempts Linked to Late Night Screen Use and Medication Access' published September 2025 (provisional paper 3). Paper 3 (Xiao 2025 JAMA) is the primary ABCD paper on screen use and suicidal behaviors; late-night/bedtime screen use is a behavioral pathway mentioned in ABCD screen-use research. The suicide attempts + screen use pairing maps to paper 3. Confidence reduced because the 'late night' + 'medication access' framing may span multiple studies and full text is unavailable.,3,
A0220,Psychiatric Times,Social Media Use in Older Adults May Promote Positive Psychosocial Outcomes,https://www.psychiatrictimes.com/view/social-media-use-in-older-adults-may-promote-positive-psychosocial-outcomes,"07/17/2025, 07:00 AM, +0000 UTC",EXCLUDE,,,0.95,"Non-ABCD cohort — article is about social media use in older adults, not adolescents; ABCD Study is a pediatric cohort.","Title 'Social Media Use in Older Adults May Promote Positive Psychosocial Outcomes' explicitly concerns older adults, not the ABCD pediatric cohort. Paper 8 (Nagata 2025 JAMA Network Open — social media and depression in early adolescents) is the provisional match but this article's population is entirely different.",8,
A0221,Psychiatric Times,Screen Media Activity in Youth: Friend or Fiend?,https://www.psychiatrictimes.com/view/screen-media-activity-in-youth-friend-or-fiend,"10/26/2021, 07:00 AM, +0000 UTC",INCLUDE,"156,388",multi,0.75,,"Title 'Screen Media Activity in Youth: Friend or Fiend?' published October 2021. This appears to be a review/commentary piece on ABCD-based screen media research. Provisional papers 136 (Zink 2024) and 400 (Zink 2024) postdate the article (published 2024), so they cannot be the primary targets. Papers 156 (Hisler 2020 Sleep Health — screen media use and sleep disturbance in children) and 388 (Lees 2020 BMC Public Health — screen media activity does not displace recreational activities in ABCD 9-10 year-olds) are both from 2020 and plausibly covered in an October 2021 review. L3 for both: Hisler 2020 involves social media use and sleep disturbance; Lees 2020 is an ABCD screen activity study. Confidence reduced due to absence of full article text and review-piece uncertainty.","136,156,388,400",
A0222,Psychology Today,Youth mental health concerns are more complicated than just screen time.,https://www.psychologytoday.com/us/blog/some-assembly-required/202507/problematic-use-not-screen-time-impairs-youth-mental-health,"07/27/2025, 07:00 AM, +0000 UTC",INCLUDE,3,L3,0.88,,"Title 'Youth mental health concerns are more complicated than just screen time' (Psychology Today, July 2025) with framing that problematic/addictive use (not total screen time) impairs mental health maps to paper 3 (Xiao 2025 JAMA — addictive screen use trajectories predicting suicidal behaviors and mental health). The blog subtitle 'Problematic Use, Not Screen Time, Impairs Youth Mental Health' is a distinctive paraphrase of paper 3's key finding.",3,
A0223,Psychology Today,Suicidal behaviors in youths track compulsive social media use.,https://www.psychologytoday.com/us/blog/addiction-outlook/202506/hooked-on-screens,"07/01/2025, 07:00 AM, +0000 UTC",INCLUDE,3,L3,0.95,,"Title 'Suicidal behaviors in youths track compulsive social media use' (Psychology Today, July 2025) directly paraphrases paper 3 (Xiao 2025 JAMA — Addictive Screen Use Trajectories and Suicidal Behaviors): suicidal behaviors predicted by compulsive/addictive social media use trajectories in ABCD youth. This is a distinctive paraphrase matching paper 3's sample, outcome, exposure, and direction.",3,
A0224,Psychology Today,New research offers a clearer answer to the social media and depression link.,https://www.psychologytoday.com/us/blog/no-more-fomo/202507/is-social-media-making-teens-depressed,"07/25/2025, 07:00 AM, +0000 UTC",INCLUDE,8,L4,0.9,,"Summary explicitly names the Adolescent Brain Cognitive Development (ABCD) Study in the context of social media and depression research; title 'New research offers a clearer answer to the social media and depression link' published July 2025 uniquely maps to paper 8 (Nagata 2025 JAMA Network Open — Social Media Use and Depressive Symptoms During Early Adolescence), which uses ABCD data to establish a directional (causal) link from social media use to depressive symptoms via cross-lagged analysis. Institution (UCSF/Nagata) + topic (SM → depression) + ABCD Study configuration is uniquely consistent with paper 8.","314,8",Drawing on data from the Adolescent Brain Cognitive Development (ABCD) Study—one of the largest long-term studies of adolescent brain and mental health ...
A0225,Psychology Today,5 Ways Teens Can Break the Phone Scrolling-Sadness Cycle,https://www.psychologytoday.com/us/blog/modern-minds/202507/5-ways-teens-can-break-the-phone-scrolling-sadness-cycle,"07/25/2025, 07:00 AM, +0000 UTC",EXCLUDE,,,0.0,general advice/opinion piece; title is generic wellness content ('5 Ways Teens Can Break the Phone Scrolling-Sadness Cycle'); no summary text and no evidence of L1-L4 linkage to any corpus paper,"No summary provided. Title is a listicle-style advice piece with no identifiable author+journal pairing, DOI link, distinctive paraphrase, or institution+topic+ABCD configuration matching paper 13 or any other corpus paper.",13,
A0226,Psychology Today,A new study yields important new insights into screen time and mental health.,https://www.psychologytoday.com/us/blog/the-asymmetric-brain/202510/screen-time-and-mental-illness-is-more-always-worse,"10/05/2025, 07:00 AM, +0000 UTC",EXCLUDE,,,0.0,"timeline inconsistency: article published Oct 2025, provisional paper 84 (Shou) published 2026; no summary text to confirm L1-L4","Provisional paper 84 (Shou 2026, Acta Psychologica) was published in 2026, after this October 2025 article. No summary is available to evaluate L3/L4 linkage to any other corpus paper.",84,
A0227,Psychology Today,"Worry about tools that fail to give kids’ brains a workout, not how kids recharge.",https://www.psychologytoday.com/za/blog/managing-with-meaning/202507/why-ai-not-silly-videos-might-be-brain-rot,"07/18/2025, 07:00 AM, +0000 UTC",EXCLUDE,,,0.0,"general opinion/commentary piece; title is generic ('Worry about tools that fail to give kids’ brains a workout, not how kids recharge'); no summary text; no L1-L4 evidence","No summary provided. Title reflects a general opinion framing with no specific author, journal, finding, or institution linking to paper 97 (Miller 2023, Cortex) or any corpus paper.",97,
A0228,Psychology Today,New research highlights family screen rules to protect teens' mental health.,https://www.psychologytoday.com/us/blog/from-lab-to-real-world/202506/teens-and-tiktok-how-parents-shape-social-media-habits,"06/18/2025, 07:00 AM, +0000 UTC",EXCLUDE,,,0.0,insufficient evidence without article body; title is consistent with paper 184 but no summary text to confirm L1-L4,"Title 'New research highlights family screen rules to protect teens’ mental health' is thematically consistent with paper 184 (Nagata 2025, Pediatric Research, media parenting practices), but no summary is available and the title alone is insufficiently distinctive to confirm L3 or L4 without body text.",184,
A0229,Psychology Today,New research shows why a common approach to screentime may backfire.,https://www.psychologytoday.com/gb/blog/the-art-of-talking-with-children/202407/when-we-use-screens-to-reward-kids-they-use-screens,"07/02/2024, 07:00 AM, +0000 UTC",EXCLUDE,,,0.0,"timeline inconsistency: article published July 2024, provisional paper 184 (Nagata, Pediatric Research) published 2025; cannot be coverage of a paper not yet published","Article published July 2, 2024. Paper 184 (Nagata 2025, Pediatric Research) was published in 2025. Article predates the paper by at least several months; not a coverage article for paper 184.",184,
A0230,Psychology Today,We all need to learn the benefits and risks of our daily use of digital media.,https://www.psychologytoday.com/us/blog/inside-out-outside-in/201806/the-immediacy-digital-media-better-or-worse,"06/07/2018, 07:00 AM, +0000 UTC",EXCLUDE,,,0.0,"timeline inconsistency: article published June 2018, provisional paper 190 (Sauce 2022, Scientific Reports) published 2022; predates paper by 4 years","Article published June 7, 2018. Paper 190 (Sauce 2022) was published in 2022. This article cannot be coverage of a paper published four years later.",190,
A0231,Psychology Today,High levels of screen time can be problematic for kids' mental health.,https://www.psychologytoday.com/us/blog/inner-source/202411/screen-time-and-mental-health-in-kids,"11/13/2024, 08:00 AM, +0000 UTC",EXCLUDE,,,0.0,insufficient evidence without article body; generic title; no summary text to confirm L1-L4 linkage to papers 393/394,Title 'High levels of screen time can be problematic for kids’ mental health' is generic and consistent with many papers. Papers 393 and 394 are the same Nagata 2024 BMC Public Health paper. No summary is available to confirm L2/L3/L4.,"393,394",
A0232,Psychology Today,Time will tell if a social media ban for children will have the desired effect.,https://www.psychologytoday.com/gb/blog/child-sleep-from-zzzs-to-as/202512/the-big-experiment-of-australias-social-media-ban,"12/13/2025, 08:00 AM, +0000 UTC",EXCLUDE,,,0.0,general policy opinion piece about Australia’s social media ban; no evidence of specific linkage to paper 431 or any corpus paper,"Title 'Time will tell if a social media ban for children will have the desired effect' is a policy commentary about Australia’s social media ban. No summary text available. No L1-L4 evidence linking to paper 431 (Barzilay 2026, Pediatrics) or any other corpus paper.",431,
A0233,psychologytoday.com,College Bound and the Changing Adolescent Brain,https://www.psychologytoday.com/us/blog/motivated-behaviors/202505/college-bound-and-the-changing-adolescent-brain,"May 5, 2025",EXCLUDE,,,0.0,"ABCD coverage of out-of-corpus topic; summary references brain imaging, behavioral tasks, prenatal exposures in ABCD — no phone/social media focus","Summary: 'By combining brain imaging, behavioral tasks, and measures of early life factors, like prenatal exposures, maternal...' Article is about the ABCD Study but covers prenatal exposures and brain development, not smartphone or social media use.",,"... Adolescent Brain Cognitive Development. By combining brain imaging, behavioral tasks, and measures of early life factors, like prenatal exposures, maternal ..."
A0234,psychologytoday.com,When 'Just One More Scroll' Turns Dangerous,https://www.psychologytoday.com/us/blog/no-more-fomo/202511/when-just-one-more-scroll-turns-dangerous,"Nov 18, 2025",INCLUDE,3,L4,0.65,,"Summary states 'They used the same data set as our last blog post, the Adolescent Brain Cognitive Development (ABCD) Study' and title 'When Just One More Scroll Turns Dangerous' references addictive scrolling/social media behavior leading to danger. Published Nov 2025, consistent with paper 3 (Xiao 2025, JAMA) which reports addictive screen use trajectories (SMAQ/MPIQ) predicting suicidal behaviors in ABCD. L4: ABCD Study + addictive scroll/SM use + harm outcome in configuration consistent with paper 3. Confidence flagged for human review (no body text).",,"They used the same data set as our last blog post, the Adolescent Brain Cognitive Development (ABCD) Study, the largest long-term study on brain development ..."
A0235,psychologytoday.com,"""He Just Loves His Screen Time"" | ...",https://www.psychologytoday.com/us/blog/recovery-from-brain-injury/202602/he-just-loves-his-screen-time,"Feb 6, 2026",EXCLUDE,,,0.0,ABCD coverage of out-of-corpus topic; summary references brain-cognition relationships paper unrelated to phone/SM exposure,"Summary cites '(2025). Convergent and divergent brain-cognition relationships during development revealed by cross-sectional and longitudinal analyses in the ABCD Study.' This is a brain-cognition paper, not a smartphone/social media study. No match to any corpus paper.",,(2025). Convergent and divergent brain–cognition relationships during development revealed by cross-sectional and longitudinal analyses in the ABCD Study.
A0236,psychologytoday.com,The Impact of Tech on Young Minds,https://www.psychologytoday.com/us/blog/recovery-from-brain-injury/202602/the-impact-of-tech-on-young-minds,"Mar 3, 2026",EXCLUDE,,,0.0,"out-of-corpus reference; summary cites NeuroImage 185, 140-153 (screen media + brain structure in ABCD) which does not match any candidate paper in the corpus","Summary cites 'Screen media activity and brain structure in youth: Evidence for diverse structural correlation networks from the ABCD study. Neuroimage, 185, 140-153.' This NeuroImage citation (volume 185, pp. 140-153) does not correspond to paper 150 (Nagata 2026, NeuroImage, DOI 10.1016/j.neuroimage.2026.121860) or any other corpus paper.",,"Screen media activity and brain structure in youth: Evidence for diverse structural correlation networks from the ABCD study. Neuroimage, 185, 140-153 ..."
A0237,psychologytoday.com,When Childhood Meets the Glow of a Phone,https://www.psychologytoday.com/us/blog/raising-resilient-children/202512/when-childhood-meets-the-glow-of-a-phone,"Dec 5, 2025",INCLUDE,431,L3,0.75,,"Summary: 'Drawing on data from more than 10,000 participants in the Adolescent Brain Cognitive Development Study, researchers found that children who have smartphones...' Maps to paper 431 (Barzilay 2026, Pediatrics): ABCD Study, n>10,000, smartphone ownership → health outcomes. L3: sample size (~10,000+), ABCD cohort, smartphone ownership, child health outcome — uniquely consistent with paper 431. Article published Dec 2025; paper 431 is 2026 (likely advance online/preprint at time of publication). Flagged for human review given slight timing uncertainty.",,"Drawing on data from more than 10,000 participants in the Adolescent Brain Cognitive Development Study, researchers found that children who have smartphones ..."
A0238,psychologytoday.com,When Cannabis Culture Collides With Brain Science,https://www.psychologytoday.com/us/blog/clinical-and-forensic-dimensions-of-psychiatry/202508/when-cannabis-culture-collides-with,"Aug 5, 2025",EXCLUDE,,,0.0,"ABCD coverage of out-of-corpus topic; summary about prenatal cannabis exposure in ABCD, not smartphone/social media","Summary: 'prenatal cannabis exposure (PCE)—even before a mother knew she was pregnant—was...' in ABCD study. Topic is prenatal cannabis, unrelated to phone/SM use.",,... Adolescent Brain Cognitive Development (ABCD) study. It found that prenatal cannabis exposure (PCE)—even before a mother knew she was pregnant—was ...
A0239,psychologytoday.com,Screen Time and the Mental Health of Children,https://www.psychologytoday.com/us/blog/brain-and-behavior/202003/screen-time-and-the-mental-health-children,"Mar 5, 2020",EXCLUDE,,,0.0,general ABCD coverage; article predates most corpus papers; mention of Dr. Barch as ABCD co-PI does not satisfy L2 (author+journal of a specific corpus paper) without body text,"Published March 2020. Summary references ABCD study and Dr. Barch as co-PI. Paper 55 (Fors & Barch 2019) is a possible match but the title 'Screen Time and the Mental Health of Children' is generic; without article body, L2 (Barch + journal) or L3 cannot be confirmed. Exclude due to insufficient evidence.",,"... Adolescent Brain Cognitive Development (ABCD) study, funded by National Institutes of Mental Health. Since ABCD, in which Dr. Barch is a co-principal ..."
A0240,psychologytoday.com,The Developing Tech Brain,https://www.psychologytoday.com/ca/blog/counseling-keys/202412/the-developing-tech-brain,"Dec 12, 2024",EXCLUDE,,,0.0,"out-of-corpus reference; cites same NeuroImage 185, 140-153 paper as A0236, which does not match any corpus candidate paper","Summary cites 'Screen media activity and brain structure in youth: Evidence for diverse structural correlation networks from the ABCD study. NeuroImage, 185, 140–153.' This citation does not match paper 150 or any other corpus paper.",,"Screen media activity and brain structure in youth: Evidence for diverse structural correlation networks from the ABCD study. NeuroImage, 185, 140–153. More ..."
A0241,psychologytoday.com,AI Finds Potential Biomarker for ADHD from Brain Scans,https://www.psychologytoday.com/us/blog/the-future-brain/202312/ai-finds-potential-biomarker-for-adhd-from-brain-scans,"Dec 17, 2023",EXCLUDE,,,0.0,"ABCD coverage of out-of-corpus topic; article is about AI-identified brain biomarkers for ADHD, not smartphone/social media exposure","Summary: 'The study used data from over 1700 individuals with and without ADHD in the database from the multi-institutional Adolescent Brain Cognitive Development Study.' Focus is AI/biomarker/ADHD brain imaging, not phone/SM use.",,The study used data from over 1700 individuals with and without ADHD in the database from the multi-institutional Adolescent Brain Cognitive Development Study.
A0242,GIGAZINE,Teens addicted to social media and smartphones are at higher risk of suicidal behavior,https://gigazine.net/gsc_news/en/20250620-addictive-use-sns-smartphones-suicidal-behaviors/,"06/20/2025, 07:00 AM, +0000 UTC",INCLUDE,3,L3,0.92,,"Title 'Teens addicted to social media and smartphones are at higher risk of suicidal behavior' directly paraphrases the central finding of paper 3 (Xiao 2025, JAMA): addictive social media use (SMAQ) and mobile phone use (MPIQ) trajectories predict elevated suicidal behaviors in US adolescents from ABCD. L3: outcome (suicidal behavior), exposure modality (addictive SM + smartphone use), direction (higher risk), target population (teens/adolescents) — uniquely consistent with paper 3. Article published June 2025, matching paper 3 publication year.",3,
A0243,Nature,Effects of problematic social media use on depressive symptoms,https://www.nature.com/articles/s41598-025-29258-x,"12/01/2025, 08:00 AM, +0000 UTC",EXCLUDE,,,0.0,"non-ABCD cohort; this is a separate primary research article (Scientific Reports) studying problematic SM use and depressive symptoms in a different cohort, not a news article covering paper 8","URL points to a Nature/Scientific Reports research article. Title 'Effects of problematic social media use on depressive symptoms' describes a separate study, not a news article covering paper 8 (Nagata 2025, JAMA Network Open, ABCD cohort).",8,
A0244,Nature,Effect of patterns of social activities on depressive symptoms among older adults in china: a latent class analysis of CHARLS,https://www.nature.com/articles/s41598-025-13909-0,"08/06/2025, 07:00 AM, +0000 UTC",EXCLUDE,,,0.0,"non-ABCD cohort; study of social activities and depression in older adults in China using CHARLS data, unrelated to paper 8 or ABCD","Title specifies 'older adults in china' and 'CHARLS' (China Health and Retirement Longitudinal Study). Not ABCD, not adolescents.",8,
A0245,Nature,Exploring the relationship between physical activity and social media addiction among adolescents through a moderated mediation model,https://www.nature.com/articles/s41598-025-05173-z,"07/01/2025, 07:00 AM, +0000 UTC",EXCLUDE,,,0.0,non-ABCD cohort; separate primary research article on physical activity and social media addiction in adolescents via a different cohort/dataset,URL points to a Scientific Reports primary research article about physical activity and social media addiction in adolescents using a moderated mediation model. No indication of ABCD data; different cohort from paper 8.,8,
A0246,Nature,Association between social media use and depressive symptoms in middle-aged and older Chinese adults,https://www.nature.com/articles/s41398-024-03142-0,"10/11/2024, 07:00 AM, +0000 UTC",EXCLUDE,,,0.0,"non-ABCD cohort; study of social media use and depressive symptoms in middle-aged and older Chinese adults, unrelated to ABCD or paper 8","Title specifies 'middle-aged and older Chinese adults.' Not ABCD, not adolescents; entirely different population and cohort.",8,
A0247,Nature,Exploring the mediating role of insomnia on the nexus between social media addiction and mental health among university students,https://www.nature.com/articles/s41598-025-03163-9,"05/22/2025, 07:00 AM, +0000 UTC",EXCLUDE,,,0.0,"non-ABCD cohort; study of insomnia mediating social media addiction and mental health in university students, unrelated to ABCD or paper 8","Title specifies 'university students.' Not ABCD, not the child/early-adolescent population of any corpus paper.",8,
A0248,Nature,A harsher reality for adolescents with depression on social media - Scientific Reports,https://www.nature.com/articles/s41598-025-89762-y,"03/31/2025, 07:00 AM, +0000 UTC",EXCLUDE,,,0.0,"non-ABCD cohort; primary research article (Scientific Reports) about adolescents with depression on social media, not a news article about paper 8 and not ABCD data","URL points to a Scientific Reports primary research article titled 'A harsher reality for adolescents with depression on social media.' No indication of ABCD data; not coverage of paper 8 (Nagata 2025, JAMA Network Open).",8,
A0249,Nature,Associations between youth’s daily social media use and well-being are mediated by upward comparisons,https://www.nature.com/articles/s44271-023-00013-0,"08/22/2023, 07:00 AM, +0000 UTC",EXCLUDE,,,0.0,"non-ABCD cohort; primary research article (npj Mental Health) on daily social media use and well-being mediated by upward comparisons, unrelated to ABCD or paper 8","URL points to a Nature npj Mental Health primary research article about daily social media use, well-being, and upward comparisons. Not ABCD data; different cohort and different research question from paper 8.",8,
A0250,Nature,Probing the digital exposome: associations of social media use patterns with youth mental health,https://www.nature.com/articles/s44277-024-00006-9,"04/23/2024, 07:00 AM, +0000 UTC",INCLUDE,196,L1,1.0,,"Article URL (nature.com/articles/s44277-024-00006-9) directly resolves to doi 10.1038/s44277-024-00006-9, which is paper 196 (Pagliaccio 2024, NPP-Digital Psychiatry and Neuroscience). Article title 'Probing the digital exposome: associations of social media use patterns with youth mental health' matches exactly.","177,18,196,314,388,420,521,57,8",
A0251,Nature,The association between passive social network usage and depression/negative emotions with envy as a mediator,https://www.nature.com/articles/s41598-023-37185-y,"06/21/2023, 07:00 AM, +0000 UTC",EXCLUDE,,,0.0,Non-ABCD cohort; out-of-corpus paper,URL s41598-023-37185-y is a Scientific Reports article on passive social network use and depression/negative emotions with envy as mediator. DOI does not match any corpus paper; no L1-L4 criteria met. Provisional paper_id 8 (Nagata 2025 JAMA Network Open) is not covered by this article.,8,
A0252,Nature,Dynamics of adolescents’ smartphone use and well-being are positive but ephemeral,https://www.nature.com/articles/s41598-022-05291-y,"01/25/2022, 08:00 AM, +0000 UTC",EXCLUDE,,,0.0,Non-ABCD cohort; out-of-corpus paper,URL s41598-022-05291-y is about 'Dynamics of adolescents' smartphone use and well-being are positive but ephemeral.' DOI does not match any corpus paper; this is a different study from a different cohort. No L1-L4 criteria met.,8,
A0253,Nature,Frontoparietal functional connectivity moderates the link between time spent on social media and subsequent negative affect in daily life | Scientific Reports,https://www.nature.com/articles/s41598-023-46040-z,"11/22/2023, 08:00 AM, +0000 UTC",EXCLUDE,,,0.0,Non-ABCD cohort; out-of-corpus paper,URL s41598-023-46040-z is about frontoparietal functional connectivity moderating link between social media and negative affect in daily life. DOI does not match any corpus paper; no L1-L4 criteria met. Not an ABCD study.,8,
A0254,Nature,Association of screen time with attention-deficit/hyperactivity disorder symptoms and their development: the mediating role of brain structure,https://www.nature.com/articles/s41398-025-03672-1,"10/31/2025, 07:00 AM, +0000 UTC",EXCLUDE,,,0.0,Out-of-corpus paper; no matching DOI,"URL s41398-025-03672-1 (Translational Psychiatry) on 'Association of screen time with ADHD symptoms and their development: the mediating role of brain structure.' DOI does not match any of the 69 corpus papers. Provisional IDs 18, 381, 420, 443, 84 not confirmed by title or DOI. No L1-L4 criteria met.","18,381,420,443,84",
A0255,Nature,Long-term impact of digital media on brain development in children - Scientific Reports,https://www.nature.com/articles/s41598-024-63566-y,"06/06/2024, 07:00 AM, +0000 UTC",INCLUDE,192,L1,1.0,,"Article URL (nature.com/articles/s41598-024-63566-y) directly resolves to doi 10.1038/s41598-024-63566-y, which is paper 192 (Nivins 2024, Scientific Reports, 'Long-term impact of digital media on brain development in children'). Title matches exactly.","18,190,192,435,521,97",
A0256,Nature,Neural correlates differ between crystallized and fluid intelligence in adolescents | Translational Psychiatry,https://www.nature.com/articles/s41398-025-03467-4,"07/17/2025, 07:00 AM, +0000 UTC",EXCLUDE,,,0.0,Out-of-corpus paper; no matching DOI,"URL s41398-025-03467-4 (Translational Psychiatry) on 'Neural correlates differ between crystallized and fluid intelligence in adolescents.' DOI does not match any corpus paper. Provisional IDs 18, 295, 381, 443, 57 not confirmed. No L1-L4 criteria met.","18,295,381,443,57",
A0257,Nature,Cognitive processing speed and accuracy are intrinsically different in genetic architecture and brain phenotypes,https://www.nature.com/articles/s41467-024-52222-8,"09/06/2024, 07:00 AM, +0000 UTC",EXCLUDE,,,0.0,Out-of-corpus paper; no matching DOI,URL s41467-024-52222-8 (Nature Communications) on 'Cognitive processing speed and accuracy are intrinsically different in genetic architecture and brain phenotypes.' DOI does not match any corpus paper. Provisional ID 18 (Li 2024 Advanced Science) not confirmed. No L1-L4 criteria met.,18,
A0258,Nature,Investigating grey matter volumetric trajectories through the lifespan at the individual level,https://www.nature.com/articles/s41467-024-50305-0,"07/15/2024, 07:00 AM, +0000 UTC",EXCLUDE,,,0.0,Out-of-corpus paper; no matching DOI,"URL s41467-024-50305-0 (Nature Communications) on 'Investigating grey matter volumetric trajectories through the lifespan at the individual level.' Unrelated to provisional paper_id 35 (Shi 2025, Obesity, social media and binge eating). No L1-L4 criteria met.",35,
A0259,Nature,Associations between digital media use and brain surface structural measures in preschool-aged children,https://www.nature.com/articles/s41598-022-20922-0,"11/09/2022, 08:00 AM, +0000 UTC",EXCLUDE,,,0.0,Non-ABCD cohort; out-of-corpus paper,URL s41598-022-20922-0 on 'Associations between digital media use and brain surface structural measures in preschool-aged children.' This is about preschool-aged children from a non-ABCD cohort. DOI does not match any corpus paper. Provisional ID 57 (Lin 2020) not confirmed. No L1-L4 criteria met.,57,
A0260,Nature,Excessive screen time is associated with mental health problems in US children and adolescents: physical activity and sleep as parallel mediators,https://www.nature.com/articles/s41599-026-06609-1,"01/31/2026, 08:00 AM, +0000 UTC",EXCLUDE,,,0.0,Out-of-corpus paper; no matching DOI,"URL s41599-026-06609-1 on 'Excessive screen time is associated with mental health problems in US children and adolescents: physical activity and sleep as parallel mediators.' DOI does not match any of the 69 corpus papers. Without article text, no L3/L4 match can be established for any specific corpus paper. Exclude.","139,157,158,393,394,398,84",
A0261,Nature,Association between ocular diseases and screen time and sedentary time derived from job-exposure matrices,https://www.nature.com/articles/s41598-024-74854-y,"11/07/2024, 08:00 AM, +0000 UTC",EXCLUDE,,,0.0,Out-of-corpus topic; no matching DOI,URL s41598-024-74854-y on 'Association between ocular diseases and screen time and sedentary time derived from job-exposure matrices.' Topic (ocular diseases) is outside corpus scope. DOI does not match any corpus paper. No L1-L4 criteria met.,84,
A0262,Nature,Associations between screen viewing at 2 and 3.5 years and drawing ability at 3.5 years among children from the French nationwide Elfe birth cohort | Scientific Reports,https://www.nature.com/articles/s41598-023-50767-0,"01/03/2024, 08:00 AM, +0000 UTC",EXCLUDE,,,0.0,Non-ABCD cohort,"URL s41598-023-50767-0 on 'Associations between screen viewing at 2 and 3.5 years and drawing ability at 3.5 years among children from the French nationwide Elfe birth cohort.' Explicitly French cohort (Elfe), not ABCD. DOI does not match any corpus paper. No L1-L4 criteria met.","295,84",
A0263,Nature,"Heavy screen users are the heaviest among 10,000 children",https://www.nature.com/articles/s41598-019-46971-6,"08/01/2019, 07:00 AM, +0000 UTC",EXCLUDE,,,0.0,Out-of-corpus paper; no matching DOI,"URL s41598-019-46971-6 on 'Heavy screen users are the heaviest among 10,000 children.' DOI does not match any corpus paper. Provisional ID 84 (Shou 2026 Acta Psychologica) not confirmed. No L1-L4 criteria met.",84,
A0264,Nature,The impact of digital media on children’s intelligence while controlling for genetic differences in cognition and socioeconomic background | Scientific Reports,https://www.nature.com/articles/s41598-022-11341-2,"05/11/2022, 07:00 AM, +0000 UTC",INCLUDE,190,L1,1.0,,"Article URL (nature.com/articles/s41598-022-11341-2) directly resolves to doi 10.1038/s41598-022-11341-2, which is paper 190 (Sauce 2022, Scientific Reports, 'The impact of digital media on children's intelligence while controlling for genetic differences in cognition and socioeconomic background'). Title matches exactly.","190,84",
A0265,Nature,"The impact of sleep, physical activity and sedentary behaviour on symptoms of depression and anxiety before and during the COVID-19 pandemic in a sample of South African participants",https://www.nature.com/articles/s41598-021-02021-8,"12/15/2021, 08:00 AM, +0000 UTC",EXCLUDE,,,0.0,Non-ABCD cohort,"URL s41598-021-02021-8 on 'The impact of sleep, physical activity and sedentary behaviour on symptoms of depression and anxiety before and during the COVID-19 pandemic in a sample of South African participants.' South African sample, not ABCD. DOI does not match any corpus paper. No L1-L4 criteria met.",84,
A0266,Nature,Sex-dependent effects of early life sensory overstimulation on later life behavioral function in rats | Scientific Reports,https://www.nature.com/articles/s41598-024-78928-9,"11/12/2024, 08:00 AM, +0000 UTC",EXCLUDE,,,0.0,Out-of-corpus topic; animal study,URL s41598-024-78928-9 on 'Sex-dependent effects of early life sensory overstimulation on later life behavioral function in rats.' This is a rat animal study — entirely unrelated to any corpus paper. No L1-L4 criteria met.,133,
A0267,Nature,"Reciprocal relationship among perceived sleep quality, smartphone overdependence, and depression in Korean adolescents: a cross-lagged analysis using national big data",https://www.nature.com/articles/s41598-025-33361-4,"12/23/2025, 08:00 AM, +0000 UTC",EXCLUDE,,,0.0,Non-ABCD cohort,"URL s41598-025-33361-4 on 'Reciprocal relationship among perceived sleep quality, smartphone overdependence, and depression in Korean adolescents: a cross-lagged analysis using national big data.' Korean national dataset, not ABCD. DOI does not match any corpus paper. No L1-L4 criteria met.",136,
A0268,Nature,Late evening room light and sleep restriction reduces the ability of bright morning light to phase advance adolescents’ circadian clocks,https://www.nature.com/articles/s41598-026-37985-y,"02/23/2026, 08:00 AM, +0000 UTC",EXCLUDE,,,0.0,Out-of-corpus topic; no matching DOI,"URL s41598-026-37985-y on 'Late evening room light and sleep restriction reduces the ability of bright morning light to phase advance adolescents' circadian clocks.' Topic is circadian biology / light exposure, not smartphone or social media use as IV. DOI does not match any corpus paper. No L1-L4 criteria met.","139,157",
A0269,Nature,Passively sensing smartphone use in teens with rates of use by sex and across operating systems,https://www.nature.com/articles/s41598-024-68467-8,"08/03/2024, 07:00 AM, +0000 UTC",EXCLUDE,,,0.0,Out-of-corpus paper; no matching DOI,URL s41598-024-68467-8 on 'Passively sensing smartphone use in teens with rates of use by sex and across operating systems.' DOI does not match any of the 69 corpus papers (paper 154 is doi 10.1016/j.psychres.2025.116523; paper 195 is doi 10.1038/s44184-025-00131-z). This appears to be a different paper describing passive sensing methodology without matching a specific corpus entry. No L1-L4 criteria met.,"154,177,314,420",
A0270,Nature,Effects of COVID-19 pandemic on incidence of asthma exacerbation in an urban population | Scientific Reports,https://www.nature.com/articles/s41598-026-41311-x,"02/24/2026, 08:00 AM, +0000 UTC",EXCLUDE,,,0.0,Out-of-corpus topic,URL s41598-026-41311-x on 'Effects of COVID-19 pandemic on incidence of asthma exacerbation in an urban population.' Topic is asthma incidence — entirely unrelated to smartphone/social media and any corpus paper. Provisional ID 177 (Kiss 2023 on screen time and sleep during COVID) not confirmed. No L1-L4 criteria met.,177,
A0271,Nature,The effects of the COVID-19 pandemic on neurobiological functioning in adolescents | Translational Psychiatry,https://www.nature.com/articles/s41398-025-03485-2,"08/12/2025, 07:00 AM, +0000 UTC",EXCLUDE,,,0.0,Out-of-corpus topic,"URL s41398-025-03485-2 (Translational Psychiatry) on 'The effects of the COVID-19 pandemic on neurobiological functioning in adolescents.' Topic is neurobiological effects of COVID-19, not screen time/social media. DOI does not match any corpus paper. Provisional ID 177 not confirmed. No L1-L4 criteria met.",177,
A0272,Nature,Impact of the COVID-19 pandemic on incidence of psychiatric disorders using nationwide cohort data and ARIMA models,https://www.nature.com/articles/s41598-025-12479-5,"07/28/2025, 07:00 AM, +0000 UTC",EXCLUDE,,,0.0,Out-of-corpus topic; non-ABCD cohort,URL s41598-025-12479-5 on 'Impact of the COVID-19 pandemic on incidence of psychiatric disorders using nationwide cohort data and ARIMA models.' Uses nationwide cohort data with ARIMA models — not ABCD and unrelated to any corpus paper. Provisional ID 177 not confirmed. No L1-L4 criteria met.,177,
A0273,Nature,Impact of the COVID-19 pandemic on incident diagnoses in German refugee centres 2018 to 2023,https://www.nature.com/articles/s41467-025-61876-x,"07/24/2025, 07:00 AM, +0000 UTC",EXCLUDE,,,0.0,Out-of-corpus topic; non-ABCD cohort,URL s41467-025-61876-x on 'Impact of the COVID-19 pandemic on incident diagnoses in German refugee centres 2018 to 2023.' German refugee population — entirely unrelated to any corpus paper. Provisional ID 177 not confirmed. No L1-L4 criteria met.,177,
A0274,Nature,Accelerated brain ageing during the COVID-19 pandemic,https://www.nature.com/articles/s41467-025-61033-4,"07/22/2025, 07:00 AM, +0000 UTC",EXCLUDE,,,0.0,Out-of-corpus topic,"URL s41467-025-61033-4 on 'Accelerated brain ageing during the COVID-19 pandemic.' Topic is brain ageing during COVID-19, not smartphone/social media use. DOI does not match any corpus paper. Provisional ID 177 not confirmed. No L1-L4 criteria met.",177,
A0275,Nature,A systematic literature review on the impact of the COVID-19 pandemic on faculty members’ research performance,https://www.nature.com/articles/s41599-025-05257-1,"06/19/2025, 07:00 AM, +0000 UTC",EXCLUDE,,,0.99,non-ABCD cohort; Nature journal article about COVID-19 effects on faculty research performance — unrelated to any candidate paper,"Title: 'A systematic literature review on the impact of the COVID-19 pandemic on faculty members' research performance.' This is an original scientific article about academic productivity, not news coverage of paper 177 (Kiss 2023, screen time/sleep) or any ABCD candidate paper. No ABCD cohort, no screen time, no phone/SM content.",177,
A0276,Nature,Projecting the long-term effects of the COVID-19 pandemic on U.S. population structure,https://www.nature.com/articles/s41467-024-46582-4,"03/18/2024, 07:00 AM, +0000 UTC",EXCLUDE,,,0.99,non-ABCD cohort; Nature journal article about COVID-19 effects on U.S. population structure — unrelated to any candidate paper,"Title: 'Projecting the long-term effects of the COVID-19 pandemic on U.S. population structure.' Original demography/epidemiology article with no connection to ABCD, screen time, smartphones, or social media.",177,
A0277,Nature,Unequal effects of the COVID-19 pandemic on scientists,https://www.nature.com/articles/s41562-020-0921-y,"07/15/2020, 07:00 AM, +0000 UTC",EXCLUDE,,,0.99,non-ABCD cohort; Nature journal article about unequal COVID-19 effects on scientists — unrelated to any candidate paper,"Title: 'Unequal effects of the COVID-19 pandemic on scientists.' Original research on academic labor, not news coverage of any ABCD candidate paper. No screen time, phone, or social media content.",177,
A0278,Nature,The effects of the COVID-19 pandemic on community respiratory virus activity,https://www.nature.com/articles/s41579-022-00807-9,"10/17/2022, 07:00 AM, +0000 UTC",EXCLUDE,,,0.99,non-ABCD cohort; Nature journal article about COVID-19 effects on community respiratory virus activity — unrelated to any candidate paper,"Title: 'The effects of the COVID-19 pandemic on community respiratory virus activity.' Infectious disease epidemiology; no ABCD cohort, no phone/SM variables, no overlap with corpus.",177,
A0279,Nature,Direct and indirect effects of the COVID-19 pandemic on mortality in Switzerland,https://www.nature.com/articles/s41467-022-35770-9,"01/06/2023, 08:00 AM, +0000 UTC",EXCLUDE,,,0.99,non-ABCD cohort; Nature journal article about COVID-19 direct/indirect effects on mortality in Switzerland — unrelated to any candidate paper,"Title: 'Direct and indirect effects of the COVID-19 pandemic on mortality in Switzerland.' Public health demography; no ABCD cohort, no screen time, no phone/SM content.",177,
A0280,Nature,Potentially long-lasting effects of the pandemic on scientists,https://www.nature.com/articles/s41467-021-26428-z,"10/26/2021, 07:00 AM, +0000 UTC",EXCLUDE,,,0.99,non-ABCD cohort; Nature journal article about long-lasting COVID-19 effects on scientists — unrelated to any candidate paper,"Title: 'Potentially long-lasting effects of the pandemic on scientists.' Academic productivity research; no ABCD cohort, no phone/SM variables.",177,
A0281,Nature,Progress towards the Sustainable Development Goals has been slowed by indirect effects of the COVID-19 pandemic,https://www.nature.com/articles/s43247-023-00846-x,"06/08/2023, 07:00 AM, +0000 UTC",EXCLUDE,,,0.99,non-ABCD cohort; Nature journal article about COVID-19 effects on Sustainable Development Goals — unrelated to any candidate paper,"Title: 'Progress towards the Sustainable Development Goals has been slowed by indirect effects of the COVID-19 pandemic.' Global policy research; no ABCD cohort, no screen time, no phone/SM content.",177,
A0282,Nature,Effects of COVID-19 pandemic on structural brain development in early adolescence,https://www.nature.com/articles/s41598-023-32754-7,"04/05/2023, 07:00 AM, +0000 UTC",EXCLUDE,,,0.95,out-of-corpus topic; Nature Scientific Reports original research article about COVID-19 effects on adolescent brain development — not news coverage of any ABCD candidate paper,"Title: 'Effects of COVID-19 pandemic on structural brain development in early adolescence.' This is an original research paper, not a news article, and its topic (COVID structural brain effects) does not match paper 177 (screen time/sleep during COVID) or any other candidate paper. No L1-L4 criteria satisfied.",177,
A0283,Nature,The effects of the COVID-19 pandemic on neuropsychiatric symptoms in dementia and carer mental health: an international multicentre study,https://www.nature.com/articles/s41598-022-05687-w,"02/14/2022, 08:00 AM, +0000 UTC",EXCLUDE,,,0.99,non-ABCD cohort; Nature journal article about COVID-19 neuropsychiatric effects in dementia patients — unrelated to any candidate paper,"Title: 'The effects of the COVID-19 pandemic on neuropsychiatric symptoms in dementia and carer mental health: an international multicentre study.' Adult dementia cohort; no ABCD, no phone/SM content.",177,
A0284,Nature,Impact of the COVID-19 pandemic on utilization of mental health services among children and adolescents using an interrupted time series analysis,https://www.nature.com/articles/s41598-025-87072-x,"01/18/2025, 08:00 AM, +0000 UTC",EXCLUDE,,,0.99,non-ABCD cohort; Nature journal article about COVID-19 impact on mental health services in children/adolescents — not news coverage of any ABCD candidate paper,"Title: 'Impact of the COVID-19 pandemic on utilization of mental health services among children and adolescents using an interrupted time series analysis.' Interrupted time-series health services study; not the ABCD cohort, no screen time or phone/SM variables.",177,
A0285,Nature,Unequal effects of the COVID-19 pandemic on researchers: evidence from Chile and Colombia,https://www.nature.com/articles/s41599-023-02364-9,"11/23/2023, 08:00 AM, +0000 UTC",EXCLUDE,,,0.99,non-ABCD cohort; Nature journal article about unequal COVID-19 effects on researchers in Chile and Colombia — unrelated to any candidate paper,"Title: 'Unequal effects of the COVID-19 pandemic on researchers: evidence from Chile and Colombia.' Academic labor study in Latin America; no ABCD cohort, no screen time, no phone/SM content.",177,
A0286,Nature,The gendered effects of the COVID-19 pandemic on adolescent literacy and schooling outcomes in India,https://www.nature.com/articles/s41539-023-00193-8,"09/22/2023, 07:00 AM, +0000 UTC",EXCLUDE,,,0.99,non-ABCD cohort; Nature journal article about gendered COVID-19 effects on adolescent literacy in India — unrelated to any candidate paper,"Title: 'The gendered effects of the COVID-19 pandemic on adolescent literacy and schooling outcomes in India.' Indian cohort study on educational outcomes; no ABCD, no phone/SM variables.",177,
A0287,Nature,Impact of the COVID-19 pandemic on publishing in astronomy in the initial two years,https://www.nature.com/articles/s41550-022-01830-9,"11/28/2022, 08:00 AM, +0000 UTC",EXCLUDE,,,0.99,non-ABCD cohort; Nature journal article about COVID-19 impact on astronomy publishing — unrelated to any candidate paper,"Title: 'Impact of the COVID-19 pandemic on publishing in astronomy in the initial two years.' Bibliometric/astronomy study; no ABCD cohort, no screen time, no phone/SM content.",177,
A0288,Nature,The long-term impact of the COVID-19 pandemic on physical fitness in young adults: a historical control study,https://www.nature.com/articles/s41598-023-42710-0,"09/18/2023, 07:00 AM, +0000 UTC",EXCLUDE,,,0.99,non-ABCD cohort; Nature journal article about COVID-19 long-term effects on physical fitness in young adults — unrelated to any candidate paper,"Title: 'The long-term impact of the COVID-19 pandemic on physical fitness in young adults: a historical control study.' Young adult fitness cohort; no ABCD, no phone/SM variables.",177,
A0289,Nature,Impact of the COVID-19 pandemic on young people with and without pre-existing mental health problems,https://www.nature.com/articles/s41598-023-32918-5,"04/14/2023, 07:00 AM, +0000 UTC",EXCLUDE,,,0.99,non-ABCD cohort; Nature journal article about COVID-19 impact on young people with/without pre-existing mental health problems — not news coverage of any ABCD candidate paper,Title: 'Impact of the COVID-19 pandemic on young people with and without pre-existing mental health problems.' Not the ABCD cohort; no screen time or phone/SM variables; does not cover paper 177 or any candidate paper.,177,
A0290,Nature,The analysis of the effect of the COVID-19 pandemic on patients with hereditary angioedema type I and type II,https://www.nature.com/articles/s41598-023-47307-1,"11/22/2023, 08:00 AM, +0000 UTC",EXCLUDE,,,0.99,non-ABCD cohort; Nature journal article about COVID-19 effects on hereditary angioedema patients — unrelated to any candidate paper,"Title: 'The analysis of the effect of the COVID-19 pandemic on patients with hereditary angioedema type I and type II.' Clinical immunology; no ABCD cohort, no phone/SM content.",177,
A0291,Nature,The impact of the COVID-19 pandemic on cardiovascular disease prevention and management,https://www.nature.com/articles/s41591-022-02158-7,"01/19/2023, 08:00 AM, +0000 UTC",EXCLUDE,,,0.99,non-ABCD cohort; Nature Medicine journal article about COVID-19 effects on cardiovascular disease management — unrelated to any candidate paper,"Title: 'The impact of the COVID-19 pandemic on cardiovascular disease prevention and management.' Cardiology; no ABCD cohort, no screen time, no phone/SM content.",177,
A0292,Nature,Effect of COVID-19 pandemic on inpatient service utilization and patient outcomes in Uganda,https://www.nature.com/articles/s41598-023-36877-9,"06/15/2023, 07:00 AM, +0000 UTC",EXCLUDE,,,0.99,non-ABCD cohort; Nature journal article about COVID-19 effects on inpatient utilization in Uganda — unrelated to any candidate paper,"Title: 'Effect of COVID-19 pandemic on inpatient service utilization and patient outcomes in Uganda.' Ugandan health services study; no ABCD cohort, no phone/SM content.",177,
A0293,Nature,emissions reveals the effects of the COVID-19 pandemic,https://www.nature.com/articles/s41467-020-18922-7,"10/14/2020, 07:00 AM, +0000 UTC",EXCLUDE,,,0.99,non-ABCD cohort; Nature Communications article about CO2 emissions and COVID-19 — unrelated to any candidate paper,"Title: 'emissions reveals the effects of the COVID-19 pandemic.' Climate/environmental science; no ABCD cohort, no phone/SM content.",177,
A0294,Nature,Effects of COVID-19 pandemic on low birth weight in a nationwide study in India | Communications Medicine,https://www.nature.com/articles/s43856-024-00545-4,"06/14/2024, 07:00 AM, +0000 UTC",EXCLUDE,,,0.99,non-ABCD cohort; Nature Communications Medicine article about COVID-19 effects on low birth weight in India — unrelated to any candidate paper,"Title: 'Effects of COVID-19 pandemic on low birth weight in a nationwide study in India.' Neonatal epidemiology in India; no ABCD cohort, no phone/SM content.",177,
A0295,Nature,The multifaceted long-term effects of the COVID-19 pandemic on urology,https://www.nature.com/articles/s41585-020-0331-y,"05/06/2020, 09:41 AM, +0000 UTC",EXCLUDE,,,0.99,non-ABCD cohort; Nature Reviews Urology article about COVID-19 effects on urology — unrelated to any candidate paper,"Title: 'The multifaceted long-term effects of the COVID-19 pandemic on urology.' Medical specialty impact study; no ABCD cohort, no screen time, no phone/SM content.",177,
A0296,Nature,"Impacts of the COVID-19 pandemic on scientists’ productivity in science, technology, engineering, mathematics (STEM), and medicine fields",https://www.nature.com/articles/s41599-022-01466-0,"12/03/2022, 08:00 AM, +0000 UTC",EXCLUDE,,,0.99,non-ABCD cohort; Nature journal article about COVID-19 impact on STEM/medicine researcher productivity — unrelated to any candidate paper,"Title: 'Impacts of the COVID-19 pandemic on scientists' productivity in science, technology, engineering, mathematics (STEM), and medicine fields.' Academic bibliometric study; no ABCD cohort, no phone/SM content.",177,
A0297,Nature,A conversation on the effects of the COVID-19 pandemic on academic careers with junior researchers,https://www.nature.com/articles/s41467-021-22039-w,"04/07/2021, 07:00 AM, +0000 UTC",EXCLUDE,,,0.99,non-ABCD cohort; Nature Communications article about COVID-19 effects on junior researchers' academic careers — unrelated to any candidate paper,"Title: 'A conversation on the effects of the COVID-19 pandemic on academic careers with junior researchers.' Academic career/labor study; no ABCD cohort, no screen time, no phone/SM content.",177,
A0298,Nature,Adverse effects of COVID-19 pandemic on a multicenter randomized controlled trial,https://www.nature.com/articles/s41372-022-01592-2,"12/29/2022, 08:00 AM, +0000 UTC",EXCLUDE,,,0.99,non-ABCD cohort; Nature journal article about COVID-19 adverse effects on a multicenter randomized controlled trial — unrelated to any candidate paper,"Title: 'Adverse effects of COVID-19 pandemic on a multicenter randomized controlled trial.' Clinical trial methodology; no ABCD cohort, no phone/SM content.",177,
A0299,Nature,The impact of the COVID-19 pandemic on pediatric acute conjunctivitis disease trends,https://www.nature.com/articles/s41598-023-47382-4,"11/16/2023, 08:00 AM, +0000 UTC",EXCLUDE,,,0.99,non-ABCD cohort; Nature journal article about COVID-19 effects on pediatric acute conjunctivitis trends — unrelated to any candidate paper,"Title: 'The impact of the COVID-19 pandemic on pediatric acute conjunctivitis disease trends.' Pediatric ophthalmology epidemiology; no ABCD cohort, no screen time, no phone/SM content.",177,
A0300,Nature,The impact of the COVID-19 pandemic on wildlife–aircraft collisions at US airports,https://www.nature.com/articles/s41598-023-38451-9,"07/18/2023, 07:00 AM, +0000 UTC",EXCLUDE,,,0.99,"unrelated topic — article is about wildlife-aircraft collisions at US airports during COVID-19; no ABCD, no screen time, no social media content","Title: 'The impact of the COVID-19 pandemic on wildlife–aircraft collisions at US airports.' Provisional paper 177 (Kiss 2023 Health Psychology, ABCD screen time/sleep/COVID) has no connection. Zero overlap with any candidate paper.",177,
A0301,Nature,Lessons on the COVID-19 pandemic: who are the most affected,https://www.nature.com/articles/s41598-023-36493-7,"06/08/2023, 07:00 AM, +0000 UTC",EXCLUDE,,,0.99,"unrelated topic — article is about which populations were most affected by COVID-19 pandemic generally; no ABCD, no screen time, no social media content",Title: 'Lessons on the COVID-19 pandemic: who are the most affected.' Scientific Reports general epidemiology piece; provisional paper 177 (Kiss 2023) not referenced and no L1-L4 criteria met.,177,
A0302,Nature,"Impact of age, sex, body constitution, and the COVID-19 pandemic on the physical fitness of 38,084 German primary school children",https://www.nature.com/articles/s41598-025-95461-5,"04/02/2025, 07:00 AM, +0000 UTC",EXCLUDE,,,0.99,"unrelated topic — article is about physical fitness of German primary school children; no ABCD, no screen time, no social media content","Title: 'Impact of age, sex, body constitution, and the COVID-19 pandemic on the physical fitness of 38,084 German primary school children.' Different cohort (German children), different topic (physical fitness measurement); provisional paper 177 not covered.",177,
A0303,Nature,The impact of the COVID-19 pandemic on the mental health of dentists in Wales | British Dental Journal,https://www.nature.com/articles/s41415-021-3756-7,"01/14/2022, 08:00 AM, +0000 UTC",EXCLUDE,,,0.99,"unrelated topic — article is about mental health of dentists in Wales during COVID-19; no ABCD, no screen time, no adolescents",Title: 'The impact of the COVID-19 pandemic on the mental health of dentists in Wales.' British Dental Journal piece on adult dentists; entirely unrelated to any candidate paper.,177,
A0304,Nature,How COVID-19 shaped mental health: from infection to pandemic effects,https://www.nature.com/articles/s41591-022-02028-2,"10/03/2022, 07:00 AM, +0000 UTC",EXCLUDE,,,0.99,"out-of-corpus topic — article is a broad review of COVID-19 and mental health across populations; no ABCD, no screen time or social media exposure as IV",Title: 'How COVID-19 shaped mental health: from infection to pandemic effects.' Nature Medicine review covering general pandemic mental health; does not reference ABCD Study or any candidate paper's findings. No L1-L4 criteria met.,177,
A0305,Nature,Impact of coronavirus (COVID-19) pandemic on physical activity levels in different sub-populations of Iranians: a national survey,https://www.nature.com/articles/s41598-025-85977-1,"01/24/2025, 08:00 AM, +0000 UTC",EXCLUDE,,,0.99,"non-ABCD cohort — article studies Iranian adults/population, COVID-19 effects on physical activity; no ABCD, no screen time as IV","Title: 'Impact of coronavirus (COVID-19) pandemic on physical activity levels in different sub-populations of Iranians: a national survey.' Iranian national survey, not ABCD; provisional paper 177 not covered.",177,
A0306,Nature,Mediators and moderators of the effects of the COVID-19 crisis on parent–child conflict in children in tertiary mental health care,https://www.nature.com/articles/s41598-023-49409-2,"12/16/2023, 08:00 AM, +0000 UTC",EXCLUDE,,,0.99,"non-ABCD cohort — article is about parent-child conflict in children in tertiary mental health care during COVID-19; no ABCD, no screen time/social media as IV","Title: 'Mediators and moderators of the effects of the COVID-19 crisis on parent–child conflict in children in tertiary mental health care.' Clinical sample from mental health services, not ABCD; provisional paper 177 not covered.",177,
A0307,Nature,A systematic review of worldwide causal and correlational evidence on digital media and democracy,https://www.nature.com/articles/s41562-022-01460-1,"11/07/2022, 08:00 AM, +0000 UTC",EXCLUDE,,,0.99,"out-of-corpus topic — article is a systematic review of digital media and democracy; no ABCD, no adolescent individual-trait outcomes",Title: 'A systematic review of worldwide causal and correlational evidence on digital media and democracy.' Nature Human Behaviour review on political/democratic outcomes of digital media; provisional paper 190 (Sauce 2022 on digital media and intelligence) not referenced. No L1-L4 criteria met.,190,
A0308,Nature,Exposome and mental health across the lifespan: research and clinical perspectives | Neuropsychopharmacology,https://www.nature.com/articles/s41386-026-02333-1,"03/09/2026, 07:00 AM, +0000 UTC",EXCLUDE,,,0.95,out-of-corpus topic — article is a broad lifespan exposome and mental health review; no specific ABCD screen/social media paper from corpus identified,"Title: 'Exposome and mental health across the lifespan: research and clinical perspectives.' Neuropsychopharmacology review covering broad exposome literature; even if Pagliaccio 2024 (paper 196) is cited, there is no evidence the article paraphrases its specific findings with sufficient detail to satisfy L3 or L4 from title/summary alone. No L1-L4 criteria met.",196,
A0309,Nature,Associations of time spent on different types of digital media with self-rated general and mental health in Swedish adolescents,https://www.nature.com/articles/s41598-024-83951-x,"01/06/2025, 08:00 AM, +0000 UTC",EXCLUDE,,,0.99,"non-ABCD cohort — article studies Swedish adolescents, not the ABCD Study","Title: 'Associations of time spent on different types of digital media with self-rated general and mental health in Swedish adolescents.' Scientific Reports study of Swedish adolescents; provisional paper 196 (Pagliaccio 2024, ABCD-based) not covered. No L1-L4 criteria met.",196,
A0310,Nature,Exposome-wide ranking of modifiable risk factors for cardiometabolic disease traits,https://www.nature.com/articles/s41598-022-08050-1,"03/08/2022, 08:00 AM, +0000 UTC",EXCLUDE,,,0.99,"out-of-corpus topic — article is about exposome-wide risk factors for cardiometabolic disease; no ABCD, no social media/screen time as primary exposure",Title: 'Exposome-wide ranking of modifiable risk factors for cardiometabolic disease traits.' Scientific Reports cardiometabolic epidemiology paper; provisional paper 196 (Pagliaccio 2024) not covered. No L1-L4 criteria met.,196,
A0311,Nature,Generalizable prediction of childhood ADHD symptoms from neurocognitive testing and youth characteristics,https://www.nature.com/articles/s41398-023-02502-6,"06/24/2023, 07:00 AM, +0000 UTC",EXCLUDE,,,0.97,"out-of-corpus topic — article is about neurocognitive prediction of ADHD symptoms using machine learning; no screen time/social media as IV, no link to ABCD paper 295 (Kirlic 2021 Child Dev)","Title: 'Generalizable prediction of childhood ADHD symptoms from neurocognitive testing and youth characteristics.' npj Translational Psychiatry; provisional paper 295 (Kirlic 2021, extracurricular activities, screen media, sleep and cognition) not covered. No L1-L4 criteria met.",295,
A0312,Nature,"Screen time, impulsivity, neuropsychological functions and their relationship to growth in adolescent attention-deficit/hyperactivity disorder symptoms | Scientific Reports",https://www.nature.com/articles/s41598-023-44105-7,"10/23/2023, 07:00 AM, +0000 UTC",EXCLUDE,,,0.92,"non-ABCD cohort — article is about screen time, impulsivity, and ADHD symptoms but in a non-ABCD sample; provisional paper 304 (Nagata 2023 JCPP, disruptive behavior disorders) not covered","Title: 'Screen time, impulsivity, neuropsychological functions and their relationship to growth in adolescent attention-deficit/hyperactivity disorder symptoms.' Scientific Reports; topic overlaps with screen time research but no ABCD affiliation, no Nagata JCPP authorship, no L1-L4 criteria met for paper 304.",304,
A0313,Nature,Using explainable machine learning and fitbit data to investigate predictors of adolescent obesity,https://www.nature.com/articles/s41598-024-60811-2,"05/31/2024, 07:00 AM, +0000 UTC",EXCLUDE,,,0.99,"unrelated topic — article is about machine learning and Fitbit data for adolescent obesity prediction; no ABCD, no social media/sleep as in paper 314 (Kiss 2026 J Sleep Research)",Title: 'Using explainable machine learning and fitbit data to investigate predictors of adolescent obesity.' Scientific Reports; provisional paper 314 (Kiss 2026 neural sensitivity to SM and sleep) entirely unrelated. No L1-L4 criteria met.,314,
A0314,Nature,Associations of family income with cognition and brain structure in USA children: prevention implications,https://www.nature.com/articles/s41380-021-01130-0,"05/14/2021, 07:00 AM, +0000 UTC",EXCLUDE,,,0.97,"ABCD coverage of out-of-corpus topic — article studies family income, cognition, and brain structure in ABCD children; screen time/social media not the exposure",Title: 'Associations of family income with cognition and brain structure in USA children: prevention implications.' Molecular Psychiatry ABCD paper; provisional paper 381 (Zhang 2026 screen time and irritability) not covered. Topic (SES/income and brain) is outside the screen time/SM exposure corpus.,381,
A0315,Nature,Preschooler screen time and temperamental anger/frustration during the COVID-19 pandemic,https://www.nature.com/articles/s41390-023-02485-6,"02/09/2023, 08:00 AM, +0000 UTC",EXCLUDE,,,0.99,non-ABCD cohort — article is about preschooler screen time and anger/frustration during COVID-19 in a non-ABCD sample; provisional paper 381 (Zhang 2026 ABCD) not covered,"Title: 'Preschooler screen time and temperamental anger/frustration during the COVID-19 pandemic.' Pediatric Research; preschool age cohort, not ABCD (ages 9-10+). No L1-L4 criteria met.",381,
A0316,Nature,Change in Japanese children’s 24-hour movement guidelines and mental health during the COVID-19 pandemic,https://www.nature.com/articles/s41598-021-01803-4,"11/26/2021, 08:00 AM, +0000 UTC",EXCLUDE,,,0.99,"non-ABCD cohort — article is about Japanese children's movement guidelines and mental health during COVID-19; no ABCD, no link to paper 398 (Guerrero 2019 IJBNPA)","Title: 'Change in Japanese children's 24-hour movement guidelines and mental health during the COVID-19 pandemic.' Scientific Reports; Japanese cohort, pandemic focus, not ABCD. No L1-L4 criteria met.",398,
A0317,Nature,The mediating role of cognitive arousal in the relationship between impulsivity and sleep quality among college students: a random intercept cross-lagged panel analysis,https://www.nature.com/articles/s41598-025-90673-1,"03/10/2025, 07:00 AM, +0000 UTC",EXCLUDE,,,0.99,"non-ABCD cohort — article is about cognitive arousal, impulsivity, and sleep quality in college students; no ABCD, no social media/screen time as IV per corpus papers","Title: 'The mediating role of cognitive arousal in the relationship between impulsivity and sleep quality among college students.' Scientific Reports; college student sample, not ABCD. No L1-L4 criteria met for paper 398 (Guerrero 2019).",398,
A0318,Nature,A precision functional atlas of personalized network topography and probabilities,https://www.nature.com/articles/s41593-024-01596-5,"03/26/2024, 07:00 AM, +0000 UTC",EXCLUDE,,,0.99,"out-of-corpus topic — article is a neuroscience brain atlas paper; no screen time, no social media, no ABCD study link to paper 398",Title: 'A precision functional atlas of personalized network topography and probabilities.' Nature Neuroscience; entirely unrelated to screen time or social media. Provisional paper 398 (Guerrero 2019 IJBNPA) not covered.,398,
A0319,Nature,Prevalence and lifestyle determinants of depressive symptoms among Chinese children and adolescents,https://www.nature.com/articles/s41598-024-78436-w,"11/09/2024, 08:00 AM, +0000 UTC",EXCLUDE,,,0.99,"non-ABCD cohort — article studies Chinese children and adolescents; no ABCD, no link to paper 420 (Paulich 2021 PLOS ONE, ABCD screen time and mental health)","Title: 'Prevalence and lifestyle determinants of depressive symptoms among Chinese children and adolescents.' Scientific Reports; Chinese sample, not ABCD. No L1-L4 criteria met.",420,
A0320,Frontiers,Effects of social media use on depressive symptoms among Chinese university students: the mediating roles of self-esteem and social support,https://www.frontiersin.org/journals/psychology/articles/10.3389/fpsyg.2026.1769765/full,"02/16/2026, 03:18 PM, +0000 UTC",EXCLUDE,,,0.99,"non-ABCD cohort — article is about Chinese university students (adults), not the ABCD adolescent cohort; paper 8 (Nagata 2025 JAMA Network Open) not covered","Title: 'Effects of social media use on depressive symptoms among Chinese university students: the mediating roles of self-esteem and social support.' Frontiers in Psychology; Chinese university students, different cohort and age group from ABCD. No L1-L4 criteria met.",8,
A0321,Frontiers,The associations between social comparison on social media and young adults’ mental health,https://www.frontiersin.org/journals/psychology/articles/10.3389/fpsyg.2025.1597241/full,"08/07/2025, 07:00 AM, +0000 UTC",EXCLUDE,,,0.99,"non-ABCD cohort — article is about young adults' social comparison on social media and mental health; not ABCD, paper 8 (Nagata 2025 JAMA Network Open, early adolescents) not covered","Title: 'The associations between social comparison on social media and young adults' mental health.' Frontiers in Psychology; young adult sample, not ABCD. No L1-L4 criteria met.",8,
A0322,Frontiers,Social media use as a coping mechanism during the COVID-19 pandemic: A multidimensional perspective on adolescents' well-being,https://www.frontiersin.org/journals/public-health/articles/10.3389/fpubh.2022.1062688/full,"02/07/2024, 12:11 AM, +0000 UTC",EXCLUDE,,,0.99,"non-ABCD cohort — article is about adolescents' social media use as coping during COVID-19; not ABCD Study, paper 8 (Nagata 2025) not covered","Title: 'Social media use as a coping mechanism during the COVID-19 pandemic: A multidimensional perspective on adolescents' well-being.' Frontiers in Public Health; pandemic coping study, non-ABCD sample. No L1-L4 criteria met.",8,
A0323,Frontiers,Problematic Social Networking Site use-effects on mental health and the brain,https://www.frontiersin.org/journals/psychiatry/articles/10.3389/fpsyt.2022.1106004/full,"01/30/2024, 09:31 AM, +0000 UTC",EXCLUDE,,,0.99,"non-ABCD cohort — article is a review of problematic social networking site use and mental health/brain effects; not specific to ABCD, paper 8 (Nagata 2025 JAMA Network Open) not covered","Title: 'Problematic Social Networking Site use-effects on mental health and the brain.' Frontiers in Psychiatry review; broad review paper, no ABCD-specific content linking to paper 8. No L1-L4 criteria met.",8,
A0324,Frontiers,Social Media Use and Mental Health and Well-Being Among Adolescents – A Scoping Review,https://www.frontiersin.org/journals/psychology/articles/10.3389/fpsyg.2020.01949/full,"08/13/2020, 07:00 AM, +0000 UTC",EXCLUDE,,,0.99,non-ABCD cohort — article is a 2020 scoping review on social media and adolescent mental health/well-being; general review not covering specific ABCD paper 8 (Nagata 2025),Title: 'Social Media Use and Mental Health and Well-Being Among Adolescents – A Scoping Review.' Frontiers in Psychology 2020; published before Nagata 2025 paper 8 and covers non-ABCD literature broadly. No L1-L4 criteria met.,8,
A0325,Frontiers,The youth mental health crisis: analysis and solutions,https://www.frontiersin.org/journals/psychiatry/articles/10.3389/fpsyt.2024.1517533/full,"12/09/2024, 10:48 PM, +0000 UTC",EXCLUDE,,,0.95,"Frontiers journal article (not a news article); title 'The youth mental health crisis: analysis and solutions' is a perspective/opinion piece about youth mental health broadly — no evidence it reports or covers any specific ABCD candidate paper. No ABCD Study data, no candidate paper DOI/author/finding linkable.","URL is a Frontiers in Psychiatry journal article. Title indicates a general commentary on youth mental health. Provisional paper 8 (Nagata 2025, JAMA Network Open on SM and depression) is not referenced in the title or any discernible content. L1-L4 not met.",8,
A0326,Frontiers,"Should I post? The relationships among social media use, emotion recognition, and mental health",https://www.frontiersin.org/journals/psychology/articles/10.3389/fpsyg.2023.1161300/full,"05/22/2023, 07:00 AM, +0000 UTC",EXCLUDE,,,0.95,"Frontiers in Psychology journal article on social media, emotion recognition, and mental health — own empirical study, non-ABCD cohort. Not a news article covering a candidate paper.","Title 'Should I post? The relationships among social media use, emotion recognition, and mental health' describes an original study not using the ABCD dataset. Provisional paper 8 not directly covered. L1-L4 not met.",8,
A0327,Frontiers,"Editorial: The intersection among the internet and social media use, mental health, and Trust & Safety practices",https://www.frontiersin.org/journals/psychiatry/articles/10.3389/fpsyt.2023.1332930/full,"02/05/2024, 08:47 PM, +0000 UTC",EXCLUDE,,,0.95,"Frontiers in Psychiatry editorial on internet/social media, mental health, and Trust & Safety — not an ABCD paper and does not cover any specific candidate paper.","Title 'Editorial: The intersection among the internet and social media use, mental health, and Trust & Safety practices' is a journal editorial. Not covering any candidate paper from the corpus. L1-L4 not met.",8,
A0328,Frontiers,"Regulating Self-Image on Instagram: Links Between Social Anxiety, Instagram Contingent Self-Worth, and Content Control Behaviors",https://www.frontiersin.org/journals/psychology/articles/10.3389/fpsyg.2021.711447/full,"08/24/2021, 07:00 AM, +0000 UTC",EXCLUDE,,,0.95,"Frontiers in Psychology journal article on Instagram self-image and social anxiety — own empirical study, non-ABCD cohort. Not a news article covering a candidate paper.","Title 'Regulating Self-Image on Instagram: Links Between Social Anxiety, Instagram Contingent Self-Worth, and Content Control Behaviors' describes an independent study not using ABCD data. No candidate paper linkage. L1-L4 not met.",8,
A0329,Frontiers,Social Networks Use Disorder and Associations With Depression and Anxiety Symptoms: A Systematic Review of Recent Research in China,https://www.frontiersin.org/journals/psychology/articles/10.3389/fpsyg.2020.00211/full,"02/20/2020, 08:00 AM, +0000 UTC",EXCLUDE,,,0.95,"Frontiers in Psychology systematic review on social media use disorder in China — non-ABCD cohort (China samples), not covering any ABCD candidate paper.",Title 'Social Networks Use Disorder and Associations With Depression and Anxiety Symptoms: A Systematic Review of Recent Research in China' is a systematic review of Chinese research. No ABCD Study linkage. L1-L4 not met.,8,
A0330,Frontiers,Commentary: Relationships between screen time and childhood attention deficit hyperactivity disorder: a Mendelian randomization study,https://www.frontiersin.org/journals/psychiatry/articles/10.3389/fpsyt.2024.1512149/full,"11/25/2024, 07:27 AM, +0000 UTC",EXCLUDE,,,0.85,"Frontiers in Psychiatry commentary on a Mendelian randomization study of screen time and ADHD — this is a journal commentary on a different study (not an ABCD candidate paper), published in a different cohort. No evidence of direct coverage of ABCD candidate papers 18, 381, 420, or 84.","Title 'Commentary: Relationships between screen time and childhood attention deficit hyperactivity disorder: a Mendelian randomization study' indicates it comments on a Mendelian randomization paper, not any of the provisional candidates (which are ABCD observational/longitudinal studies). L1-L4 not satisfied for any of the provisional paper IDs.","18,381,420,84",
A0331,Frontiers,A systematic review on the eating behaviors of youth exceeding electronic device recommendations,https://www.frontiersin.org/journals/psychology/articles/10.3389/fpsyg.2025.1649571/full,"08/29/2025, 03:51 PM, +0000 UTC",EXCLUDE,,,0.8,"Frontiers in Psychology systematic review on eating behaviors and electronic device use in youth — a review article that may cite some candidate papers, but it is itself a journal article (not a news article), and without visible full text confirming L3/L4 linkage to specific candidate papers (24, 70), L1-L4 cannot be confirmed from title alone. Provisional paper IDs 160, 215, 24, 70 are possible references but no specific findings are paraphrasable from title/snippet.","Title 'A systematic review on the eating behaviors of youth exceeding electronic device recommendations' published Aug 2025 in Frontiers Psychology. Could cite Nagata 2021 (paper 24) or Chu 2024 (paper 70), but this is a secondary literature review article, not news coverage. No summary/snippet available to confirm L3/L4 paraphrase of any specific finding. Excluded as journal article, not news coverage.","160,215,24,70",
A0332,Frontiers,Digital media use and cognitive networks in medical students: linking screen time with intelligence and academic performance,https://www.frontiersin.org/journals/medicine/articles/10.3389/fmed.2026.1736060/full,"01/27/2026, 06:14 PM, +0000 UTC",EXCLUDE,,,0.95,"Frontiers in Medicine article on digital media and cognitive networks in medical students — different population (medical students, not adolescents), non-ABCD cohort. Not covering any ABCD candidate paper.","Title 'Digital media use and cognitive networks in medical students: linking screen time with intelligence and academic performance' is an original study in medical students. No ABCD data used. Provisional candidate papers (139, 157, 177, 190, 215, 443, 57) not covered as news. L1-L4 not met.","139,157,177,190,215,443,57",
A0333,Frontiers,Smartphones through children’s eyes: perceived benefits and educational considerations,https://www.frontiersin.org/journals/psychology/articles/10.3389/fpsyg.2025.1596595/full,"06/18/2025, 07:00 AM, +0000 UTC",EXCLUDE,,,0.95,"Frontiers in Psychology article on children's perceptions of smartphones — qualitative/opinion study, non-ABCD cohort. Not covering any ABCD candidate paper.",Title 'Smartphones through children's eyes: perceived benefits and educational considerations' is an original qualitative study. No ABCD Study involvement. Provisional paper 57 (Lin 2020 J Abnormal Child Psych) not covered. L1-L4 not met.,57,
A0334,Frontiers,Association between 24-hour movement guidelines and working memory in early Chinese adolescents,https://www.frontiersin.org/journals/psychology/articles/10.3389/fpsyg.2025.1666581/full,"10/01/2025, 07:00 AM, +0000 UTC",EXCLUDE,,,0.95,Frontiers in Psychology article on 24-hour movement guidelines and working memory in Chinese adolescents — non-ABCD cohort (Chinese sample). Not covering any ABCD candidate paper.,"Title 'Association between 24-hour movement guidelines and working memory in early Chinese adolescents' is an independent study in a Chinese cohort. Provisional papers 160, 70 are not covered. L1-L4 not met.","160,70",
A0335,Frontiers,Passive and active screen time relate differently to attention in preschool children,https://www.frontiersin.org/journals/psychology/articles/10.3389/fpsyg.2026.1737937/full,"02/27/2026, 03:21 PM, +0000 UTC",EXCLUDE,,,0.95,"Frontiers in Psychology article on passive vs. active screen time and attention in preschool children — different developmental population (preschoolers), non-ABCD cohort. Not covering any ABCD candidate paper.",Title 'Passive and active screen time relate differently to attention in preschool children' is an independent study in preschoolers. Not ABCD Study. Provisional paper 84 (Shou 2026 Acta Psychologica) not covered. L1-L4 not met.,84,
A0336,Frontiers,Screen on = development off? A systematic scoping review and a developmental psychology perspective on the effects of screen time on early childhood development,https://www.frontiersin.org/journals/developmental-psychology/articles/10.3389/fdpys.2024.1439040/full,"12/02/2024, 01:38 PM, +0000 UTC",EXCLUDE,,,0.82,"Frontiers in Developmental Psychology scoping review on screen time and early childhood development — a secondary review article. Even if it cites candidate papers (381, 84), it is a journal article rather than news coverage of a specific candidate paper's findings. Without full text confirming L3/L4 paraphrase of a specific candidate paper finding, criteria not met.","Title 'Screen on = development off? A systematic scoping review and a developmental psychology perspective on the effects of screen time on early childhood development' published Dec 2024. Provisional IDs 381 (Zhang 2026 J Child Adolesc Psychopharm) and 84 (Shou 2026 Acta Psychologica) could be cited, but this is a secondary review article — not news coverage. No summary to confirm specific finding paraphrase. L1-L4 not met.","381,84",
A0337,Frontiers,The Relationship Between Screen and Outdoor Time With Rates of Myopia in Spanish Children,https://www.frontiersin.org/journals/public-health/articles/10.3389/fpubh.2020.560378/full,"10/13/2020, 07:00 AM, +0000 UTC",EXCLUDE,,,0.97,"Frontiers in Public Health article on screen/outdoor time and myopia in Spanish children — non-ABCD cohort (Spain), different outcome (myopia). Not covering any ABCD candidate paper.",Title 'The Relationship Between Screen and Outdoor Time With Rates of Myopia in Spanish Children' is an independent study with no ABCD connection. Provisional paper 84 is not covered. L1-L4 not met.,84,
A0338,Frontiers,Short-term exposure to aggressive card game: releasing emotion without escalating post-game aggression,https://www.frontiersin.org/journals/psychology/articles/10.3389/fpsyg.2025.1505360/full,"03/31/2025, 07:00 AM, +0000 UTC",EXCLUDE,,,0.98,Frontiers in Psychology article on aggressive card game and emotion/aggression — entirely unrelated to smartphone/social media and ABCD Study. Not covering any candidate paper.,"Title 'Short-term exposure to aggressive card game: releasing emotion without escalating post-game aggression' has no relation to social media, smartphones, or the ABCD Study. Provisional paper 95 (He 2025 Computers in Human Behavior on social media addiction and brain reward) is not covered. L1-L4 not met.",95,
A0339,Frontiers,The directionality of anxiety and gaming disorder: An exploratory analysis of longitudinal data from an Australian youth population,https://www.frontiersin.org/journals/psychiatry/articles/10.3389/fpsyt.2022.1043490/full,"11/03/2022, 07:00 AM, +0000 UTC",EXCLUDE,,,0.95,"Frontiers in Psychiatry article on gaming disorder and anxiety in Australian youth — non-ABCD cohort (Australia), not covering any ABCD candidate paper.",Title 'The directionality of anxiety and gaming disorder: An exploratory analysis of longitudinal data from an Australian youth population' is an independent study in an Australian cohort. Provisional paper 130 (Kiss 2022 J Adolescent Health) not covered. L1-L4 not met.,130,
A0340,Frontiers,The contributions of gender identification and gender ideologies to the purposes of social media use in adolescence,https://www.frontiersin.org/journals/psychology/articles/10.3389/fpsyg.2022.1011951/full,"02/06/2024, 02:25 AM, +0000 UTC",EXCLUDE,,,0.97,"Frontiers in Psychology article on gender identification and social media use in adolescence — own empirical study, non-ABCD cohort. Not covering any ABCD candidate paper.",Title 'The contributions of gender identification and gender ideologies to the purposes of social media use in adolescence' is an independent study. Provisional paper 150 (Nagata 2026 NeuroImage on social media and brain structure) is not covered. L1-L4 not met.,150,
A0341,Frontiers,"Support From Parents, Peers, and Teachers Is Differently Associated With Middle School Students’ Well-Being",https://www.frontiersin.org/journals/psychology/articles/10.3389/fpsyg.2021.758226/full,"12/01/2021, 08:00 AM, +0000 UTC",EXCLUDE,,,0.98,Frontiers in Psychology article on parent/peer/teacher support and middle school student well-being — unrelated to smartphones/social media/ABCD. Not covering any ABCD candidate paper.,"Title 'Support From Parents, Peers, and Teachers Is Differently Associated With Middle School Students' Well-Being' has no relation to screen time, social media, or ABCD Study. Provisional paper 150 not covered. L1-L4 not met.",150,
A0342,Frontiers,Case report: Nighttime media restriction for pediatric insomnia,https://www.frontiersin.org/journals/sleep/articles/10.3389/frsle.2024.1365784/full,"03/13/2024, 07:00 AM, +0000 UTC",EXCLUDE,,,0.9,"Frontiers in Sleep case report on nighttime media restriction for pediatric insomnia — clinical case report, not covering a specific ABCD candidate paper. Provisional paper 156 (Hisler 2020 Sleep Health on social media and sleep disturbance in ABCD) is not directly covered by this case report.",Title 'Case report: Nighttime media restriction for pediatric insomnia' is a single-patient case report on a clinical intervention. No ABCD Study data. Provisional paper 156 not covered. L1-L4 not met.,156,
A0343,Frontiers,Measuring parents' regulatory media use for themselves and their children,https://www.frontiersin.org/journals/developmental-psychology/articles/10.3389/fdpys.2024.1377998/full,"04/03/2024, 07:00 AM, +0000 UTC",EXCLUDE,,,0.95,"Frontiers in Developmental Psychology article on measuring parents' regulatory media use — own empirical/measurement study, non-ABCD cohort, not covering any ABCD candidate paper.",Title 'Measuring parents' regulatory media use for themselves and their children' is an independent psychometric study. Provisional paper 156 not covered. L1-L4 not met.,156,
A0344,Frontiers,Leveraging big data for causal understanding in mental health: a research framework,https://www.frontiersin.org/journals/psychiatry/articles/10.3389/fpsyt.2024.1337740/full,"02/18/2024, 08:00 AM, +0000 UTC",EXCLUDE,,,0.82,"Frontiers in Psychiatry research framework article on big data for causal understanding in mental health — a methodological commentary that may cite ABCD studies but does not specifically cover findings of candidate papers 177 or 420 as its focus. Journal article, not news coverage.","Title 'Leveraging big data for causal understanding in mental health: a research framework' published Feb 2024. Could cite ABCD studies in passing, but this is a methodological/framework article, not news coverage of a specific candidate paper finding. No summary to confirm L3/L4 paraphrase. L1-L4 not met.","177,420",
A0345,Frontiers,"Effects of the COVID-19 pandemic on the emotional disorders of adolescents from rural high schools in Dobrogea, Romania",https://www.frontiersin.org/journals/psychiatry/articles/10.3389/fpsyt.2025.1717336/full,"01/07/2026, 08:00 AM, +0000 UTC",EXCLUDE,,,0.97,"Frontiers in Psychiatry article on COVID-19 and emotional disorders in Romanian adolescents — non-ABCD cohort (Romania), unrelated study. Not covering any ABCD candidate paper.","Title 'Effects of the COVID-19 pandemic on the emotional disorders of adolescents from rural high schools in Dobrogea, Romania' is an independent Romanian study. Provisional paper 177 (Kiss 2023 Health Psychology, ABCD COVID/screen-time) not covered. L1-L4 not met.",177,
A0346,Frontiers,"How Digital Technology Mediated the Effects of the COVID-19 Pandemic on Mental Health: The Good, the Bad, and the Indifferent",https://www.frontiersin.org/journals/digital-health/articles/10.3389/fdgth.2021.733151/full,"10/17/2023, 06:38 AM, +0000 UTC",EXCLUDE,,,0.88,"Frontiers in Digital Health article on digital technology and COVID-19 mental health effects — general review/commentary, non-specific ABCD paper. Even if it references ABCD work, it is a journal article not news coverage, and no specific candidate paper finding is identifiable from title alone.","Title 'How Digital Technology Mediated the Effects of the COVID-19 Pandemic on Mental Health: The Good, the Bad, and the Indifferent' is a broad commentary. Provisional paper 177 (Kiss 2023 Health Psychology) could be one of many cited sources, but this is a journal article not news coverage. L1-L4 not met.",177,
A0347,Frontiers,Review of the impacts of COVID-19 pandemic on the employment of college graduates in China and countermeasures to it,https://www.frontiersin.org/journals/public-health/articles/10.3389/fpubh.2024.1390055/full,"06/06/2024, 07:00 AM, +0000 UTC",EXCLUDE,,,0.99,"Frontiers in Public Health article on COVID-19 and college graduate employment in China — entirely unrelated to smartphones, social media, or the ABCD Study. Not covering any candidate paper.",Title 'Review of the impacts of COVID-19 pandemic on the employment of college graduates in China and countermeasures to it' is a completely unrelated economic/policy review. Provisional paper 177 assignment was a false keyword match. L1-L4 not met.,177,
A0348,Frontiers,Effects of COVID-19 pandemic on mental health among frontline healthcare workers: A systematic review and meta-analysis,https://www.frontiersin.org/journals/psychology/articles/10.3389/fpsyg.2022.1096857/full,"02/05/2024, 07:13 PM, +0000 UTC",EXCLUDE,,,0.99,"Frontiers in Psychology meta-analysis on COVID-19 and frontline healthcare worker mental health — entirely unrelated to smartphones, social media, or the ABCD Study. Not covering any candidate paper.","Title 'Effects of COVID-19 pandemic on mental health among frontline healthcare workers: A systematic review and meta-analysis' is about adult healthcare workers, not adolescents, and has no ABCD Study connection. Provisional paper 177 assignment was a false keyword match. L1-L4 not met.",177,
A0349,Frontiers,Disproportionate impacts of the COVID-19 pandemic on early career researchers and disabled researchers in volcanology,https://www.frontiersin.org/journals/earth-science/articles/10.3389/feart.2023.1291975/full,"06/25/2024, 04:00 PM, +0000 UTC",EXCLUDE,,,0.99,"Frontiers in Earth Science article on COVID-19 impacts on early-career researchers in volcanology — entirely unrelated to smartphones, social media, or the ABCD Study. Not covering any candidate paper.","Title 'Disproportionate impacts of the COVID-19 pandemic on early career researchers and disabled researchers in volcanology' is a geoscience/career study with no relation to social media, adolescent health, or ABCD. Provisional paper 177 assignment was a false keyword match. L1-L4 not met.",177,
A0350,Frontiers,The intervention of local public authorities and the impact of the COVID-19 pandemic in Romania: a subnational analysis,https://www.frontiersin.org/journals/public-health/articles/10.3389/fpubh.2024.1105518/full,"05/15/2024, 07:00 AM, +0000 UTC",EXCLUDE,,,0.99,"out-of-corpus topic — Romanian subnational COVID-19 public-health governance analysis; no ABCD study, no screen time/social media content","Frontiers Public Health article on local authority COVID-19 interventions in Romania. Provisional paper 177 (Kiss 2023, COVID screen time/sleep in ABCD) shares only 'COVID-19' keyword overlap. No L1–L4 criteria met.",177,
A0351,Frontiers,Editorial: Impact of the SARS-CoV-2 pandemic on the evolution and epidemiology of other viruses,https://www.frontiersin.org/journals/virology/articles/10.3389/fviro.2024.1527580/full,"12/04/2024, 09:27 AM, +0000 UTC",EXCLUDE,,,0.99,"out-of-corpus topic — virology editorial on SARS-CoV-2 pandemic effects on other viral epidemiology; no ABCD study, no screen time/social media content",Frontiers Virology editorial. Provisional paper 177 keyword overlap on 'COVID-19 pandemic.' No L1–L4 criteria met.,177,
A0352,Frontiers,Effects of the COVID-19 Pandemic on Children and Adolescents from the Perspective of Teachers,https://www.frontiersin.org/journals/education/articles/10.3389/feduc.2022.808015/full,"06/27/2024, 05:16 PM, +0000 UTC",EXCLUDE,,,0.99,"out-of-corpus topic — COVID-19 pandemic effects on children from teachers' perspectives, non-ABCD cohort; no screen time or social media analysis",Frontiers Education article on teachers' perspectives on COVID effects on children. Provisional paper 177 keyword overlap only. No L1–L4 criteria met.,177,
A0353,Frontiers,"Impact of COVID-19 Pandemic on Motorcycle Purchase in Dhaka, Bangladesh",https://www.frontiersin.org/journals/future-transportation/articles/10.3389/ffutr.2021.646664/full,"06/26/2024, 11:55 PM, +0000 UTC",EXCLUDE,,,0.99,"out-of-corpus topic — motorcycle purchase behavior in Dhaka, Bangladesh during COVID-19; no ABCD, no screen time/social media",Frontiers Future Transportation article on mobility/transportation in Bangladesh. Provisional paper 177 keyword overlap on 'COVID-19 pandemic' only. No L1–L4 criteria met.,177,
A0354,Frontiers,Financial Insecurity During the COVID-19 Pandemic: Spillover Effects on Burnout–Disengagement Relationships and Performance of Employees Who Moonlight,https://www.frontiersin.org/journals/psychology/articles/10.3389/fpsyg.2021.610138/full,"02/06/2024, 12:56 AM, +0000 UTC",EXCLUDE,,,0.99,"out-of-corpus topic — financial insecurity, employee burnout, and job performance during COVID-19; no ABCD, no screen time/social media",Frontiers Psychology article on workplace burnout and financial insecurity during COVID-19. Provisional paper 177 keyword overlap only. No L1–L4 criteria met.,177,
A0355,Frontiers,Editorial: Economic Effects of COVID-19 Related Uncertainty Shocks,https://www.frontiersin.org/journals/public-health/articles/10.3389/fpubh.2021.760619/full,"02/12/2024, 10:49 AM, +0000 UTC",EXCLUDE,,,0.99,"out-of-corpus topic — editorial on economic uncertainty shocks from COVID-19; no ABCD, no screen time/social media",Frontiers Public Health editorial on COVID-19 economic effects. Provisional paper 177 keyword overlap only. No L1–L4 criteria met.,177,
A0356,Frontiers,The Effects of the COVID-19 Pandemic on Health and Well-Being of Children and Youth in Nova Scotia: Youth and Parent Perspectives,https://www.frontiersin.org/journals/pediatrics/articles/10.3389/fped.2021.725439/full,"11/17/2021, 08:00 AM, +0000 UTC",EXCLUDE,,,0.99,"non-ABCD cohort — Nova Scotia youth and parent perspectives on COVID-19 effects on child well-being; no ABCD study, no screen time/social media analysis from corpus paper",Frontiers Pediatrics article on Canadian youth/parent COVID-19 well-being survey. Different cohort and different scope from paper 177 (Kiss 2023 ABCD). No L1–L4 criteria met.,177,
A0357,Frontiers,The effects of the COVID-19 pandemic on dengue cases in Malaysia,https://www.frontiersin.org/journals/public-health/articles/10.3389/fpubh.2023.1213514/full,"02/05/2024, 04:51 PM, +0000 UTC",EXCLUDE,,,0.99,"out-of-corpus topic — COVID-19 effects on dengue cases in Malaysia; no ABCD, no screen time/social media",Frontiers Public Health article on dengue epidemiology in Malaysia. Provisional paper 177 keyword overlap on 'COVID-19 pandemic' only. No L1–L4 criteria met.,177,
A0358,Frontiers,Modeling Jordanian audience engagement and news credibility in the digital media era: a PLS-SEM approach,https://www.frontiersin.org/journals/communication/articles/10.3389/fcomm.2025.1675693/full,"10/26/2025, 07:00 AM, +0000 UTC",EXCLUDE,,,0.99,"out-of-corpus topic — Jordanian audience engagement and news credibility in digital media era (PLS-SEM study); no ABCD, no child/adolescent screen time or social media from corpus","Frontiers Communication article on news credibility in Jordan. Provisional paper 190 (Sauce 2022 Scientific Reports, digital media and intelligence in ABCD) shares 'digital media' keyword only. No L1–L4 criteria met.",190,
A0359,Frontiers,Impact of digital media on language revitalization: the case of BBC News Igbo,https://www.frontiersin.org/journals/communication/articles/10.3389/fcomm.2026.1707701/full,"01/27/2026, 08:00 AM, +0000 UTC",EXCLUDE,,,0.99,"out-of-corpus topic — impact of digital media on Igbo language revitalization via BBC; no ABCD, no child/adolescent screen time or social media from corpus",Frontiers Communication article on BBC News Igbo and language revitalization. Provisional paper 190 keyword overlap on 'digital media' only. No L1–L4 criteria met.,190,
A0360,Frontiers,Exploring the role of digital media dependency on the relationship between personal involvement and flashbulb memory during the pandemic: Empirical evidence from Mainland China,https://www.frontiersin.org/journals/psychology/articles/10.3389/fpsyg.2022.985287/full,"02/06/2024, 06:24 PM, +0000 UTC",EXCLUDE,,,0.99,"non-ABCD cohort and out-of-corpus topic — digital media dependency and flashbulb memory during COVID-19 pandemic in Mainland China adults; no ABCD, no child screen time analysis from corpus",Frontiers Psychology article on flashbulb memory and digital media dependency in China. Provisional paper 190 keyword overlap only. No L1–L4 criteria met.,190,
A0361,Frontiers,Adapting educational practices for Generation Z: integrating metacognitive strategies and artificial intelligence,https://www.frontiersin.org/journals/education/articles/10.3389/feduc.2025.1504726/full,"01/06/2025, 02:12 PM, +0000 UTC",EXCLUDE,,,0.99,"out-of-corpus topic — educational practices, metacognitive strategies, and AI for Generation Z; no ABCD, no screen time or social media exposure-outcome analysis from corpus",Frontiers Education article on pedagogy for Gen Z. Provisional paper 190 keyword overlap on 'digital media' only. No L1–L4 criteria met.,190,
A0362,Frontiers,The Impact of Internet and Videogaming Addiction on Adolescent Vision: A Review of the Literature,https://www.frontiersin.org/journals/public-health/articles/10.3389/fpubh.2020.00063/full,"03/04/2020, 08:00 AM, +0000 UTC",EXCLUDE,,,0.99,"non-ABCD cohort and out-of-corpus topic — literature review on Internet/videogaming addiction and adolescent vision; no ABCD, no phone/social media screen time analysis from corpus",Frontiers Public Health 2020 review article on internet/videogaming addiction and vision problems. Provisional paper 190 keyword overlap on 'digital media/videogaming' only. No L1–L4 criteria met.,190,
A0363,Frontiers,From stress to screen: family factors on the path to problematic media use in children aged 4–11,https://www.frontiersin.org/journals/psychology/articles/10.3389/fpsyg.2025.1699094/full,"12/18/2025, 08:00 AM, +0000 UTC",EXCLUDE,,,0.92,"non-ABCD cohort — family stress and problematic media use in children aged 4-11; no indication of ABCD study, no author match to corpus papers 289 (Pulkki-Råback) or 398 (Guerrero)","Frontiers Psychology Dec 2025 article on family factors and problematic media use in 4-11 year-olds. Although topically adjacent, it does not name ABCD, does not name Pulkki-Råback or Guerrero as authors, and the sample (4-11 years, non-ABCD) differs from corpus papers. No L1–L4 criteria met for any corpus paper.","289,398",
A0364,Frontiers,Adherence to 24-h movement guidelines in Spanish schoolchildren and its association with insulin resistance: a cross-sectional study,https://www.frontiersin.org/journals/public-health/articles/10.3389/fpubh.2023.1146580/full,"07/09/2023, 07:00 AM, +0000 UTC",EXCLUDE,,,0.99,"non-ABCD cohort and out-of-corpus topic — adherence to 24-h movement guidelines and insulin resistance in Spanish schoolchildren; no ABCD, no social media/screen time analysis from corpus",Frontiers Public Health article on Spanish schoolchildren and insulin resistance. Provisional paper 398 (Guerrero 2019 IJBNPA) keyword overlap only; no ABCD and different population/topic. No L1–L4 criteria met.,398,
A0365,Frontiers,Research progress on the role of mindfulness in intervention for adolescent obesity,https://www.frontiersin.org/journals/endocrinology/articles/10.3389/fendo.2024.1412522/full,"08/20/2024, 07:00 AM, +0000 UTC",EXCLUDE,,,0.99,"out-of-corpus topic — narrative review on mindfulness interventions for adolescent obesity; no ABCD, no screen time or social media analysis from corpus","Frontiers Endocrinology review on mindfulness and adolescent obesity. Provisional paper 521 (Must 2023 Frontiers Pediatrics, autism/screen time/obesity in ABCD) shares only 'obesity' keyword. No ABCD study named, no L1–L4 criteria met.",521,
A0366,AJMC,Increased Social Media Use Linked to Rising Depressive Symptoms in Early Adolescents,https://www.ajmc.com/view/increased-social-media-use-linked-to-rising-depressive-symptoms-in-early-adolescents,"05/21/2025, 07:00 AM, +0000 UTC",INCLUDE,8,L3,0.92,,"AJMC article titled 'Increased Social Media Use Linked to Rising Depressive Symptoms in Early Adolescents,' published May 21, 2025. This paraphrases the core finding of paper 8 (Nagata et al. 2025, JAMA Network Open: 'Social Media Use and Depressive Symptoms During Early Adolescence'). The publication date is the same month as the paper (2025), outlet (AJMC) routinely covers JAMA Network Open papers. Title uniquely maps to paper 8's finding: social media time -> depressive symptoms in early adolescents, ABCD longitudinal cohort. L3 satisfied (outcome, exposure modality, direction, population all match).",8,
A0367,Public Health Communication Centre,Evidence supports the need to protect adolescents from social media harms,https://www.phcc.org.nz/briefing/evidence-supports-need-protect-adolescents-social-media-harms,"07/25/2025, 07:00 AM, +0000 UTC",EXCLUDE,,,0.35,general social media harms advocacy piece — title suggests aggregator policy brief citing multiple studies; no body text available to confirm L1–L4 linkage to paper 8 or any specific corpus paper,"Public Health Communication Centre NZ advocacy brief 'Evidence supports the need to protect adolescents from social media harms' (Jul 25, 2025). Without body text, cannot confirm whether paper 8 (Nagata 2025 JAMA Network Open) is cited. Title is generic SM-harms framing consistent with multiple studies. Insufficient evidence for any L1–L4 criterion. Flagged uncertain (<0.7) but excluded absent confirming evidence.",8,
A0368,News-Medical,Social media usage and depressive symptoms among adolescents in India,https://www.news-medical.net/news/20240130/Social-media-usage-and-depressive-symptoms-among-adolescents-in-India.aspx,"01/30/2024, 08:00 AM, +0000 UTC",EXCLUDE,,,0.97,"non-ABCD cohort — article (Jan 30, 2024) covers social media and depressive symptoms in Indian adolescents; paper 8 (Nagata 2025) was published in 2025, so temporal mismatch rules out coverage; different cohort (India)",News-Medical Jan 2024 article about social media and depressive symptoms among Indian adolescents predates paper 8 (Nagata 2025 JAMA Network Open) by over a year. The Indian adolescent cohort is not the ABCD Study. No L1–L4 criteria met for paper 8 or any corpus paper.,8,
A0369,News-Medical,Addictive screen habits harm early adolescent mental health,https://www.news-medical.net/news/20260212/Addictive-screen-habits-harm-early-adolescent-mental-health.aspx,"02/12/2026, 08:00 AM, +0000 UTC",INCLUDE,86,L3,0.85,,"News-Medical article 'Addictive screen habits harm early adolescent mental health,' published Feb 12, 2026. Paper 86 (Nagata et al. 2026, AJPM: 'Prospective Associations Between Early Adolescent Problematic Screen Use, Mental Health, Sleep, and Substance Use') is a 2026 paper with the same first author (Nagata), same outlet type (News-Medical covers AJPM), and directly matching content: problematic/addictive screen use (SMAQ/MPIQ) -> mental health in early adolescents, ABCD study. The title paraphrase 'addictive screen habits harm early adolescent mental health' uniquely maps to paper 86's finding. L3 satisfied (exposure: addictive/problematic screen use; outcome: mental health; direction: harmful; population: early adolescents). Multiple provisional IDs listed likely reflect News-Medical's coverage style; paper 86 is the primary match given publication date and title alignment.","106,133,139,157,158,184,24,302,304,393,394,49,80,86",
A0370,News-Medical,Study links screen time to increased risk of manic symptoms in preteens,https://www.news-medical.net/news/20250220/Study-links-screen-time-to-increased-risk-of-manic-symptoms-in-preteens.aspx,"02/20/2025, 08:00 AM, +0000 UTC",INCLUDE,49,L3,0.95,,"News-Medical article 'Study links screen time to increased risk of manic symptoms in preteens,' published Feb 20, 2025. Directly paraphrases the finding of paper 49 (Nagata et al. 2025, Social Psychiatry and Psychiatric Epidemiology: 'Screen time and manic symptoms in early adolescents: prospective findings from the Adolescent Brain Cognitive Development Study'). L3 satisfied: exposure (screen time), outcome (manic symptoms), population (preteens/early adolescents), study design (prospective), ABCD Study — all uniquely consistent with paper 49. News-Medical routinely covers ABCD papers; date aligns with paper's 2025 publication.",49,
A0371,News-Medical,Excessive screen time linked to manic symptoms in teens,https://www.news-medical.net/news/20250225/Excessive-screen-time-linked-to-manic-symptoms-in-teens.aspx,"02/25/2025, 08:00 AM, +0000 UTC",INCLUDE,49,L3,0.88,,"News-Medical article 'Excessive screen time linked to manic symptoms in teens,' published Feb 25, 2025. A second News-Medical piece (5 days after A0370) covering the same finding — paper 49 (Nagata 2025, Social Psychiatry: screen time and manic symptoms in early adolescents from ABCD). Provisional IDs include paper 215 (Al-shoaibi 2025, Childhood Obesity, BMI/waist circumference) but the title specifically names manic symptoms, which uniquely maps to paper 49. Paper 215 is about BMI/waist circumference, not manic symptoms. L3 satisfied for paper 49: exposure (screen time), outcome (manic symptoms), direction (increase). Possible syndicated version of A0370 but treated as separate article per article_id.","215,49",
A0372,News-Medical,Screen time may increase body fat in children,https://www.news-medical.net/news/20260115/Screen-time-may-increase-body-fat-in-children.aspx,"01/15/2026, 08:00 AM, +0000 UTC",EXCLUDE,,,0.82,"out-of-corpus topic or non-matching paper — title 'Screen time may increase body fat in children' does not match paper 84 (Shou 2026, Acta Psychologica: screen time and cognitive function/putamen volume); likely covers a different study about screen time and body composition","News-Medical Jan 15, 2026 article about screen time and body fat in children. Paper 84 (Shou et al. 2026 Acta Psychologica) focuses on cognitive function and putamen volume — not body fat or adiposity. The topic mismatch is substantial: body fat vs. brain/cognition. No corpus paper covers screen time and body fat specifically in ABCD. No L1–L4 criteria met for any corpus paper.",84,
A0373,News-Medical,How too much screen time affects kids’ heart health and what can reduce the risk,https://www.news-medical.net/news/20250807/How-too-much-screen-time-affects-kidse28099-heart-health-and-what-can-reduce-the-risk.aspx,"08/07/2025, 07:00 AM, +0000 UTC",EXCLUDE,,,0.9,"out-of-corpus topic — screen time and cardiovascular/heart health in children; no corpus paper covers this topic; paper 84 (Shou 2026 Acta Psychologica) is about cognitive function and putamen volume, not heart health","News-Medical Aug 7, 2025 article on screen time and kids' heart health. Paper 84's focus is cognitive function mediated by putamen volume — not cardiac outcomes. No corpus paper (69 candidates) covers screen time and cardiovascular/heart health in ABCD. No L1–L4 criteria met.",84,
A0374,News-Medical,Screen Time and Insomnia,https://www.news-medical.net/health/Screen-Time-and-Insomnia.aspx,"02/01/2021, 08:00 AM, +0000 UTC",EXCLUDE,,,0.99,"temporal mismatch and general topic — screen time and insomnia general article published Feb 1, 2021; paper 84 (Shou 2026 Acta Psychologica) was published in 2026; cannot cover a 2026 paper","News-Medical general topic page 'Screen Time and Insomnia,' published February 1, 2021. Paper 84 (Shou et al. 2026) is a 2026 publication — this 2021 article predates it by 5 years. Additionally, paper 84 focuses on cognition/putamen, not insomnia. No L1–L4 criteria met for any corpus paper.",84,
A0375,News-Medical,Screen Time and Mental Health,https://www.news-medical.net/health/Screen-Time-and-Mental-Health.aspx,"06/29/2022, 07:00 AM, +0000 UTC",EXCLUDE,,,0.0,"general topic page — evergreen News-Medical health overview of screen time and mental health, no identifiable specific corpus paper; published June 2022, provisional paper 84 is from 2026","Title 'Screen Time and Mental Health' is an evergreen category page with no summary text. No author, journal, finding, or ABCD-specific detail available to link to any corpus paper. Provisional paper 84 (Shou 2026 Acta Psychologica) postdates article by 4 years.",84,
A0376,News-Medical,Bedtime screen habits linked to poor sleep in tweens,https://www.news-medical.net/news/20250620/Bedtime-screen-habits-linked-to-poor-sleep-in-tweens.aspx,"06/20/2025, 07:00 AM, +0000 UTC",INCLUDE,"139,158",multi,0.75,,"Title 'Bedtime screen habits linked to poor sleep in tweens' published June 2025 aligns with both paper 139 (Nagata 2024, J Adolescent Health, 'Bedtime Screen Use Behaviors and Sleep Outcomes in Early Adolescents: A Prospective Cohort Study') and paper 158 (Nagata 2025, Sleep Health, 'Social epidemiology of bedtime screen use behaviors and sleep outcomes in early adolescence'). L4: UCSF + bedtime screen use modalities (talk/text, social media) + sleep outcomes + ABCD Study maps to both. June 2025 publication date is most consistent with paper 158 (2025) as primary; paper 139 (2024) may also be referenced. No body text to confirm L2/L3 directly.","139,157,158",
A0377,News-Medical,How bedtime screen use affects sleep in early adolescents,https://www.news-medical.net/news/20240723/How-bedtime-screen-use-affects-sleep-in-early-adolescents.aspx,"07/23/2024, 07:00 AM, +0000 UTC",INCLUDE,139,L4,0.82,,"Title 'How bedtime screen use affects sleep in early adolescents' published July 2024 matches paper 139 (Nagata 2024, Journal of Adolescent Health, 'Bedtime Screen Use Behaviors and Sleep Outcomes in Early Adolescents: A Prospective Cohort Study'). L4: UCSF + bedtime screen use modalities + sleep outcomes + ABCD early adolescents + prospective cohort uniquely consistent with paper 139. July 2024 date matches publication year. Paper 157 (Nagata 2023 Sleep Health) is an earlier study on same topic but title says 'early adolescents' matching 139's subtitle more precisely.","139,157",
A0378,News-Medical,Parents' role key in shaping children's exposure to mature media,https://www.news-medical.net/news/20250206/Parents-role-key-in-shaping-childrens-exposure-to-mature-media.aspx,"02/06/2025, 08:00 AM, +0000 UTC",INCLUDE,184,L4,0.85,,"Title 'Parents' role key in shaping children's exposure to mature media' published Feb 2025 matches paper 184 (Nagata 2025, Pediatric Research, 'Associations between media parenting practices and early adolescent screen use'). L4: UCSF/Nagata + parental media practices + adolescent screen use (including social media/mobile phone) + ABCD Study uniquely consistent with paper 184. No body text available but title-date-provisional alignment is strong.",184,
A0379,News-Medical,Screen time and ADHD: why social media stands out from gaming and TV,https://www.news-medical.net/news/20251210/Screen-time-and-ADHD-why-social-media-stands-out-from-gaming-and-TV.aspx,"12/10/2025, 08:00 AM, +0000 UTC",INCLUDE,"435,436",L4,0.85,,"Title 'Screen time and ADHD: why social media stands out from gaming and TV' published Dec 2025 maps to papers 435/436 (Nivins 2025, Pediatrics Open Science, 'Digital Media, Genetics, and Risk for ADHD Symptoms in Children: A Longitudinal Study'). L4: Karolinska Institute + social media specifically predicting ADHD (inattention) + ABCD data + distinguishing media types uniquely matches paper 435/436. Paper 192 (Nivins 2024 Scientific Reports brain development) is also Karolinska but focuses on brain structure not ADHD.","192,435,436",
A0380,News-Medical,"Study finds distinct link between sleep duration, social media usage, and brain activation in teens",https://www.news-medical.net/news/20240530/Study-finds-distinct-link-between-sleep-duration-social-media-usage-and-brain-activation-in-teens.aspx,"05/30/2024, 07:00 AM, +0000 UTC",INCLUDE,314,L4,0.87,,"Title 'Study finds distinct link between sleep duration, social media usage, and brain activation in teens' published May 2024 maps to paper 314 (Kiss 2026, Journal of Sleep Research, 'Neural Sensitivity to Social Media Use: Implications for Sleep Duration in Adolescents'). L4: SRI International + social media use + sleep duration + neural brain activation + adolescents + ABCD is uniquely consistent with paper 314. Published May 2024 may represent early online publication ahead of 2026 print year. The three-way link (brain activation + sleep + social media) is uniquely distinctive.",314,
A0381,Association for Psychological Science – APS,Longitudinal Data Show No Evidence of Teens’ Social Media Use Leading to Depression,https://www.psychologicalscience.org/observer/longitudinal-data-show-no-evidence-of-teens-social-media-use-leading-to-depression,"02/27/2019, 08:00 AM, +0000 UTC",EXCLUDE,,,0.0,non-ABCD cohort — Feb 2019 APS article about longitudinal data on SM and depression predates any ABCD-based finding in corpus (paper 8 is Nagata 2025); likely covers non-ABCD longitudinal study,"Published Feb 27, 2019. Provisional paper 8 is Nagata 2025 JAMA Network Open — a 6-year gap makes coverage impossible. No ABCD-based SM-depression longitudinal paper was published by early 2019. APS Observer article likely discusses a non-ABCD longitudinal cohort study (e.g., Orben/Przybylski or UK-based cohort).",8,
A0382,HealthCentral,Social Media and Depression: How to Help Your Kids,https://www.healthcentral.com/condition/depression/social-media-and-depression,"06/08/2022, 07:00 AM, +0000 UTC",EXCLUDE,,,0.0,"general topic/advice piece — consumer health article about social media and depression broadly; published June 2022, provisional paper 8 is from 2025; no identifiable corpus paper","Title 'Social Media and Depression: How to Help Your Kids' is a consumer advice article. Published June 2022, provisional paper 8 (Nagata 2025 JAMA Network Open) postdates by 3 years. No ABCD-specific finding identifiable from title or date.",8,
A0383,HealthCentral,Male Depression a& Anxiety in Athletes: Overcoming the Taboo,https://www.healthcentral.com/condition/depression/male-depression-and-anxiety-in-athletes,"06/09/2022, 07:00 AM, +0000 UTC",EXCLUDE,,,0.0,out-of-corpus topic — article about male depression and anxiety in athletes; unrelated to smartphone/social media use or ABCD Study,"Title 'Male Depression & Anxiety in Athletes: Overcoming the Taboo' is entirely about athletes and mental health stigma. No connection to social media, screen time, smartphone use, or ABCD Study. Provisional paper 8 mapping appears to be a keyword artifact.",8,
A0384,The Lancet,From social media to artificial intelligence: improving research on digital harms in youth,https://www.thelancet.com/journals/lanchi/article/PIIS2352-4642(24)00332-8/abstract,"01/21/2025, 08:00 AM, +0000 UTC",EXCLUDE,,,0.0,out-of-corpus topic — Lancet commentary on AI and digital harms research methodology; does not specifically cover any corpus paper,"URL PIIS2352-4642(24)00332-8 is a Lancet Child & Adolescent Health commentary/editorial 'From social media to artificial intelligence: improving research on digital harms in youth' (Jan 2025). This is a research-methods perspective piece. Provisional paper 8 (Nagata 2025 JAMA Network Open) may be cited among many studies, but without body text and given this is a meta-commentary rather than a news article covering a specific paper, no reliable L1-L4 linkage can be established.",8,
A0385,The Lancet,Associations between 24 hour movement behaviours and global cognition in US children: a cross-sectional observational study,https://www.thelancet.com/journals/lanchi/article/PIIS2352-4642(18)30278-5/abstract,"09/26/2018, 07:00 AM, +0000 UTC",EXCLUDE,,,0.0,"out-of-corpus topic — this is the original Cheng et al. 2018 Lancet Child & Adolescent Health research article on 24-hour movement behaviours and cognition; it is a primary research paper, not news coverage, and does not match any corpus paper","URL PIIS2352-4642(18)30278-5 is the Lancet eClinical/Child & Adolescent Health paper 'Associations between 24 hour movement behaviours and global cognition in US children' (Sept 2018) — a primary ABCD research paper about sleep/physical activity/screen time and cognition, not a news article. Provisional paper 57 (Lin 2020) is unrelated. Even if treated as a journal page, it does not cover a corpus paper.",57,
A0386,The Lancet,The Lancet Commission on lessons for the future from the COVID-19 pandemic,https://www.thelancet.com/article/S0140-6736(22)01585-9/fulltext,"07/14/2025, 11:12 AM, +0000 UTC",EXCLUDE,,,0.0,"out-of-corpus topic — Lancet Commission report on COVID-19 pandemic global health lessons; no connection to screen time, smartphone use, or ABCD Study","Title 'The Lancet Commission on lessons for the future from the COVID-19 pandemic' (PIIS0140-6736(22)01585-9) is a major global health policy document. Provisional paper 177 (Kiss 2023, COVID screen time/sleep in ABCD) bears no relationship to this Lancet Commission report.",177,
A0387,The Lancet,"Indirect effects of the COVID-19 pandemic on malaria intervention coverage, morbidity, and mortality in Africa: a geospatial modelling analysis",https://www.thelancet.com/journals/laninf/article/PIIS1473-3099(20)30700-3/fulltext,"09/21/2020, 07:00 AM, +0000 UTC",EXCLUDE,,,0.0,"out-of-corpus topic — article about malaria in Africa during COVID-19; no connection to screen time, smartphone use, or ABCD Study","Title 'Indirect effects of the COVID-19 pandemic on malaria intervention coverage... in Africa' (Lancet Infectious Diseases, Sept 2020) is about malaria epidemiology in sub-Saharan Africa. Provisional paper 177 mapping is a keyword artifact from 'COVID-19'.",177,
A0388,The Lancet,Effects of the COVID-19 pandemic on NHS England waiting times for elective hospital care: a modelling study,https://www.thelancet.com/journals/lancet/article/PIIS0140-6736(23)02744-7/fulltext,"01/11/2024, 08:00 AM, +0000 UTC",EXCLUDE,,,0.0,"out-of-corpus topic — article about NHS England hospital waiting times during COVID-19; no connection to screen time, smartphone use, or ABCD Study","Title 'Effects of the COVID-19 pandemic on NHS England waiting times for elective hospital care' (Lancet, Jan 2024) is about UK healthcare system capacity. Provisional paper 177 mapping is a keyword artifact from 'COVID-19'.",177,
A0389,HCPLive,Study Shows a Correlation Between Social Media Use and Irritability,https://www.hcplive.com/view/study-shows-a-correlation-between-social-media-use-irritability,"01/10/2025, 08:00 AM, +0000 UTC",INCLUDE,381,L3,0.82,,"Title 'Study Shows a Correlation Between Social Media Use and Irritability' (HCPLive, Jan 2025) maps to paper 381 (Zhang 2026, Journal of Child and Adolescent Psychopharmacology, 'Bidirectional Associations Between Screen Time and Irritability in Preadolescence: A Temporal Network Analysis'). L3: social media use + irritability + bidirectional association (ABCD temporal network) uniquely maps to paper 381. The provisional paper 8 (Nagata SM→depression) does not cover irritability. Paper 381 is Zhang/Oxford/temporal network, published 2026 with Jan 2025 possibly representing early online publication.",8,
A0390,The Guardian,Depression in girls linked to higher use of social media,https://www.theguardian.com/society/2019/jan/04/depression-in-girls-linked-to-higher-use-of-social-media,"01/04/2019, 08:00 AM, +0000 UTC",EXCLUDE,,,0.0,non-ABCD cohort — Jan 2019 Guardian article on depression in girls and social media predates any ABCD SM-depression publication in corpus; likely covers UK Millennium Cohort or similar non-ABCD study,"Published Jan 4, 2019. Provisional paper 8 is Nagata 2025 JAMA Network Open — 6-year gap. No ABCD SM-depression corpus paper was published this early. The UCL angle (A0396 same date, same topic) and 'depression in girls' framing is consistent with Kelly et al. 2019 (UK Millennium Cohort, UCL), not ABCD.",8,
A0391,theguardian.com,Teenagers who go to bed early and sleep longer have ...,https://www.theguardian.com/science/2025/apr/22/teenagers-bed-early-sleep-longer-sharper-brains-study,"Apr 22, 2025",EXCLUDE,,,0.0,ABCD coverage of out-of-corpus topic — article about Sahakian/Fudan University ABCD study on sleep timing and brain/cognitive outcomes; no matching corpus paper (no Fudan/Sahakian-affiliated paper in corpus),"Summary: 'Sahakian's team and researchers at Fudan University in Shanghai analysed data from 3,222 young people in the adolescent brain cognitive development study.' This is ABCD data but about sleep timing + cognition, with Fudan/Cambridge affiliations. No corpus paper has Fudan or Sahakian authorship. Does not involve smartphone/social media as primary exposure.",,"Sahakian's team and researchers at Fudan University in Shanghai analysed data from 3,222 young people in the adolescent brain cognitive development study ..."
A0392,theguardian.com,Study links greater inequality to structural changes in ...,https://www.theguardian.com/science/2025/sep/30/study-links-greater-inequality-to-structural-changes-in-childrens-brains,"Sep 30, 2025",EXCLUDE,,,0.0,ABCD coverage of out-of-corpus topic — article about socioeconomic inequality and brain structure in ABCD; no matching corpus paper,Summary: 'data from ABCD study... published in Nature Mental Health. Researchers at King's College...' About socioeconomic inequality → brain structural changes. No corpus paper covers inequality/SES and brain structure. Out-of-corpus topic.,,The data was gathered from the Adolescent Brain Cognitive Development study and published in the journal Nature Mental Health. Researchers at King's College ...
A0393,theguardian.com,Why have energy drinks been banned for under-16s in ...,https://www.theguardian.com/commentisfree/2025/sep/10/england-ban-energy-drinks-caffeine-children-parents-social-media,"Sep 10, 2025",EXCLUDE,,,0.0,ABCD coverage of out-of-corpus topic — article about energy drink/caffeine ban for children; mentions ABCD study for general context but focuses on caffeine/substances not in corpus,"Summary mentions ABCD study tracking 'impact of various substances, including caffeine, on brain.' Article is about England's energy drink ban for under-16s. Caffeine/energy drinks are not a corpus topic. Out-of-corpus topic.",,"... adolescent brain cognitive development study. It followed these children over time to look at the impact of various substances, including caffeine, on brain ..."
A0394,theguardian.com,Is your smartphone ruining your memory? A special report ...,https://www.theguardian.com/global/2022/jul/03/is-your-smartphone-ruining-your-memory-the-rise-of-digital-amenesia,"Jul 3, 2022",INCLUDE,190,L4,0.68,,"Title 'Is your smartphone ruining your memory?' (The Guardian, Jul 3, 2022). Summary: 'Smartphone use can even change the brain, according to the ongoing ABCD study which is tracking over 10,000 American children to adulthood.' L4: ABCD Study + smartphone use + brain/memory change + ~10,000 children. Paper 190 (Sauce 2022, Scientific Reports, 'The impact of digital media on children's intelligence while controlling for genetic differences') is from 2022, uses ABCD n~9,000, and examines socializing/screen use → cognition/intelligence including memory-related outcomes. Also possible match to paper 192 (Nivins 2024) but that is 2024. Confidence < 0.7 due to no author or journal named and limited summary text.",,"Smartphone use can even change the brain, according to the ongoing ABCD study which is tracking over 10,000 American children through to adulthood. “It ..."
A0395,Harvard Health,Scroll smarter to protect your mental health,https://www.health.harvard.edu/mind-and-mood/scroll-smarter-to-protect-your-mental-health,"05/01/2022, 07:00 AM, +0000 UTC",EXCLUDE,,,0.0,"general topic/advice piece — Harvard Health consumer article about social media and mental health broadly; published May 2022, provisional paper 8 is from 2025; no identifiable corpus paper","Title 'Scroll smarter to protect your mental health' is consumer wellness advice. Published May 2022, provisional paper 8 (Nagata 2025) postdates by 3 years. No ABCD-specific finding identifiable.",8,
A0396,UCL | University College London,Depression linked to social media twice as high among girls | UCL News - UCL,https://www.ucl.ac.uk/news/2019/jan/depression-linked-social-media-twice-high-among-girls-0,"01/04/2019, 08:00 AM, +0000 UTC",EXCLUDE,,,0.0,"non-ABCD cohort — UCL press release Jan 2019 about depression and social media in girls; UCL-authored study (Kelly et al. 2019, UK Millennium Cohort or similar), not ABCD; provisional paper 8 is Nagata 2025 UCSF","Published Jan 4, 2019 by UCL news office. Title 'Depression linked to social media twice as high among girls.' UCL affiliation and Jan 2019 date matches Kelly et al. 2019 (eClinicalMedicine, UK cohort), not any ABCD corpus paper. Provisional paper 8 is UCSF-based 2025 paper.",8,
A0397,Earth.com,"Exercise over social media: less stress, more life satisfaction",https://www.earth.com/news/exercise-over-social-media-less-stress-more-life-satisfaction/,"02/08/2023, 08:00 AM, +0000 UTC",EXCLUDE,,,0.0,non-ABCD cohort or out-of-corpus topic — Earth.com Feb 2023 article about exercise vs social media for stress/life satisfaction; no ABCD study identifiable from title; provisional paper 8 not consistent,"Title 'Exercise over social media: less stress, more life satisfaction' (Feb 2023). No ABCD Study mentioned. Compares exercise to social media for wellbeing outcomes. This likely covers a non-ABCD cross-sectional or epidemiological study. No corpus paper matches this topic configuration.",8,
A0398,Earth.com,Too much screen time could put kids’ hearts at risk,https://www.earth.com/news/too-much-screen-time-could-put-kids-hearts-at-risk/,"08/10/2025, 07:00 AM, +0000 UTC",EXCLUDE,,,0.0,ABCD coverage of out-of-corpus topic — article about screen time and cardiovascular/heart risk in children; no matching corpus paper (corpus does not include cardiovascular outcomes); provisional paper 84 is about cognitive/brain outcomes,"Title 'Too much screen time could put kids' hearts at risk' (Earth.com, Aug 2025). About cardiovascular risk from screen time. No corpus paper covers cardiovascular/cardiac outcomes in ABCD. Provisional paper 84 (Shou 2026, screen time → cognitive function via putamen) does not cover cardiac outcomes.",84,
A0399,Earth.com,How screen time changes the brain structure of children,https://www.earth.com/news/how-screen-time-changes-the-brain-based-on-23-years-of-research/,"11/18/2023, 08:00 AM, +0000 UTC",INCLUDE,192,L3,0.8,,"Title 'How screen time changes the brain structure of children' (Earth.com, Nov 2023). Provisional paper 192 (Nivins 2024, Scientific Reports, 'Long-term impact of digital media on brain development in children'). L3: screen time + brain structure change + children + longitudinal/long-term + ABCD cohort uniquely maps to paper 192 (Nivins 2024, Karolinska, socializing/social media use → cerebellar/brain volume). Nov 2023 date may represent early online publication before 2024 print. Paper 97 (Miller 2023 Cortex, functional brain organization) is also possible but focuses on functional rather than structural brain changes.",192,
A0400,Earth.com,Screen time and mental health: A vicious cycle for kids,https://www.earth.com/news/screen-time-and-mental-health-a-vicious-cycle-for-kids/,"06/11/2025, 07:00 AM, +0000 UTC",INCLUDE,393,L3,0.65,,"Title 'Screen time and mental health: A vicious cycle for kids' (Earth.com, June 2025) paraphrases the bidirectional/cyclical framing of paper 393 (Nagata 2024 BMC Public Health, screen time and mental health prospective analysis). Provisional IDs 393/394 are the same paper (duplicate DOI); article published contemporaneously with that work. No summary text available; confidence below threshold due to absent content — flagged for human review.","393,394",
A0401,Sia.az,The pressure to be perfect – The idealisation syndrome on social media and its impact on mental health,https://sia.az/en/news/social/1288918.html,"10/03/2025, 02:37 PM, +0000 UTC",EXCLUDE,,,0.0,non-ABCD cohort / out-of-corpus topic,"Title 'The pressure to be perfect – The idealisation syndrome on social media and its impact on mental health' (Sia.az, March 2025) addresses social media idealization psychology broadly; no ABCD cohort reference, no summary text to identify ABCD-specific findings. Provisional paper 8 (Nagata 2025 JAMA Network Open, SM and depressive symptoms in ABCD) is not supported by content. No L1-L4 criteria met.",8,
A0402,BBC,"Internet use linked to higher wellbeing, global study suggests",https://www.bbc.com/news/articles/c89z2v0pjl3o,"05/12/2024, 07:00 AM, +0000 UTC",EXCLUDE,,,0.0,non-ABCD cohort,"Title 'Internet use linked to higher wellbeing, global study suggests' (BBC, May 2024) refers to a global multi-country study, not the ABCD cohort. Provisional paper 8 (Nagata JAMA Network Open, ABCD) is not consistent with a global wellbeing study. No L1-L4 criteria met.",8,
A0403,bbc.com,Is an early night the key to better test results?,https://www.bbc.com/news/articles/cvg7j0pg1e2o,"Apr 23, 2025",EXCLUDE,,,0.0,ABCD coverage of out-of-corpus topic,Summary mentions ABCD Study data used by Dr. Qing Ma of Fudan University in a Cell Reports paper on sleep and test results. No paper in the candidate corpus is affiliated with Fudan University or published in Cell Reports; this is ABCD data applied to a non-corpus study. No L1-L4 criteria met.,,"The study, published in Cell Reports, also used data from the Adolescent Brain Cognitive Development Study. Dr Qing Ma, of Fudan University, said: ""Although ..."
A0404,vox.com,Have smartphones really destroyed a generation? We don’t know.,https://www.vox.com/science-and-health/2019/2/20/18210498/smartphones-tech-social-media-teens-depression-anxiety-research,"02/20/2019, 08:00 AM, +0000 UTC",EXCLUDE,,,0.0,"general ABCD coverage, no specific paper from corpus",Vox article from February 2019 discusses ABCD Study as a future/ongoing project and debates smartphone effects on teen mental health generally. Predates paper 8 (Nagata 2025 JAMA Network Open) by six years. No specific corpus paper is covered. No L1-L4 criteria met.,8,"Breslin is currently working on an enormous study of adolescent brain development. It's called the ABCD Study (Adolescent Brain Cognitive Development Study), ..."
A0405,vox.com,Is our constant use of digital technologies affecting our brain health? We asked 11 experts.,https://www.vox.com/science-and-health/2018/11/28/18102745/cellphone-distraction-brain-health-screens-kids,"11/28/2018, 08:00 AM, +0000 UTC",EXCLUDE,,,0.0,out-of-corpus topic; predates provisional paper,Vox expert-opinion article from November 2018 on digital technology and brain health. Provisional paper 190 (Sauce 2022 Scientific Reports) was published four years later; no ABCD paper from the corpus could be covered by a 2018 article. No L1-L4 criteria met.,190,
A0406,vox.com,The quest to solve the mysteries of teen minds - Vox,https://www.vox.com/podcasts/471398/teenage-brains-science-abcd-study-unexplainable,"Dec 10, 2025",EXCLUDE,,,0.0,"general ABCD coverage, no specific paper from corpus",Vox podcast/article from December 2025 titled 'The quest to solve the mysteries of teen minds' describes the ABCD Study longitudinal project generally. No provisional paper IDs; no specific corpus paper paraphrased. General ABCD overview. No L1-L4 criteria met.,,"And so, the NIH ultimately decided to kick off a massive project: the Adolescent Brain Cognitive Development study, or “ABCD.” The plan was to follow ..."
A0407,Institute for Family Studies,Six Facts About Screens and Teen Mental Health That a Recent New York Times’ Article Ignores,https://ifstudies.org/blog/six-facts-about-screens-and-teen-mental-health-that%20a-recent-new-york-times-article-ignores,"01/22/2020, 08:00 AM, +0000 UTC",EXCLUDE,,,0.0,out-of-corpus topic; predates provisional paper,Institute for Family Studies piece from January 2020 about screens and teen mental health; provisional paper 8 (Nagata 2025 JAMA Network Open) was published five years later. Article predates the corpus paper; likely discusses other non-ABCD research. No L1-L4 criteria met.,8,
A0408,EL PAÍS English,Does internet use improve well-being? Study suggests it does for everyone except young women,https://english.elpais.com/technology/2024-06-27/does-internet-use-improve-well-being-study-suggests-it-does-for-everyone-except-young-women.html,"06/27/2024, 07:00 AM, +0000 UTC",EXCLUDE,,,0.0,non-ABCD cohort,"El Pais article from June 2024 reports on a global internet-use-and-wellbeing study (not ABCD cohort). Provisional paper 8 (Nagata JAMA Network Open, ABCD) is inconsistent with a global internet wellbeing study. No L1-L4 criteria met.",8,
A0409,Meer | English edition,How digital technology can affect our brains,https://www.meer.com/en/67168-how-digital-technology-can-affect-our-brains,"02/10/2022, 08:00 AM, +0000 UTC",EXCLUDE,,,0.0,"general ABCD coverage, no specific paper from corpus","Meer.com article from February 2022 on how digital technology affects the brain; generic overview piece. No summary text, no specific ABCD corpus paper identifiable. No L1-L4 criteria met.",8,
A0410,Meer | English edition,Solarwind in array,https://www.meer.com/en/83391-solarwind-in-array,"09/28/2024, 07:00 AM, +0000 UTC",EXCLUDE,,,0.0,unrelated topic,"Meer.com article titled 'Solarwind in array' (September 2024) is about solar wind or cybersecurity (SolarWinds), completely unrelated to screen time, social media, or ABCD research. Provisional paper 190 (Sauce 2022 Scientific Reports) has no plausible connection. No L1-L4 criteria met.",190,
A0411,The Journalist's Resource,The health effects of screen time on children: A research roundup,https://journalistsresource.org/education/screen-time-children-health-research/,"05/14/2019, 07:00 AM, +0000 UTC",EXCLUDE,,,0.0,"general ABCD coverage, no specific paper from corpus",Journalist's Resource article from May 2019 is a general research roundup on screen time and children's health. Provisional paper 8 (Nagata 2025 JAMA Network Open) was published six years later. No specific corpus paper covered. No L1-L4 criteria met.,8,
A0412,The Mirror,Teenage girls' depression linked directly to social media use for first time,https://www.mirror.co.uk/news/uk-news/teenage-girls-depression-linked-directly-13809402,"01/04/2019, 08:00 AM, +0000 UTC",EXCLUDE,,,0.0,non-ABCD cohort,"The Mirror article from January 2019 about 'teenage girls' depression linked directly to social media use for first time' covers a UK-based study (likely UCL/NHS cohort), not ABCD. Published January 2019, predates paper 8 (Nagata 2025 JAMA Network Open). No L1-L4 criteria met.",8,
A0413,Gulf News,Girls hyperactive on social media more prone to depression than boys: Study,https://gulfnews.com/world/europe/girls-hyperactive-on-social-media-more-prone-to-depression-than-boys-study-1.1546662817760,"01/05/2019, 08:00 AM, +0000 UTC",EXCLUDE,,,0.0,non-ABCD cohort,"Gulf News article from January 2019 on girls and social media depression covers the same UK study as A0412 (UCL/NHS cohort, January 2019 news cycle). Not ABCD. Provisional paper 8 (Nagata 2025) predated by 6 years. No L1-L4 criteria met.",8,
A0414,Hindustan Times,Girls twice more likely to be depressed due to social media use | Health,https://www.hindustantimes.com/health/girls-twice-more-likely-to-be-depressed-due-to-social-media-use/story-WoncaqdK4zzuketrFlN7iN.html,"01/07/2019, 08:00 AM, +0000 UTC",EXCLUDE,,,0.0,non-ABCD cohort,Hindustan Times article from January 2019 on girls and social media depression is part of the same UK study news cycle as A0412/A0413. Not ABCD. Provisional paper 8 (Nagata 2025) predated by 6 years. No L1-L4 criteria met.,8,
A0415,SMH.com.au,We can combat the use of envy by social media,https://www.smh.com.au/education/we-can-combat-the-use-of-envy-by-social-media-20190723-p529tm.html,"09/15/2019, 07:00 AM, +0000 UTC",EXCLUDE,,,0.0,out-of-corpus topic,"SMH.com.au opinion piece from September 2019 on combating envy on social media. Generic commentary, no specific ABCD paper paraphrased. Provisional paper 8 (Nagata 2025) predated by 6 years. No L1-L4 criteria met.",8,
A0416,Brain and Behavior Research,"A Link Between More Screen Time in Childhood and Depression in Early Adolescence Is Related to Less Sleep and White Matter Changes, Study Finds",https://bbrfoundation.org/content/link-between-more-screen-time-childhood-and-depression-early-adolescence-related-less-sleep,"08/28/2025, 07:00 AM, +0000 UTC",INCLUDE,13,L3,0.95,,"BBRF Foundation article (August 2025) titled 'A Link Between More Screen Time in Childhood and Depression in Early Adolescence Is Related to Less Sleep and White Matter Changes, Study Finds' directly paraphrases the title and core finding of paper 13 (Lima Santos 2025, JAMA Pediatrics: 'Role of Sleep and White Matter in the Link Between Screen Time and Depression in Childhood and Early Adolescence'). Three unique-convergent markers present: screen time IV, childhood-to-adolescence trajectory, sleep + white matter mediation — uniquely matching paper 13. BBRF covers neuropsychiatric research funding; Lima Santos is at U Pittsburgh (BBRF-funded institution). L3 satisfied.","13,521",
A0417,Brain and Behavior Research,Study Finds “Small But Significant” Impact of Electronic Media Use on Mental Health in Children,https://bbrfoundation.org/content/study-finds-small-significant-impact-electronic-media-use-mental-health-children,"02/27/2020, 08:00 AM, +0000 UTC",INCLUDE,55,L3,0.87,,"BBRF Foundation article (February 2020) titled 'Study Finds Small But Significant Impact of Electronic Media Use on Mental Health in Children' matches paper 55 (Fors & Barch 2019, Child Psychiatry & Human Development: 'Differential Relationships of Child Anxiety and Depression to Child Report and Parent Report of Electronic Media Use'). Published February 2020, consistent with 2019 publication year. Key markers: electronic media use in children, mental health outcomes (anxiety/depression), 'small but significant' quantitative framing typical of the small beta estimates in Fors & Barch. L3 satisfied.",55,
A0418,EMJ,Screen Time in Childhood Linked to Teen Depression,https://www.emjreviews.com/general-healthcare/news/screen-time-in-childhood-linked-to-teen-depression/,"07/06/2025, 07:00 AM, +0000 UTC",INCLUDE,13,L3,0.88,,"EMJ (European Medical Journal) news item (July 2025) titled 'Screen Time in Childhood Linked to Teen Depression' paraphrases the core finding of paper 13 (Lima Santos 2025, JAMA Pediatrics: screen time in childhood predicts depressive symptoms in early adolescence via sleep and white matter). Published July 2025, contemporaneous with JAMA Pediatrics publication. The 'childhood linked to teen depression' framing uniquely maps to paper 13's longitudinal design (ages 9-10 to 11-13). Provisional ID 84 (Shou 2026 Acta Psychologica) is about cognitive function, not depression — less likely. Primary match: paper 13.","13,84",
A0419,EMJ,How Social Media Shapes Children’s Attention Over Time,https://www.emjreviews.com/general-healthcare/news/how-social-media-shapes-childrens-attention-over-time/,"12/14/2025, 08:00 AM, +0000 UTC",INCLUDE,435,L3,0.85,,"EMJ news item (December 2025) titled 'How Social Media Shapes Children's Attention Over Time' paraphrases the longitudinal finding of paper 435 (Nivins 2025, Pediatrics Open Science: 'Digital Media, Genetics, and Risk for ADHD Symptoms in Children: A Longitudinal Study'). Key markers: social media as IV, attention/ADHD as DV, longitudinal design in children. Provisional IDs 435 and 436 are the same paper (DOI variants). Published December 2025, consistent with 2025 publication. L3 satisfied.","435,436",
A0420,Motherly,How screen time affects sleep—and why it matters for your child’s mental health,https://www.mother.ly/parenting/how-screens-affect-child-sleep-and-mood/,"07/04/2025, 07:00 AM, +0000 UTC",INCLUDE,13,L3,0.72,,"Motherly parenting article (July 2025) titled 'How screen time affects sleep—and why it matters for your child's mental health' discusses screen time → sleep → mental health pathway, which is the central mediation finding of paper 13 (Lima Santos 2025, JAMA Pediatrics: screen time → sleep + white matter → depression). Published July 2025, contemporaneous with that paper. However, this is a parenting magazine and may be a generic aggregator piece; no summary text to confirm specific ABCD/Lima Santos citation. Confidence below 0.9, flagged for human review.",13,
A0421,Advanced Science News,New study reveals surprising impact of screen time on the developing brain,https://www.advancedsciencenews.com/new-study-reveals-surprising-impact-of-screen-time-on-the-developing-brain/,"01/25/2024, 08:00 AM, +0000 UTC",INCLUDE,18,L4,0.95,,"Advanced Science News article (January 2024) titled 'New study reveals surprising impact of screen time on the developing brain' corresponds directly to paper 18 (Li 2024, Advanced Science: 'Causal Relationships Between Screen Use, Reading, and Brain Development in Early Adolescents'). 'Advanced Science News' is the news outlet associated with the Wiley journal Advanced Science; the article published in January 2024 is contemporaneous with paper 18's 2024 publication. Institution (Zhejiang University, China) + topic (screen use/brain development) + ABCD Study configuration uniquely matches paper 18. L4 satisfied; also consistent with L3 (surprising/causal brain development finding).",18,
A0422,Cureus,"Sleep Duration, Quality, and Factors Affecting Sleep Health Among Young People in the California Bay Area: A Cross-Sectional Study",https://www.cureus.com/articles/432746-sleep-duration-quality-and-factors-affecting-sleep-health-among-young-people-in-the-california-bay-area-a-cross-sectional-study,"12/03/2025, 08:00 AM, +0000 UTC",EXCLUDE,,,0.0,non-ABCD cohort,"Cureus original research article (December 2025) on sleep health among California Bay Area youth is a separate study (not ABCD cohort) that likely cites corpus papers in its bibliography. As a distinct cohort study, it does not constitute news coverage of any specific ABCD corpus paper. No L1-L4 criteria met for linkage as a coverage article.","139,157,18,215,393,394,57",
A0423,Cureus,"The Impact of Screen Time on the Health of the Pediatric Population: Short- and Long-Term Consequences for Lifestyle, Ophthalmology, and Mental Health",https://www.cureus.com/articles/434434-the-impact-of-screen-time-on-the-health-of-the-pediatric-population-short--and-long-term-consequences-for-lifestyle-ophthalmology-and-mental-health,"11/16/2025, 08:00 AM, +0000 UTC",EXCLUDE,,,0.0,"general ABCD coverage, no specific paper from corpus","Cureus review article (November 2025) on screen time and pediatric health is a broad literature review that may cite multiple corpus papers (provisional IDs: 381, 420, 443, 57, 84). However, as a review paper rather than a news coverage article, and with no summary text available to confirm specific L3/L4 paraphrase of any single corpus paper's finding, no individual corpus paper can be confirmed as covered. Without content access, the generic title and review format do not satisfy any specific L1-L4 criterion with adequate confidence.","381,420,443,57,84",
A0424,Cureus,"Association Between Screen Time, Dietary Patterns, and Oral Health Among Children: A Cross-Sectional Study",https://www.cureus.com/articles/349191-association-between-screen-time-dietary-patterns-and-oral-health-among-children-a-cross-sectional-study,"03/28/2025, 07:00 AM, +0000 UTC",EXCLUDE,,,0.0,out-of-corpus topic,"Cureus original research article (March 2025) on screen time, dietary patterns, and oral health among children studies oral health outcomes, which is outside the ABCD corpus topic scope (corpus covers cognitive, mental health, substance use, sleep, and weight outcomes). Provisional paper 84 (Shou 2026 Acta Psychologica, screen time and cognitive/putamen) is about cognitive function, not oral health. No L1-L4 criteria met.",84,
A0425,Cureus,The Association Between Screen Time Exposure and Autism Spectrum Disorder-Like Symptoms in Children,https://www.cureus.com/articles/73980-the-association-between-screen-time-exposure-and-autism-spectrum-disorder-like-symptoms-in-children,"10/14/2021, 07:00 AM, +0000 UTC",EXCLUDE,,,0.95,"out-of-corpus topic: screen time and ASD-like symptoms, no ABCD cohort or corpus paper link","Cureus article about screen time exposure and autism spectrum disorder-like symptoms in children. Provisional paper 84 (Shou 2026, screen time + cognitive function/putamen) is unrelated in topic. No mention of ABCD study, no link to any corpus paper via L1-L4.",84,
A0426,Cureus,Screen Time Among Medical and Nursing Students and Its Correlation With Sleep Quality and Attention Span: A Cross-Sectional Study,https://www.cureus.com/articles/242036-screen-time-among-medical-and-nursing-students-and-its-correlation-with-sleep-quality-and-attention-span-a-cross-sectional-study,"04/15/2024, 07:00 AM, +0000 UTC",EXCLUDE,,,0.97,"non-ABCD cohort: study of medical and nursing students (adults), unrelated to any corpus paper",Cureus article on screen time and sleep quality/attention span in medical and nursing students. Provisional paper 84 is unrelated. Wrong population (adult students vs. child/adolescent ABCD cohort). No L1-L4 linkage possible.,84,
A0427,Cureus,"Digital Detox Strategies and Mental Health: A Comprehensive Scoping Review of Why, Where, and How",https://www.cureus.com/articles/336341-digital-detox-strategies-and-mental-health-a-comprehensive-scoping-review-of-why-where-and-how,"02/01/2025, 08:00 AM, +0000 UTC",EXCLUDE,,,0.95,"out-of-corpus topic: scoping review of digital detox strategies and mental health, not covering any corpus paper","Cureus scoping review on digital detox interventions and mental health. Provisional paper 85 (Doran 2025, mobile phone/SM and substance use in ABCD) is not plausibly covered by a digital-detox scoping review. No ABCD-specific or corpus-paper-specific content indicated.",85,
A0428,Cureus,Cannabis Expectancies as a Mediator in the Relationship Between Cannabis Use and Psychiatric Symptoms in Women With Post-traumatic Stress Disorder (PTSD) Symptoms,https://www.cureus.com/articles/442695-cannabis-expectancies-as-a-mediator-in-the-relationship-between-cannabis-use-and-psychiatric-symptoms-in-women-with-post-traumatic-stress-disorder-ptsd-symptoms,"05/06/2026, 02:04 AM, +0000 UTC",EXCLUDE,,,0.97,"non-ABCD cohort and wrong topic: cannabis expectancies mediating cannabis use and PTSD in women, not social media use in adolescents","Cureus article about cannabis expectancies as mediator between cannabis use and psychiatric symptoms in women with PTSD. Provisional paper 107 (Nagata 2025, social media -> cannabis expectancies -> cannabis experimentation in ABCD adolescents) is entirely unrelated. Different population (adult women with PTSD vs. early adolescents), different direction (cannabis -> symptoms vs. SM -> cannabis).",107,
A0429,Cureus,Game Faces: How Digital Play Affects the Psychological Landscape of Youth,https://www.cureus.com/articles/298611-game-faces-how-digital-play-affects-the-psychological-landscape-of-youth,"01/15/2025, 08:00 AM, +0000 UTC",EXCLUDE,,,0.88,"out-of-corpus topic: focused on digital gaming and youth psychology, not covering any corpus paper","Cureus narrative piece titled 'Game Faces: How Digital Play Affects the Psychological Landscape of Youth' focuses on gaming psychology. Provisional paper 124 (Robertson 2022 JAD, screen time and internalizing disorders in ABCD 9-10 year olds) could theoretically be cited in a broad review, but the article's framing around gaming does not uniquely map to Robertson 2022 via L3/L4. No ABCD-specific markers in title or available content.",124,
A0430,Cureus,The Effects of Social Networks and Digital Technology on Non-suicidal Self-Injury in Children and Adolescents: A Systematic Review,https://www.cureus.com/articles/450969-the-effects-of-social-networks-and-digital-technology-on-non-suicidal-self-injury-in-children-and-adolescents-a-systematic-review,"01/07/2026, 08:00 AM, +0000 UTC",EXCLUDE,,,0.82,"out-of-corpus topic: systematic review on social networks/digital tech and NSSI, no ABCD-specific corpus paper link confirmed","Cureus systematic review on effects of social networks and digital technology on non-suicidal self-injury (NSSI) in children and adolescents. Provisional paper 124 (Robertson 2022 JAD, screen time and internalizing disorder diagnoses in ABCD) does not study NSSI. The review could broadly cite Robertson 2022 but NSSI is outside the corpus topic scope and no L3/L4 match is confirmable from available metadata.",124,
A0431,Cureus,Effects of the COVID-19 Pandemic on Orthodontic Practices in Europe: Findings From a Survey by the European Federation of Orthodontics,https://www.cureus.com/articles/466434-effects-of-the-covid-19-pandemic-on-orthodontic-practices-in-europe-findings-from-a-survey-by-the-european-federation-of-orthodontics,"03/05/2026, 08:00 AM, +0000 UTC",EXCLUDE,,,0.99,"irrelevant: European orthodontic practices during COVID-19, no connection to any corpus paper","Cureus article about COVID-19 effects on orthodontic practices in Europe via survey by European Federation of Orthodontics. Provisional paper 177 (Kiss 2023 Health Psychology, COVID-19 effects on screen time and sleep in ABCD adolescents) is entirely unrelated to orthodontics. No L1-L4 linkage possible.",177,
A0432,Cureus,National Trends and Impact of the COVID-19 Pandemic on Trauma Patient Care in the United States,https://www.cureus.com/articles/412549-national-trends-and-impact-of-the-covid-19-pandemic-on-trauma-patient-care-in-the-united-states,"11/24/2025, 08:00 AM, +0000 UTC",EXCLUDE,,,0.99,"irrelevant: national trends in trauma patient care during COVID-19, no connection to any corpus paper","Cureus article about COVID-19 impact on trauma patient care in the US. Provisional paper 177 (Kiss 2023 Health Psychology, screen time and sleep during pandemic in ABCD) is entirely unrelated to trauma patient care. No L1-L4 linkage.",177,
A0433,Cureus,Prevalence of Suicide Among Adolescents Before and After the COVID-19 Pandemic,https://www.cureus.com/articles/430909-prevalence-of-suicide-among-adolescents-before-and-after-the-covid-19-pandemic,"11/18/2025, 08:00 AM, +0000 UTC",EXCLUDE,,,0.85,"out-of-corpus topic: prevalence of adolescent suicide pre/post-COVID pandemic, no ABCD screen time/SM corpus paper link confirmed","Cureus article on adolescent suicide prevalence before and after COVID-19. Provisional paper 177 (Kiss 2023 Health Psychology, COVID + screen time + sleep in ABCD) does not study suicide prevalence. Corpus paper 3 (Xiao 2025 JAMA, addictive screen use and suicidal behaviors) is potentially thematically adjacent, but a COVID-era suicide epidemiology study would not uniquely map to Xiao 2025 via L3/L4. No confirmable ABCD or corpus-paper-specific link.",177,
A0434,Cureus,Impact of the COVID-19 Pandemic on Patient Flow in the Nuclear Medicine Department of a COVID-19 Reference Hospital in Greece,https://www.cureus.com/articles/402675-impact-of-the-covid-19-pandemic-on-patient-flow-in-the-nuclear-medicine-department-of-a-covid-19-reference-hospital-in-greece,"09/29/2025, 07:00 AM, +0000 UTC",EXCLUDE,,,0.99,"irrelevant: COVID-19 impact on nuclear medicine patient flow in Greece, no connection to any corpus paper",Cureus article about patient flow changes in nuclear medicine during COVID-19 at a Greek hospital. No overlap with any corpus paper topic (smartphone/SM use and child/adolescent outcomes). Provisional paper 177 is completely unrelated.,177,
A0435,Cureus,Impact of the COVID-19 Pandemic on Children’s Physical Activity As Perceived by Their Parents,https://www.cureus.com/articles/344638-impact-of-the-covid-19-pandemic-on-childrens-physical-activity-as-perceived-by-their-parents,"03/17/2025, 07:00 AM, +0000 UTC",EXCLUDE,,,0.92,"out-of-corpus topic: children's physical activity during COVID-19 as perceived by parents, no corpus paper link","Cureus article about COVID-19 effects on children's physical activity (parent-perceived). Provisional paper 177 (Kiss 2023 Health Psychology, screen time + sleep + COVID in ABCD) is not about physical activity. No L1-L4 linkage to any corpus paper.",177,
A0436,Cureus,The Effects of COVID-19 on the Mental Health of Children and Adolescents: A Review,https://www.cureus.com/articles/207363-the-effects-of-covid-19-on-the-mental-health-of-children-and-adolescents-a-review,"03/20/2024, 07:00 AM, +0000 UTC",EXCLUDE,,,0.78,generic review; no confirmable ABCD screen time/SM corpus paper link from available metadata,"Cureus review on COVID-19 effects on mental health in children and adolescents. Provisional paper 177 (Kiss 2023, COVID + screen time + sleep in ABCD). A broad COVID mental health review could in principle cite Kiss 2023, but no title/summary indicators confirm ABCD-specific content or screen time focus meeting L3/L4. Cannot confirm linkage without article body.",177,
A0437,Cureus,"Psychological Impact of COVID-19 on Children and Adolescents: A Narrative Review of Mental Health Challenges, Interventions, and Long-Term Trajectories",https://www.cureus.com/articles/348072-psychological-impact-of-covid-19-on-children-and-adolescents-a-narrative-review-of-mental-health-challenges-interventions-and-long-term-trajectories,"04/07/2025, 07:00 AM, +0000 UTC",EXCLUDE,,,0.78,generic narrative review; no confirmable ABCD screen time/SM corpus paper link from available metadata,"Cureus narrative review on psychological impact of COVID-19 on children and adolescents with long-term trajectories focus. Provisional paper 177 (Kiss 2023, COVID + screen time + sleep in ABCD). Broad review could cite Kiss 2023 but no specific markers in title confirm screen-time or ABCD content meeting L3/L4. Excluded pending body-text verification.",177,
A0438,Cureus,"Effect of the Use of Electronic Media on the Cognitive Intelligence, Attention, and Academic Trajectory of Medical Students",https://www.cureus.com/articles/335610-effect-of-the-use-of-electronic-media-on-the-cognitive-intelligence-attention-and-academic-trajectory-of-medical-students,"02/23/2025, 08:00 AM, +0000 UTC",EXCLUDE,,,0.95,"non-ABCD cohort: study of medical students (adults), not early adolescents; provisional paper 190 not linked","Cureus article on electronic media effects on cognitive intelligence and academic performance in medical students. Provisional paper 190 (Sauce 2022 Scientific Reports, digital media and children's intelligence controlling for genetics/SES in ABCD) is about children, not medical students. Wrong population; no L1-L4 linkage.",190,
A0439,Cureus,Modern Day High: The Neurocognitive Impact of Social Media Usage,https://www.cureus.com/articles/380494-modern-day-high-the-neurocognitive-impact-of-social-media-usage,"07/08/2025, 07:00 AM, +0000 UTC",EXCLUDE,,,0.72,generic review; no confirmable ABCD-specific or corpus-paper-specific link from available metadata,"Cureus article 'Modern Day High: The Neurocognitive Impact of Social Media Usage' — a general review of social media and neurocognition. Provisional paper 192 (Nivins 2024 Scientific Reports, long-term digital media impact on brain development in ABCD) could be cited in such a review, but no title/summary indicators confirm ABCD-specific content or Nivins 2024-specific findings meeting L3/L4. Excluded pending body-text verification.",192,
A0440,Cureus,The Association Between Smartphone Overuse and Cognitive Impairment Among Adults in the United Arab Emirates: A Cross-Sectional Study,https://www.cureus.com/articles/440615-the-association-between-smartphone-overuse-and-cognitive-impairment-among-adults-in-the-united-arab-emirates-a-cross-sectional-study,"12/23/2025, 08:00 AM, +0000 UTC",EXCLUDE,,,0.96,"non-ABCD cohort: adults in UAE, screen time and cognitive impairment; no corpus paper link","Cureus cross-sectional study of smartphone overuse and cognitive impairment in adults in the United Arab Emirates. Provisional paper 381 (Zhang 2026 JCAP, screen time and irritability in ABCD preadolescents) is entirely unrelated. Wrong population (adults vs. children), wrong country, wrong cohort.",381,
A0441,Cureus,Impact of Elevated Screen Time on School-Age Adolescents During the COVID-19 Pandemic: An Analytical Study,https://www.cureus.com/articles/259146-impact-of-elevated-screen-time-on-school-age-adolescents-during-the-covid-19-pandemic-an-analytical-study,"07/16/2024, 07:00 AM, +0000 UTC",EXCLUDE,,,0.78,generic study; no confirmable ABCD or corpus-paper-specific link from available metadata,"Cureus analytical study on elevated screen time effects in school-age adolescents during COVID-19 pandemic. Provisional paper 420 (Paulich 2021 PLOS ONE, screen time and mental/academic/social outcomes in ABCD). This study could cite Paulich 2021 but without ABCD-specific or paper 420-specific markers in the title/content, L3/L4 linkage cannot be confirmed. Excluded pending body-text verification.",420,
A0442,Cureus,Exploring Screen Time and Its Effects on Children’s Mental Health: A Cross-Sectional Study,https://www.cureus.com/articles/298931-exploring-screen-time-and-its-effects-on-childrens-mental-health-a-cross-sectional-study,"10/10/2024, 07:00 AM, +0000 UTC",EXCLUDE,,,0.78,generic cross-sectional study; no confirmable ABCD or corpus-paper-specific link from available metadata,"Cureus cross-sectional study exploring screen time effects on children's mental health. Provisional paper 420 (Paulich 2021 PLOS ONE, ABCD screen time and mental/academic/social outcomes). Generic title without ABCD markers; linkage to paper 420 not confirmable without body text. Excluded pending body-text verification.",420,
A0443,Bioengineer.org,Study Finds Early Adolescent Addictive Digital Habits Tied to Mental Health Challenges,https://bioengineer.org/study-finds-early-adolescent-addictive-digital-habits-tied-to-mental-health-challenges/,"02/12/2026, 08:00 AM, +0000 UTC",INCLUDE,86,L3,0.82,,"Bioengineer.org news item (02/12/2026) titled 'Study Finds Early Adolescent Addictive Digital Habits Tied to Mental Health Challenges' — the framing of 'early adolescent addictive digital habits' (MPIQ + SMAQ = problematic/addictive mobile phone and social media use) tied to 'mental health challenges' (depressive problems, sleep, substance use) uniquely maps to paper 86 (Nagata 2026 AJPM, 'Prospective Associations Between Early Adolescent Problematic Screen Use, Mental Health, Sleep, and Substance Use'). Publication date (Feb 2026) aligns with paper 86's 2026 publication. Provisional IDs also include 18, 521, 95 but the addictive habits + mental health framing most specifically matches 86. L3 match: exposure modality (addictive/problematic digital use), outcome direction (tied to mental health challenges), population (early adolescents).","18,521,86,95",
A0444,https://e3.eurekalert.org › specialtopic › biology,Biology,https://e3.eurekalert.org/specialtopic/biology/home?page=214,,EXCLUDE,,,0.55,"insufficient content: EurekAlert topic-page aggregator, no article-level L1-L4 linkage confirmable","URL is a paginated EurekAlert topic index page (biology, page 214), not an individual article. Summary fragment mentions 'Shi at Hainan Normal University in China' which could reference paper 35 (Shi 2025 Obesity, social media and binge eating at Johns Hopkins) but Shi 2025 is affiliated with Johns Hopkins, not Hainan Normal University — likely a different 'Shi' author. No individual article linkable to a corpus paper. Excluded as non-article aggregator index page with no confirmable corpus link.",35,"... Shi at Hainan Normal University in China and colleagues warn in a ... Follow EurekAlert! on social media for daily trending science news, images, videos, & more."
A0445,University of Mississippi | Ole Miss,Efforts to Reduce TikTok Screen Time Often Increase Usage,https://olemiss.edu/news/2025/05/tiktok-detox-paradox/index.html,"05/19/2025, 07:00 AM, +0000 UTC",EXCLUDE,,,0.9,"out-of-corpus topic: about efforts to reduce TikTok usage and paradoxical increase, not about manic symptoms or any corpus paper","Ole Miss news article 'Efforts to Reduce TikTok Screen Time Often Increase Usage' reports a study on TikTok screen-time reduction paradox. Provisional paper 49 (Nagata 2025, screen time and manic symptoms in early adolescents from ABCD) is about manic symptoms, not TikTok detox behavior. This is a University of Mississippi study on a different topic (screen time reduction attempts), not an ABCD paper.",49,
A0446,HealthDay,Screen Time Tied to Manic Symptoms in Preteens,https://www.healthday.com/healthpro-news/child-health/screen-time-tied-to-manic-symptoms-in-preteens,"02/24/2025, 08:00 AM, +0000 UTC",INCLUDE,49,L3,0.92,,"HealthDay article (02/24/2025) titled 'Screen Time Tied to Manic Symptoms in Preteens' directly paraphrases the finding of paper 49 (Nagata 2025 Social Psychiatry and Psychiatric Epidemiology, 'Screen time and manic symptoms in early adolescents: prospective findings from the Adolescent Brain Cognitive Development Study'). L3 match: exposure (screen time), outcome (manic symptoms), population (preteens = early adolescents, ages 9-14), effect direction (tied = positive association). HealthDay publication date (Feb 24, 2025) aligns with paper 49's 2025 publication. The unique combination of screen time + manic symptoms + preteen population maps exclusively to paper 49 in the corpus.",49,
A0447,HealthDay,Just One Hour of Daily Screen Time Can Increase Your Child’s Risk of Nearsightedness,https://www.healthday.com/healthday-tv/eye-care/just-one-hour-of-daily-screen-time-can-increase-your-childs-risk-of-nearsightedness,"02/21/2025, 08:00 AM, +0000 UTC",EXCLUDE,,,0.96,"out-of-corpus topic: screen time and nearsightedness/myopia risk in children, not covered by any corpus paper","HealthDay article about one hour of daily screen time increasing children's nearsightedness risk. Provisional paper 84 (Shou 2026 Acta Psychologica, screen time and cognitive function via putamen volume) is unrelated to myopia/nearsightedness. Nearsightedness is outside the corpus scope (smartphone/SM use and psychological/behavioral/cognitive/neural outcomes). Excluded.",84,
A0448,HealthDay,"Screen Time Has Effect on Presentation, Treatment of Nocturnal Enuresis",https://www.healthday.com/healthpro-news/child-health/screen-time-has-effect-on-presentation-treatment-of-nocturnal-enuresis-2659687761.html,"03/30/2023, 07:00 AM, +0000 UTC",EXCLUDE,,,0.97,"out-of-corpus topic: screen time and nocturnal enuresis (bedwetting), not covered by any corpus paper","HealthDay article about screen time effects on nocturnal enuresis presentation and treatment. Provisional paper 84 (Shou 2026 Acta Psychologica, screen time + cognitive function) is unrelated to enuresis. Nocturnal enuresis is entirely outside the corpus scope. Excluded.",84,
A0449,healthday.com,Growing Up Poor May Rewire a Child's Brain: Study,https://www.healthday.com/health-news/public-health/child-development-2661926333.html,"Jun 28, 2023",EXCLUDE,,,0.95,"general ABCD coverage of out-of-corpus topic: poverty and brain development, no smartphone/SM corpus paper link","HealthDay article 'Growing Up Poor May Rewire a Child's Brain: Study' — summary confirms ABCD study involvement ('Washington University is one of 21 study sites') but the topic is socioeconomic deprivation and brain development, not smartphone or social media use. No provisional paper IDs assigned. This is ABCD coverage of an out-of-corpus topic.",,"... Adolescent Brain Cognitive Development (ABCD) study, of which Washington University is one of 21 study sites. The ABCD study is following nearly 12,000 ..."
A0450,healthday.com,Too Little Sleep May Harm Young Kids' Brains,https://www.healthday.com/health-news/child-health/b-8-3-too-little-sleep-may-harm-young-kids-brains-2657771550.html,"Aug 3, 2022",EXCLUDE,,,0.0,ABCD coverage of out-of-corpus topic,Healthday article about sleep duration and brain outcomes in ABCD youth (Aug 2022). Summary references MRI scans and surveys but no mention of screen time or social media as IV. No candidate paper in the corpus studies sleep deprivation -> brain harms as the primary exposure-outcome pair; corpus papers use phone/SM as IV. Topic does not match any of the 69 included papers.,,"... Adolescent Brain Cognitive Development (ABCD) study. The investigators looked at MRI scans, medical records, and surveys the kids and their parents filled ..."
A0451,healthday.com,"As Kids' Obesity Rises, Brain Health Declines: Study",https://www.healthday.com/health-news/child-health/obesity-in-kids-2658728790.html,"Nov 29, 2022",EXCLUDE,,,0.0,ABCD coverage of out-of-corpus topic,"Healthday article (Nov 2022) about obesity -> brain health decline in ABCD. None of the 69 candidate papers study obesity as IV predicting brain outcomes. Papers that include BMI/obesity (302, 215, 400) treat it as a DV, not IV. No L1-L4 match.",,"... Adolescent Brain Cognitive Development (ABCD) study. Of these, 21% were overweight and 17.6% were obese. What did they find? There were structural and ..."
A0452,healthday.com,Too Much Time Online Might Raise Kids' Odds for Mental ...,https://www.healthday.com/health-news/public-health/kids-and-social-media-2659636501.html,"Mar 29, 2023",EXCLUDE,,,0.0,"general ABCD coverage, no specific paper from corpus","Healthday article (Mar 2023) with generic summary: 'brain scans, psychological evaluations and behavior tracking.' Title 'Too Much Time Online Might Raise Kids' Odds for Mental...' is too vague to satisfy L3 (no specific finding, sample size, effect direction, or effect magnitude). No author, journal, or institution named. Cannot confirm linkage to any specific corpus paper.",,"... Adolescent Brain Cognitive Development (ABCD) study. The data included brain scans, psychological evaluations and behavior tracking on these kids starting ..."
A0453,healthday.com,One Key to Good Sleep for Teens: No Social Media at ...,https://www.healthday.com/health-news/public-health/how-much-sleep-do-teens-need-2660614458.html,"May 30, 2023",INCLUDE,157,L4,0.75,,"Healthday article (May 30, 2023) titled 'One Key to Good Sleep for Teens: No Social Media at...' — bedtime social media use -> sleep outcomes in ABCD adolescents. The ABCD Study + bedtime social media/screen use + sleep outcomes configuration uniquely matches paper 157 (Nagata 2023, Sleep Health, 'Bedtime screen use behaviors and sleep outcomes: Findings from the ABCD Study'). Published May 2023 is consistent with the 2023 paper. UCSF-led (Nagata) + ABCD + bedtime SM + sleep is a distinctive L4 configuration. Confidence 0.75 because full article text not available but title-summary alignment is strong.",,... Adolescent Brain Cognitive Development Study. Kids and parents answered questions about sleep habits. Youth also provided information about their screen and ...
A0454,healthday.com,Adequate Sleep Linked to Reduced Risk for Hypertension ...,https://www.healthday.com/healthpro-news/cardiovascular-diseases/adequate-sleep-linked-to-reduced-risk-for-hypertension-in-teens,"Nov 15, 2024",EXCLUDE,,,0.0,ABCD coverage of out-of-corpus topic,Healthday article (Nov 2024) about adequate sleep -> reduced hypertension risk in ABCD adolescents. No candidate paper in the corpus addresses screen time/SM use and hypertension or blood pressure. Out-of-corpus topic.,,... Adolescent Brain Cognitive Development study to examine the specific interaction between noise and sleep health in causing hypertension. The cohort included ...
A0455,healthday.com,Kids Consume More Mature Media When Parents Overuse ...,https://www.healthday.com/health-news/child-health/kids-consume-more-mature-media-when-parents-overuse-screens,"Feb 5, 2025",INCLUDE,184,L3,0.85,,"Healthday article (Feb 5, 2025) titled 'Kids Consume More Mature Media When Parents Overuse Screens.' Studies data from 10,000+ 12-13-year-olds in ABCD. The finding — parental media overuse/practices predicting children's media content consumption — maps to paper 184 (Nagata 2025, Pediatric Research, 'Associations between media parenting practices and early adolescent screen use'). The distinctive paraphrase of media parenting behaviors -> child screen use (including SMAQ/MPIQ outcomes) with large ABCD sample (n~10,000) uniquely satisfies L3. Published Feb 2025 aligns with paper 184 (2025).",,"The study analyzed data from more than 10,000 12- and 13-year-olds who were part of the Adolescent Brain Cognitive Development (ABCD) Study. “We wanted to ..."
A0456,healthday.com,Video Games May Bring Cognitive Benefits to Kids: Study,https://www.healthday.com/health-news/child-health/video-games-2658484987.html,"Oct 24, 2022",EXCLUDE,,,0.0,ABCD coverage of out-of-corpus topic,"Healthday article (Oct 2022) about video games -> cognitive benefits in ABCD. Topic is video gaming, not phone/SM-specific variables required by the corpus. No corpus paper treats video games alone (without phone/SM) as the qualifying variable. Out-of-corpus topic.",,The ABCD study is following kids to young adulthood. Chaarani said that will allow researchers to see whether video gaming actually precedes any ...
A0457,healthday.com,Stress Might Mean Worse Sleep for Many Gay & Lesbian ...,https://www.healthday.com/health-news/sexual-health/lgbt-2659659345.html,"Mar 28, 2023",EXCLUDE,,,0.0,ABCD coverage of out-of-corpus topic,"Healthday article (Mar 2023) about minority stress -> worse sleep in LGBTQ+ ABCD youth (Nagata team, n>8,500, ages 10-14). LGBTQ+ sleep is not the topic of any of the 69 candidate papers. Out-of-corpus topic.",,"For the study, Nagata's team used data from 2018 to 2020 on more than 8,500 chlidren aged 10 to 14 who were part of the Adolescent Brain Cognitive Development ..."
A0458,healthday.com,Lesbian & Gay Teens Have Twice the Odds for Binge ...,https://www.healthday.com/health-news/mental-health/binge-eating-disorder-2666013373.html,"Oct 19, 2023",EXCLUDE,,,0.0,ABCD coverage of out-of-corpus topic,"Healthday article (Oct 2023) about sexual minority status -> binge eating odds in ABCD adolescents (n>10,000, ages 10-14). The corpus papers on binge eating (paper 24, 35) use screen time/social media as IV, not sexual minority status. Out-of-corpus topic.",,"The researchers analyzed data from more than 10,000 adolescents aged 10 to 14 years old who were part of the Adolescent Brain Cognitive Development Study ..."
A0459,Movieguide,Adolescence Screen Time Spikes Risk of This Mental Health Disorder,https://www.movieguide.org/news-articles/adolescence-screen-time-spikes-risk-of-bipolar-disorder.html,"02/24/2025, 08:00 AM, +0000 UTC",INCLUDE,49,L3,0.8,,"Movieguide article (Feb 24, 2025) titled 'Adolescence Screen Time Spikes Risk of This Mental Health Disorder.' Provisional paper 49 (Nagata 2025, Social Psychiatry and Psychiatric Epidemiology, 'Screen time and manic symptoms in early adolescents'). The article title specifically identifies screen time -> a mental health disorder spike, and the 2025 publication date aligns with paper 49. The manic/bipolar disorder framing ('spikes risk of this mental health disorder') with screen time IV is a distinctive combination matching paper 49. Confidence 0.80 without full text.",49,
A0460,Movieguide,This New Study Gives Yet Another Reason to Keep Your Kids From Screens,https://www.movieguide.org/news-articles/this-new-study-gives-yet-another-reason-to-keep-your-kids-from-screens.html,"03/10/2025, 07:00 AM, +0000 UTC",EXCLUDE,,,0.0,insufficient evidence for L1-L4,"Movieguide article (Mar 10, 2025) with entirely generic title 'This New Study Gives Yet Another Reason to Keep Your Kids From Screens.' No summary text available. Provisional paper 49 was used but this title/absence of content cannot satisfy L3 or L4 without specific findings, author, journal, sample size, or institution. Excluded pending full-text review.",49,
A0461,PNAS,Adolescent civic engagement: Lessons from Black Lives Matter,https://www.pnas.org/doi/10.1073/pnas.2109860118,"10/04/2021, 07:00 AM, +0000 UTC",EXCLUDE,,,0.0,ABCD coverage of out-of-corpus topic,"PNAS article (Oct 2021) titled 'Adolescent civic engagement: Lessons from Black Lives Matter.' Provisional paper 55 (Fors & Barch 2019, screen time and anxiety) has no relationship to civic engagement or BLM. This is a different PNAS paper on a completely different topic — civic engagement, not screen time or social media. Out-of-corpus topic.",55,
A0462,PNAS,Higher chronic absenteeism threatens academic recovery from the COVID-19 pandemic,https://www.pnas.org/doi/10.1073/pnas.2312249121,"01/09/2024, 07:18 PM, +0000 UTC",EXCLUDE,,,0.0,ABCD coverage of out-of-corpus topic,"PNAS article (Jan 2024) titled 'Higher chronic absenteeism threatens academic recovery from the COVID-19 pandemic.' Provisional paper 177 (Kiss 2023, Health Psychology, COVID-19 screen time + sleep) is unrelated to school absenteeism. The article is about academic absenteeism post-COVID — not screen time or social media in the corpus. Out-of-corpus topic.",177,
A0463,PNAS,Cannabis and the adolescent brain,https://www.pnas.org/doi/10.1073/pnas.1920325116,"01/07/2020, 08:00 AM, +0000 UTC",EXCLUDE,,,0.0,ABCD coverage of out-of-corpus topic,"PNAS article (Jan 2020) titled 'Cannabis and the adolescent brain.' Provisional paper 381 (Zhang 2026, JCAP, screen time and irritability) is entirely unrelated. Cannabis and adolescent brain is a different ABCD topic not covered by any of the 69 corpus papers. Out-of-corpus topic.",381,
A0464,American Psychological Association (APA),APA Recommendations for Healthy Teen Video Viewing,https://www.apa.org/topics/social-media-internet/healthy-teen-video-viewing,"11/20/2024, 06:13 AM, +0000 UTC",EXCLUDE,,,0.0,"general ABCD coverage, no specific paper from corpus","APA webpage (Nov 2024) titled 'APA Recommendations for Healthy Teen Video Viewing.' This is an APA policy/guidance document, not a news article about a specific corpus paper. Provisional paper 57 (Lin 2020, JACP) is a network analysis paper; the APA page appears to be broader guidance on teen video viewing. No L1-L4 evidence linking this to a specific corpus paper without full text. Excluded as general guidance.",57,
A0465,ADDitude,"Research Links Screen Time to Emotional Dysregulation, OCD",https://www.additudemag.com/emotional-dysregulation-ocd-screen-time-adhd-study/,"12/20/2022, 08:00 AM, +0000 UTC",INCLUDE,133,L3,0.82,,"ADDitude article (Dec 20, 2022) titled 'Research Links Screen Time to Emotional Dysregulation, OCD.' Provisional papers 133, 160, 70. The OCD mention is highly specific and matches paper 133 (Nagata 2023, Journal of Adolescent Health, 'Screen Time and Obsessive-Compulsive Disorder Among Children 9-10 Years Old'). ADDitude is a specialty ADHD/mental health publication that covers OCD research. Dec 2022 timing is consistent with Nagata 2023 JAH (accepted/online late 2022). Emotional dysregulation + OCD + screen time is a configuration uniquely matching paper 133. Papers 160 (suicidal behaviors) and 70 (eating disorders) less likely given OCD specificity. Confidence 0.82 without full text.","133,160,70",
A0466,ADDitude,New Study Reports Association Between Heavy Media Use and ADHD Symptoms in Adolescents,https://www.additudemag.com/digital-media-adhd-symptoms-teens/,"07/19/2018, 07:00 AM, +0000 UTC",EXCLUDE,,,0.0,ABCD coverage of out-of-corpus topic,"ADDitude article (Jul 18, 2018) about heavy media use and ADHD symptoms. Provisional paper 84 (Shou 2026, Acta Psychologica) is a 2026 paper — this 2018 article cannot cover it. The 2018 article likely covers a non-ABCD or early ABCD study; the ABCD Study was only launched in 2015-2016 and baseline data were barely published by 2018. No corpus paper matches the 2018 date. Excluded — date mismatch and out-of-corpus topic.",84,
A0467,ADDitude,"New Studies Link Heavy Social Media, Screen Use to ADHD Symptoms",https://www.additudemag.com/social-media-use-adhd-children/,"03/19/2026, 07:00 AM, +0000 UTC",INCLUDE,"435,436",L3,0.85,,"ADDitude article (Mar 19, 2026) titled 'New Studies Link Heavy Social Media, Screen Use to ADHD Symptoms.' Provisional papers 435 and 436 are both Nivins 2025, Pediatrics Open Science, 'Digital Media, Genetics, and Risk for ADHD Symptoms in Children: A Longitudinal Study' (Karolinska Institute). The title 'New Studies Link Heavy Social Media, Screen Use to ADHD Symptoms' with plural 'studies' and March 2026 publication date aligns with these 2025 papers. L3: social media use predicting ADHD/inattention symptoms in longitudinal ABCD analysis (beta=0.03, p<.001 from paper 435) is a distinctive finding. Confidence 0.85.","435,436",
A0468,The Economic Times,Study reveals social media's growing influence on eating disorders among adolescents. Here is what parents,https://m.economictimes.com/magazines/panache/study-reveals-social-medias-growing-influence-on-eating-disorders-among-adolescents-here-is-what-parents-need-to-know/articleshow/117641253.cms,"01/28/2025, 08:00 AM, +0000 UTC",INCLUDE,70,L3,0.82,,"Economic Times article (Jan 28, 2025) titled 'Study reveals social media's growing influence on eating disorders among adolescents.' Provisional paper 70 (Chu 2024, Eating and Weight Disorders, 'Screen time, problematic screen use, and eating disorder symptoms among early adolescents: findings from the ABCD Study'). The finding of social media -> eating disorders in ABCD adolescents uniquely maps to paper 70, which reports ORs for social media use predicting fear of obesity and binge eating (Jan 2025 coverage aligns with 2024 publication). L3 satisfied: social media IV + eating disorder DV + ABCD cohort = distinctive paraphrase of paper 70.",70,
A0469,HMP Global Learning Network,"Higher Screen Time Tied to ADHD Symptoms, Altered Brain Structure in Children",https://www.hmpgloballearningnetwork.com/site/pcn/news/higher-screen-time-tied-adhd-symptoms-altered-brain-structure-children,"12/03/2025, 08:00 AM, +0000 UTC",INCLUDE,84,L3,0.82,,"HMP Global Learning Network article (Dec 3, 2025) titled 'Higher Screen Time Tied to ADHD Symptoms, Altered Brain Structure in Children.' Provisional paper 84 (Shou 2026, Acta Psychologica, 'The association between screen time and cognitive function in children: The partially mediating role of putamen volume'). The article title's 'altered brain structure' + ADHD symptoms + screen time + children combination maps to paper 84, which specifically examines putamen volume (brain structure) mediating screen time -> cognitive function. Published Nov-Dec 2025 aligns with a 2026 paper appearing online late 2025. L3: brain structure (putamen) as mediator between screen time and cognition in ABCD children is distinctive to paper 84.",84,
A0470,NR Times,Higher screen time linked to ADHD symptoms and altered brain development,https://nrtimes.co.uk/higher-screen-time-linked-to-adhd-symptoms-and-altered-brain-development-np25/,"11/24/2025, 08:00 AM, +0000 UTC",INCLUDE,84,L3,0.82,,"NR Times article (Nov 24, 2025) titled 'Higher screen time linked to ADHD symptoms and altered brain development.' Provisional paper 84 (Shou 2026, Acta Psychologica, putamen volume mediating screen time -> cognitive function in ABCD). Same finding as A0469 — brain structure + ADHD symptoms + screen time in children, published Nov 2025. L3: brain development/structure (putamen) mediating screen time -> cognitive outcome in ABCD is distinctive to paper 84. Likely syndicated or parallel coverage of same paper as A0469 and A0472.",84,
A0471,NR Times,Screen time ‘can lead to developmental delay’,https://nrtimes.co.uk/screen-time-can-lead-to-developmental-delay-npstory/,"08/31/2023, 07:00 AM, +0000 UTC",EXCLUDE,,,0.0,ABCD coverage of out-of-corpus topic,"NR Times article (Aug 31, 2023) titled 'Screen time can lead to developmental delay.' Provisional paper 84 (Shou 2026, Acta Psychologica) is a 2026 paper — cannot be covered by an August 2023 article. This likely covers a different, non-corpus study on screen time and developmental delay. Excluded due to date mismatch with the only plausible corpus candidate.",84,
A0472,U.S. Right to Know,"Higher screen time linked to brain abnormalities and ADHD symptoms in children, study shows",https://usrtk.org/healthwire/screen-time-linked-to-brain-abnormalities-and-adhd-symptoms-in-children/,"11/21/2025, 08:00 AM, +0000 UTC",INCLUDE,84,L3,0.82,,"U.S. Right to Know article (Nov 21, 2025) titled 'Higher screen time linked to brain abnormalities and ADHD symptoms in children, study shows.' Provisional paper 84 (Shou 2026, Acta Psychologica). Brain abnormalities (putamen volume alteration) + ADHD symptoms + screen time + children matches paper 84's core finding uniquely. Published Nov 2025 consistent with paper appearing online ahead of 2026 print. L3: putamen-mediated brain structural abnormality pathway from screen time to cognition/ADHD is a distinctive paraphrase of paper 84.",84,
A0473,www.heart.org,Excessive screen time among youth may pose heart health risks,https://newsroom.heart.org/news/excessive-screen-time-among-youth-may-pose-heart-health-risks,"08/06/2025, 07:00 AM, +0000 UTC",EXCLUDE,,,0.0,ABCD coverage of out-of-corpus topic,"Heart.org article (Aug 6, 2025) titled 'Excessive screen time among youth may pose heart health risks.' Provisional paper 84 (Shou 2026, Acta Psychologica — cognition/putamen) does not address cardiovascular outcomes. No corpus paper among the 69 examines screen time -> heart/cardiovascular health. Out-of-corpus topic.",84,
A0474,ScienceDaily,Too much screen time may be hurting kids’ hearts,https://www.sciencedaily.com/releases/2025/11/251101000418.htm,"11/01/2025, 07:00 AM, +0000 UTC",EXCLUDE,,,0.0,ABCD coverage of out-of-corpus topic,"ScienceDaily article (Nov 1, 2025) titled 'Too much screen time may be hurting kids' hearts.' Provisional paper 84 (Shou 2026, Acta Psychologica) is about putamen/cognition — not heart health. No corpus paper covers screen time -> cardiovascular outcomes. Out-of-corpus topic.",84,
A0475,Healio,Too much screen time may negatively impact kids’ cardiometabolic health,https://www.healio.com/news/cardiology/20250806/too-much-screen-time-may-negatively-impact-kids-cardiometabolic-health,"08/06/2025, 07:00 AM, +0000 UTC",EXCLUDE,,,0.0,"ABCD coverage of out-of-corpus topic — article covers screen time and cardiometabolic/cardiovascular health in children; no corpus paper on this topic. Provisional paper 84 (Shou 2026, Acta Psychologica) is about cognitive function and putamen volume, not cardiometabolic health.","Title 'Too much screen time may negatively impact kids' cardiometabolic health' (Healio, 08/06/2025) concerns cardiovascular/metabolic outcomes not addressed by any corpus paper. Paper 84 addresses screen time and cognitive function. No L1-L4 match to any candidate paper.",84,
A0476,Open Access Government,Excessive screen time may raise kids’ risk of heart disease and diabetes,https://www.openaccessgovernment.org/excessive-screen-time-may-raise-kids-risk-of-heart-disease-and-diabetes/196487/,"08/08/2025, 07:00 AM, +0000 UTC",EXCLUDE,,,0.0,"ABCD coverage of out-of-corpus topic — article covers screen time and risk of heart disease/diabetes in kids; no corpus paper addresses cardiometabolic disease risk as the primary outcome. Provisional paper 84 (Shou 2026) concerns cognition and putamen, not cardiometabolic outcomes.","Title 'Excessive screen time may raise kids' risk of heart disease and diabetes' (Open Access Government, 08/08/2025). No corpus paper covers cardiometabolic disease risk as a primary outcome. No L1-L4 match to any candidate paper.",84,
A0477,Medical Dialogues,"Higher Screen Time in Toddlers Linked to Increased Risk of Autism Symptoms, New Study Finds",https://medicaldialogues.in/pediatrics-neonatology/news/higher-screen-time-in-toddlers-linked-to-increased-risk-of-autism-symptoms-new-study-finds-156779,"10/12/2025, 07:00 AM, +0000 UTC",EXCLUDE,,,0.0,Non-ABCD cohort — article covers screen time in toddlers and autism symptoms. ABCD Study enrolls children ages 9-10+; toddlers are outside the ABCD age range. No corpus paper addresses autism symptoms as a primary outcome.,"Title 'Higher Screen Time in Toddlers Linked to Increased Risk of Autism Symptoms, New Study Finds' (Medical Dialogues, 10/12/2025). Toddler cohort is inconsistent with ABCD Study demographics. No L1-L4 match to any candidate paper.",84,
A0478,Medical Dialogues,Screen time in infants leads to developmental delays in communication and problem-solving,https://medicaldialogues.in/pediatrics-neonatology/news/screen-time-in-infants-leads-to-developmental-delays-in-communication-and-problem-solving-116550,"08/29/2023, 07:00 AM, +0000 UTC",EXCLUDE,,,0.0,Non-ABCD cohort — article covers screen time in infants and developmental delays. ABCD Study begins at ages 9-10; infants are entirely outside the ABCD age range.,"Title 'Screen time in infants leads to developmental delays in communication and problem-solving' (Medical Dialogues, 08/29/2023). Infant cohort is incompatible with ABCD Study. No L1-L4 match to any candidate paper.",84,
A0479,Medical Dialogues,"Screen time linked to bipolar and manic symptoms in preteens, suggests study",https://medicaldialogues.in/psychiatry/news/screen-time-linked-to-bipolar-and-manic-symptoms-in-preteens-suggests-study-143679,"02/21/2025, 08:00 AM, +0000 UTC",INCLUDE,49,L3,0.72,,"Title 'Screen time linked to bipolar and manic symptoms in preteens, suggests study' (Medical Dialogues, 02/21/2025) directly matches paper 49 (Nagata 2025, Social Psychiatry and Psychiatric Epidemiology): 'Screen time and manic symptoms in early adolescents: prospective findings from the Adolescent Brain Cognitive Development Study.' The article discusses screen time predicting manic/bipolar symptoms in preteens — uniquely matching paper 49's topic, cohort (ABCD, preteens), and finding direction. Provisional paper 215 (Al-shoaibi 2025, Childhood Obesity, BMI/waist) is not about manic symptoms and is excluded from match. L3 via outcome (manic/bipolar symptoms) + exposure (screen time) + cohort (preteens/ABCD) configuration. Confidence moderated to 0.72 because article body is not visible.",215,
A0480,Medical Dialogues,Increased screen time linked to weight gain in children: Study,https://medicaldialogues.in/pediatrics-neonatology/news/increased-screen-time-linked-to-weight-gain-in-children-study-79377,"07/05/2021, 07:00 AM, +0000 UTC",INCLUDE,302,L3,0.72,,"Title 'Increased screen time linked to weight gain in children: Study' (Medical Dialogues, 07/05/2021) matches paper 302 (Nagata 2021, Pediatric Obesity): 'Contemporary screen time usage among children 9-10-years-old is associated with higher body mass index percentile at 1-year follow-up: A prospective cohort study.' Publication date 07/2021 aligns with paper 302 (2021). L3: screen time + weight gain/BMI + children cohort consistent with ABCD configuration. Paper 521 (Must 2023, Frontiers in Pediatrics) is from 2023 and concerns autism/obesity — less consistent with this 2021 article about general weight gain. Confidence moderated to 0.72 because article body is not visible.","302,521",
A0481,Medical Dialogues,"Study links social media use to poor focus, rising ADHD symptoms in children",https://medicaldialogues.in/mdtv/pediatrics-neonatology/videos/study-links-social-media-use-to-poor-focus-rising-adhd-symptoms-in-children-160567,"12/13/2025, 08:00 AM, +0000 UTC",INCLUDE,"435,436",L3,0.8,,"Title 'Study links social media use to poor focus, rising ADHD symptoms in children' (Medical Dialogues video, 12/13/2025) directly matches papers 435/436 (Nivins 2025, Pediatrics Open Science): 'Digital Media, Genetics, and Risk for ADHD Symptoms in Children: A Longitudinal Study.' L3: social media use + ADHD/inattention symptoms + children configuration uniquely maps to Nivins 2025. Publication date 12/2025 is consistent with paper 435/436 (2025). Papers 435 and 436 are the same paper (same DOI base), so both IDs tagged.","435,436",
A0482,BMJ Blogs,"Top 10 most read in October 2025 – algorithms, singing, vaping, smartphone use and fast food!",https://blogs.bmj.com/bmjopen/2025/11/18/top-10-most-read-in-october-2025-algorithms-singing-vaping-smartphone-use-and-fast-food/,"11/18/2025, 08:00 AM, +0000 UTC",EXCLUDE,,,0.0,"General aggregator content — BMJ Open monthly top-10 list for October 2025 mentioning 'smartphone use' among several other unrelated topics (algorithms, singing, vaping, fast food). Without article body, no specific paper from the corpus can be confirmed via L1-L4. The mention of smartphone use is insufficient to establish linkage.","Title 'Top 10 most read in October 2025 – algorithms, singing, vaping, smartphone use and fast food!' (BMJ Blogs, 11/18/2025). This is a general aggregator listing multiple topics; no corpus paper is published in BMJ Open. Cannot satisfy any of L1-L4 without article body confirming specific corpus paper coverage.",84,
A0483,medRxiv,Screen Time is Associated with Cardiometabolic and Cardiovascular Disease Risk in Childhood and Adolescence,https://www.medrxiv.org/content/10.1101/2024.07.12.24310353v1.full-text,"07/14/2024, 07:00 AM, +0000 UTC",EXCLUDE,,,0.0,"This item is a medRxiv preprint, not a news article covering a corpus paper. The preprint itself covers screen time and cardiometabolic/cardiovascular disease risk — an out-of-corpus topic not addressed by any candidate paper. Provisional paper 84 (Shou 2026) covers cognition/putamen, not cardiometabolic outcomes.","medRxiv preprint (07/14/2024): 'Screen Time is Associated with Cardiometabolic and Cardiovascular Disease Risk in Childhood and Adolescence.' This is a primary research preprint, not news coverage of a corpus paper. Subject matter (cardiometabolic risk) does not match any corpus candidate paper. No L1-L4 match.",84,
A0484,medRxiv,Longitudinal Patterns of Digital Parenting Restrictions and Adolescent Screen Use: Insights from the Adolescent Brain Cognitive Development (ABCD) Study,https://www.medrxiv.org/content/10.1101/2025.11.23.25340847v1.full-text,"11/25/2025, 08:00 AM, +0000 UTC",INCLUDE,184,L4,0.65,,"medRxiv preprint (11/25/2025): 'Longitudinal Patterns of Digital Parenting Restrictions and Adolescent Screen Use: Insights from the Adolescent Brain Cognitive Development (ABCD) Study.' This item names the ABCD Study explicitly and covers digital parenting restrictions and adolescent screen use — closely matching paper 184 (Nagata 2025, Pediatric Research): 'Associations between media parenting practices and early adolescent screen use.' L4: ABCD Study named + parenting/screen-use topic configuration consistent with paper 184. Provisional papers 154 and 395 do not match (154 is about sensor-based smartphone use and sleep; 395 is about screen time trajectories, anxiety, and substance use). Confidence 0.65 because this may be a different preprint not yet in corpus or an expanded version; article body not visible.","154,395",
A0485,medRxiv,"Fertility decline in the later phase of the COVID-19 pandemic: The role of policy interventions, vaccination programmes, and economic uncertainty",https://www.medrxiv.org/content/10.1101/2024.04.26.24306444v1.full,"04/28/2024, 07:00 AM, +0000 UTC",EXCLUDE,,,0.0,"Out-of-corpus topic — medRxiv preprint about fertility decline and COVID-19 policy interventions. Unrelated to screen time, social media, smartphones, or ABCD Study. Provisional paper 177 (Kiss 2023, COVID → screen time/sleep in ABCD) does not match.","medRxiv preprint (04/28/2024): 'Fertility decline in the later phase of the COVID-19 pandemic: The role of policy interventions, vaccination programmes, and economic uncertainty.' Completely unrelated to ABCD Study or screen time/social media. No L1-L4 match.",177,
A0486,medRxiv,Effects of the COVID-19 Pandemic on Park Use in U.S. Cities,https://www.medrxiv.org/content/10.1101/2021.04.23.21256007.full,"04/25/2021, 07:00 AM, +0000 UTC",EXCLUDE,,,0.0,"Out-of-corpus topic — medRxiv preprint about COVID-19 effects on park use in U.S. cities. Unrelated to screen time, smartphones, or ABCD Study. Provisional paper 177 (Kiss 2023) does not match.",medRxiv preprint (04/25/2021): 'Effects of the COVID-19 Pandemic on Park Use in U.S. Cities.' About urban park attendance during COVID; no connection to screen time/social media or ABCD Study. No L1-L4 match.,177,
A0487,medRxiv,The exposome and attention-related brain networks jointly predict attention problems in early adolescence,https://www.medrxiv.org/content/10.64898/2026.03.26.26349404v1.full,"03/28/2026, 07:00 AM, +0000 UTC",EXCLUDE,,,0.0,"Out-of-corpus topic — medRxiv preprint about exposome and attention-related brain networks predicting attention problems. Does not address screen time or social media as exposures. Provisional paper 420 (Paulich 2021, PLOS ONE) covers screen time and mental health outcomes, not the exposome-brain-network framework described here.",medRxiv preprint (03/28/2026): 'The exposome and attention-related brain networks jointly predict attention problems in early adolescence.' The exposome framing (environmental/biological exposures broadly) and brain network approach do not match paper 420 or any corpus paper. No screen time/social media IV. No L1-L4 match.,420,
A0488,The Transmitter,Studies investigating link between screen time and autism must improve,https://www.thetransmitter.org/spectrum/studies-investigating-link-between-screen-time-and-autism-must-improve/,"05/03/2024, 02:11 PM, +0000 UTC",EXCLUDE,,,0.0,"Out-of-corpus topic — article is a methodological critique/review of screen time and autism research in general, not a news article covering a specific corpus paper. Provisional paper 84 (Shou 2026) covers cognitive function and putamen, not autism.","Title 'Studies investigating link between screen time and autism must improve' (The Transmitter, 05/03/2024). Review/opinion piece critiquing screen time-autism research broadly. No corpus paper addresses autism as a primary outcome. No L1-L4 match to any candidate paper.",84,
A0489,mghpsychnews.org,Does Excessive Screen Time Contribute to Cognitive Deficits in Adolescents?,https://mghpsychnews.org/excessive-screen-time-and-cognitive-deficits/,"10/17/2022, 07:00 AM, +0000 UTC",INCLUDE,190,L3,0.65,,"Title 'Does Excessive Screen Time Contribute to Cognitive Deficits in Adolescents?' (mghpsychnews.org, 10/17/2022) is consistent with paper 190 (Sauce 2022, Scientific Reports): 'The impact of digital media on children's intelligence while controlling for genetic differences in cognition and socioeconomic background.' Both address screen time/digital media and cognitive outcomes in children/adolescents, published in 2022. L3: excessive screen time + cognitive deficits + children/adolescents configuration consistent with paper 190. Provisional paper 84 (Shou 2026) is from 2026 and predates this 2022 article. Confidence 0.65 because article body is not visible; could also map to paper 295 (Kirlic 2021) or paper 84 if it discusses multiple studies.",84,
A0490,Cambridge University Press & Assessment,"Ultra-processed food consumption is related to screen time among Brazilian adolescents, adults and older adults",https://www.cambridge.org/core/journals/british-journal-of-nutrition/article/ultraprocessed-food-consumption-is-related-to-screen-time-among-brazilian-adolescents-adults-and-older-adults/E983BB91DC5D35C5B3D0DA84708A5894,"11/11/2024, 08:00 AM, +0000 UTC",EXCLUDE,,,0.0,"Non-ABCD cohort — article is about ultra-processed food consumption and screen time among Brazilian adolescents, adults, and older adults. Brazilian cohort is not the ABCD Study.","Cambridge University Press article (11/11/2024): 'Ultra-processed food consumption is related to screen time among Brazilian adolescents, adults and older adults.' Brazilian national study, not ABCD. No L1-L4 match to any corpus paper.",84,
A0491,Cambridge University Press & Assessment,Association between age of paediatric index cases and household SARS-CoV-2 transmission,https://www.cambridge.org/core/journals/epidemiology-and-infection/article/association-between-age-of-paediatric-index-cases-and-household-sarscov2-transmission/1592BD16CAD4CA87DA239416F688F538,"11/20/2024, 08:00 AM, +0000 UTC",EXCLUDE,,,0.0,"Out-of-corpus topic — article covers SARS-CoV-2 household transmission by age of paediatric index cases. Unrelated to screen time, smartphones, or social media. Provisional paper 152 (Nagata 2022, Preventive Medicine Reports) covers COVID information and masking behaviors from ABCD, which is unrelated to this transmission study.",Cambridge UP article (11/20/2024): 'Association between age of paediatric index cases and household SARS-CoV-2 transmission.' Epidemiology of COVID transmission; no connection to screen time or ABCD Study. No L1-L4 match.,152,
A0492,Cambridge University Press & Assessment,Effects of the COVID-19 Pandemic on Submissions to Politics & Gender,https://www.cambridge.org/core/journals/ps-political-science-and-politics/article/effects-of-the-covid19-pandemic-on-submissions-to-politics-gender/C4E3C41CCFF27E1FF8D7D7B556CFB337,"02/16/2024, 08:00 AM, +0000 UTC",EXCLUDE,,,0.0,"Out-of-corpus topic — article concerns gender disparities in academic journal submissions during COVID-19 pandemic. Unrelated to screen time, smartphones, social media, or ABCD Study.","Cambridge UP article (02/16/2024): 'Effects of the COVID-19 Pandemic on Submissions to Politics & Gender.' Academic publishing topic; no connection to screen time, social media, or ABCD Study. No L1-L4 match.",177,
A0493,Cambridge University Press & Assessment,Differing impact of the COVID-19 pandemic on youth mental health: combined population and clinical study,https://www.cambridge.org/core/journals/bjpsych-open/article/differing-impact-of-the-covid19-pandemic-on-youth-mental-health-combined-population-and-clinical-study/939EDB00D962E84F86DC362C16B82A14,"11/20/2023, 08:00 AM, +0000 UTC",EXCLUDE,,,0.0,"Non-ABCD cohort — article covers COVID-19 pandemic effects on youth mental health combining population and clinical samples. Provisional paper 177 (Kiss 2023, Health Psychology) covers COVID effects on screen time and sleep specifically in ABCD. This Cambridge article addresses mental health broadly without apparent screen time/social media focus, and likely uses a non-ABCD cohort.",Cambridge UP article (11/20/2023): 'Differing impact of the COVID-19 pandemic on youth mental health: combined population and clinical study.' No screen time or social media IV specified in title; does not uniquely map to paper 177 (which is about screen time and sleep) or any other corpus paper. No L1-L4 match.,177,
A0494,Cambridge University Press & Assessment,Psychopathology as dynamic markers of alcohol initiation across development: A three-year longitudinal examination,https://www.cambridge.org/core/journals/development-and-psychopathology/article/psychopathology-as-dynamic-markers-of-alcohol-initiation-across-development-a-threeyear-longitudinal-examination/B00C5C08C90D40BB3BE75F420FD9E35C,"03/20/2023, 07:00 AM, +0000 UTC",EXCLUDE,,,0.0,"Out-of-corpus topic — Cambridge article covers psychopathology as predictors of alcohol initiation across development. No screen time or social media IV. Provisional paper 208 (Nagata 2024, Substance Use & Misuse) covers social media use predicting alcohol sipping — different exposure and likely different paper.","Cambridge UP, Development and Psychopathology (03/20/2023): 'Psychopathology as dynamic markers of alcohol initiation across development: A three-year longitudinal examination.' The IV here is psychopathology, not screen time/social media. Does not map to paper 208 or any corpus paper. No L1-L4 match.",208,
A0495,Cambridge University Press & Assessment,Middle childhood and adolescence sleep duration and behavior problems in adolescence,https://www.cambridge.org/core/journals/development-and-psychopathology/article/middle-childhood-and-adolescence-sleep-duration-and-behavior-problems-in-adolescence/78A733C303B84BE8B1FE2EBBE809CAF5,"11/14/2022, 08:00 AM, +0000 UTC",EXCLUDE,,,0.0,"Out-of-corpus topic — Cambridge article covers sleep duration and behavior problems without screen time as an IV. Provisional paper 398 (Guerrero 2019, IJBNPA) uses screen time as the exposure predicting problem behaviors mediated by sleep; this Cambridge article's exposure is sleep duration itself, not screen time. Likely a different cohort/paper not in corpus.","Cambridge UP, Development and Psychopathology (11/14/2022): 'Middle childhood and adolescence sleep duration and behavior problems in adolescence.' Sleep duration is the IV here; no screen time or social media exposure. Does not match paper 398 configuration. No L1-L4 match to any corpus paper.",398,
A0496,Folkehelseinstituttet - FHI,"Screen use and children and adolescents’ physical health assessed as musculosceletal pain, headache and eye health",https://www.fhi.no/en/publ/2024/Screen-use-and-children-and-adolescents-physical-health-assessed-as-musculosceletal-pain-headache-and-eye-health/,"05/15/2024, 07:00 AM, +0000 UTC",EXCLUDE,,,0.0,"Non-ABCD cohort — this is a Norwegian Institute of Public Health (FHI) systematic review/report on screen use and children's physical health (musculoskeletal pain, headache, eye health). Norwegian review; not ABCD-based. Topic (musculoskeletal pain, headache, eye health) is out of corpus.","FHI report (05/15/2024): 'Screen use and children and adolescents' physical health assessed as musculoskeletal pain, headache and eye health.' Norwegian public health evidence review; no match to ABCD Study or any corpus paper. No L1-L4 match.",84,
A0497,CNBC,Screen time linked to increased diabetes risk in children: study,https://www.cnbc.com/2017/03/14/screentime-linked-to-increased-diabetes-risk-in-children-study.html,"03/14/2017, 07:00 AM, +0000 UTC",EXCLUDE,,,0.0,"Non-ABCD cohort — article published 03/14/2017, predating ABCD Study enrollment. Covers screen time and diabetes risk in children from a non-ABCD cohort. No corpus paper covers diabetes risk as a primary outcome.",CNBC article (03/14/2017): 'Screen time linked to increased diabetes risk in children: study.' Published in 2017 before ABCD data collection reached publication stage; diabetes risk outcome not in corpus. No L1-L4 match to any candidate paper.,84,
A0498,Ophthalmology Advisor,Continuous Teen Smartphone Use Associated with Myopic Refractive Errors,https://www.ophthalmologyadvisor.com/news/screen-time-rasies-youth-myopia-risk/,"08/05/2021, 07:00 AM, +0000 UTC",EXCLUDE,,,0.0,Out-of-corpus topic — article covers teen smartphone use and myopic refractive errors (myopia). No corpus paper addresses myopia as a primary outcome. Likely non-ABCD cohort.,Ophthalmology Advisor (08/05/2021): 'Continuous Teen Smartphone Use Associated with Myopic Refractive Errors.' Eye/refractive health outcome is outside the corpus scope. No L1-L4 match to any candidate paper.,84,
A0499,University of Calgary,Excessive screen time linked to preschool learning delays,https://ucalgary.ca/news/excessive-screen-time-linked-preschool-learning-delays,"01/28/2019, 08:00 AM, +0000 UTC",EXCLUDE,,,0.0,Non-ABCD cohort — University of Calgary press release (01/28/2019) about a study on excessive screen time and preschool learning delays. Preschool-age children are outside ABCD Study age range (9-10+); published before most ABCD-derived papers.,University of Calgary news (01/28/2019): 'Excessive screen time linked to preschool learning delays.' Preschool cohort incompatible with ABCD Study demographics; 2019 publication predates all but earliest ABCD papers. No L1-L4 match to any candidate paper.,84,
A0500,The Straits Times,How Singaporean researchers measured the effects of screen time on children’s brains,https://www.straitstimes.com/singapore/how-singaporean-researchers-measured-the-effects-of-screen-time-on-children-s-brains,"01/31/2023, 07:31 AM, +0000 UTC",EXCLUDE,,,0.0,Singaporean researchers screen time/brain article from Jan 2023; provisional paper 84 (Shou 2026 Acta Psychologica) is from 2026 and authored by Japan-based team; no summary available; cannot establish L1-L4 linkage to any corpus paper,"Title references Singaporean researchers measuring screen time effects on children's brains; published Jan 2023, predates paper 84 by 3 years; no body text or summary to confirm linkage",84,
A0501,The Straits Times,Should I stop my child from befriending strangers on the Internet?,https://www.straitstimes.com/singapore/parenting-education/should-i-stop-my-child-from-befriending-strangers-on-the-internet,"02/09/2022, 08:00 AM, +0000 UTC",EXCLUDE,,,0.0,general parenting advice piece about internet stranger-danger; no summary; cannot establish L1-L4 linkage to paper 190 (Sauce 2022 Scientific Reports) or any corpus paper,Title 'Should I stop my child from befriending strangers on the Internet?' is a general advice article; no corpus paper covers this topic; no body text available,190,
A0502,The Straits Times,"Weaning children off screens? Struggling working parents say they need help, not more rules",https://www.straitstimes.com/singapore/weaning-children-off-screens-struggling-working-parents-say-they-need-help-not-more-rules,"01/25/2025, 08:00 AM, +0000 UTC",EXCLUDE,,,0.0,general parenting/policy piece about screen time rules; no summary; cannot establish L1-L4 linkage to paper 190 or any corpus paper,Title about working parents struggling to wean children off screens; general screen time policy discussion without reference to specific ABCD corpus paper,190,
A0503,guampdn.com,From vaping to cancer: UOG students' research at health awareness fair,https://www.guampdn.com/news/from-vaping-to-cancer-uog-students-research-at-health-awareness-fair/article_7566e3d6-358b-4068-9bc4-99f51ad581a9.html,"05/04/2025, 07:00 AM, +0000 UTC",EXCLUDE,,,0.0,University of Guam student health fair coverage; unrelated to paper 84 (Shou 2026 Acta Psychologica) or any corpus paper; topic is vaping/cancer at a student fair,Title 'From vaping to cancer: UOG students' research at health awareness fair' — University of Guam student poster presentations; no connection to ABCD corpus,84,
A0504,Business Insider,RESEARCH PROVES IT: Your iPad Is Killing You,https://www.businessinsider.com/research-proves-it-your-ipad-is-killing-you-2011-1,"01/16/2011, 08:00 AM, +0000 UTC",EXCLUDE,,,0.0,published January 2011; predates all ABCD corpus papers by at least 8 years; ABCD Study did not exist until 2015-2017,Business Insider article from Jan 2011 about iPad and health; all candidate papers are from 2019-2026; temporal impossibility of linkage,84,
A0505,businessinsider.com,Brain Scans Reveal Unique Signs of ADHD in Children,https://www.businessinsider.com/scientists-say-brain-scans-show-signs-of-adhd-in-children-2022-11,"Nov 23, 2022",EXCLUDE,,,0.0,"ABCD coverage of out-of-corpus topic; article covers ADHD neuroimaging/brain scan study from ABCD (n=7,805); no corpus paper covers pure ADHD neuroimaging without phone/SM exposure as IV","Summary: '7,805 patients who were 9 or 10 years old when they underwent brain scans for the Adolescent Brain Cognitive Development...' — pure ADHD neuroimaging, not phone/SM research",,"The study group ultimately included 7,805 patients who were 9 or 10 years old when they underwent brain scans for the Adolescent Brain Cognitive Development ..."
A0506,businessinsider.com,"How Much Time Kids Should Spend on Screens, Sleeping, ...",https://www.businessinsider.com/kids-sleep-needs-screen-time-exercise-schedule-2018-10,"Oct 2, 2018",EXCLUDE,,,0.0,published October 2018; covers early ABCD findings predating all corpus papers (earliest corpus paper is 2019); general ABCD overview on screen time/sleep/exercise guidelines,"Summary: 'authors of the new study used data from the ongoing ABCD Study, which is following more than 10,000 kids for 10 years' — Oct 2018 baseline-data piece; all corpus papers are 2019 or later",,"The authors of the new study used data from the ongoing ABCD Study, which is following more than 10,000 kids for 10 years to revolutionize our understanding of ..."
A0507,businessinsider.com,Teen Brothers Describe Experience in Moderna's Vaccine ...,https://www.businessinsider.com/teen-brothers-moderna-vaccine-trial-kids-2021-3,"Mar 19, 2021",EXCLUDE,,,0.0,ABCD coverage of out-of-corpus topic; article covers participation in Moderna COVID-19 vaccine trial; mentions ABCD Study only as context for participants,Summary: 'they've participated in the Adolescent Brain Cognitive Development Study' — ABCD mentioned as background for teen brothers participating in a vaccine trial; no phone/SM research,,"For the past few years, they've participated in the Adolescent Brain Cognitive Development Study, the largest long-term study of brain development and child ..."
A0508,Times of Malta,Reduce screen time,https://timesofmalta.com/article/Reduce-screen-time.440441,"10/09/2012, 07:00 AM, +0000 UTC",EXCLUDE,,,0.0,published October 2012; predates all ABCD corpus papers by at least 7 years; ABCD Study did not exist in 2012,Times of Malta article from Oct 2012 titled 'Reduce screen time'; all candidate papers are 2019-2026; temporal impossibility of linkage,84,
A0509,Science News Explores,Got brain rot?,https://www.snexplores.org/article/brain-rot-social-media-teen-health,"03/19/2026, 07:00 AM, +0000 UTC",EXCLUDE,,,0.0,no summary or body text available; provisional IDs suggest possible linkage but cannot confirm L1-L4 for any specific corpus paper without body text; confidence below threshold,"Title 'Got brain rot?' with provisional papers 190, 192, 435, 436, 86, 95; published Mar 2026 by Science News Explores; no summary/body text to confirm specific paper linkage via L2-L4","190,192,435,436,86,95",
A0510,Science News Explores,New study links early smartphone ownership to health risks,https://www.snexplores.org/article/kids-age-own-smartphone-health-risks,"02/17/2026, 08:00 AM, +0000 UTC",INCLUDE,431,L3,0.9,,"Title 'New study links early smartphone ownership to health risks' published Feb 2026 directly matches Barzilay 2026 Pediatrics (paper 431: 'Smartphone Ownership, Age of Smartphone Acquisition, and Health Outcomes in Early Adolescence'). L3: 'early smartphone ownership' + 'health risks' + ABCD Study context maps uniquely to paper 431 (smartphone ownership OR=1.31 depression, OR=1.40 obesity, OR=1.62 insufficient sleep, ABCD n>10,500, Children's Hospital of Philadelphia). Science News Explores regularly covers published ABCD papers; timing consistent.",431,
A0511,The New York Times,"Genetic Data From Over 20,000 U.S. Children Misused for ‘Race Science’",https://www.nytimes.com/2026/01/24/us/children-genetics-race-science.html,"01/24/2026, 08:00 AM, +0000 UTC",EXCLUDE,,,0.0,ABCD coverage of out-of-corpus topic; article covers misuse of ABCD genetic data for 'race science'; no phone/SM research content,"Summary: 'relying on genetic and other personal data from the prominent project, known as the Adolescent Brain Cognitive Development...ABCD Study' — genetics/race science controversy, unrelated to phone/SM corpus",95,"Yet by relying on genetic and other personal data from the prominent project, known as the Adolescent Brain Cognitive Development ... ABCD Study and a ..."
A0512,The New York Times,"A Smartphone Before Age 12 Could Carry Health Risks, Study Says",https://www.nytimes.com/2025/12/01/well/family/early-smartphone-ownership-study.html,"12/01/2025, 08:00 AM, +0000 UTC",INCLUDE,431,L3,0.95,,"Title 'A Smartphone Before Age 12 Could Carry Health Risks, Study Says' (NYT, Dec 2025) + summary 'Researchers had analyzed data from more than 10,500 children who participated in the Adolescent Brain Cognitive Development Study — the largest long-term...' — maps to Barzilay 2026 Pediatrics (paper 431). L3: smartphone acquisition age + health risks + ABCD + n=10,500+ uniquely identifies paper 431 (Barzilay, Children's Hospital of Philadelphia). Paper 95 (He 2025 reward circuit fMRI) is unrelated to smartphone ownership/health outcomes.","431,95","Researchers had analyzed data from more than 10,500 children who participated in the Adolescent Brain Cognitive Development Study — the largest long-term ..."
A0513,The New York Times,What Social Media Does to the Teen Brain (Published 2023),https://www.nytimes.com/2023/09/20/well/family/social-media-teen-brain-mental-health.html,"09/20/2023, 07:00 AM, +0000 UTC",EXCLUDE,,,0.0,anticipatory general ABCD coverage; article describes ABCD as ongoing and awaiting results; does not cover a specific published paper from the corpus,"Summary: 'She is eagerly awaiting results from the ongoing Adolescent Brain Cognitive Development, or A.B.C.D. study' (Sep 2023) — prospective framing, no specific corpus paper cited",95,"She is eagerly awaiting results from the ongoing Adolescent Brain Cognitive Development, or A.B.C.D. study, funded by the National Institutes of Health ..."
A0514,nytimes.com,Is Screen Time Bad for Kids' Brains?,https://www.nytimes.com/2018/12/10/health/screen-time-kids-psychology.html,"Dec 10, 2018",EXCLUDE,,,0.0,published December 2018; covers early ABCD results reported on CBS 60 Minutes; predates all corpus papers (earliest is 2019),Summary: 'CBS's 60 Minutes reported on early results from the A.B.C.D. Study' (Dec 2018); all candidate corpus papers are 2019 or later,,"On Sunday evening, CBS's “60 Minutes” reported on early results from the A.B.C.D. Study (for Adolescent Brain Cognitive Development), a $300 million project ..."
A0515,nytimes.com,Brain-Imaging Studies Hampered by Small Data Sets ...,https://www.nytimes.com/2022/03/16/science/brain-imaging-research.html,"Mar 16, 2022",EXCLUDE,,,0.0,"ABCD coverage of out-of-corpus topic; article covers brain imaging methodology and sample size issues; ABCD mentioned as example of large dataset, not as phone/SM study","Summary: 'the Adolescent Brain Cognitive Development, or A.B.C.D., study' cited alongside Human Connectome Project as examples of large neuroimaging datasets; no phone/SM content",,"All three studies are ongoing: the Human Connectome Project, which has 1,200 participants; the Adolescent Brain Cognitive Development, or A.B.C.D., study ..."
A0516,nytimes.com,A Study on the Health Effects of a Cellphone Before Age 12,https://www.nytimes.com/2026/03/26/learning/science-practice-a-study-on-the-health-effects-of-a-cellphone-before-age-12.html,"Mar 30, 2026",INCLUDE,431,L3,0.9,,"Title 'A Study on the Health Effects of a Cellphone Before Age 12' (NYT Learning, Mar 2026) + summary 'Researchers had analyzed data from more than 10,500 children who participated in the Adolescent Brain Cognitive Development Study' — maps to Barzilay 2026 Pediatrics (paper 431). L3: cellphone before age 12 + health effects + ABCD + n=10,500+ uniquely identifies paper 431. This appears to be a NYT Learning derivative/discussion piece based on the Dec 2025 NYT article (A0512).",,"Researchers had analyzed data from more than 10,500 children who participated in the Adolescent Brain Cognitive Development Study — the largest long-term ..."
A0517,nytimes.com,How Young Is Too Young to Get a Smartphone?,https://www.nytimes.com/2026/03/26/learning/how-young-is-too-young-to-get-a-smartphone.html,"Mar 26, 2026",INCLUDE,431,L3,0.9,,"Title 'How Young Is Too Young to Get a Smartphone?' (NYT Learning, Mar 2026) + summary 'Researchers had analyzed data from more than 10,500 children who participated in the Adolescent Brain Cognitive Development Study' — maps to Barzilay 2026 Pediatrics (paper 431). L3: smartphone age acquisition question + health outcomes + ABCD + n=10,500+ uniquely identifies paper 431. Companion piece to A0516 in NYT Learning series.",,"Researchers had analyzed data from more than 10,500 children who participated in the Adolescent Brain Cognitive Development Study — the largest long-term ..."
A0518,nytimes.com,W.H.O. Says Limited or No Screen Time for Children Under 5,https://www.nytimes.com/2019/04/24/health/screen-time-kids.html,"Apr 24, 2019",EXCLUDE,,,0.0,"general ABCD coverage; article covers WHO screen time guidelines for under-5s; ABCD mentioned as ongoing large study providing future evidence, not as source of a specific corpus paper finding",Summary: 'National Institutes of Health has funded a $300 million project known as the A.B.C.D. Study...which hopes to...' — forward-looking mention in context of WHO policy; no specific corpus paper cited,,"The National Institutes of Health has funded a $300 million project known as the A.B.C.D. Study (for Adolescent Brain Cognitive Development), which hopes to ..."
A0519,nytimes.com,How A.I. and Social Media Contribute to 'Brain Rot',https://www.nytimes.com/2025/11/06/technology/personaltech/ai-social-media-brain-rot.html,"Nov 6, 2025",INCLUDE,1,L4,0.8,,"Summary: 'Dr. Jason Nagata, a pediatrician who led the study, and his colleagues looked at data from ABCD, for Adolescent Brain Cognitive Development' (NYT, Nov 2025). L4: Nagata (UCSF) + social media and brain/cognitive effects ('brain rot') + ABCD Study, uniquely consistent with paper 1 (Nagata 2025 JAMA — Social Media Use Trajectories and Cognitive Performance). Title 'How A.I. and Social Media Contribute to Brain Rot' aligns with paper 1's cognitive performance findings. Nov 2025 publication date is consistent with paper 1 (2025 JAMA).",,"Dr. Jason Nagata, a pediatrician who led the study, and his colleagues looked at data from ABCD, for Adolescent Brain Cognitive Development, a research project ..."
A0520,nytimes.com,A Teen's Journey Into the Internet's Darkness and Back Again,https://www.nytimes.com/2022/08/22/health/adolescents-mental-health-technology.html,"Sep 9, 2022",EXCLUDE,,,0.0,"general ABCD coverage; article is a narrative piece about teen internet safety; ABCD described as still in early stages, no specific published corpus paper cited","Summary: 'Major research efforts, such as the federally funded Adolescent Brain Cognitive Development study, are still in their early stages' (Sep 2022) — general future-oriented mention in a narrative piece",,"Major research efforts, such as the federally funded Adolescent Brain Cognitive Development study, are still in their early stages. The study follows 12,000 ..."
A0521,Orange County Register,"CSUF professor and grad student examine how sports, mental health and social media interact",https://www.ocregister.com/2026/04/29/csuf-professor-and-grad-student-examine-how-sports-mental-health-and-social-media-interact/,"04/29/2026, 07:00 AM, +0000 UTC",EXCLUDE,,,0.0,CSUF professor and graduate student research on sports/mental health/social media; unrelated to any corpus paper; paper 95 (He et al. 2025 from China) is not CSUF research,"Title 'CSUF professor and grad student examine how sports, mental health and social media interact' — Cal State Fullerton local research story; no ABCD data; no corpus paper by CSUF authors",95,
A0522,New York Post,Social media is rotting kids’ brains — and especially hurting their memory and vocabulary: study,https://nypost.com/2025/10/15/health/social-media-is-hurting-kids-memory-vocabulary-study/,"10/15/2025, 07:00 AM, +0000 UTC",INCLUDE,1,L3,0.9,,"Title 'Social media is rotting kids' brains — and especially hurting their memory and vocabulary: study' (NY Post, Oct 2025). L3: 'social media' + 'hurting memory and vocabulary' + ABCD context maps uniquely to paper 1 (Nagata 2025 JAMA — Social Media Use Trajectories and Cognitive Performance in Adolescents, measuring outcomes including vocabulary and memory via NIH Toolbox Cognition Battery). Paper 95 (He 2025 reward circuit fMRI) does not involve memory/vocabulary outcomes. Oct 2025 date consistent with paper 1 JAMA publication.",95,
A0523,Toronto Sun,Study reveals how social media is harming kids' brains,https://torontosun.com/news/world/study-social-media-is-harming-kids-brains,"10/19/2025, 07:00 AM, +0000 UTC",INCLUDE,1,L3,0.75,,"Title 'Study reveals how social media is harming kids' brains' (Toronto Sun, Oct 2025). L3: 'social media' + 'harming kids' + 'brains' + Oct 2025 date consistent with paper 1 (Nagata 2025 JAMA — Social Media Use Trajectories and Cognitive Performance). Likely syndicated coverage of the same JAMA story covered by A0522. Confidence 0.75 because title alone is less specific than A0522 — 'brains' could refer to brain structure (paper 150, but that's 2026) or cognitive performance (paper 1, 2025); Oct 2025 date and pattern of coverage strongly favors paper 1.",95,
A0524,Yale School of Medicine,Social Media and Youth Mental Health: Does More Use Always Mean More Harm?,https://medicine.yale.edu/news-article/social-media-and-youth-mental-health/,"03/30/2026, 07:00 AM, +0000 UTC",EXCLUDE,,,0.0,Yale School of Medicine commentary/perspective piece on social media and youth mental health; no summary or body text; cannot confirm L1-L4 linkage to paper 95 or any specific corpus paper,"Title 'Social Media and Youth Mental Health: Does More Use Always Mean More Harm?' (Yale School of Medicine, Mar 2026); provisional paper 95 (He 2025, reward circuit, Chinese authors) is not Yale research; without body text cannot confirm linkage to any corpus paper",95,
A0525,Yale School of Medicine,Study Probes Connection Between Excessive Screen Media Activity and Mental Health Problems in Youth,https://medicine.yale.edu/news-article/yale-study-probes-connection-between-excessive-screen-media-activity-and-mental-health-problems-in-youth/,"03/21/2023, 07:00 AM, +0000 UTC",EXCLUDE,,,0.0,"general ABCD coverage, no specific paper from corpus; Yale School of Medicine affiliation does not match any corpus paper; title is generic 'excessive screen media activity and mental health' without sufficient specificity to satisfy L3/L4 for paper 95 (He et al. 2025 reward circuit/video game addiction) or any other corpus paper","Title 'Study Probes Connection Between Excessive Screen Media Activity and Mental Health Problems in Youth' is too generic; provisional paper 95 (He et al., Computers in Human Behavior) focuses on reward circuit loss sensitivity in video game vs. social media addiction — no match to Yale affiliation or article framing. No DOI, author surname, or journal name present to satisfy L1-L2.",95,
A0526,The Detroit News,Is brain rot real? Here's what brain health experts say,https://www.detroitnews.com/story/life/wellness/2025/06/17/is-brain-rot-real-heres-what-brain-health-experts-say/84239428007/,"06/17/2025, 07:00 AM, +0000 UTC",EXCLUDE,,,0.0,"general technology/health commentary, no specific ABCD paper from corpus; 'brain rot' opinion piece cites no ABCD paper","Title 'Is brain rot real? Here's what brain health experts say' is a general commentary on screen time and brain health. Provisional paper 95 (He et al., reward circuit) is not referenced. No L1-L4 criterion can be met from title alone.",95,
A0527,PhillyVoice,Social media use hurts preteens' development of reading and memory skills,https://www.phillyvoice.com/social-media-children-reading-memory/,"10/14/2025, 07:00 AM, +0000 UTC",INCLUDE,310,L3,0.75,,"Title 'Social media use hurts preteens' development of reading and memory skills' paraphrases a finding consistent with paper 310 (Carvalho & Ravindran 2025, Journal of Research on Adolescence: 'Associations between social media and crystallized and fluid performance trajectories') — crystallized performance includes reading/verbal skills in early adolescence. Published Oct 14, 2025 consistent with a 2025 paper. Provisional paper 95 (reward circuit) is not consistent with the article title. Confidence moderate because article body unavailable to confirm author/journal naming.",95,
A0528,Android Police,Study shows smartphones for kids under 13 could carry health risks,https://www.androidpolice.com/study-shows-smartphones-for-kids-under-13-could-carry-health-risks/,"12/01/2025, 08:00 AM, +0000 UTC",EXCLUDE,,,0.0,"general ABCD coverage, no specific paper from corpus identifiable from title alone; 'smartphones for kids under 13 could carry health risks' is too broad to satisfy L3/L4 for any single corpus paper without article body","Title 'Study shows smartphones for kids under 13 could carry health risks' is non-specific; could in principle reference paper 431 (Barzilay 2026 Pediatrics, smartphone ownership and health outcomes) or paper 167 (Carvalho 2025, smartphones), but Dec 2025 publication predates paper 431 (2026) and the framing 'health risks' alone does not satisfy L3 without article body confirming two of: sample size, specific outcome, effect direction, magnitude, subgroup.",95,
A0529,Health and Me,Should Parents Limit Social Media For Teens? New Study Shows It Is Lowering Their Memory Score,https://www.healthandme.com/parenting/should-parents-limit-social-media-for-teens-new-study-shows-it-is-lowering-their-memory-score-article-153000534,"10/14/2025, 07:00 AM, +0000 UTC",INCLUDE,310,L3,0.75,,"Title 'Should Parents Limit Social Media For Teens? New Study Shows It Is Lowering Their Memory Score' paraphrases a cognitive decline finding linked to social media. Published Oct 14, 2025 (same day as A0527), consistent with paper 310 (Carvalho & Ravindran 2025, JRA: social media and crystallized/fluid performance trajectories, which includes memory-related tasks) or paper 144 (Nagata 2026 Lancet Regional Health — Americas, spatial and verbal memory — but 2026 makes Oct 2025 coverage unlikely). Paper 310 (2025, UGA) is the best match for Oct 2025 coverage of social media and memory/cognitive outcomes.",95,
A0530,ABC7 Los Angeles,"UCLA, CHLA study looks at how kids grow up to be successful",https://abc7.com/post/ucla-study-looks-at-how-kids-grow-up-to-be-successful/1664717/,"12/19/2016, 08:00 AM, +0000 UTC",EXCLUDE,,,0.0,"general ABCD coverage, no specific paper from corpus; 2016 article predates all corpus papers","Published Dec 2016, predates all 69 INCLUDE papers (earliest corpus paper is 2019). Article about UCLA/CHLA study on child success — describes early ABCD study design, not a specific corpus paper finding.",95,
A0531,Levin Papantonio,Last Scroll for Alcohol? Study Links Teen Social Media Bingeing to Early Substance Use,https://levinlaw.com/newsroom/last-scroll-for-alcohol/,"11/20/2024, 08:00 AM, +0000 UTC",INCLUDE,106,L3,0.8,,"Title 'Last Scroll for Alcohol? Study Links Teen Social Media Bingeing to Early Substance Use' closely paraphrases the finding of paper 106 (Nagata et al. 2025, Drug and Alcohol Dependence: 'Prospective association between screen use modalities and substance use experimentation in early adolescents') — social media time predicts substance use experimentation (AOR 1.20). Published Nov 2024, consistent with early online publication of a 2025 paper. 'Social media bingeing' maps to high social media exposure; 'early substance use' maps to substance experimentation outcome.",106,
A0532,National Institute on Drug Abuse (NIDA) (.gov),Commercial interests contribute to drug use and addiction,https://nida.nih.gov/about-nida/noras-blog/2024/09/commercial-interests-contribute-to-drug-use-addiction,"09/26/2024, 07:00 AM, +0000 UTC",EXCLUDE,,,0.0,ABCD coverage of out-of-corpus topic; NIDA blog about commercial interests and addiction does not reference any corpus paper,"NIDA Director's blog 'Commercial interests contribute to drug use and addiction' (Sept 2024) addresses policy/commercial drivers of addiction broadly. Provisional paper 124 (Robertson 2022 JAD, screen time and internalizing disorder diagnoses) is not referenced by the article title or topic. No L1-L4 criteria met.",124,
A0533,Psych Central,Interview With U.S. Surgeon General Vivek Murthy on Youth Mental Health,https://psychcentral.com/health/us-surgeon-general-vivek-murthy-how-to-address-the-youth-mental-health-crisis,"04/28/2022, 07:00 AM, +0000 UTC",EXCLUDE,,,0.0,"general ABCD coverage of out-of-corpus topic; interview with Surgeon General about youth mental health broadly, no specific corpus paper referenced","Psych Central interview with Surgeon General Murthy (April 2022) discusses youth mental health crisis generally. Provisional paper 130 (Kiss 2022 J Adolescent Health, pandemic toll on young adolescents) is not uniquely identified — the Surgeon General advisory is a policy piece not about any specific ABCD paper. No L1-L4 criteria met.",130,
A0534,Everyday Health,Screen Time Before Bed: How to Make Sure Phone Use Doesn’t Ruin Your Sleep,https://www.everydayhealth.com/sleep/how-to-make-sure-phone-use-doesnt-ruin-your-sleep/,"12/10/2025, 08:00 AM, +0000 UTC",INCLUDE,"139,157",L3,0.65,,Title 'Screen Time Before Bed: How to Make Sure Phone Use Doesn't Ruin Your Sleep' is a general sleep/screen article published Dec 2025. Could reference paper 139 (Nagata 2024 J Adolescent Health: 'Bedtime Screen Use Behaviors and Sleep Outcomes in Early Adolescents') and/or paper 157 (Nagata 2023 Sleep Health: 'Bedtime screen use behaviors and sleep outcomes: Findings from the ABCD Study'). Both papers share first author Nagata and the same bedtime screen-sleep topic. Confidence below 0.7 because article body unavailable to confirm author/journal naming or specific quantitative finding.,"139,157",
A0535,UKNow,What a New Study Reveals About Selfies and Teenage Body Image,https://uknow.uky.edu/research/what-new-study-reveals-about-selfies-and-teenage-body-image,"05/29/2018, 07:00 AM, +0000 UTC",EXCLUDE,,,0.0,"temporal impossibility: 2018 article cannot cover 2026 paper; ABCD coverage of out-of-corpus topic (selfies and body image, different cohort/study era)","Published May 2018, provisional paper 150 is Nagata 2026 NeuroImage (social media and brain structure). A 2018 article cannot cover a 2026 paper. Article is about selfies and body image, not ABCD social media and brain structure.",150,
A0536,Motley Rice,Social Media and Self-Esteem: Mental Health Risks Explained,https://www.motleyrice.com/social-media-lawsuits/self-esteem,"03/05/2026, 08:00 AM, +0000 UTC",EXCLUDE,,,0.0,"general commentary, no specific ABCD paper from corpus identifiable; law firm litigation page about social media and self-esteem does not satisfy L1-L4 for paper 150","Motley Rice law firm page 'Social Media and Self-Esteem: Mental Health Risks Explained' (March 2026) is a litigation resource page. Provisional paper 150 (Nagata 2026 NeuroImage: social media and brain structure) concerns brain morphology, not self-esteem per se. No author name, journal, or specific quantitative finding paraphrase identifiable from title alone.",150,
A0537,Refinery29,What's Going On With Young Women Scribbling Out Their Faces On Insta? We Investigate,https://www.refinery29.com/en-ca/2019/08/240691/teen-girls-scribbling-faces-instagram-photos,"08/15/2019, 07:00 AM, +0000 UTC",EXCLUDE,,,0.0,temporal impossibility: 2019 article cannot cover 2026 paper; non-ABCD topic (Instagram aesthetic trend),"Published Aug 2019, provisional paper 150 is Nagata 2026 NeuroImage. A 2019 article cannot cover a 2026 paper. Article is about Instagram aesthetic trends (young women obscuring faces in photos), not ABCD brain structure research.",150,
A0538,Medical News Today,7 best night lights: Products and how to choose,https://www.medicalnewstoday.com/articles/best-night-lights,"08/10/2022, 07:00 AM, +0000 UTC",EXCLUDE,,,0.0,unrelated consumer product review; no ABCD coverage,'7 best night lights: Products and how to choose' is a product roundup with no relevance to any corpus paper. Provisional paper 156 (Hisler 2020 Sleep Health) is not referenced.,156,
A0539,Medical News Today,"Negative effects of technology: Psychological, social, and health",https://www.medicalnewstoday.com/articles/negative-effects-of-technology,"04/15/2025, 07:00 AM, +0000 UTC",EXCLUDE,,,0.0,general technology overview article; no specific ABCD paper from corpus identifiable,"'Negative effects of technology: Psychological, social, and health' (April 2025) is a general evergreen overview. Provisional paper 398 (Guerrero 2019 IJBNPA: screen time and problem behaviors) might be cited in passing, but a general overview article does not satisfy L3/L4 without evidence of a specific paraphrase of a corpus paper's distinctive finding.",398,
A0540,Psychiatry Online,National Trends in Suicidal Thoughts and Suicide Attempts Among High School Students in the United States,https://psychiatryonline.org/doi/10.1176/appi.ajp.20240706,"05/28/2025, 07:00 AM, +0000 UTC",EXCLUDE,,,0.0,"non-ABCD cohort; article is a different study (national HS trends, AJP journal article) unrelated to corpus paper 160","URL psychiatryonline.org/doi/10.1176/appi.ajp.20240706 is the American Journal of Psychiatry article on 'National Trends in Suicidal Thoughts and Suicide Attempts Among High School Students in the United States' — this is a non-ABCD study (YRBS-based) published in AJP. Provisional paper 160 (Chu 2023 Preventive Medicine, ABCD screen time and suicidal behaviors) is a different paper entirely.",160,
A0541,Psychiatry Online,The ABCD and HBCD Studies: Longitudinal Studies to Inform Prevention Science,https://www.psychiatryonline.org/doi/10.1176/appi.focus.20240016,"10/15/2024, 07:00 AM, +0000 UTC",EXCLUDE,,,0.0,"general ABCD coverage, no specific paper from corpus; article is an academic overview of the ABCD and HBCD longitudinal studies broadly","Title 'The ABCD and HBCD Studies: Longitudinal Studies to Inform Prevention Science' (Focus journal, Oct 2024) is a review/overview piece about the study infrastructure, not about any specific finding from the 69 corpus papers. Provisional papers 160 (Chu 2023) and 389 (Nagata 2023 BMC Public Health) are not specifically covered.","160,389",
A0542,Parents,"TikTok Launches Screen Time Limits for Teens: Too Little, Too Late?",https://www.parents.com/tiktok-launches-screen-time-limits-for-teens-7197989,"03/06/2023, 08:00 AM, +0000 UTC",EXCLUDE,,,0.0,"ABCD coverage of out-of-corpus topic; platform policy news, no specific corpus paper referenced","'TikTok Launches Screen Time Limits for Teens' (March 2023, Parents magazine) is a policy/platform news article. Provisional paper 160 (Chu 2023 Preventive Medicine, screen time and suicidal behaviors) is not referenced. No L1-L4 criteria met.",160,
A0543,UGA Today,Frequent social media use could impact child development,https://news.uga.edu/social-media-impacts-kids/,"03/25/2026, 07:00 AM, +0000 UTC",INCLUDE,"310,175",L4,0.88,,"UGA Today (University of Georgia press office) article 'Frequent social media use could impact child development' (March 2026) satisfies L4 for papers 310 and 175: UGA institution + social media topic + ABCD Study configuration. Paper 310 is Carvalho & Ravindran 2025 (UGA, Human Development and Family Science) 'Associations between social media and crystallized and fluid performance trajectories.' Paper 175 is Carvalho, Ravindran & Koss 2025 (UGA) 'Youth electronic media use and family conflict.' Both are UGA-affiliated ABCD papers in scope. The 'child development' framing maps to both cognitive trajectories (310) and family conflict/internalizing (175).","167,175,310",
A0544,UGA Today,"Cellphones lead to family conflict, mental health problems in kids",https://news.uga.edu/cellphones-family-conflict-mental-health/,"10/13/2025, 07:00 AM, +0000 UTC",INCLUDE,"175,310",L4,0.9,,"UGA Today 'Cellphones lead to family conflict, mental health problems in kids' (Oct 2025) satisfies L4 for paper 175 (Carvalho, Ravindran & Koss 2025 J Family Psychology: 'Youth electronic media use and family conflict: Bidirectional associations across early adolescence') — UGA institution + cellphone/electronic media topic + ABCD Study + family conflict outcome. May also cover paper 310 (Carvalho & Ravindran 2025, social media and cognitive trajectories from UGA). Primary match is paper 175 given 'family conflict, mental health problems' framing.","175,310",
A0545,futurity.org,Youth phone use can be bad for family bonds and mental health,https://www.futurity.org/screen-use-family-conflict-mental-health-problems-3299462/,"10/15/2025, 07:00 AM, +0000 UTC",INCLUDE,175,L3,0.82,,"Futurity.org 'Youth phone use can be bad for family bonds and mental health' (Oct 15, 2025) is a Futurity press release aggregator. Title paraphrases the finding of paper 175 (Carvalho, Ravindran & Koss 2025, J Family Psychology: 'Youth electronic media use and family conflict: Bidirectional associations') — phone use → family conflict (bonds) + mental health problems. Published same day as UGA Today A0544, consistent with coordinated press release distribution. L3: finding (phone use → family conflict + mental health) uniquely maps to paper 175 (at least two of: outcome type=family conflict, exposure=phone/EMU, sample=early adolescents, ABCD).",167,
A0546,Yahoo,"Frequent Social Media Use Related to Worse Reading Skills for Tweens and Teens, Study Finds",https://www.yahoo.com/news/articles/frequent-social-media-related-worse-182114530.html,"03/27/2026, 07:00 AM, +0000 UTC",INCLUDE,310,L3,0.88,,"Title 'Frequent Social Media Use Related to Worse Reading Skills for Tweens and Teens, Study Finds' (March 27, 2026) paraphrases a specific finding: social media exposure → worse reading skills in adolescents. This maps distinctively to paper 310 (Carvalho & Ravindran 2025, JRA: 'Associations between social media and crystallized and fluid performance trajectories') — crystallized intelligence/performance includes reading comprehension and verbal ability. The L3 match includes: outcome=reading/crystallized cognitive performance, exposure=social media, effect direction=negative, population=tweens/teens. UGA affiliation further supports linkage.","175,310",
A0547,ConsumerAffairs,Heavy social media use tied to declines in reading skills among adolescents,https://www.consumeraffairs.com/news/heavy-social-media-use-tied-to-declines-in-reading-skills-among-adolescents-032726.html,"03/27/2026, 07:00 AM, +0000 UTC",INCLUDE,310,L3,0.88,,"Title 'Heavy social media use tied to declines in reading skills among adolescents' (March 27, 2026) paraphrases same finding as A0546 — social media → reading skill decline in adolescents. Maps to paper 310 (Carvalho & Ravindran 2025 JRA: social media and crystallized/fluid performance trajectories including reading/verbal skills). Same date as A0546, consistent with syndicated coverage of the same press release. L3 criteria: outcome=reading skills, exposure=social media, direction=negative, population=adolescents.","175,310",
A0548,British Psychological Society,Does pre-teen screen time lead to later family conflict?,https://www.bps.org.uk/research-digest/does-pre-teen-screen-time-lead-later-family-conflict,"12/18/2025, 08:00 AM, +0000 UTC",INCLUDE,175,L3,0.85,,"BPS Research Digest 'Does pre-teen screen time lead to later family conflict?' (Dec 2025) paraphrases the research question and finding of paper 175 (Carvalho, Ravindran & Koss 2025, J Family Psychology: 'Youth electronic media use and family conflict: Bidirectional associations across early adolescence'). L3 criteria: outcome=family conflict, exposure=pre-teen screen time, temporal direction=prospective, population=early adolescents (ABCD). BPS Research Digest regularly covers ABCD papers and would name journal and author, satisfying L2 as well.",175,
A0549,respiratory-therapy.com,Youth Mental Health During the Pandemic,https://respiratory-therapy.com/disorders-diseases/infectious-diseases/coronavirus/these-factors-improved-youth-mental-health-during-covid-19-pandemic/,"05/02/2024, 08:04 PM, +0000 UTC",INCLUDE,177,L3,0.65,,"Title 'Youth Mental Health During the Pandemic' (May 2024, respiratory-therapy.com) may cover paper 177 (Kiss et al. 2023 Health Psychology: 'Effects of the COVID-19 pandemic on screen time and sleep in early adolescents'). The finding — pandemic effects on youth mental health via screen time and sleep changes — uniquely maps to paper 177 given ABCD + COVID + screen time + mental health configuration. However, confidence is below 0.7 because article body is unavailable and the title is generic enough that it could refer to non-corpus pandemic mental health research. Flagged for human review.",177,
A0550,Villanova University,Focus on the Front Line,https://www.villanova.edu/vu/magazine/spring-2024/features/focus-on-the-front-line.html,"02/16/2026, 04:49 AM, +0000 UTC",EXCLUDE,,,0.95,"out-of-corpus topic: Villanova University magazine feature about frontline healthcare workers, no connection to ABCD study or any corpus paper","Title 'Focus on the Front Line' from Villanova University magazine; no summary available. No author, journal, finding, or institution match to any corpus paper. Provisional paper 177 (Kiss 2023 Health Psychology) is about COVID screen time/sleep in ABCD — no linkage evidence.",177,
A0551,Wiley Online Library,The Wage Effect of the COVID‐19 Pandemic by Company Size: Evidence From Thailand,https://onlinelibrary.wiley.com/doi/abs/10.1002/jid.70025,"10/04/2025, 08:04 PM, +0000 UTC",EXCLUDE,,,0.99,"out-of-corpus topic: economics paper about wage effects of COVID-19 pandemic in Thailand, no connection to ABCD study or screen time research","Title 'The Wage Effect of the COVID-19 Pandemic by Company Size: Evidence From Thailand' is an economics study from Wiley Journal of International Development. No relation to ABCD study, screen time, smartphones, or social media. Provisional paper 177 is about COVID/screen time/sleep in US adolescents — entirely different content.",177,
A0552,Wiley Online Library,The effects of the COVID‐19 pandemic on the mental health of people with obesity,https://onlinelibrary.wiley.com/doi/abs/10.1002/smi.3359,"12/21/2023, 08:00 AM, +0000 UTC",EXCLUDE,,,0.99,"out-of-corpus topic: paper about COVID-19 effects on mental health of people with obesity, non-ABCD cohort, no connection to screen time/smartphone corpus","Title 'The effects of the COVID-19 pandemic on the mental health of people with obesity' from Stress and Medicine (Wiley). Non-ABCD cohort; focus is obesity and COVID mental health, not screen time or smartphone use as IV. No L1-L4 linkage to any corpus paper.",177,
A0553,Wiley Online Library,The Effect of Digital Era on Human Visual Working Memory - Tang - 2025 - Brain and Behavior,https://onlinelibrary.wiley.com/doi/full/10.1002/brb3.70220,"12/31/2024, 08:00 AM, +0000 UTC",EXCLUDE,,,0.92,"non-ABCD cohort: paper about digital era effects on visual working memory (Tang 2025, Brain and Behavior), different authors and cohort from corpus paper 190 (Sauce 2022 Scientific Reports, ABCD data)",Title 'The Effect of Digital Era on Human Visual Working Memory' by Tang (2025) in Brain and Behavior. Provisional paper 190 is Sauce 2022 Scientific Reports using ABCD data. Tang 2025 is a different study with different authors; no evidence this article covers paper 190 or any other corpus paper. No L1-L4 criteria met.,190,
A0554,Wiley Online Library,Identifying Risk and Protective Factors Impacting the Clinical Outcomes of Subthreshold Anxiety in Early Adolescents: Insights From the ABCD Study,https://onlinelibrary.wiley.com/doi/full/10.1155/da/6514030,"06/25/2025, 07:00 AM, +0000 UTC",EXCLUDE,,,0.85,"ABCD coverage of out-of-corpus topic: paper about risk/protective factors for subthreshold anxiety outcomes in ABCD Study, not about screen time or smartphones as primary IV","Title 'Identifying Risk and Protective Factors Impacting the Clinical Outcomes of Subthreshold Anxiety in Early Adolescents: Insights From the ABCD Study' from Wiley. Uses ABCD data but focuses on anxiety clinical outcomes and risk factors broadly — screen time/SM may appear as one of many risk factors but is not the primary IV. Provisional paper 381 (Zhang 2026, irritability/screen time temporal network) not evidenced. No specific L1-L4 match to any corpus paper.",381,
A0555,Centers for Disease Control and Prevention | CDC (.gov),"Effects of the COVID-19 Pandemic on Routine Pediatric Vaccine Ordering and Administration — United States, 2020",https://www.cdc.gov/mmwr/volumes/69/wr/mm6919e2.htm,"05/15/2020, 07:00 AM, +0000 UTC",EXCLUDE,,,0.99,"out-of-corpus topic: CDC MMWR report on effects of COVID-19 pandemic on routine pediatric vaccine ordering and administration, no connection to ABCD study or screen time research","Title 'Effects of the COVID-19 Pandemic on Routine Pediatric Vaccine Ordering and Administration — United States, 2020' from CDC MMWR. About vaccination, not screen time, smartphones, or social media. No L1-L4 linkage to any corpus paper.",177,
A0556,Centers for Disease Control and Prevention | CDC (.gov),Potential Indirect Effects of the COVID-19 Pandemic on Use ...,https://www.cdc.gov/mmwr/volumes/69/wr/mm6925e2.htm,"06/26/2020, 07:00 AM, +0000 UTC",EXCLUDE,,,0.99,"out-of-corpus topic: CDC MMWR report about indirect effects of COVID-19 pandemic on healthcare use/services, no connection to ABCD study or screen time research","Partial title 'Potential Indirect Effects of the COVID-19 Pandemic on Use...' from CDC MMWR. Based on URL (mm6925e2) this is about indirect pandemic effects on healthcare utilization. Not about ABCD study, screen time, or smartphones. No L1-L4 linkage to any corpus paper.",177,
A0557,Centers for Disease Control and Prevention | CDC (.gov),"Impact of Hospital Strain on Excess Deaths During the COVID-19 Pandemic — United States, July 2020–July 2021",https://www.cdc.gov/mmwr/volumes/70/wr/mm7046a5.htm,"11/19/2021, 08:00 AM, +0000 UTC",EXCLUDE,,,0.99,"out-of-corpus topic: CDC MMWR report on impact of hospital strain on excess deaths during COVID-19 pandemic, no connection to ABCD study or screen time research","Title 'Impact of Hospital Strain on Excess Deaths During the COVID-19 Pandemic — United States, July 2020–July 2021' from CDC MMWR. About hospital capacity and mortality — completely unrelated to ABCD screen time/smartphone corpus. No L1-L4 linkage.",177,
A0558,Centers for Disease Control and Prevention | CDC (.gov),Impact of the COVID-19 Pandemic on Administration ...,https://www.cdc.gov/mmwr/volumes/70/wr/mm7023a2.htm,"06/11/2021, 07:00 AM, +0000 UTC",EXCLUDE,,,0.99,"out-of-corpus topic: CDC MMWR report about COVID-19 pandemic impact on healthcare administration, no connection to ABCD study or screen time research","Partial title 'Impact of the COVID-19 Pandemic on Administration...' from CDC MMWR (mm7023a2). Healthcare administration focus, not screen time or adolescent smartphone/social media research. No L1-L4 linkage to any corpus paper.",177,
A0559,Centers for Disease Control and Prevention | CDC (.gov),"Delay or Avoidance of Medical Care Because of COVID-19–Related Concerns — United States, June 2020 | MMWR",https://www.cdc.gov/mmwr/volumes/69/wr/mm6936a4.htm,"09/11/2020, 07:00 AM, +0000 UTC",EXCLUDE,,,0.99,"out-of-corpus topic: CDC MMWR report on delay or avoidance of medical care due to COVID-19 concerns, no connection to ABCD study or screen time research","Title 'Delay or Avoidance of Medical Care Because of COVID-19-Related Concerns — United States, June 2020' from CDC MMWR. About healthcare access during pandemic — unrelated to ABCD study, screen time, or social media. No L1-L4 linkage.",177,
A0560,Centers for Disease Control and Prevention | CDC (.gov),Decline in Child Vaccination Coverage During the COVID-19 Pandemic ...,https://www.cdc.gov/mmwr/volumes/69/wr/mm6920e1.htm,"05/22/2020, 07:00 AM, +0000 UTC",EXCLUDE,,,0.99,"out-of-corpus topic: CDC MMWR report on decline in child vaccination coverage during COVID-19 pandemic, no connection to ABCD study or screen time research","Title 'Decline in Child Vaccination Coverage During the COVID-19 Pandemic...' from CDC MMWR. About vaccine coverage, not screen time or smartphone use in adolescents. No L1-L4 linkage to any corpus paper.",177,
A0561,Centers for Disease Control and Prevention | CDC (.gov),Notes from the Field: Update on Excess Deaths Associated...,https://www.cdc.gov/mmwr/volumes/70/wr/mm7015a4.htm,"04/16/2021, 07:00 AM, +0000 UTC",EXCLUDE,,,0.99,"out-of-corpus topic: CDC MMWR field notes on excess deaths during COVID-19 pandemic, no connection to ABCD study or screen time research",Partial title 'Notes from the Field: Update on Excess Deaths Associated...' from CDC MMWR. About mortality surveillance — entirely unrelated to ABCD screen time/smartphone corpus. No L1-L4 linkage.,177,
A0562,Drexel,Medical Care and Education in the Age of the COVID-19 Pandemic,https://drexel.edu/medicine/academics/md-program/scholars-programs/womens-health-education-program/whep-scholars/maureen-farrell/,"06/04/2025, 12:54 AM, +0000 UTC",EXCLUDE,,,0.99,"out-of-corpus topic: Drexel medical school page about medical care and education during COVID-19 pandemic, no connection to ABCD study or screen time research","Title 'Medical Care and Education in the Age of the COVID-19 Pandemic' from Drexel University College of Medicine (Women's Health Education Program scholar page). About medical education/care during pandemic — no relation to ABCD study, screen time, or social media. No L1-L4 linkage.",177,
A0563,Office of Advocacy (.gov),Issue Brief No. 16 – The Effects of the COVID-19 Pandemic on Small Businesses,https://advocacy.sba.gov/2021/03/02/the-effects-of-the-covid-19-pandemic-on-small-businesses/,"03/02/2021, 08:00 AM, +0000 UTC",EXCLUDE,,,0.99,"out-of-corpus topic: SBA Office of Advocacy brief on COVID-19 pandemic effects on small businesses, no connection to ABCD study or screen time research","Title 'Issue Brief No. 16 – The Effects of the COVID-19 Pandemic on Small Businesses' from SBA Office of Advocacy. Economics/business focus — entirely unrelated to ABCD study, adolescent screen time, or social media. No L1-L4 linkage.",177,
A0564,Duke Health,Analysis Details Lasting Effects of the Covid-19 Pandemic on Cancer Care,https://corporate.dukehealth.org/news/analysis-details-lasting-effects-covid-19-pandemic-cancer-care,"03/15/2023, 07:00 AM, +0000 UTC",EXCLUDE,,,0.99,"out-of-corpus topic: Duke Health news about lasting effects of COVID-19 pandemic on cancer care, no connection to ABCD study or screen time research",Title 'Analysis Details Lasting Effects of the Covid-19 Pandemic on Cancer Care' from Duke Health. About oncology care disruption during pandemic — completely unrelated to ABCD screen time/smartphone corpus. No L1-L4 linkage.,177,
A0565,Legislative Analyst’s Office (.gov),An Initial Look at Effects of the COVID-19 Pandemic on Local Government Fiscal Condition,https://lao.ca.gov/Publications/Report/4428,"05/12/2021, 07:00 AM, +0000 UTC",EXCLUDE,,,0.99,"out-of-corpus topic: California Legislative Analyst's Office report on COVID-19 pandemic effects on local government fiscal condition, no connection to ABCD study or screen time research","Title 'An Initial Look at Effects of the COVID-19 Pandemic on Local Government Fiscal Condition' from California LAO. About government finance — entirely unrelated to ABCD study, screen time, or social media. No L1-L4 linkage.",177,
A0566,Children's Hospital Association,7 Effects of the COVID-19 Pandemic on Kids,https://www.childrenshospitals.org/news/childrens-hospitals-today/2021/04/7-effects-of-the-covid19-pandemic-on-kids,"04/28/2021, 07:00 AM, +0000 UTC",EXCLUDE,,,0.92,"out-of-corpus topic: general article about COVID-19 effects on children from Children's Hospital Association, no specific ABCD corpus paper coverage",Title '7 Effects of the COVID-19 Pandemic on Kids' from Children's Hospital Association. A general overview article about COVID effects on children broadly — not tied to any specific ABCD study corpus paper on screen time/smartphones. Provisional paper 177 (Kiss 2023) is about COVID/screen time/sleep in ABCD; no evidence this general article covers that specific paper. No L1-L4 linkage.,177,
A0567,National Institute of Mental Health (NIMH) (.gov),COVID-19 Pandemic Associated With Worse Mental Health and Accelerated Brain Development in Adolescents,https://www.nimh.nih.gov/news/science-updates/2023/covid-19-pandemic-associated-with-worse-mental-health-and-accelerated-brain-development-in-adolescents,"01/26/2023, 08:00 AM, +0000 UTC",EXCLUDE,,,0.85,"ABCD coverage of out-of-corpus topic: NIMH science update about COVID-19 effects on adolescent mental health and accelerated brain development, likely covers a different ABCD paper focused on brain development rather than screen time/SM as IV","Title 'COVID-19 Pandemic Associated With Worse Mental Health and Accelerated Brain Development in Adolescents' from NIMH (Jan 2023). This NIMH article covers ABCD-based research on COVID and brain development/mental health — but the specific finding (accelerated brain development) does not match Kiss 2023 Health Psychology (paper 177) which examined screen time and sleep effects. The NIMH piece likely covers a different ABCD paper (e.g., Cheng/Barch on structural brain changes from COVID) outside the corpus. No L1-L4 match to any corpus paper.",177,
A0568,National Academy of Medicine,A Path to Improved Health Care Worker Well-Being: Lessons from the COVID-19 Pandemic,https://nam.edu/perspectives/a-path-to-improved-health-care-worker-well-being-lessons-from-the-covid-19-pandemic/,"04/07/2025, 03:47 PM, +0000 UTC",EXCLUDE,,,0.99,"out-of-corpus topic: National Academy of Medicine perspective on healthcare worker well-being lessons from COVID-19 pandemic, no connection to ABCD study or screen time research","Title 'A Path to Improved Health Care Worker Well-Being: Lessons from the COVID-19 Pandemic' from NAM. About healthcare workforce — entirely unrelated to ABCD study, adolescent screen time, or social media. No L1-L4 linkage.",177,
A0569,National Academy of Medicine,"Patients, Families, and Communities COVID-19 Impact Assessment: Lessons Learned and Compelling Needs",https://nam.edu/perspectives/patients-families-and-communities-covid-19-impact-assessment-lessons-learned-and-compelling-needs/,"02/26/2025, 11:48 PM, +0000 UTC",EXCLUDE,,,0.99,"out-of-corpus topic: National Academy of Medicine COVID-19 impact assessment of patients, families, and communities, no connection to ABCD study or screen time research","Title 'Patients, Families, and Communities COVID-19 Impact Assessment: Lessons Learned and Compelling Needs' from NAM. Broad public health COVID impact assessment — unrelated to ABCD study, screen time, or smartphone/social media research. No L1-L4 linkage.",177,
A0570,Bureau of Labor Statistics (.gov),Employment recovery in the wake of the COVID-19 pandemic,https://www.bls.gov/opub/mlr/2020/article/employment-recovery.htm,"12/29/2020, 07:26 PM, +0000 UTC",EXCLUDE,,,0.99,"out-of-corpus topic: BLS Monthly Labor Review article on employment recovery after COVID-19 pandemic, no connection to ABCD study or screen time research","Title 'Employment recovery in the wake of the COVID-19 pandemic' from Bureau of Labor Statistics. Economics/labor market focus — entirely unrelated to ABCD study, adolescent screen time, or social media. No L1-L4 linkage.",177,
A0571,Bureau of Labor Statistics (.gov),What the long-term impacts of the COVID-19 pandemic could mean for the future of IT jobs : Beyond the Numbers,https://www.bls.gov/opub/btn/volume-11/what-the-long-term-impacts-of-the-covid-19-pandemic-could-mean-for-the-future-of-it-jobs.htm,"02/24/2022, 08:00 AM, +0000 UTC",EXCLUDE,,,0.99,"out-of-corpus topic: BLS article on long-term impacts of COVID-19 pandemic on IT jobs, no connection to ABCD study or screen time research","Title 'What the long-term impacts of the COVID-19 pandemic could mean for the future of IT jobs' from Bureau of Labor Statistics. About technology workforce economics — entirely unrelated to ABCD study, adolescent screen time, or social media. No L1-L4 linkage.",177,
A0572,Bureau of Labor Statistics (.gov),How did employment change during the COVID-19 pandemic? Evidence from a new BLS survey supplement,https://www.bls.gov/opub/btn/volume-11/how-did-employment-change-during-the-covid-19-pandemic.htm,"01/04/2022, 08:00 AM, +0000 UTC",EXCLUDE,,,0.99,"out-of-corpus topic: BLS article on employment changes during COVID-19 pandemic, no connection to ABCD study or screen time research","Title 'How did employment change during the COVID-19 pandemic? Evidence from a new BLS survey supplement' from Bureau of Labor Statistics. Labor economics focus — entirely unrelated to ABCD study, adolescent screen time, or social media. No L1-L4 linkage.",177,
A0573,Bureau of Labor Statistics (.gov),"Unemployment rises in 2020, as the country battles the COVID-19 pandemic",https://www.bls.gov/opub/mlr/2021/article/unemployment-rises-in-2020-as-the-country-battles-the-covid-19-pandemic.htm,"06/11/2021, 01:40 AM, +0000 UTC",EXCLUDE,,,0.99,"out-of-corpus topic: BLS Monthly Labor Review article on unemployment during COVID-19 pandemic, no connection to ABCD study or screen time research","Title 'Unemployment rises in 2020, as the country battles the COVID-19 pandemic' from Bureau of Labor Statistics. Labor/economics focus — entirely unrelated to ABCD study, adolescent screen time, or social media. No L1-L4 linkage.",177,
A0574,NOAA National Centers for Environmental Information (NCEI) (.gov),Exploring the Effects of COVID-19 Pandemic on Ocean Observing,https://www.ncei.noaa.gov/news/exploring-effects-covid-19-pandemic-ocean-observing,"01/03/2023, 08:00 AM, +0000 UTC",EXCLUDE,,,0.99,"out-of-corpus topic: NOAA article on COVID-19 pandemic effects on ocean observing systems, no connection to ABCD study or screen time research","Title 'Exploring the Effects of COVID-19 Pandemic on Ocean Observing' from NOAA National Centers for Environmental Information. About oceanographic data collection — entirely unrelated to ABCD study, adolescent screen time, or social media. No L1-L4 linkage.",177,
A0575,Unicef,Effects of the COVID-19 pandemic on adolescent and youth nutrition and physical activity,https://www.unicef.org/lac/en/effects-of-covid-19-pandemic-on-adolescent-and-youth-nutrition-and-physical-activity,"03/03/2021, 02:43 PM, +0000 UTC",EXCLUDE,,,0.0,"out-of-corpus topic — UNICEF article on COVID-19 effects on adolescent nutrition and physical activity in Latin America; no mention of ABCD, screen time, or sleep research","Title and URL ('effects-of-covid-19-pandemic-on-adolescent-and-youth-nutrition-and-physical-activity') are about nutrition/PA policy, not the Kiss 2023 Health Psychology ABCD screen-time/sleep paper provisionally tagged.",177,
A0576,Bureau of Economic Analysis (BEA) (.gov),COVID-19 and Recovery: Estimates From Payment Card Transactions,https://www.bea.gov/recovery/estimates-from-payment-card-transactions/old,"05/08/2023, 07:54 AM, +0000 UTC",EXCLUDE,,,0.0,unrelated — Bureau of Economic Analysis article on COVID-19 economic recovery via payment card transactions; no connection to any corpus paper,"Title 'COVID-19 and Recovery: Estimates From Payment Card Transactions' from BEA.gov is an economics report with no relevance to ABCD, screen time, or sleep.",177,
A0577,Federal Reserve (.gov),"The Fed - The Effects of COVID-19, as Reported by Local Communities",https://www.federalreserve.gov/econres/notes/feds-notes/the-effects-of-covid-19-as-reported-by-local-communities-20210212.htm,"02/12/2021, 08:00 AM, +0000 UTC",EXCLUDE,,,0.0,unrelated — Federal Reserve article on local community COVID-19 effects (economic); no connection to any corpus paper,Federal Reserve FEDS Notes on community-reported COVID economic effects; no ABCD or screen-time content.,177,
A0578,Philadelphia Federal Reserve Bank,The Lingering Fiscal Effects of the COVID-19 Pandemic on Higher Education,https://www.philadelphiafed.org/consumer-finance/education-finance/the-lingering-fiscal-effects-of-the-covid-19-pandemic-on-higher-education,"05/12/2021, 02:39 PM, +0000 UTC",EXCLUDE,,,0.0,unrelated — Philadelphia Fed article on fiscal effects of COVID-19 on higher education; no connection to any corpus paper,"Title 'The Lingering Fiscal Effects of the COVID-19 Pandemic on Higher Education' is a higher-education finance article, not an ABCD screen-time/sleep study.",177,
A0579,World Health Organization (WHO),The cost of inaction: COVID-19-related service disruptions could cause hundreds of thousands of extra deaths from HIV,https://www.who.int/news/item/11-05-2020-the-cost-of-inaction-covid-19-related-service-disruptions-could-cause-hundreds-of-thousands-of-extra-deaths-from-hiv,"05/11/2020, 07:00 AM, +0000 UTC",EXCLUDE,,,0.0,unrelated — WHO article on COVID-19 service disruptions and HIV deaths; no connection to any corpus paper,"WHO news item about HIV service disruptions during COVID-19; no ABCD, screen time, or adolescent mental health content.",177,
A0580,ReliefWeb,The effects of the COVID-19 pandemic on trafficking in persons and the responses to the challenges,https://reliefweb.int/report/world/effects-covid-19-pandemic-trafficking-persons-and-responses-challenges,"07/09/2021, 07:00 AM, +0000 UTC",EXCLUDE,,,0.0,unrelated — ReliefWeb article on COVID-19 effects on human trafficking; no connection to any corpus paper,ReliefWeb report on trafficking in persons during COVID-19; entirely off-topic from ABCD corpus.,177,
A0581,Welcome to the United Nations,"COVID-19 could reverse decades of progress toward eliminating preventable child deaths, agencies warn",https://www.un.org/development/desa/en/news/population/igmereport.html,"09/09/2020, 07:00 AM, +0000 UTC",EXCLUDE,,,0.0,unrelated — UN/DESA article on COVID-19 reversing progress on preventable child deaths; no connection to any corpus paper,"UN population news about child mortality during COVID-19; no ABCD, screen time, or sleep content.",177,
A0582,Gallup News,"Pandemic Hurt Children's Social Skills, Mental Health Most",https://news.gallup.com/poll/658100/pandemic-hurt-children-social-skills-mental-health.aspx,"03/13/2025, 07:00 AM, +0000 UTC",EXCLUDE,,,0.0,out-of-corpus topic — Gallup poll article on pandemic impacts on children's social skills and mental health; no specific ABCD paper from corpus cited,Gallup survey-based article (2025) on pandemic effects on children generally; no reference to ABCD study data or any corpus paper (Kiss 2023 Health Psychology or others).,177,
A0583,KMUW,'Far from over': Kansas schools still see COVID's effects on learning and behavior,https://www.kmuw.org/2025-05-22/far-from-over-kansas-schools-still-see-covids-effects-on-learning-and-behavior,"05/22/2025, 07:00 AM, +0000 UTC",EXCLUDE,,,0.0,out-of-corpus topic — local news article on COVID's lasting effects on Kansas school learning and behavior; no ABCD or corpus paper reference,KMUW radio article about Kansas schools post-COVID; no connection to ABCD data or any corpus paper.,177,
A0584,Center for Global Development,"Exploring the Effects of the COVID-19 Pandemic on Low-Cost Private Schools in Nairobi, Kenya",https://www.cgdev.org/publication/exploring-effects-covid-19-pandemic-low-cost-private-schools-nairobi-kenya,"10/19/2022, 07:00 AM, +0000 UTC",EXCLUDE,,,0.0,"unrelated — Center for Global Development article on COVID-19 effects on low-cost private schools in Nairobi, Kenya; no connection to any corpus paper",Global education policy article about Nairobi schools; entirely outside ABCD screen-time/social media corpus.,177,
A0585,BMJ Global Health,The impact of the COVID-19 pandemic on hospital utilisation in Sierra Leone,https://gh.bmj.com/content/6/10/e005988,"10/12/2021, 02:21 AM, +0000 UTC",EXCLUDE,,,0.0,unrelated — BMJ Global Health article on COVID-19 and hospital utilization in Sierra Leone; no connection to any corpus paper,Global health article on Sierra Leone hospital use during COVID-19; no ABCD or screen-time content.,177,
A0586,American College of Surgeons,The Importance of Advocacy Increased during the Pandemic,https://www.facs.org/for-medical-professionals/news-publications/news-and-articles/bulletin/2022/august-2022-volume-107-number-8/the-importance-of-advocacy-increased-during-the-pandemic/,"08/01/2022, 07:00 AM, +0000 UTC",EXCLUDE,,,0.0,unrelated — American College of Surgeons article on advocacy during the pandemic; no connection to any corpus paper,Surgical advocacy article from FACS Bulletin; no ABCD or corpus paper content.,177,
A0587,Reason Magazine,Parents share blame for problematic phone use among teens,https://reason.com/2024/06/17/parents-not-lax-regulation-to-blame-for-tweens-excessive-screen-time/,"06/17/2024, 07:00 AM, +0000 UTC",INCLUDE,184,L4,0.72,,"Reason Magazine article titled 'Parents share blame for problematic phone use among teens' (URL slug: 'parents-not-lax-regulation-to-blame-for-tweens-excessive-screen-time') aligns with paper 184 (Nagata 2025 Pediatric Research) on media parenting practices and adolescent problematic SM/phone use. Institution (UCSF Nagata lab), topic (parental media practices → SMAQ/MPIQ in ABCD), and ABCD configuration are a plausible match, but no body text is available to confirm author or journal naming. Confidence moderate; human review recommended.",184,
A0588,Shorenstein Asia-Pacific Research Center,When Children Stop Going to School in Japan: Rethinking Compulsory Education and the Role of Journalism,https://aparc.fsi.stanford.edu/events/when-children-stop-going-school-japan-rethinking-compulsory-education-and-role-journalism,"03/30/2026, 07:00 AM, +0000 UTC",EXCLUDE,,,0.0,unrelated — Stanford Asia-Pacific event notice on Japanese compulsory education and school refusal; no connection to paper 190 or any corpus paper,"Event announcement about Japanese school attendance issues; no ABCD, digital media, or children's intelligence content.",190,
A0589,The Fast Mode,Proximus Launches Mobile Kids: A Safe First Smartphone Experience for Children,https://www.thefastmode.com/services-and-innovations/47938-proximus-launches-mobile-kids-a-safe-first-smartphone-experience-for-children,"04/03/2026, 05:34 AM, +0000 UTC",EXCLUDE,,,0.0,unrelated — telecom industry news about Proximus launching a children's smartphone product; no connection to paper 190 or any corpus paper,"Product launch press release for a Belgian telecom; no ABCD, scientific study, or screen-time research content.",190,
A0590,Issuewire,Vadodara Student Hani Prajapati Leads Digital Transformation Through Devotional Content,https://www.issuewire.com/vadodara-student-hani-prajapati-leads-digital-transformation-through-devotional-content-1852814928338514,"05/01/2026, 09:22 AM, +0000 UTC",EXCLUDE,,,0.0,unrelated — press release about an Indian student creating devotional digital content; no connection to paper 190 or any corpus paper,Issuewire PR about a student's devotional content on digital platforms; no relevance to ABCD or screen-time research.,190,
A0591,"University of Washington, College of Arts and Sciences",A Closer Look at Teens & Digital Technology,https://artsci.washington.edu/news/2024-02/closer-look-teens-digital-technology,"02/01/2024, 08:00 AM, +0000 UTC",EXCLUDE,,,0.0,out-of-corpus topic — University of Washington general commentary on teens and digital technology; no specific ABCD corpus paper cited,UW College of Arts and Sciences article provides general overview of teen digital technology research; no body text available and no evidence it references paper 190 (Sauce 2022 Scientific Reports on digital media and children's intelligence from a different institution).,190,
A0592,"Fundación ""la Caixa""","María Angustias Salmerón: “If your child needs to carry a mobile to go and buy a loaf of bread, it’s better not to let them go”",https://mediahub.fundacionlacaixa.org/en/social/social-programmes/childhood/2025-12-09/maria-angustias-salmeron-digital-health-childhood-adolescence-7844.html,"12/09/2025, 08:00 AM, +0000 UTC",EXCLUDE,,,0.0,unrelated — Fundación la Caixa opinion piece on children and mobile phone use; no connection to paper 190 or any corpus paper,Spanish foundation opinion piece about parental guidance on children's phone use; no ABCD or scientific corpus paper reference.,190,
A0593,Newsweek,Prince Harry and Meghan Appear to Step Back From Major Project,https://www.newsweek.com/entertainment/harry-meghan-markle-step-back-archewell-parents-network-11345707,"01/13/2026, 08:00 AM, +0000 UTC",EXCLUDE,,,0.0,unrelated — Newsweek celebrity news article about Prince Harry and Meghan Markle stepping back from Archewell Parents Network; no connection to any corpus paper,Entertainment/celebrity article entirely unrelated to ABCD or any corpus paper.,190,
A0594,newsweek.com,"Neurons Different in Children with Autism, Study Finds",https://www.newsweek.com/neurons-different-children-autism-study-1967219,"Oct 10, 2024",EXCLUDE,,,0.0,ABCD coverage of out-of-corpus topic — article covers University of Rochester neuroscience study on neuronal differences in children with autism using ABCD data; no smartphone/social media focus,Newsweek article uses ABCD study data but covers autism-related neuronal differences at University of Rochester; no overlap with any corpus paper on phone/social media exposure.,,The University of Rochester neuroscientists used data from the Adolescent Brain Cognitive Development (ABCD) study database: a large long-term study of brain ...
A0595,newsweek.com,Neuroscientists Reveal Key Brain Differences Between ...,https://www.newsweek.com/neuroscientists-brain-sex-gender-1924056,"Jul 12, 2024",EXCLUDE,,,0.0,ABCD coverage of out-of-corpus topic — article covers brain sex/gender differences using ABCD fMRI data; no smartphone/social media focus,"Newsweek summary of a brain imaging study on sex differences using ABCD (n=4,757 fMRI); no phone/SM variables or corpus paper match.",,"""Using data from the Adolescent Brain Cognitive Development Study with 4,757 participants, we analyzed functional MRI data to see how different brain ..."
A0596,Dentsu,dentsu,https://www.dentsu.com/ie/en/blog/sound-affects-4,"01/30/2026, 08:00 AM, +0000 UTC",EXCLUDE,,,0.0,unrelated — Dentsu advertising/marketing blog post; no connection to paper 190 or any corpus paper,Dentsu Ireland blog ('Sound Affects 4') is an advertising industry content piece; no ABCD or scientific content.,190,
A0597,South China Morning Post,Can banning PUBG fight extremism? Indonesia proposes video game curbs,https://www.scmp.com/week-asia/health-environment/article/3333280/indonesia-mulls-violent-video-game-ban-after-mosque-bombing-can-fight-extremism,"11/19/2025, 08:00 AM, +0000 UTC",EXCLUDE,,,0.0,unrelated — South China Morning Post article on Indonesia considering violent video game bans after extremist attack; no connection to paper 190 or any corpus paper,SCMP article about Indonesian policy on violent video games and extremism; entirely different topic and cohort from paper 190.,190,
A0598,PR Newswire,The Impact Of Digital Media On Children's Health,https://www.prnewswire.com/news-releases/the-impact-of-digital-media-on-childrens-health-300727235.html,"10/08/2018, 07:00 AM, +0000 UTC",EXCLUDE,,,0.0,unrelated — 2018 PR Newswire press release on general digital media and children's health (predates paper 190 by 4 years); no ABCD content,"PR from October 2018 on a general digital media/children's health topic; paper 190 (Sauce 2022) did not exist yet, and no ABCD corpus connection is evident.",190,
A0599,PR Newswire,Children's Hospital of Philadelphia Study Links Smartphone Ownership in Childhood to Increased Risk of Depression and Obesity in Youth,https://www.prnewswire.com/news-releases/childrens-hospital-of-philadelphia-study-links-smartphone-ownership-in-childhood-to-increased-risk-of-depression-and-obesity-in-youth-302627044.html,"12/01/2025, 08:00 AM, +0000 UTC",INCLUDE,431,L4,0.92,,"PR Newswire headline 'Children's Hospital of Philadelphia Study Links Smartphone Ownership in Childhood to Increased Risk of Depression and Obesity in Youth' matches paper 431 (Barzilay 2026 Pediatrics) on all four L4 elements: institution (Children's Hospital of Philadelphia), topic (smartphone ownership → depression and obesity), ABCD Study configuration, and unique mapping (OR findings for depression and obesity from ABCD data match paper 431 Table 1). Press releases of this form almost certainly name the journal (Pediatrics) and lead author (Barzilay), likely satisfying L2 as well.",431,
A0600,UC Irvine News,Faculty member receives grant to study the impact of digital media on child development,https://news.uci.edu/2020/09/14/associate-professor-of-education-receives-grant-to-study-impact-of-digital-media-on-child-development/,"09/14/2020, 07:00 AM, +0000 UTC",EXCLUDE,,,0.95,general digital media/child development research coverage; no evidence of ABCD Study or any specific corpus paper,"Title references a faculty grant to study digital media on child development at UC Irvine (2020). No summary text. No mention of ABCD Study, no author, journal, or finding uniquely mapping to any of the 69 candidate papers. Provisional link to paper 190 (Sauce 2022 Scientific Reports) is implausible — Sauce is at Karolinska/Stockholm, not UC Irvine, and the paper was published in 2022 after this article.",190,
A0601,UC Irvine News,How a protein breaks free to cause deadly cancers,https://news.uci.edu/2022/07/18/how-a-protein-breaks-free-to-cause-deadly-cancers/,"07/18/2022, 07:00 AM, +0000 UTC",EXCLUDE,,,0.99,completely unrelated topic (cancer biology),"Title: 'How a protein breaks free to cause deadly cancers' — UC Irvine news item about cancer research. No connection to smartphone, social media, screen time, ABCD Study, or any candidate paper.",190,
A0602,Rappler,Social media regulation in PH: Experts push for ‘age-appropriate’ framework for minors,https://www.rappler.com/technology/features/children-safety-social-media-bills-philippines-senate-hearing-february-11-2026/,"02/14/2026, 08:00 AM, +0000 UTC",EXCLUDE,,,0.99,policy/regulatory article about Philippines social media legislation; non-ABCD cohort and no corpus paper linkage,"Title: 'Social media regulation in PH: Experts push for age-appropriate framework for minors' — Rappler article about Philippine Senate hearings on children's social media safety. Policy/regulatory in scope, no mention of ABCD Study or any candidate paper. No L1-L4 criteria satisfied.",190,
A0603,USC Dornsife,Is social media scrambling our sanity?,https://dornsife.usc.edu/news/stories/social-media-detox-dornsife-dialogues/,"02/21/2024, 08:00 AM, +0000 UTC",EXCLUDE,,,0.95,general social media and mental health commentary; no specific corpus paper referenced,"Title: 'Is social media scrambling our sanity?' from USC Dornsife Dialogues (2024). General opinion/commentary piece about social media and wellbeing. No summary available. No evidence of ABCD Study citation, no author+journal pairing, no distinctive finding mapping to any of the 69 candidate papers.",190,
A0604,Ammon News,Zarqa University concludes Int'l Digital Communication Conference 2025,https://en.ammonnews.net/article/86449,"11/06/2025, 08:00 AM, +0000 UTC",EXCLUDE,,,0.99,unrelated topic (university conference on digital communication in Jordan),Title: 'Zarqa University concludes Int'l Digital Communication Conference 2025' from Ammon News. Conference proceedings at a Jordanian university. No connection to ABCD Study or any candidate paper.,190,
A0605,News · Lafayette College,Gloria Mark to deliver April 15 Jones Visiting Lecture,https://news.lafayette.edu/2024/04/03/gloria-mark-to-deliver-april-15-jones-visiting-lecture/,"04/03/2024, 07:00 AM, +0000 UTC",EXCLUDE,,,0.97,event announcement for visiting lecture; no ABCD corpus paper referenced,Title: 'Gloria Mark to deliver April 15 Jones Visiting Lecture' at Lafayette College (2024). Gloria Mark is a researcher on attention and digital technology but is not an author on any of the 69 candidate papers. No ABCD Study linkage. L1-L4 not satisfied.,190,
A0606,globaldata.com,COVID-19 Accelerates Digital Media Market,https://www.globaldata.com/data-insights/macroeconomic/covid-19-accelerates-digital-media-market/,"09/22/2022, 02:48 AM, +0000 UTC",EXCLUDE,,,0.99,unrelated topic (digital media market analysis/industry report),"Title: 'COVID-19 Accelerates Digital Media Market' from GlobalData (2022). Market analysis of digital media industry growth. No connection to ABCD Study, child cognitive outcomes, or any candidate paper.",190,
A0607,Food and Agriculture Organization,FAO hosts live conversation on how youth are reshaping African agriculture through digital innovation,https://www.fao.org/africa/news-stories/news-detail/fao-hosts-live-conversation-on-how-youth-are-reshaping-african-agriculture-through-digital-innovation/en,"05/26/2025, 07:00 AM, +0000 UTC",EXCLUDE,,,0.99,unrelated topic (digital innovation in African agriculture),"Title: 'FAO hosts live conversation on how youth are reshaping African agriculture through digital innovation' from FAO (2025). Entirely unrelated to ABCD Study, smartphone/social media health outcomes, or any candidate paper.",190,
A0608,India Today,Madhuri Dixit says sons need not act; can be YouTubers like Dr Nene,https://www.indiatoday.in/movies/bollywood/story/madhuri-dixit-shriram-nene-digital-media-family-health-wellness-2830318-2025-12-03,"12/03/2025, 08:00 AM, +0000 UTC",EXCLUDE,,,0.99,unrelated topic (celebrity/entertainment article about Bollywood actress),Title: 'Madhuri Dixit says sons need not act; can be YouTubers like Dr Nene' from India Today (2025). Celebrity entertainment article with no connection to ABCD Study or any candidate paper.,190,
A0609,Idéal Investisseur,"Proximus Targets Children with Mobile Kids, Its New Family Offering",https://www.ideal-investisseur.fr/en/actions-b/proximus-targets-children-with-mobile-kids-its-new-family-offering/16933.html,"04/02/2026, 07:00 AM, +0000 UTC",EXCLUDE,,,0.99,unrelated topic (telecom/mobile product launch for children),"Title: 'Proximus Targets Children with Mobile Kids, Its New Family Offering' from Ideal Investisseur (2026). Telecom industry product news. No connection to ABCD Study or any candidate paper.",190,
A0610,ET Edge Insights,Government cracks down on OTT platforms streaming explicit content,https://etedge-insights.com/industry/media-and-entertainment/government-cracks-down-on-ott-platforms-streaming-explicit-content/,"07/29/2025, 07:00 AM, +0000 UTC",EXCLUDE,,,0.99,unrelated topic (Indian government regulation of OTT streaming platforms),Title: 'Government cracks down on OTT platforms streaming explicit content' from ET Edge Insights (2025). Indian media regulation policy article. No connection to ABCD Study or any candidate paper.,190,
A0611,Broadcast Law Blog,Copyright Office Initiates Study of “Ancillary Copyright Protections” Accorded to Publishers – Reviewing News Aggregation and Digital Media’s Use of News Content from Traditional Sources,https://www.broadcastlawblog.com/2021/10/articles/copyright-office-initiates-study-of-ancillary-copyright-protections-accorded-to-publishers-reviewing-news-aggregation-and-digital-medias-use-of-news-content-from-t/,"10/20/2021, 07:00 AM, +0000 UTC",EXCLUDE,,,0.99,unrelated topic (copyright law and news aggregation policy),Title: 'Copyright Office Initiates Study of Ancillary Copyright Protections...' from Broadcast Law Blog (2021). Copyright law article. No connection to ABCD Study or any candidate paper.,190,
A0612,Education Week,"How AI Products Can Promote Child Development, Not Just a ‘Commercial Mindset’",https://marketbrief.edweek.org/product-development/how-ai-products-can-promote-child-development-not-just-a-commercial-mindset/2024/03,"03/04/2024, 08:00 AM, +0000 UTC",EXCLUDE,,,0.97,general AI/ed-tech and child development commentary; no specific ABCD corpus paper referenced,"Title: 'How AI Products Can Promote Child Development, Not Just a Commercial Mindset' from Education Week (2024). Commentary on AI tools and child development. No summary available. No ABCD Study citation, no author+journal pairing mapping to any of the 69 candidate papers.",190,
A0613,vocal.media,The impact of digital media on traditional arts | Feast,https://vocal.media/feast/the-impact-of-digital-media-on-traditional-arts,"02/23/2025, 08:15 PM, +0000 UTC",EXCLUDE,,,0.99,unrelated topic (digital media's effect on traditional arts),Title: 'The impact of digital media on traditional arts' from vocal.media (2025). Cultural/arts commentary. No connection to ABCD Study or any candidate paper.,190,
A0614,vocal.media,Politics and Its Impact on Society: Shaping the Present and Future,https://vocal.media/humans/politics-and-its-impact-on-society-shaping-the-present-and-future,"06/28/2023, 01:24 PM, +0000 UTC",EXCLUDE,,,0.99,unrelated topic (politics and society general commentary),Title: 'Politics and Its Impact on Society: Shaping the Present and Future' from vocal.media (2023). General political commentary. No connection to ABCD Study or any candidate paper.,190,
A0615,The London School of Economics and Political Science,"Book Review: Digital Media and Society: Transforming Economics, Politics and Social Practices by Andrew White",https://blogs.lse.ac.uk/lsereviewofbooks/2014/11/03/book-review-digital-media-and-society-transforming-economics-politics-and-social-practices-by-andrew-white/,"11/03/2014, 08:00 AM, +0000 UTC",EXCLUDE,,,0.99,unrelated topic (2014 book review on digital media and society),"Title: 'Book Review: Digital Media and Society: Transforming Economics, Politics and Social Practices by Andrew White' from LSE (2014). Pre-dates ABCD Study; book review on media sociology. No connection to any candidate paper.",190,
A0616,The London School of Economics and Political Science,‘Is that appropriate?’ Parental judgements about the risks and opportunities of teenagers’ digital media use,https://blogs.lse.ac.uk/parenting4digitalfuture/2020/09/23/parental-judgements-about-risks-and-opportunities/,"09/23/2020, 07:00 AM, +0000 UTC",EXCLUDE,,,0.97,general parental digital media guidance commentary; no specific ABCD corpus paper referenced,Title: 'Is that appropriate? Parental judgements about the risks and opportunities of teenagers' digital media use' from LSE Parenting for a Digital Future blog (2020). Commentary/opinion on parenting and digital media risks. No evidence of ABCD Study citation or any candidate paper linkage. L1-L4 not satisfied.,190,
A0617,epha.org,Strengthening countries' cooperation to safeguard children and adolescents from screen addiction and to protect mental health,https://epha.org/strengthening-countries-cooperation-to-safeguard-children-and-adolescent-from-screen-addiction-and-protect-mental-health/,"09/24/2024, 07:00 AM, +0000 UTC",EXCLUDE,,,0.97,general policy/advocacy article on screen addiction and children's mental health; no specific ABCD corpus paper referenced,"Title: 'Strengthening countries' cooperation to safeguard children and adolescents from screen addiction and to protect mental health' from EPHA (2024). Policy advocacy article. No summary available. No ABCD Study citation, no author+journal pairing mapping to any of the 69 candidate papers. L1-L4 not satisfied.",190,
A0618,Berkman Klein Center,The Arab Networked Public Sphere: Social Mobilization Post-Revolutions,https://cyber.harvard.edu/events/2015/04/NetworkedPublicSphere,"05/30/2024, 07:00 AM, +0000 UTC",EXCLUDE,,,0.99,unrelated topic (Arab social media and political mobilization),Title: 'The Arab Networked Public Sphere: Social Mobilization Post-Revolutions' from Berkman Klein Center (event 2015). About Arab Spring and social media political mobilization. No connection to ABCD Study or any candidate paper.,190,
A0619,Seton Hall,Earn Adobe Badges for a Chance to Win!,https://www.shu.edu/technology/news/adobe-creative-skills-series-raffle.html,"04/27/2023, 07:00 AM, +0000 UTC",EXCLUDE,,,0.99,unrelated topic (Adobe Creative Skills certificate program at Seton Hall),Title: 'Earn Adobe Badges for a Chance to Win!' from Seton Hall University (2023). Adobe skills training promotional announcement. No connection to ABCD Study or any candidate paper.,190,
A0620,Aftermarket Matters,Digital influence on automotive parts and accessories market to reach $218 billion by 2028,https://www.aftermarketmatters.com/national-news/digital-influence-on-automotive-parts-and-accessories-market-to-reach-218-billion-by-2028/,"12/19/2022, 08:00 AM, +0000 UTC",EXCLUDE,,,0.99,unrelated topic (automotive parts market digital influence report),Title: 'Digital influence on automotive parts and accessories market to reach $218 billion by 2028' from Aftermarket Matters (2022). Industry market analysis. No connection to ABCD Study or any candidate paper.,190,
A0621,The Barbell Spin,Setting the Standard: Redefining Wellness in the Digital Era,https://thebarbellspin.com/fitness/setting-the-standard-redefining-wellness-in-the-digital-era/,"06/11/2024, 07:00 AM, +0000 UTC",EXCLUDE,,,0.99,unrelated topic (general wellness and digital era lifestyle article),Title: 'Setting the Standard: Redefining Wellness in the Digital Era' from The Barbell Spin (2024). General health/fitness lifestyle article. No connection to ABCD Study or any candidate paper.,190,
A0622,UW–Madison News,UW–Madison graduate named Knight-Hennessy Scholar,https://news.wisc.edu/uw-madison-graduate-named-knight-hennessy-scholar/,"05/04/2020, 07:00 AM, +0000 UTC",EXCLUDE,,,0.99,unrelated topic (UW-Madison graduate scholarship announcement),Title: 'UW-Madison graduate named Knight-Hennessy Scholar' from UW-Madison News (2020). University scholarship announcement. No connection to ABCD Study or any candidate paper.,190,
A0623,Newsroom | UCLA,Think Again,https://newsroom.ucla.edu/magazine/technology-good-or-bad,"04/01/2013, 07:00 AM, +0000 UTC",EXCLUDE,,,0.99,unrelated topic (2013 UCLA magazine piece on technology generally; pre-dates ABCD Study),Title: 'Think Again' from UCLA Newsroom (2013). Pre-dates the ABCD Study (launched 2015); general commentary on technology. No connection to any candidate paper.,190,
A0624,Asia Society,The App Generation: What Are They Like?,https://asiasociety.org/hong-kong/app-generation-what-are-they,"03/21/2016, 05:25 AM, +0000 UTC",EXCLUDE,,,0.99,unrelated topic (2016 Asia Society piece on 'App Generation'; pre-dates ABCD Study data),Title: 'The App Generation: What Are They Like?' from Asia Society (2016). References Howard Gardner's 'App Generation' book concept. Pre-dates ABCD Study data collection and publications; no connection to any of the 69 candidate papers.,190,
A0625,Justice in Conflict,Has Social Media Successfully Reinvented Social Activism?,https://justiceinconflict.org/2012/06/02/has-social-media-reinvented-social-activism-a-debate/,"06/02/2012, 07:00 AM, +0000 UTC",EXCLUDE,,,0,"out-of-corpus topic — political/social activism debate, no ABCD study reference",2012 blog post on whether social media reinvented social activism. No connection to any ABCD paper or child/adolescent health outcome.,190,
A0626,Fortune,Smartphone addiction: Do you have a problem?,https://fortune.com/well/article/phone-addiction-how-to-spot-signs/,"08/16/2024, 07:00 AM, +0000 UTC",EXCLUDE,,,0,"out-of-corpus topic — general adult smartphone addiction advice article, no ABCD study reference","Fortune article on recognizing smartphone addiction signs in general adults. No ABCD cohort, no specific corpus paper referenced.",190,
A0627,Annenberg School for Communication,Annenberg Welcomes Visiting Scholars and Postdoctoral Fellows for 2024-25,https://www.asc.upenn.edu/news-events/news/annenberg-welcomes-visiting-scholars-and-postdoctoral-fellows-2024-25,"09/04/2024, 07:00 AM, +0000 UTC",EXCLUDE,,,0,"out-of-corpus topic — institutional faculty/postdoc welcome announcement, no ABCD paper referenced",UPenn Annenberg School announcement of visiting scholars for 2024-25. No ABCD study content or link to any corpus paper.,190,
A0628,Salon.com,"Wait, video games might be making kids smarter?",https://www.salon.com/2022/05/20/unlike-social-media-video-games-may-actually-be-raising-kids-iqs-study-finds/,"05/20/2022, 07:00 AM, +0000 UTC",INCLUDE,190,L3,0.75,,"Salon article (May 2022) headline reads 'Unlike social media, video games may actually be raising kids’ IQs, study finds' — distinctive paraphrase of paper 190 (Sauce 2022, Scientific Reports): video games boosted while social media did not boost intelligence in ABCD children. Publication date coincides with Sauce et al. 2022. Absent full article body, confidence is 0.75 (probable but unconfirmed).",190,
A0629,lsureveille.com,"Author, professor David Karpf lectures on analytical activism, digital media",https://lsureveille.com/195166/news/author-professor-david-karpf-lectures-on-analytical-activism-digital-media/,"02/10/2017, 08:00 AM, +0000 UTC",EXCLUDE,,,0,"out-of-corpus topic — lecture on analytical activism and digital media in political context, no ABCD reference",2017 LSU Reveille article about a professor lecturing on digital media and political activism. No ABCD study or child/adolescent health content.,190,
A0630,Karolinska Institutet,Video games can help boost children’s intelligence,https://news.ki.se/video-games-can-help-boost-childrens-intelligence,"05/12/2022, 07:00 AM, +0000 UTC",INCLUDE,190,L4,0.9,,"Karolinska Institutet press release (May 2022) titled 'Video games can help boost children’s intelligence' — L4: institution (Karolinska, matching paper 190 affiliation of Sauce/Klingberg) + topic (digital media and children’s intelligence/IQ) + ABCD Study configuration, published same month as Sauce et al. 2022 (Scientific Reports, doi:10.1038/s41598-022-11341-2). High confidence this is the KI press release for paper 190.",190,
A0631,Karolinska Institutet,Using social media may impair children’s attention,https://news.ki.se/using-social-media-may-impair-childrens-attention,"08/12/2025, 07:00 AM, +0000 UTC",INCLUDE,"435,436",L4,0.92,,"Karolinska Institutet news item (Aug 2025) titled 'Using social media may impair children’s attention' — L4: institution (Karolinska, matching papers 435/436 affiliation of Nivins/Klingberg) + topic (social media and attention/ADHD in children) + ABCD Study, published August 2025 consistent with Nivins 2025 (Pediatrics Open Science, doi:10.1542/pedsos.2025-000922). Provisional IDs 435 and 436 both point to this paper. High confidence this is the KI press release for papers 435/436.","435,436",
A0632,Reed College,Autonomy and Authority,https://www.reed.edu/reed-magazine/articles/2022/autonomy-and-authority.html,"03/30/2022, 07:00 AM, +0000 UTC",EXCLUDE,,,0,"out-of-corpus topic — Reed College magazine article on autonomy and authority (general academic content), no ABCD reference",Reed College alumni magazine article from March 2022 about autonomy and authority. No ABCD study or child health research content.,190,
A0633,Flaunt Magazine,"The Past is Always Tense, the Future Perfect",https://www.flaunt.com/blog/people-the-berggruen-institute,"11/25/2023, 07:21 PM, +0000 UTC",EXCLUDE,,,0,"out-of-corpus topic — cultural/arts magazine article (Flaunt Magazine), no ABCD reference",Flaunt Magazine article about the Berggruen Institute. No ABCD study or child/adolescent health content.,190,
A0634,reutersinstitute.politics.ox.ac.uk,"Types, sources, and claims of COVID-19 misinformation",https://reutersinstitute.politics.ox.ac.uk/types-sources-and-claims-covid-19-misinformation,"04/07/2020, 07:00 AM, +0000 UTC",EXCLUDE,,,0,"out-of-corpus topic — COVID-19 misinformation research from Reuters Institute, no ABCD reference","Reuters Institute report on types, sources, and claims of COVID-19 misinformation (April 2020). No ABCD cohort or corpus paper referenced.",190,
A0635,Reuters,US Senate advances two child online safety bills,https://www.reuters.com/world/us/us-senate-set-vote-two-child-online-safety-bills-2024-07-25/,"07/25/2024, 07:00 AM, +0000 UTC",EXCLUDE,,,0,"out-of-corpus topic — policy/legislative news on US Senate child online safety bills, no specific ABCD paper referenced",Reuters article (July 2024) reporting US Senate vote on KOSA and COPPA 2.0 child online safety bills. No reference to any specific ABCD corpus paper.,190,
A0636,Brookings,Will China’s e-commerce reshape a reopening world?,https://www.brookings.edu/articles/will-chinas-e-commerce-reshape-a-reopening-world/,"06/10/2020, 10:32 PM, +0000 UTC",EXCLUDE,,,0,"out-of-corpus topic — geopolitical/economic article on China’s e-commerce, no ABCD reference",Brookings article on China’s e-commerce and global economy (June 2020). No ABCD study or child health content.,190,
A0637,nwo.nl,Professor J. (José) van Dijck,https://www.nwo.nl/en/professor-jose-van-dijck,"09/06/2021, 03:44 AM, +0000 UTC",EXCLUDE,,,0,"out-of-corpus topic — academic profile page for Professor José van Dijck (media studies scholar), no ABCD reference",NWO researcher profile page. No ABCD study or corpus paper referenced.,190,
A0638,Mi-3.com.au,Magic challenges traditional retail attribution in new whitepaper,http://www.mi-3.com.au/09-04-2025/magic-challenges-traditional-retail-attribution-new-whitepaper,"04/09/2025, 07:00 AM, +0000 UTC",EXCLUDE,,,0,"out-of-corpus topic — marketing industry whitepaper on retail attribution, no ABCD reference",Mi-3 marketing industry article about omnichannel retail attribution (April 2025). No ABCD study or child health content.,190,
A0639,isas.nus.edu.sg,The Impact of Digital Media on the 2019 Indian General Election,https://www.isas.nus.edu.sg/papers/the-impact-of-digital-media-on-the-2019-indian-general-election/,"10/31/2019, 07:00 AM, +0000 UTC",EXCLUDE,,,0,"out-of-corpus topic — political science paper on digital media and Indian general election, no ABCD reference",ISAS/NUS paper on digital media’s impact on the 2019 Indian election. No ABCD cohort or child health content.,190,
A0640,isas.nus.edu.sg,Political Interviewing on YouTube: An Analysis of Indian Politicians’ Engagement with Digital Influencers and Media Houses Online – NUS Institute of South Asian Studies (ISAS),https://www.isas.nus.edu.sg/papers/political-interviewing-on-youtube-an-analysis-of-indian-politicians-engagement-with-digital-influencers-and-media-houses-online/,"08/14/2024, 07:00 AM, +0000 UTC",EXCLUDE,,,0,"out-of-corpus topic — political media study on YouTube interviews with Indian politicians, no ABCD reference",ISAS/NUS paper on political interviewing on YouTube (Aug 2024). No ABCD cohort or corpus paper referenced.,190,
A0641,CLNS Media Network,Emerging Sports Trends in Brazil: A Perspective from Esporte e Mídia,https://www.clnsmedia.com/emerging-sports-trends-in-brazil-a-perspective-from-esporte-e-midia/,"06/25/2024, 07:00 AM, +0000 UTC",EXCLUDE,,,0,"out-of-corpus topic — sports media article on Brazilian sports trends, no ABCD reference",CLNS Media article on emerging sports trends in Brazil (June 2024). No ABCD study or child health content.,190,
A0642,Al Jazeera Centre for Studies,AJCS releases second issue of Al Jazeera li Dirasat al-Itisal wa al-I’lam,http://studies.aljazeera.net/en/news/ajcs-releases-second-issue-al-jazeera-li-dirasat-al-itisal-wa-al-i%E2%80%99lam,"07/10/2023, 07:00 AM, +0000 UTC",EXCLUDE,,,0,"out-of-corpus topic — Al Jazeera Centre journal release announcement, no ABCD reference",Al Jazeera Centre for Studies announcement of academic journal issue (July 2023). No ABCD cohort or corpus paper referenced.,190,
A0643,New Scientist,Does more than 2 hours of screen time really harm children's brains?,https://www.newscientist.com/article/2-does-more-than-2-hours-of-screen-time-really-harm-childrens-brains/,"09/28/2018, 07:00 AM, +0000 UTC",EXCLUDE,,,0,"general ABCD coverage, no specific paper from corpus — article predates all corpus papers and discusses early ABCD baseline data generically",New Scientist article (Sept 2018) on early ABCD Study findings about screen time and brain development. Published before any of the 69 corpus papers (all 2019 or later). No specific corpus paper can be identified via L1-L4.,190,
A0644,UK Parliament,Time for better oversight of polling and online political communications,https://committees.parliament.uk/committee/373/political-polling-and-digital-media-committee/news/94781/time-for-better-oversight-of-polling-and-online-political-communications/,"04/17/2018, 07:00 AM, +0000 UTC",EXCLUDE,,,0,"out-of-corpus topic — UK Parliament committee report on political polling and online political communications, no ABCD reference",UK Parliament committee news release on polling and digital political communications (April 2018). No ABCD study or child health content.,190,
A0645,Campaign Brief,Magic backs incrementality as the answer to omnichannel commerce in new whitepaper,https://campaignbrief.com/magic-backs-incrementality-as-the-answer-to-omnichannel-commerce-in-new-whitepaper/,"04/09/2025, 07:00 AM, +0000 UTC",EXCLUDE,,,0,"out-of-corpus topic — marketing industry article on omnichannel commerce, no ABCD reference",Campaign Brief article on retail attribution whitepaper (April 2025). No ABCD study or child health content.,190,
A0646,Niner Times,Opinion: Cultural appropriation on social media can harm communities,https://www.ninertimes.com/opinion/opinion-cultural-appropriation-on-social-media-can-harm-communities/article_3e3b391a-a468-11ed-8bfd-5f6a37c1eed4.html,"02/04/2023, 08:00 AM, +0000 UTC",EXCLUDE,,,0,"out-of-corpus topic — student opinion article on cultural appropriation on social media, no ABCD reference",Niner Times opinion piece (Feb 2023) on cultural appropriation on social media. No ABCD study or corpus paper referenced.,190,
A0647,Chicago Tribune,Digital learning innovator works to reimagine future of education,https://www.chicagotribune.com/2015/12/15/digital-learning-innovator-works-to-reimagine-future-of-education/,"12/15/2015, 08:00 AM, +0000 UTC",EXCLUDE,,,0,"out-of-corpus topic — EdTech article on digital learning innovation, no ABCD reference",Chicago Tribune article (Dec 2015) on a digital learning innovator. Predates ABCD Study launch and has no corpus paper connection.,190,
A0648,"The Sentinel - of this Land, for its People",Role of public opinion in digital era and its influence on election process in democracy,https://www.sentinelassam.com/more-news/editorial/role-of-public-opinion-in-digital-era-and-its-influence-on-election-process-in-democracy,"11/08/2024, 08:00 AM, +0000 UTC",EXCLUDE,,,0,"out-of-corpus topic — political editorial on public opinion and elections in the digital era, no ABCD reference",Sentinel Assam editorial on digital media and democracy (Nov 2024). No ABCD study or child health content.,190,
A0649,University of Venda,The impact of digital media towards print media has cost media companies losses in both sales and revenue – Dr Mathata Tsedu,https://www.univen.ac.za/news/the-impact-of-digital-media-towards-print-media-has-cost-media-companies-losses-in-both-sales-and-revenue-dr-mathata-tsedu/,"09/25/2019, 07:00 AM, +0000 UTC",EXCLUDE,,,0,"out-of-corpus topic — media economics article on digital media impact on print media, no ABCD reference",University of Venda article on digital media displacing print media revenue (Sept 2019). No ABCD cohort or corpus paper referenced.,190,
A0650,Eurasia Review,Engaging Filipinos And The World Through Digital Diplomacy – Analysis,https://www.eurasiareview.com/03112017-engaging-filipinos-and-the-world-through-digital-diplomacy-analysis/,"11/03/2017, 07:00 AM, +0000 UTC",EXCLUDE,,,0.0,"Completely off-topic: article covers digital diplomacy in the Philippines, no connection to ABCD Study or any candidate paper.",Title 'Engaging Filipinos And The World Through Digital Diplomacy' and Eurasia Review outlet (2017) have no relevance to paper 190 (Sauce 2022 Scientific Reports on digital media and children's intelligence) or any ABCD corpus paper.,190,
A0651,corporate.dw.com,"Didszuweit, Simon",https://corporate.dw.com/en/didszuweit-simon/a-15904632,"04/23/2012, 07:00 AM, +0000 UTC",EXCLUDE,,,0.0,"Completely off-topic: DW corporate journalist profile page (2012), no connection to ABCD Study or any candidate paper.","Title 'Didszuweit, Simon' is a DW journalist profile from 2012; entirely unrelated to paper 190 or any candidate paper in the corpus.",190,
A0652,Creative Review,How I Work: Olafur Eliasson,https://www.creativereview.co.uk/how-i-work-olafur-eliasson/,"11/06/2018, 08:00 AM, +0000 UTC",EXCLUDE,,,0.0,"Completely off-topic: article profiles artist Olafur Eliasson, no connection to ABCD Study or any candidate paper.",Creative Review 'How I Work: Olafur Eliasson' (2018) covers an artist's creative process; no relevance to paper 190 or ABCD research.,190,
A0653,Favikon,Top 20 Journalists in Germany in 2026 [🏆Rating],https://www.favikon.com/blog/top-journalists-social-media-germany,"05/17/2025, 11:27 AM, +0000 UTC",EXCLUDE,,,0.0,"Completely off-topic: article lists top journalists in Germany, no connection to ABCD Study or any candidate paper.",Favikon 'Top 20 Journalists in Germany in 2026' is a social-media influencer ranking unrelated to paper 190 or any ABCD corpus paper.,190,
A0654,City University of Hong Kong,"Digital Society Seminar Explores How People Talk to AI | College of Liberal Arts and Social Sciences, CityU",https://www.cityu.edu.hk/class/media_events/news_item.aspx?ref=461,"10/26/2023, 07:00 AM, +0000 UTC",EXCLUDE,,,0.0,"Completely off-topic: CityU seminar on how people talk to AI, no connection to ABCD Study or any candidate paper.",CityU 'Digital Society Seminar Explores How People Talk to AI' (2023) is about human-AI communication; no relevance to paper 190 or any ABCD paper in the corpus.,190,
A0655,House of Lords Library,Political opinion polls: Should there be greater oversight?,https://lordslibrary.parliament.uk/political-opinion-polls-should-there-be-greater-oversight/,"05/13/2022, 07:00 AM, +0000 UTC",EXCLUDE,,,0.0,"Completely off-topic: UK parliamentary piece on political opinion polls oversight, no connection to ABCD Study or any candidate paper.",House of Lords Library article on political polling oversight (2022) is entirely unrelated to paper 190 or any ABCD corpus paper.,190,
A0656,The Israel Democracy Institute,Hacking Gantz’s Phone,https://en.idi.org.il/articles/26559,"03/25/2019, 07:00 AM, +0000 UTC",EXCLUDE,,,0.0,"Completely off-topic: article about hacking a politician's phone in Israel, no connection to ABCD Study or any candidate paper.",Israel Democracy Institute 'Hacking Gantz’s Phone' (2019) is about a political phone hacking incident; no relevance to paper 190 or any ABCD research paper.,190,
A0657,news.uct.ac.za,"Honour for innovative, multifaceted linguist",https://www.news.uct.ac.za/article/-2017-08-29-honour-for-innovative-multifaceted-linguist,"08/29/2017, 07:00 AM, +0000 UTC",EXCLUDE,,,0.0,"Completely off-topic: UCT award piece about a linguist, no connection to ABCD Study or any candidate paper.","UCT 'Honour for innovative, multifaceted linguist' (2017) covers a linguistics award at University of Cape Town; entirely unrelated to paper 190 or any ABCD corpus paper.",190,
A0658,CSIRO,Everyday AI: Swipe right for a date with artificial intelligence,https://www.csiro.au/en/news/All/Articles/2024/December/Everyday-AI-relationships,"12/05/2024, 08:00 AM, +0000 UTC",EXCLUDE,,,0.0,"Completely off-topic: CSIRO piece on AI relationships and dating, no connection to ABCD Study or any candidate paper.",CSIRO 'Everyday AI: Swipe right for a date with artificial intelligence' (2024) covers AI companionship; no relevance to paper 190 or any ABCD corpus paper.,190,
A0659,Durham University,Minorities in Russia,https://www.durham.ac.uk/research/institutes-and-centres/open-world-research-initiative/research-projects/minorities-in-russia/,"06/11/2021, 12:59 AM, +0000 UTC",EXCLUDE,,,0.0,"Completely off-topic: Durham University research project on minorities in Russia, no connection to ABCD Study or any candidate paper.",Durham University 'Minorities in Russia' project page (2021) covers linguistic minorities; entirely unrelated to paper 190 or any ABCD corpus paper.,190,
A0660,The Libya Observer,Former UN envoy Stephanie Williams to publish new book on Libya’s post-Gaddafi era,https://libyaobserver.ly/news/former-un-envoy-stephanie-williams-publish-new-book-libyas-post-gaddafi-era,"03/26/2025, 07:00 AM, +0000 UTC",EXCLUDE,,,0.0,"Completely off-topic: article about a book on Libya's post-Gaddafi era, no connection to ABCD Study or any candidate paper.",Libya Observer article on a UN envoy's book about Libya (2025) has no relevance to paper 190 or any ABCD corpus paper.,190,
A0661,Royal Gazette | Bermuda,Bermudian researcher named Rising Star,https://www.royalgazette.com/education/news/article/20151224/bermudian-researcher-named-rising-star/,"12/24/2015, 08:00 AM, +0000 UTC",EXCLUDE,,,0.0,"Completely off-topic: Royal Gazette Bermuda piece about a researcher award, no connection to ABCD Study or any candidate paper.",Royal Gazette 'Bermudian researcher named Rising Star' (2015) covers an unrelated researcher award; no relevance to paper 190 or any ABCD corpus paper.,190,
A0662,شفق نيوز,University of Baghdad to host international media conference on intercultural dialogue - Shafaq News,https://shafaq.com/en/Iraq/University-of-Baghdad-to-host-international-media-conference-on-intercultural-dialogue,"08/06/2024, 07:00 AM, +0000 UTC",EXCLUDE,,,0.0,"Completely off-topic: article about a media conference in Baghdad on intercultural dialogue, no connection to ABCD Study or any candidate paper.",Shafaq News 'University of Baghdad to host international media conference on intercultural dialogue' (2024) is entirely unrelated to paper 190 or any ABCD corpus paper.,190,
A0663,Trinidad and Tobago Newsday,Life Insurance: Brain rot,https://newsday.co.tt/2025/01/02/life-insurance-brain-rot/,"01/02/2025, 08:00 AM, +0000 UTC",EXCLUDE,,,0.0,"Completely off-topic: Trinidad and Tobago Newsday life insurance column mentioning 'brain rot', no connection to ABCD Study or any candidate paper.",'Life Insurance: Brain rot' (2025) is a general-audience life insurance column; the term 'brain rot' is colloquial and unrelated to paper 190 or any ABCD research paper.,190,
A0664,thepatriot.in,Fragile- A group art exhibition,https://thepatriot.in/listicle/fragile-a-group-art-exhibition-54590,"07/29/2024, 07:00 AM, +0000 UTC",EXCLUDE,,,0.0,"Completely off-topic: art exhibition listing, no connection to ABCD Study or any candidate paper.",'Fragile - A group art exhibition' (2024) is an arts event listing entirely unrelated to paper 190 or any ABCD corpus paper.,190,
A0665,SKNVibes,Launch of new CAPE courses at CFBC this Thursday,https://m.sknvibes.com/news/newsdetails.cfm/88529,"08/20/2014, 07:00 AM, +0000 UTC",EXCLUDE,,,0.0,"Completely off-topic: article about CAPE courses at a Caribbean institution, no connection to ABCD Study or any candidate paper.",SKNVibes 'Launch of new CAPE courses at CFBC this Thursday' (2014) is an education news piece from St. Kitts and Nevis; entirely unrelated to paper 190 or any ABCD corpus paper.,190,
A0666,Trend Hunter,"Wikipedia Screened By CIA, Vatican",https://www.trendhunter.com/trends/wikipedia-cia-vatican,"08/20/2007, 07:00 AM, +0000 UTC",EXCLUDE,,,0.0,"Completely off-topic: Trend Hunter article about CIA and Vatican editing Wikipedia, no connection to ABCD Study or any candidate paper.","'Wikipedia Screened By CIA, Vatican' (2007) is about institutional Wikipedia editing; entirely unrelated to paper 190 or any ABCD corpus paper.",190,
A0667,Campaign,Archant operating profit more than doubles to £8.2m,https://www.campaignlive.co.uk/article/archant-operating-profit-doubles-82m/1058611,"03/07/2011, 08:00 AM, +0000 UTC",EXCLUDE,,,0.0,"Completely off-topic: Campaign magazine article about Archant operating profit, no connection to ABCD Study or any candidate paper.",'Archant operating profit more than doubles to £8.2m' (2011) is a media industry financial story; entirely unrelated to paper 190 or any ABCD corpus paper.,190,
A0668,London Post,The Evolution of World Book Day Costumes: A Look Back in Time,https://london-post.co.uk/the-evolution-of-world-book-day-costumes-a-look-back-in-time/,"01/12/2024, 08:00 AM, +0000 UTC",EXCLUDE,,,0.0,"Completely off-topic: London Post article about World Book Day costumes, no connection to ABCD Study or any candidate paper.",'The Evolution of World Book Day Costumes: A Look Back in Time' (2024) is a lifestyle/education article; entirely unrelated to paper 190 or any ABCD corpus paper.,190,
A0669,Bermuda Sun,Bermuda Sun to close after 50 years,https://www.bermudasun.bm/news/2014/jul/25/bermuda-sun-to-close-after-50-years/,"07/25/2014, 07:00 AM, +0000 UTC",EXCLUDE,,,0.0,"Completely off-topic: Bermuda Sun closure announcement, no connection to ABCD Study or any candidate paper.",'Bermuda Sun to close after 50 years' (2014) is a media industry news piece; entirely unrelated to paper 190 or any ABCD corpus paper.,190,
A0670,Medafrica Times,Libya: Book fair kicks off in Tripoli,https://medafricatimes.com/36885-libya-book-fair-kicks-off-in-tripoli.html,"10/17/2024, 01:49 PM, +0000 UTC",EXCLUDE,,,0.0,"Completely off-topic: article about a book fair in Tripoli, Libya, no connection to ABCD Study or any candidate paper.",Medafrica Times 'Libya: Book fair kicks off in Tripoli' (2024) is a cultural event piece; entirely unrelated to paper 190 or any ABCD corpus paper.,190,
A0671,Menafn.com,Qatar working on more flexible media law,https://menafn.com/1095650840/Qatar-working-on-more-flexible-media-law,"07/24/2017, 07:00 AM, +0000 UTC",EXCLUDE,,,0.0,"Completely off-topic: article about Qatar's media law reforms, no connection to ABCD Study or any candidate paper.",MENAFN 'Qatar working on more flexible media law' (2017) covers press freedom legislation; entirely unrelated to paper 190 or any ABCD corpus paper.,190,
A0672,koreabiomed.com,[Column] Smartphones and children’s brain health,https://www.koreabiomed.com/news/articleView.html?idxno=29871,"12/05/2025, 08:00 AM, +0000 UTC",INCLUDE,192,L4,0.7,,"koreabiomed.com column titled 'Smartphones and children’s brain health' (Dec 2025) aligns topically with paper 192 (Nivins et al. 2024 Scientific Reports, 'Long-term impact of digital media on brain development in children' from ABCD Study). The combination of topic (smartphones/digital media) + outcome (brain health/development) + child population is consistent with paper 192's ABCD-based findings on digital media and brain structure. Paper 435 (Nivins 2025 Pediatrics Open Science on digital media and ADHD) is also possible but less directly matched by the 'brain health' framing. No summary text available to confirm L3; L4 institution/topic/ABCD configuration cannot be fully confirmed without article body. Confidence capped at 0.7 pending body review.","192,435",
A0673,Indiatimes,"Generative AI in education: Benefits, risks, and student impact",https://enterpriseai.economictimes.indiatimes.com/news/industry/the-dangers-of-relying-on-ai-for-learning-a-threat-to-critical-thinking-and-creativity/129919675,"03/31/2026, 07:00 AM, +0000 UTC",EXCLUDE,,,0.0,"Out-of-corpus topic: article covers generative AI in education (benefits/risks for students), not ABCD digital media research.","Indiatimes 'Generative AI in education: Benefits, risks, and student impact' (2026) discusses AI tools in learning contexts; no relevance to paper 192 (Nivins 2024 Scientific Reports on digital media and brain development) or any ABCD corpus paper.",192,
A0674,The Shorenstein Center,Machines of Truth and Distortion - A Citizen's Call to Action: Preparing America for the AI Flood,https://shorensteincenter.org/resource/machines-truth-distortion-citizens-call-action-preparing-america-ai-flood/,"06/12/2025, 07:00 AM, +0000 UTC",EXCLUDE,,,0.0,"Out-of-corpus topic: article is a policy call-to-action about AI misinformation, not ABCD digital media research.",Shorenstein Center 'Machines of Truth and Distortion - A Citizen's Call to Action: Preparing America for the AI Flood' (2025) concerns AI-generated misinformation and democratic integrity; no relevance to paper 192 or any ABCD corpus paper.,192,
A0675,Loughborough University,New O3C Article by Andrew Chadwick: The New Crisis of Public Communication | Online Civic Culture Centre,https://www.lboro.ac.uk/research/online-civic-culture-centre/news-events/articles/o3c-2-crisis/,"12/12/2019, 08:00 AM, +0000 UTC",EXCLUDE,,,0.95,Non-ABCD content — Loughborough University article about Andrew Chadwick's work on public communication/civic culture; no connection to any ABCD paper or phone/SM research.,"Title and URL refer to an online civic culture centre article on a political communication scholar's work. Provisional paper 192 (Nivins 2024 Scientific Reports, digital media and brain development) bears no thematic relation to this content.",192,
A0676,The Star,Watching short videos may be having an effect on kids’ grades at school,https://www.thestar.com.my/tech/tech-news/2025/01/24/watching-short-videos-may-be-having-an-effect-on-kids-grades-at-school,"01/24/2025, 08:00 AM, +0000 UTC",EXCLUDE,,,0.62,"Insufficient evidence for L1-L4 linkage — no summary text available; title references short-video watching and school grades but no author, journal, sample, or ABCD-specific detail is present to confirm linkage to paper 192 (Nivins 2024) or any other corpus paper.","Title 'Watching short videos may be having an effect on kids' grades at school' (The Star, Jan 2025) is topically adjacent to paper 192 but no summary text is available to verify author surname, journal name, or distinctive findings. Cannot satisfy any of L1-L4.",192,
A0677,Patient Care Online,Smartphone Ownership in Young Adolescence Drives Physical and Emotional Health Risks,https://www.patientcareonline.com/view/smartphone-ownership-in-young-adolescence-drives-physical-and-emotional-health-risks,"12/05/2025, 08:00 AM, +0000 UTC",INCLUDE,431,L3,0.88,,"Title 'Smartphone Ownership in Young Adolescence Drives Physical and Emotional Health Risks' directly paraphrases the central finding of paper 431 (Barzilay 2026 Pediatrics): smartphone ownership among children 9-12 years old associated with depression, obesity, and insufficient sleep. The configuration — smartphone ownership + age of acquisition + physical/emotional health outcomes in early adolescents — uniquely maps to paper 431. Provisional paper 196 (Pagliaccio digital exposome) is less plausible given the headline's ownership framing.","196,431",
A0678,NBC Bay Area,UCSF study shows extended screen time is mentally unhealthy for kids,https://www.nbcbayarea.com/news/health/ucsf-study-extended-screen-time/3675031/,"10/09/2024, 07:00 AM, +0000 UTC",INCLUDE,"393,394",L4,0.85,,"Title 'UCSF study shows extended screen time is mentally unhealthy for kids' (NBC Bay Area, Oct 2024) names UCSF (Nagata's institution) + screen time + mental health outcomes in kids + ABCD Study context — a configuration uniquely matching papers 393 and 394 (both Nagata 2024 BMC Public Health, 'Screen time and mental health: a prospective analysis of the ABCD Study'). Papers 393 and 394 share the same DOI and represent the same publication.","393,394",
A0679,CBC,"Screen time, lack of sleep linked to impulsive behaviour in kids, study finds",https://www.cbc.ca/news/canada/ottawa/cheo-screen-time-sleep-impulsive-behaviour-study-pediatrics-1.5246219,"08/15/2019, 07:00 AM, +0000 UTC",INCLUDE,398,L3,0.75,,"CBC article dated Aug 2019 titled 'Screen time, lack of sleep linked to impulsive behaviour in kids, study finds.' Paper 398 is Guerrero 2019 IJBNPA 'Screen time and problem behaviors in children: exploring the mediating role of sleep duration' — an ABCD-based study published in 2019. The distinctive paraphrase (screen time + sleep mediation + problem/impulsive behavior in children) uniquely maps to paper 398. Publication year and topic alignment are strong. Outlet mentions CHEO (Children's Hospital of Eastern Ontario Research Institute), which aligns with paper 398's affiliation.",398,
A0680,The Conversation,"Kids and their computers: Several hours a day of screen time is OK, study suggests",https://theconversation.com/kids-and-their-computers-several-hours-a-day-of-screen-time-is-ok-study-suggests-168022,"10/12/2021, 07:00 AM, +0000 UTC",INCLUDE,420,L3,0.78,,"The Conversation article (Oct 2021) 'Kids and their computers: Several hours a day of screen time is OK, study suggests' maps to paper 420 (Paulich 2021 PLOS ONE, 'Screen time and early adolescent mental health, academic, and social outcomes in 9- and 10-year-olds utilizing the ABCD Study'). The framing that screen time may be acceptable in moderation, the year (2021), and the ABCD 9-10-year-old sample are distinctive to paper 420. Paulich 2021 PLOS ONE found more nuanced (less alarming) associations, consistent with the 'is OK' framing.",420,
A0681,CBS News,"Children who have smartphones by age 12 are at increased risk of health problems, new study finds",https://www.cbsnews.com/news/children-smartphones-increased-risk-of-health-problems-study/,"12/01/2025, 08:00 AM, +0000 UTC",INCLUDE,431,L3,0.97,,"CBS News article (Dec 2025) 'Children who have smartphones by age 12 are at increased risk of health problems.' Summary explicitly states 'Adolescent Brain Cognitive Development Study (ABCD) between 2018 and 2020' and '63.6% of the ABCD study's participants owned a [smartphone].' This directly paraphrases paper 431 (Barzilay 2026 Pediatrics), which reports smartphone ownership prevalence and health risk findings in the ABCD cohort. Two or more L3 elements satisfied: ABCD study cohort + smartphone ownership + age cutoff (age 12) + health outcome risks.",431,"... Adolescent Brain Cognitive Development Study (ABCD) between 2018 and 2020. ... According to researchers, 63.6% of the ABCD study's participants owned a ..."
A0682,cbsnews.com,"Phones, tablets, and their impact on kids' brains - 60 Minutes",https://www.cbsnews.com/news/phones-tablets-and-their-impact-on-kids-brains-60-minutes/,"Dec 9, 2018",EXCLUDE,,,0.95,"General ABCD coverage — 2018 CBS News/60 Minutes segment about the ABCD Study itself (Dr. Gaya Dowling, NIH, explaining the study's design), published before any corpus paper. No specific paper from the candidate corpus is referenced.","Summary: 'The Adolescent Brain Cognitive Development (ABCD) study will follow more than 10,000 kids. Dr. Gaya Dowling of the National Institutes of Health explained...' — this is introductory ABCD study overview content from 2018, not coverage of any specific corpus paper.",,"The Adolescent Brain Cognitive Development (ABCD) study will follow more than 10,000 kids. Dr. Gaya Dowling of the National Institutes of Health explained ..."
A0683,Jefferson City News Tribune,Study links owning smartphone before age 12 to health risks,https://www.newstribune.com/news/2025/dec/23/study-links-owning-smartphone-before-age-12-to/,"12/23/2025, 08:00 AM, +0000 UTC",INCLUDE,431,L3,0.92,,"Jefferson City News Tribune (Dec 2025) 'Study links owning smartphone before age 12 to health risks.' The distinctive paraphrase — smartphone ownership + age 12 cutoff + health risks — uniquely matches paper 431 (Barzilay 2026 Pediatrics, 'Smartphone Ownership, Age of Smartphone Acquisition, and Health Outcomes in Early Adolescence'). Published December 2025, consistent with the paper's publication timeline.",431,
A0684,AAP,"Smartphone Ownership, Age of Smartphone Acquisition, and Health Outcomes in Early Adolescence",https://publications.aap.org/pediatrics/article-abstract/157/1/e2025072941/205716/Smartphone-Ownership-Age-of-Smartphone-Acquisition?autologincheck=redirected,"12/01/2025, 08:00 AM, +0000 UTC",INCLUDE,431,L1,0.99,,"URL is the AAP/Pediatrics abstract page for paper 431: 'https://publications.aap.org/pediatrics/article-abstract/157/1/e2025072941/205716/Smartphone-Ownership-Age-of-Smartphone-Acquisition' — the article number e2025072941 corresponds to DOI 10.1542/peds.2025-072941, which is paper 431's DOI. Title is identical to paper 431. Direct journal article page = L1.",431,
A0685,Diario AS,"Dr. Ran Barzilay, psychiatrist, on when it’s OK for kids to own a smartphone: “The findings do support delayin",https://en.as.com/latest_news/dr-ran-barzilay-psychiatrist-on-when-its-ok-for-kids-to-own-a-smartphone-the-findings-do-support-delaying-f202601-n/,"01/31/2026, 08:00 AM, +0000 UTC",INCLUDE,431,L2,0.95,,"Diario AS (Jan 2026) interview with 'Dr. Ran Barzilay, psychiatrist, on when it's OK for kids to own a smartphone.' Barzilay is the first author of paper 431 (Barzilay 2026 Pediatrics). The article title quotes findings about delaying smartphone ownership — consistent with paper 431's findings on age of acquisition and health risks. L2: author surname 'Barzilay' + context clearly referencing the Pediatrics smartphone ownership study.",431,
A0686,Futurism,Something Grim Is Happening to Kids Who Got Cell Phones Early,https://futurism.com/health-medicine/grim-happenings-kids-smartphones,"12/02/2025, 08:00 AM, +0000 UTC",INCLUDE,431,L3,0.92,,"Futurism (Dec 2025) 'Something Grim Is Happening to Kids Who Got Cell Phones Early.' The paraphrase — grim/harmful outcomes in children who acquired cell phones early — directly maps to paper 431 (Barzilay 2026 Pediatrics), which found that earlier age of smartphone acquisition was associated with depression, obesity, and sleep problems. Published December 2025, consistent with paper 431's publication window.",431,
A0687,Politico,Kids’ smartphone use linked to health risks,https://www.politico.com/newsletters/future-pulse/2025/12/02/kids-smartphone-use-linked-to-health-risks-00672580,"12/02/2025, 08:00 AM, +0000 UTC",INCLUDE,431,L3,0.9,,"Politico newsletter (Dec 2025) 'Kids' smartphone use linked to health risks.' The paraphrase — kids + smartphone use + health risks — in the context of a December 2025 publication, uniquely maps to paper 431 (Barzilay 2026 Pediatrics, smartphone ownership and health outcomes in early adolescence using ABCD data). The timing (same week as paper 431 publication) and topic are highly specific.",431,
A0688,The Times of India,"Smartphone ownership linked to depression, obesity, and sleep loss in early adolescents: Study",https://timesofindia.indiatimes.com/technology/mobiles-tabs/smartphone-ownership-linked-to-depression-obesity-and-sleep-loss-in-early-adolescents-study/articleshow/127928562.cms,"03/07/2026, 08:00 AM, +0000 UTC",INCLUDE,431,L3,0.97,,"Times of India (Mar 2026) 'Smartphone ownership linked to depression, obesity, and sleep loss in early adolescents: Study.' This title enumerates exactly the three outcomes reported with ORs in paper 431 (Barzilay 2026 Pediatrics): depression (OR=1.31), obesity (OR=1.40), insufficient sleep (OR=1.62). Three or more distinctive L3 elements: specific outcome triad (depression, obesity, sleep loss) + smartphone ownership + early adolescents.",431,
A0689,Word on Fire,Parents Must Wake Up to the Dangers of Screen Addiction,https://www.wordonfire.org/articles/parents-must-wake-up-to-the-dangers-of-screen-addiction/,"03/12/2024, 07:00 AM, +0000 UTC",EXCLUDE,,,0.82,General advocacy/opinion content — no summary text available; title 'Parents Must Wake Up to the Dangers of Screen Addiction' is a generic opinion/advocacy piece with no evidence of referencing any specific ABCD corpus paper. Provisional paper 521 (Must 2023 Frontiers in Pediatrics on passive/social screen time in autism) does not match this topic.,"Word on Fire (Mar 2024) is a Catholic media outlet publishing opinion/advocacy. Title is a generic call-to-action about screen addiction. No summary text or author/journal identifiers available. Paper 521 (Must 2023 Frontiers Pediatrics, autism and screen time) is an unlikely match to this content.",521,
A0690,The Morning,Social media: Pros and cons of a teen social media ban in SL,https://www.themorning.lk/articles/PhDTyxfqXFKSEwn62aQG,"02/06/2026, 08:00 AM, +0000 UTC",EXCLUDE,,,0.93,General policy/commentary — article is about pros and cons of a teen social media ban in Sri Lanka; no evidence of covering any specific ABCD corpus paper.,"The Morning (Sri Lanka, Feb 2026) 'Social media: Pros and cons of a teen social media ban in SL' — this is a domestic Sri Lankan policy debate article with no plausible connection to any ABCD corpus paper. Provisional paper 521 (Must 2023 Frontiers Pediatrics) is entirely unrelated.",521,
A0691,The Hill,Video gaming may be associated with better cognitive performance in children,https://thehill.com/changing-america/enrichment/education/3702176-video-gaming-may-be-associated-with-better-cognitive-performance-in-children/,"10/24/2022, 07:00 AM, +0000 UTC",EXCLUDE,,,0.85,"ABCD coverage of out-of-corpus topic — article is about video gaming and cognitive performance in children (an ABCD-based study), but none of the 69 corpus papers address video gaming as the primary exposure predicting cognition without a qualifying phone/SM variable.","The Hill (Oct 2022) 'Video gaming may be associated with better cognitive performance in children.' This covers an ABCD-based video gaming study (likely Chaarani et al. 2022 JAMA Network Open), which is not in the corpus. Provisional paper 521 (Must 2023 Frontiers Pediatrics, autism/screen time) does not match. No corpus paper specifically examines video gaming alone → cognition.",521,
A0692,wsj.com,The Medical Case Against Rescheduling Weed,https://www.wsj.com/opinion/the-medical-case-against-rescheduling-weed-cannabis-6945c4b8,"Dec 14, 2025",EXCLUDE,,,0.97,ABCD coverage of out-of-corpus topic — article is a WSJ opinion piece about cannabis rescheduling that cites ABCD Study data on prenatal marijuana exposure; no phone/SM topic and no corpus paper referenced.,"Summary: 'The National Institute on Drug Abuse's Adolescent Brain Cognitive Development longitudinal study shows prenatal marijuana exposure is also associated with later...' — clearly about cannabis/substance use research, not any phone/SM corpus paper.",,The National Institute on Drug Abuse's Adolescent Brain Cognitive Development longitudinal study shows prenatal marijuana exposure is also associated with later ...
A0693,cnn.com,Video gaming may have some cognitive benefits for kids ...,https://www.cnn.com/2022/10/24/health/kids-video-games-cognition-memory,,EXCLUDE,,,0.92,ABCD coverage of out-of-corpus topic — CNN article about video gaming and cognitive benefits in children using ABCD data; video gaming as sole exposure is not the focus of any corpus paper.,"CNN (Oct 2022): 'Video gaming may have some cognitive benefits for kids.' Summary mentions ABCD Study with ~2,000 9-10-year-olds. This covers a video gaming + cognition study (likely Chaarani et al. 2022), not a phone/SM corpus paper. No corpus paper maps to this specific video-gaming-cognition finding.",,"The research involved data from nearly 2,000 9- and 10-year-olds from the Adolescent Brain Cognitive Development (ABCD) Study, which is following about ..."
A0694,cnn.com,A detailed look at children's brains might show how sex ...,https://www.cnn.com/2024/07/12/health/sex-gender-child-brain,"Jul 12, 2024",EXCLUDE,,,0.97,ABCD coverage of out-of-corpus topic — article is about sex/gender differences in children's brain development using ABCD data; no phone/SM variable or corpus paper referenced.,CNN (Jul 2024): 'A detailed look at children's brains might show how sex...' Summary mentions ABCD Study and brain development differences by sex/gender. This is entirely outside the phone/SM corpus scope.,,"... Adolescent Brain Cognitive Development (ABCD) study, the largest long-term study of brain development and child health in the United States. Over a period ..."
A0695,cnn.com,Parents' phone habits increase exposure of mature content ...,https://www.cnn.com/2025/02/04/health/parent-child-screen-time-wellness,"Feb 4, 2025",INCLUDE,184,L4,0.82,,"CNN (Feb 2025) 'Parents' phone habits increase exposure of mature content...' Summary: 'Nagata and other researchers analyzed data from the Adolescent Brain Cognitive Development (ABCD) Study, including more than 10,000 adolescents aged 12 to 13.' Named author Nagata + ABCD Study + parental screen/phone habits affecting children's screen exposure → paper 184 (Nagata 2025 Pediatric Research, 'Associations between media parenting practices and early adolescent screen use'). L4: Nagata (lead institution UCSF) + parenting media practices + screen use + ABCD Study. Paper 289 (Pulkki-Råback 2022 Acta Paediatrica, parental problems and mature-rated media) is less likely given the named Nagata authorship.",,"Nagata and other researchers analyzed data from the Adolescent Brain Cognitive Development (ABCD) Study, including more than 10,000 adolescents aged 12 to 13."
A0696,cnn.com,"To curb kids' use of screens, parents may have to cut back ...",https://www.cnn.com/2024/06/27/health/parents-kids-screen-time-wellness,"Jun 27, 2024",INCLUDE,184,L4,0.8,,"CNN (Jun 2024) 'To curb kids' use of screens, parents may have to cut back...' Summary: 'researchers analyzed data from the national ABCD Study, involving over 10,000 families with 12- and 13-year-olds.' Topic of parental screen behavior and child screen outcomes + ABCD + large sample matches paper 184 (Nagata 2025 Pediatric Research, media parenting practices and early adolescent screen use). L4: ABCD Study + parenting practices + child screen use outcome.",,"The researchers analyzed data from the national Adolescent Brain Cognitive Development (ABCD) Study, involving over 10,000 families with 12- and 13-year-olds."
A0697,cnn.com,"Childhood sleep issues may raise suicide risk, study finds",https://www.cnn.com/2024/09/19/health/childhood-sleep-problems-suicide-risk-wellness,"Sep 19, 2024",EXCLUDE,,,0.88,"ABCD coverage of out-of-corpus topic — article is about childhood sleep problems as a risk factor for suicide; the exposure is sleep (not phone/SM), and this configuration does not match any corpus paper.","CNN (Sep 2024) 'Childhood sleep issues may raise suicide risk, study finds.' Summary: ABCD Study, >8,800 children, sleep problems → suicide risk. The corpus paper 160 (Chu 2023 Preventive Medicine) examines screen time → suicidal behaviors, not sleep → suicide. No corpus paper has sleep problems as the primary IV predicting suicide.",,"That's why the authors used data from more than 8,800 children recruited by the Adolescent Brain Cognitive Development Study at 21 sites across the United ..."
A0698,cnn.com,Una mirada detallada al cerebro de los menores podría ...,https://cnnespanol.cnn.com/2024/07/12/cerebro-menores-diferencias-sexo-genero-estudio-trax,"Jul 12, 2024",EXCLUDE,,,0.97,ABCD coverage of out-of-corpus topic — Spanish-language CNN article is the same sex/gender brain development story as A0694; no phone/SM variable or corpus paper referenced.,CNN Español (Jul 2024): Spanish translation of the sex/gender brain development ABCD article. Identical exclusion basis as A0694.,,"... Adolescent Brain Cognitive Development (ABCD), el mayor estudio a largo plazo sobre el desarrollo cerebral y la salud infantil en Estados Unidos. Durante un ..."
A0699,usatoday.com,"Screen time among teens doubles during pandemic, study ...",https://www.usatoday.com/story/news/health/2021/11/01/covid-screen-time-among-teens-doubles-during-pandemic-study-finds/6230769001/,"Nov 1, 2021",INCLUDE,177,L3,0.75,,"USA Today (Nov 2021) 'Screen time among teens doubles during pandemic, study finds.' Summary: ABCD Study data, pandemic, screen time increases. Paper 177 (Kiss 2023 Health Psychology, 'Effects of the COVID-19 pandemic on screen time and sleep in early adolescents') uses ABCD COVID-19 survey data and reports pandemic-associated increases in screen time (including social media). L3: ABCD Study + pandemic + screen time doubling → paper 177. Note: publication date discrepancy (article Nov 2021, paper published 2023) may indicate early preprint or advance online coverage; confidence moderate.",,"Using data from the Adolescent Brain Cognitive Development Study, a large, long-term study of brain development funded by the National Institutes of Health ..."
A0700,usatoday.com,"Video games linked to better cognitive skills in kids, study ...",https://www.usatoday.com/story/money/2022/10/25/video-games-linked-better-cognitive-skills-kids-study-shows/10596752002/,"Oct 27, 2022",EXCLUDE,,,0.0,ABCD coverage of out-of-corpus topic — video games linked to better cognitive skills; no phone/SM-specific variable from corpus papers.,Article reports ABCD Study findings that video games are linked to better cognitive skills in children; none of the 69 corpus papers focus on video games improving cognition. No L1-L4 criterion satisfied.,,"The Adolescent Brain Cognitive Development Study, funded by the National Institutes of Health, tracks 12,000 children who entered the study when they were nine ..."
A0701,usatoday.com,"How anti-poverty programs help close rich, poor gap in ...",https://www.usatoday.com/story/news/health/2023/05/08/anti-poverty-programs-children-brain-development-health/70179467007/,"May 8, 2023",EXCLUDE,,,0.0,ABCD coverage of out-of-corpus topic — anti-poverty programs and brain development; no phone/SM variable.,Article covers cash assistance/anti-poverty program effects on child brain development using ABCD data. No phone/SM-specific paper from corpus referenced.,,"Dowling is director of the Adolescent Brain Cognitive Development (ABCD) Study, which provided the data for the cash assistance study. ABCD Study is a long ..."
A0702,wired.com,We've Got the Screen Time Debate All Wrong. Let's Fix It,https://www.wired.com/story/year-in-review-tech-addiction-debate-all-wrong/,"Dec 20, 2018",EXCLUDE,,,0.0,"general ABCD coverage, no specific paper from corpus — opinion/commentary on screen time debate referencing 2018 60 Minutes ABCD preliminary results.","December 2018 Wired opinion piece on the screen time debate; references early ABCD preliminary findings reported on 60 Minutes, predating all 69 corpus papers. No L1-L4 criterion satisfied.",,"News outlets responded similarly in early December, when 60 Minutes reported on preliminary results from the Adolescent Brain Cognitive Development Study, a ..."
A0703,bbc.co.uk,Is an early night the key to better test results?,https://www.bbc.co.uk/news/articles/cvg7j0pg1e2o,"Apr 23, 2025",EXCLUDE,,,0.0,"ABCD coverage of out-of-corpus topic — sleep timing and test results (Cell Reports, Fudan University); no phone/SM variable.",BBC article covers a Cell Reports study by Dr Qing Ma (Fudan University) using ABCD data on sleep and academic test results. No phone/SM paper from corpus referenced; no L1-L4 criterion met.,,"The study, published in Cell Reports, external, also used data from the Adolescent Brain Cognitive Development Study. Dr Qing Ma, of Fudan University, said ..."
A0704,medscape.com,Pediatric Sleep Disorders Differential Diagnoses,https://emedicine.medscape.com/article/916611-differential,"Sep 26, 2024",EXCLUDE,,,0.0,ABCD coverage of out-of-corpus topic — clinical reference page on pediatric sleep disorders citing ABCD sleep prediction study.,Medscape clinical reference page on pediatric sleep disorder differential diagnoses; cites an ABCD sleep disturbance prediction study (Sleep 2024). No phone/SM corpus paper referenced; no L1-L4 criterion met.,,"Data-driven, generalizable prediction of adolescent sleep disturbances in the multisite Adolescent Brain Cognitive Development Study. Sleep. 2024 Jun 13. 47 ..."
A0705,sciencealert.com,Groundbreaking Study Reveals The Extent of Brain ...,https://www.sciencealert.com/groundbreaking-study-reveals-the-extent-of-brain-abnormalities-in-american-children,"Mar 26, 2021",EXCLUDE,,,0.0,ABCD coverage of out-of-corpus topic — brain abnormalities in US children (structural neuroimaging); no phone/SM variable.,ScienceAlert article (Mar 2021) about brain abnormalities detected in ABCD Study children. Not related to phone/SM corpus papers; no L1-L4 criterion satisfied.,,"The Adolescent Brain Cognitive Development (ABCD) Study is the largest long-term study of its kind in the United States, involving almost 11,700 healthy ..."
A0706,sciencealert.com,Sex And Gender Show Distinct Variations in Brain ...,https://www.sciencealert.com/sex-and-gender-show-distinct-variations-in-brain-connectivity,"Jul 23, 2024",EXCLUDE,,,0.0,ABCD coverage of out-of-corpus topic — sex/gender differences in brain connectivity.,ScienceAlert article about sex and gender variations in brain connectivity using ABCD data. No phone/SM corpus paper referenced; no L1-L4 criterion met.,,... Adolescent Brain Cognitive Development (ABCD) Study. This data was cross-referenced against answers given by the kids on their feelings about their gender ...
A0707,sciencealert.com,Study of 11000 US Teens Links Cannabis Use to Slower ...,https://www.sciencealert.com/study-of-11000-us-teens-links-cannabis-use-to-slower-brain-development,"Apr 22, 2026",EXCLUDE,,,0.0,ABCD coverage of out-of-corpus topic — cannabis use and brain development.,"ScienceAlert article (Apr 2026) on ABCD Study linking cannabis use to slower brain development in 11,036 teens. Out-of-corpus topic; no phone/SM paper; no L1-L4 criterion met.",,"It's based on data from the Adolescent Brain Cognitive Development study, which tracked the brain health and function of 11,036 young people from age 9 or ..."
A0708,sciencealert.com,Boosted Brain Activity Observed in Children Who Play ...,https://www.sciencealert.com/boosted-brain-activity-observed-in-children-who-play-video-games,"Oct 25, 2022",EXCLUDE,,,0.0,ABCD coverage of out-of-corpus topic — video games and boosted brain activity (Chaarani et al.).,ScienceAlert article (Oct 2022) on Chaarani et al. finding that video games boost brain activity in ABCD children. Video-game-specific; no phone/SM corpus paper; no L1-L4 criterion met.,,"​For the new research, Chaarani and colleagues analyzed data from the large and ongoing Adolescent Brain Cognitive Development (ABCD) Study, which is funded by ..."
A0709,sciencealert.com,Playing Video Games Has an Unexpected Effect on Kids' ...,https://www.sciencealert.com/playing-video-games-has-an-unexpected-effect-on-kids-iq-study-says,"Jan 18, 2026",EXCLUDE,,,0.0,"ABCD coverage of out-of-corpus topic — video games and IQ (9,855 kids); not a phone/SM-specific finding.","ScienceAlert article (Jan 2026) reports ABCD Study (n=9,855, ages 9-10) linking video game screen time to IQ effects. Primary focus is video games, not phone/SM variables. No corpus paper uniquely maps to this specific video-game-IQ claim; no L1-L4 criterion met.",,"The researchers looked at screen time records for 9,855 kids in the ABCD Study, all in the US and aged 9 or 10. On average, the youngsters reported spending ..."
A0710,sciencealert.com,Study of 6000 Scans Reveals Brain-Wide Patterns Linked ...,https://www.sciencealert.com/study-of-6000-scans-reveals-brain-wide-patterns-linked-to-adhd-symptoms,"Feb 1, 2024",EXCLUDE,,,0.0,ABCD coverage of out-of-corpus topic — brain-wide neuroimaging patterns linked to ADHD symptoms.,"ScienceAlert article (Feb 2024) on ABCD Study with 6,000 brain scans identifying patterns linked to ADHD symptoms. Neuroimaging/ADHD topic, not phone/SM; no L1-L4 criterion satisfied.",,"... Adolescent Brain Cognitive Development Study, a long-term US study of brain development into adulthood. The link between PNRS and ADHD symptoms was then ..."
A0711,scientificamerican.com,Massive Study Flips Our Story of Addiction and the Brain,https://www.scientificamerican.com/article/addiction-risk-shows-up-in-childrens-brain-scans-before-drug-use-starts/,"Jul 7, 2025",EXCLUDE,,,0.0,"ABCD coverage of out-of-corpus topic — addiction risk in children's brain scans (substance use neuroscience, JAMA Network Open Dec 2024).","Scientific American article (Jul 2025) references a JAMA Network Open Dec 2024 ABCD paper on addiction risk detected in brain scans before drug use. That paper is about substance addiction neuroscience, not phone/SM. No corpus paper matches; no L1-L4 criterion met.",,"Published in December 2024 in JAMA Network Open, the new work is part of the ongoing NIDA-led Adolescent Brain Cognitive Development initiative, the largest ..."
A0712,scientificamerican.com,The Pandemic Disrupted Adolescent Brain Development,https://www.scientificamerican.com/article/the-pandemic-disrupted-adolescent-brain-development/,"Nov 17, 2023",EXCLUDE,,,0.0,"ABCD coverage of out-of-corpus topic — pandemic effects on adolescent brain development (Stamoulis, 1,414 adolescents, neuroimaging).","Scientific American article (Nov 2023) covers Stamoulis et al. using ABCD neuroimaging data (n=1,414) on pandemic effects on brain development. No phone/SM corpus paper; no L1-L4 criterion met.",,"Stamoulis and her colleagues looked at neuroimaging data from 1,414 adolescents in the Adolescent Brain Cognitive Development Study, the largest ongoing ..."
A0713,scientificamerican.com,Is social media addictive? The science reveals what's at ...,https://www.scientificamerican.com/article/is-social-media-addictive-the-science-reveals-whats-at-stake/,"Mar 24, 2026",INCLUDE,3,L3,0.72,,"Scientific American article (Mar 2026) titled ""Is social media addictive?"" references ABCD Study tracking children's mental health and mentions ""The May [2025]"" publication — consistent with Xiao et al. 2025 JAMA (paper 3, May 2025), which examined addictive screen use trajectories (SMAQ/MPIQ) and suicidal behaviors/mental health. Topic of social media addiction + ABCD longitudinal cohort + mental health outcomes distinctively maps to paper 3. Confidence below 0.9 because only snippet is available; full article may also reference paper 1 (Nagata 2025 JAMA, SM trajectories and cognition) or paper 86 (Nagata 2026 AJPM, problematic screen use).",,"... Adolescent Brain Cognitive Development (ABCD) Study, a large, long-term investigation that has been tracking children's mental health over time. The May ..."
A0714,scientificamerican.com,Is Cannabis Bad for Teens? Data Paint a Conflicting Picture,https://www.scientificamerican.com/article/is-cannabis-bad-for-teens-data-paint-a-conflicting-picture/,"Dec 13, 2023",EXCLUDE,,,0.0,ABCD coverage of out-of-corpus topic — cannabis effects on adolescents.,Scientific American article (Dec 2023) discusses whether cannabis is bad for teens using ABCD data. Out-of-corpus topic; no phone/SM corpus paper; no L1-L4 criterion met.,,"In the hope of getting a better handle on the situation, her agency funded the Adolescent Brain Cognitive Development (ABCD) study. Started in 2015, ABCD ..."
A0715,scientificamerican.com,Are Smartphones Really Destroying the Lives of Teenagers?,https://www.scientificamerican.com/article/are-smartphones-really-destroying-the-lives-of-teenagers/,"Feb 1, 2018",EXCLUDE,,,0.0,"general ABCD coverage, no specific paper from corpus — 2018 general overview of smartphones and teen health predating corpus papers.",Scientific American article (Feb 2018) is a general discussion of smartphone effects on teens mentioning ABCD Study's $300M funding. Published before all 69 corpus papers; no specific corpus paper can be referenced; no L1-L4 criterion met.,,"The ABCD (Adolescent Brain Cognitive Development) study has received funding of $300 million, “which is more than the entire history of adolescent research ..."
A0716,scientificamerican.com,Why Do So Many Mental Illnesses Overlap?,https://www.scientificamerican.com/article/why-do-so-many-mental-illnesses-overlap/,"Mar 4, 2024",EXCLUDE,,,0.0,ABCD coverage of out-of-corpus topic — genetic overlap of mental illnesses (ASHG 2023 conference).,Scientific American article (Mar 2024) covers ABCD Study data presented at ASHG 2023 on genetic bases for co-occurring mental illnesses. No phone/SM corpus paper; no L1-L4 criterion met.,,"... Adolescent Brain Cognitive Development (ABCD) Study, the scientists reported at the 2023 meeting of the American Society for Human Genetics. The researchers ..."
A0717,scientificamerican.com,Marijuana May Not Lower Your IQ,https://www.scientificamerican.com/article/marijuana-may-not-lower-your-iq/,"May 7, 2020",EXCLUDE,,,0.0,ABCD coverage of out-of-corpus topic — marijuana and IQ; ABCD mentioned as upcoming study (2020).,"Scientific American article (May 2020) discusses marijuana and IQ, mentioning ABCD Study as an upcoming/ongoing data source. No corpus paper referenced; out-of-corpus topic; no L1-L4 criterion met.",,"For now, investigators are eagerly awaiting data from the recently launched Adolescent Brain and Cognitive Development (ABCD) study. ABCD is following ..."
A0718,scientificamerican.com,Why You Shouldn't Ignore Loud Snoring in Kids,https://www.scientificamerican.com/article/why-you-shouldnt-ignore-loud-snoring-in-kids/,"Apr 15, 2025",EXCLUDE,,,0.0,ABCD coverage of out-of-corpus topic — loud snoring/sleep-disordered breathing in children.,"Scientific American article (Apr 2025) covers two ABCD papers (n~12,000) on pediatric snoring and sleep-disordered breathing outcomes. Sleep apnea/snoring topic, not phone/SM; no corpus paper; no L1-L4 criterion met.",,"In two recent papers using data from nearly 12,000 children enrolled in the ongoing Adolescent Brain Cognitive Development study, pediatric ..."
A0719,livescience.com,Is there really a difference between male and female brains ...,https://www.livescience.com/health/neuroscience/is-there-really-a-difference-between-male-and-female-brains-emerging-science-is-revealing-the-answer,"Mar 7, 2025",EXCLUDE,,,0.0,ABCD coverage of out-of-corpus topic — male vs. female brain differences (Dhamala et al.).,LiveScience article (Mar 2025) on sex differences in brain connectivity using ABCD data (Dhamala et al.). No phone/SM corpus paper; no L1-L4 criterion met.,,"Dhamala and colleagues recently aimed to fill in that gap using data from the Adolescent Brain and Cognitive Development (ABCD) study, an enormous U.S. ..."
A0720,livescience.com,How Drug Addiction Hijacks the Brain,https://www.livescience.com/62767-drug-addiction-alters-six-brain-networks.html,"Jun 8, 2018",EXCLUDE,,,0.0,ABCD coverage of out-of-corpus topic — drug addiction and brain network hijacking (2018); ABCD mentioned as ongoing.,LiveScience article (Jun 2018) on drug addiction altering brain networks; mentions ABCD Study as an ongoing longitudinal study (future data). Pre-dates corpus papers; no phone/SM topic; no L1-L4 criterion met.,,"Zilverstand added that she's particularly excited about an ongoing study called the Adolescent Brain Cognitive Development (ABCD) Study, which is tracking ..."
A0721,axios.com,Smartphones at age 12 linked to worse health,https://www.axios.com/2025/12/01/smartphones-age-12-worse-health-study,"Dec 1, 2025",INCLUDE,431,L3,0.92,,"Axios article (Dec 1, 2025) titled ""Smartphones at age 12 linked to worse health"" states preteens who own smartphones are likelier to have depression, obesity, and insufficient sleep — uniquely maps to paper 431 (Barzilay 2026 Pediatrics, ""Smartphone Ownership, Age of Smartphone Acquisition, and Health Outcomes in Early Adolescence"") which reports OR=1.31 for depression, OR=1.40 for obesity, OR=1.62 for insufficient sleep associated with smartphone ownership. Three matched outcomes (depression, obesity, sleep) and smartphone ownership exposure satisfy L3.",,"Preteens who own smartphones are likelier to have depression, obesity and insufficient sleep than their peers."
A0722,pbs.org,New study finds link between pre-teen use of social media ...,https://www.pbs.org/newshour/show/new-study-finds-link-between-pre-teen-use-of-social-media-and-depression,"May 24, 2025",INCLUDE,8,L3,0.88,,"PBS NewsHour article (May 24, 2025) titled ""New study finds link between pre-teen use of social media and depression"" explicitly references ABCD Study (""national study, 12,000 kids"") — maps to paper 8 (Nagata 2025 JAMA Network Open, ""Social Media Use and Depressive Symptoms During Early Adolescence"") published the same month. Social media use -> depressive symptoms + ABCD n~12,000 + pre-teen/early adolescence age range satisfy L3. Could also reference paper 393 (Nagata 2024 BMC Public Health) but the May 2025 date and JAMA Network Open prominence make paper 8 the primary match.",,"So, yeah, the data comes from the Adolescent Brain Cognitive Development Study. It is a national study that follows these 12,000 kids from over 21 different ..."
A0723,pbs.org,Second Opinion with Joan Lunden | Brain Health | Season 18,https://www.pbs.org/video/brain-health-cfmAr2/,,EXCLUDE,,,0.0,"general ABCD coverage, no specific paper from corpus — PBS program segment describing the ABCD Study generally.","PBS ""Second Opinion with Joan Lunden"" video segment (no date) features an ABCD Study researcher discussing the study generally as ""the largest brain study."" No specific corpus paper identified; no L1-L4 criterion met.",,"You are one of the researchers at this ABCD Study, which I find so fascinating. See Adolescent Brain Cognitive Development Study. It's the largest brain ..."
A0724,pbs.org,Adelante | Social Media Effect on Children,https://www.pbs.org/video/social-media-effect-on-children-okrvh7/,,EXCLUDE,,,0.0,"general ABCD coverage, no specific paper from corpus — Spanish-language PBS segment describing ABCD Study's social media and child development research generally.","PBS ""Adelante"" video segment (no date, Spanish language) describes the ABCD Study and its research on social media effects on children in general terms. No specific corpus paper identifiable from snippet; no L1-L4 criterion met.",,El ABCD es Adolescent Brain Cognitive Development. Está investigando muchas áreas del desarrollo de los niños y del desarrollo en el cerebro. Una de las ...
A0725,pbs.org,NOVA | The Cannabis Question | Season 48 | Episode 11,https://www.pbs.org/video/the-cannabis-question-82boad/,,EXCLUDE,,,0.98,ABCD coverage of out-of-corpus topic (cannabis/brain development); no phone or social media paper from corpus referenced,PBS NOVA documentary 'The Cannabis Question' uses ABCD Study data to examine cannabis effects. No mention of any phone/social media paper from the 69-paper corpus. L1-L4 not satisfied.,,"... Adolescent Brain Cognitive Development Study. And would you say that's definitely a no, kind of no... NARRATOR: N.I.H.. researchers will evaluate the ..."
A0726,pbs.org,Voices of Hope | Understanding Today's Marijuana: Part Two ...,https://www.pbs.org/video/understanding-todays-marijuana-part-two-exujgx/,,EXCLUDE,,,0.98,ABCD coverage of out-of-corpus topic (prenatal cannabis exposure); no phone or social media paper from corpus referenced,PBS 'Understanding Today's Marijuana Part Two' references ABCD Study data regarding babies exposed to cannabis in utero. No phone/social media paper from the corpus mentioned. L1-L4 not satisfied.,,"- What we're seeing, based on a lot of data, the ABCD study, the National Institute of Health, when they follow these babies that were exposed to cannabis ..."
A0727,statnews.com,Brain MRIs reveal impact of 'toxic stress' on Black children,https://www.statnews.com/2023/02/01/brain-scans-reveal-disparate-impact-of-poverty-toxic-stress-on-black-children/,"Feb 1, 2023",EXCLUDE,,,0.98,"ABCD coverage of out-of-corpus topic (poverty, toxic stress, racial disparities in brain development); no phone or social media paper from corpus referenced",STAT News article on brain MRI findings about toxic stress effects on Black children using ABCD Study. No phone/SM paper from the 69-paper corpus referenced. L1-L4 not satisfied.,,"The current study took advantage of the powerful Adolescent Brain Cognitive Development, or ABCD, study established and funded by the National Institutes of ..."
A0728,statnews.com,How weed affects adolescent brains - STAT News,https://www.statnews.com/2026/04/20/health-news-how-weed-affects-adolescent-brains/,"Apr 20, 2026",EXCLUDE,,,0.98,ABCD coverage of out-of-corpus topic (cannabis/marijuana effects on adolescent brains); no phone or social media paper from corpus referenced,STAT News 'How weed affects adolescent brains' reports on Neuropsychopharmacology paper using ABCD data about cannabis. No phone/SM paper from the corpus. L1-L4 not satisfied.,,"The research, published yesterday in Neuropsychopharmacology, used data from the NIH-supported Adolescent Brain Cognitive Development Study, following youth ..."
A0729,statnews.com,Psilocybin desynchronizes the human brain,https://www.statnews.com/wp-content/uploads/2025/02/statmadness-25-6.pdf,,EXCLUDE,,,0.97,ABCD coverage of out-of-corpus topic (psilocybin brain desynchronization); ABCD study cited only as a reference in bibliography,STAT News PDF about psilocybin research cites ABCD Study only as a methodological reference in the bibliography (imaging acquisition). No phone/SM paper from the corpus mentioned. L1-L4 not satisfied.,,"The Adolescent Brain Cognitive Development (ABCD) study: imaging acquisition across 21 sites. Dev. Cogn. Neurosci. 32, 43–54 (2018). Article CAS PubMed ..."
A0730,statnews.com,A MacArthur 'genius' will likely use his grant to ... - STAT News,https://www.statnews.com/2020/10/29/a-macarthur-genius-will-likely-use-his-grant-to-support-his-wifes-work-in-the-name-of-science/,"Oct 29, 2020",EXCLUDE,,,0.97,"general ABCD coverage, no specific paper from corpus; article profiles a researcher's involvement in large-scale data projects",STAT News profile of MacArthur 'genius' mentions ABCD Study as one of several large-scale data projects. No phone/SM paper from the 69-paper corpus referenced. L1-L4 not satisfied.,,"He's been instrumental in many large-scale data projects, including the ABCD Study — a National Institutes of Health-funded effort to collect and compare the ..."
A0731,statnews.com,"Trans, nonbinary researchers see more than funding threatened",https://www.statnews.com/2025/12/09/how-research-funding-cuts-impacted-trans-nonbinary-scientists/,"Dec 9, 2025",EXCLUDE,,,0.97,"general ABCD coverage, no specific paper from corpus; article is about research funding cuts affecting trans/nonbinary scientists",STAT News article on funding cuts mentions a researcher retrieving ABCD Study data. No phone/SM paper from the 69-paper corpus referenced. L1-L4 not satisfied.,,"This summer, Zubizarreta needed to retrieve data from the NIH's Adolescent Brain Cognitive Development Study, which included extensive information about ..."
A0732,kffhealthnews.org,Health Officials Confirm Wind-Down Of Federal HIV Meds ...,https://kffhealthnews.org/morning-breakout/health-officials-confirm-wind-down-of-federal-hiv-meds-program/,"Jul 24, 2024",EXCLUDE,,,0.97,"general ABCD coverage, no specific paper from corpus; ABCD Study mentioned as background in HIV/health policy article","KFF Health News morning roundup briefly mentions ABCD Study as 'a large, long-term study of brain development and child health' in context of an unrelated health policy story. No phone/SM paper from corpus. L1-L4 not satisfied.",,"... Adolescent Brain Cognitive Development Study, a large, long-term study of brain development and child health in the United States. A majority of the tweens ..."
A0733,kffhealthnews.org,"Friday, October 3, 2025 - KFF Health ...",https://kffhealthnews.org/morning-briefing/friday-october-3-2025/,"Oct 3, 2025",EXCLUDE,,,0.95,"general ABCD coverage, no specific paper from corpus; ABCD Study mentioned as a notable federal research program",KFF Health News Friday briefing references ABCD Study as a '10-year national' NIH-funded study in a broader policy context. No phone/SM paper from the 69-paper corpus referenced. L1-L4 not satisfied.,,"Consider a 10-year national Adolescent Brain Cognitive Development (ABCD) Study, funded by the federal National Institutes of Health (NIH) and partners. My ..."
