article_id,outlet,title,url,published_date,n1_decision,matched_paper_ids,linkage_test,confidence,exclusion_reason,evidence,provisional_paper_ids,summary
A0000,NPR,"Kids who use social media score lower on reading and memory tests, a study shows",https://www.npr.org/sections/shots-health-news/2025/10/13/nx-s1-5571050/social-media-teens-brains-reading-memory,"10/13/2025, 07:00 AM, +0000 UTC",INCLUDE,"144,1",L3,0.88,,"NPR title 'Kids who use social media score lower on reading and memory tests' — 'reading and memory' maps to paper 144 (Nagata 2026 Lancet Regional Health Americas, SM use trajectories and spatial/verbal memory outcomes). 'Lower on cognitive assessments' also consistent with paper 1 (Nagata 2025 JAMA, SM trajectories and NIH Toolbox cognitive performance). ABCD study mentioned in summary. Dual match: 'memory' is the specific DV in paper 144; paper 1 covers broader cognitive battery.","1,107,144,150,208,287,389,8,95",... Adolescent Brain Cognitive Development (ABCD) Study. Scientists have been following thousands of preteens as they go through adolescence to understand the ...
A0001,NPR,"Screen addiction and suicidal behaviors are linked for teens, a study shows : Shots - Health News",https://www.npr.org/sections/shots-health-news/2025/06/18/nx-s1-5436951/jama-screens-teens-addiction-suicide-abcd,"06/18/2025, 07:00 AM, +0000 UTC",INCLUDE,3,L2,0.97,,"NPR article names 'Xiao and her colleagues' plus references ABCD Study. 'Xiao' is the first author of paper 3 (Xiao 2025 JAMA, addictive screen use trajectories and suicidal behaviors). Title 'Screen addiction and suicidal behaviors are linked' directly paraphrases paper 3's headline finding. L2 satisfied: author surname Xiao + JAMA (the venue) almost certainly named in full article. L3 also satisfied: addictive screen use + suicidality + ABCD.","106,133,139,157,158,184,24,3,302,304,393,394,49,80,86,95",Xiao and her colleagues used data from a large-scale ongoing longitudinal study called the Adolescent Brain Cognitive Development (ABCD) Study. It's been ...
A0002,NPR,A Look At Social Media Finds Some Possible Benefits For Kids,https://www.npr.org/sections/health-shots/2018/06/19/621136346/a-look-at-social-media-finds-some-possible-benefits-for-kids,"06/19/2018, 07:00 AM, +0000 UTC",EXCLUDE,,,0.15,ABCD coverage of out-of-corpus topic — 2018 article about possible benefits of social media for kids; no matching paper in the 69-paper corpus (all corpus papers are from 2019–2026 and none report a social-media-benefits finding matching this article's framing).,"Published June 2018; cites ~4,500 youth from ABCD pilot/baseline. None of the 69 INCLUDE papers are from 2018 or report net positive social media outcomes matching this article. Provisional paper_id 95 (He 2025 Computers in Human Behavior) is from 2025 and not a benefits paper.",95,"The findings come from an analysis of data from about 4,500 young people and their parents collected by the Adolescent Brain Cognitive Development study, a ..."
A0003,npr.org,Study: Laying Off Pot Improved Teens' Learning : Shots,https://www.npr.org/sections/health-shots/2018/10/30/662127406/when-adolescents-give-up-pot-their-cognition-quickly-improves,"Oct 30, 2018",EXCLUDE,,,0.05,ABCD coverage of out-of-corpus topic — cannabis/marijuana and cognition; not a smartphone or social media paper.,Title 'Study: Laying Off Pot Improved Teens' Learning'; ABCD is mentioned as context for future cannabis research. No corpus paper covers cannabis as the primary exposure.,,Lisdahl says that longitudinal studies such as the NIH's Adolescent Brain Cognitive Development Study could provide more information about what marijuana does ...
A0004,npr.org,Screen addiction and suicidal behaviors are linked for ...,https://www.npr.org/transcripts/nx-s1-5436951,"Jun 18, 2025",INCLUDE,3,L3,0.95,,"NPR transcript for the same story as A0001 (same URL base nx-s1-5436951, same date Jun 18 2025). Summary states '4,000 kids from ABCD' and topic is addictive screen use + suicidal behaviors — uniquely maps to paper 3 (Xiao 2025 JAMA). Syndicated transcript of A0001; both should be retained as separate coverage items.",,"So they used data on more than 4,000 kids from a really well-known long-term study called ABCD - or Adolescent Brain Cognitive Development Study. And it's ..."
A0005,npr.org,TASTE BUDDIES: No Sugarcoating How Sweet Affects The ...,https://www.npr.org/transcripts/1110870180,"Jul 28, 2022",EXCLUDE,,,0.05,"ABCD coverage of out-of-corpus topic — sugar/taste/diet research, not smartphone or social media.",Title 'TASTE BUDDIES: No Sugarcoating How Sweet Affects The...' and summary reference ABCD study in the context of a sweetness/diet segment. No corpus paper covers taste or dietary preferences as the primary exposure.,,Would you introduce us to the ABCD study or the Adolescent Brain Cognitive Development study? JOSEPH: Yeah. So the ABCD study is the largest long-term study ...
A0006,npr.org,"Tweens, screens and sleep: How parents can help kids get ...",https://www.npr.org/sections/shots-health-news/2024/07/24/nx-s1-5049892/tweens-screens-sleep-how-parents-can-help-kids-get-zzzzz,"Jul 24, 2024",INCLUDE,139,L3,0.92,,"NPR article 'Tweens, screens and sleep: How parents can help kids get zzzzz' (Jul 24, 2024). Summary specifies 'nearly 9,400 11- and 12-year-olds who are part of the ABCD Study.' Paper 139 (Nagata 2024 J Adolesc Health, bedtime screen use behaviors and sleep outcomes) used ~9,400 ABCD Year-2 participants ages 11-12. Three-way match: sample size ~9,400, ages 11-12, bedtime screens → sleep outcomes → uniquely paper 139.",,"The study involved nearly 9,400 11- and 12-year-olds who are part of the Adolescent Brain Cognitive Development Study, a large, long-term study of brain ..."
A0007,npr.org,ADHD drugs may work indirectly to boost attention,https://www.npr.org/sections/shots-health-news/2025/12/27/nx-s1-5658291/adhd-adderall-ritalin-mechanism,"Dec 27, 2025",EXCLUDE,,,0.05,"ABCD coverage of out-of-corpus topic — ADHD medication mechanism (Adderall/Ritalin), not smartphone or social media.",Title 'ADHD drugs may work indirectly to boost attention'; ABCD data used to study stimulant medication effects. No corpus paper covers ADHD medication as a topic.,,"The new research analyzed data from the Adolescent Brain Cognitive Development Study, a federally funded effort that includes brain scans of nearly 12,000 ..."
A0008,npr.org,More Evidence Links Marijuana Use And Psychosis : Shots,https://www.npr.org/sections/health-shots/2019/03/19/704948217/daily-marijuana-use-and-highly-potent-weed-linked-to-psychosis,"Mar 19, 2019",EXCLUDE,,,0.05,"ABCD coverage of out-of-corpus topic — cannabis and psychosis, not smartphone or social media.",Title 'More Evidence Links Marijuana Use And Psychosis'; ABCD mentioned as an ongoing study that may yield future cannabis data. No corpus paper covers cannabis/psychosis as primary exposure.,,"The Adolescent Brain Cognitive Development study, which is funded by the U.S. National Institutes of Health, is attempting to tease out the various ..."
A0009,npr.org,Up First briefing: Biden Oval Office speech; Harris' stance ...,https://www.npr.org/2024/07/25/g-s1-13285/up-first-newsletter-biden-oval-office-address-harris-israel-gaza,"Jul 25, 2024",INCLUDE,139,L3,0.82,,"NPR 'Up First' newsletter (Jul 25, 2024) summary states 'Scientists looked at nearly 9,400 11- and 12-year-olds for the Adolescent Brain Cognitive Development Study' — same sample size/age range as paper 139 (Nagata 2024 J Adolesc Health, ~9,400 ABCD Year-2 participants ages 11-12, bedtime screen use and sleep). Same study covered in A0006 the day before, consistent with paper 139. Confidence slightly lower (0.82) because news brief excerpt lacks explicit screen-type or sleep-outcome mention.",,"Scientists looked at nearly 9,400 11- and 12-year-olds for the Adolescent Brain Cognitive Development Study, a long-term study of brain development and ..."
A0010,PsyPost,More time spent on social media is linked to a thinner cerebral cortex in young adolescents,https://www.psypost.org/more-time-spent-on-social-media-is-linked-to-a-thinner-cerebral-cortex-in-young-adolescents/,"04/15/2026, 07:00 AM, +0000 UTC",INCLUDE,150,L3,0.93,,"PsyPost 'More time spent on social media is linked to a thinner cerebral cortex in young adolescents' (Apr 15, 2026). 'Thinner cerebral cortex' is a cortical thickness finding — directly maps to paper 150 (Nagata 2026 NeuroImage, social media use and early adolescent brain structure including cortical thickness). Published Apr 2026 consistent with paper 150 (2026). L3: social media time + thinner cortex + young adolescents + ABCD uniquely identifies paper 150.","1,107,133,144,150,208,24,287,302,304,389,393,394,49,8,80",
A0011,PsyPost,Higher social media engagement linked to reduced performance on cognitive assessments,https://www.psypost.org/higher-social-media-engagement-linked-to-reduced-performance-on-cognitive-assessments/,"12/02/2025, 08:00 AM, +0000 UTC",INCLUDE,1,L3,0.93,,"PsyPost 'Higher social media engagement linked to reduced performance on cognitive assessments' (Dec 2, 2025). 'Social media engagement' + 'reduced cognitive performance' maps to paper 1 (Nagata 2025 JAMA, social media use trajectories and cognitive performance on NIH Toolbox). Published Dec 2025, consistent with Oct 2025 paper 1 publication. L3: social media + reduced cognitive test scores uniquely map to paper 1 in corpus.",1,
A0012,PsyPost,Three types of screen time linked to substance experimentation in early adolescents,https://www.psypost.org/three-types-of-screen-time-linked-to-substance-experimentation-in-early-adolescents/,"01/10/2025, 08:00 AM, +0000 UTC",INCLUDE,106,L3,0.91,,"PsyPost 'Three types of screen time linked to substance experimentation in early adolescents' (Jan 10, 2025). 'Three types of screen time' (social media, texting, video chat) + 'substance experimentation' + 'early adolescents' maps to paper 106 (Nagata 2025 Drug Alcohol Depend, prospective associations between screen use modalities and substance use experimentation; reports per-modality AORs for social media, texting, video chatting vs. substance experimentation). L3: three modalities + substance experimentation outcome + prospective ABCD.","106,133,24,302,304,393,394,49,80",
A0013,PsyPost,Brain structure changes may partially explain the link between screen time and ADHD,https://www.psypost.org/brain-structure-changes-may-partially-explain-the-link-between-screen-time-and-adhd/,"11/26/2025, 08:00 AM, +0000 UTC",INCLUDE,84,L3,0.8,,"PsyPost 'Brain structure changes may partially explain the link between screen time and ADHD' (Nov 26, 2025). Paper 84 (Shou 2026 Acta Psychologica, screen time → cognitive function mediated by putamen volume) is the best corpus match: putamen volume = brain structure change mediating screen time → cognition. Putamen is implicated in attention/ADHD-adjacent circuits. 'ADHD' in title may reflect the article's interpretation of the cognition/attention findings. Confidence 0.80 because paper 84 reports cognitive function broadly, not ADHD diagnosis per se; however no closer ABCD corpus match exists for brain-structure + screen-time mediation.",84,
A0014,PsyPost,"Early screen time not a cause of autism, study concludes",https://www.psypost.org/early-screen-time-not-a-cause-of-autism-study-concludes/,"12/31/2024, 08:00 AM, +0000 UTC",EXCLUDE,,,0.05,ABCD coverage of out-of-corpus topic — screen time and autism; no corpus paper studies autism as the primary outcome.,"Title 'Early screen time not a cause of autism, study concludes.' No INCLUDE paper in the 69-paper corpus studies autism as an outcome. Provisional paper_id 84 (Shou 2026, putamen/cognition) is unrelated to autism.",84,
A0015,PsyPost,From likes to anxiety: Examining the psychological costs of social media among teens,https://www.psypost.org/from-likes-to-anxiety-examining-the-psychological-costs-of-social-media-among-teens/,"03/15/2024, 07:00 AM, +0000 UTC",EXCLUDE,,,0.35,General ABCD/social-media coverage — aggregator review article about psychological costs of social media in teens; no specific finding from corpus uniquely paraphrased; published Mar 2024 before most corpus papers.,"PsyPost 'From likes to anxiety: Examining the psychological costs of social media among teens' (Mar 15, 2024). Review/aggregator piece on social media and teen anxiety generally. No specific sample size, author surname, effect magnitude, or other L3 anchor matches a unique corpus paper. Published before several key corpus papers. Provisional paper_id 84 (Shou 2026, putamen) would not be published until 2026.",84,
A0016,PsyPost,"TikTok leads as the most popular platform among underage users, research reveals",https://www.psypost.org/tiktok-leads-as-the-most-popular-platform-among-underage-users-research-reveals/,"01/10/2025, 08:00 AM, +0000 UTC",EXCLUDE,,,0.1,Non-ABCD cohort or out-of-corpus topic — TikTok platform usage statistics among underage users; no ABCD-based finding paraphrased and no corpus paper reports TikTok market-share data.,"PsyPost 'TikTok leads as the most popular platform among underage users, research reveals' (Jan 10, 2025). This is a platform-usage statistics piece. Provisional paper_id 95 (He 2025, social media addiction and reward circuit fMRI) does not report TikTok platform popularity data. No L1-L4 criterion satisfied against any corpus paper.",95,
A0017,PsyPost,Excessive screen time linked to developmental and behavioral issues in U.S. children,https://www.psypost.org/excessive-screen-time-linked-to-developmental-and-behavioral-issues-in-u-s-children/,"01/30/2024, 08:00 AM, +0000 UTC",INCLUDE,420,L3,0.65,,"PsyPost 'Excessive screen time linked to developmental and behavioral issues in U.S. children' (Jan 30, 2024). 'Developmental and behavioral issues in U.S. children' + 'excessive screen time' is consistent with paper 420 (Paulich 2021 PLOS ONE, screen time and early adolescent mental health, academic, and social outcomes in 9-10 year-olds in ABCD). Provisional paper_id 190 (Sauce 2022, intelligence) is a plausible alternative. Confidence 0.65 (flagged for human review) because multiple corpus papers could produce this headline and the summary is absent.",190,
A0018,MedPage Today,Increasing Social Media Use in Preteens May Be Hurting Cognition Too,https://www.medpagetoday.com/pediatrics/generalpediatrics/117911,"10/13/2025, 07:00 AM, +0000 UTC",INCLUDE,1,L3,0.97,,"MedPage Today 'Increasing Social Media Use in Preteens May Be Hurting Cognition Too' (Oct 13, 2025). Summary quotes ABCD data, mentions 'low increasing social media use (+1.3 hours/day)' and 'high increasing' trajectory groups, 'ages 9 to 13 years' — these trajectory labels and age range are unique markers of paper 1 (Nagata 2025 JAMA, social media use trajectories and cognitive performance, ages 9-13, trajectory groups including low-increasing and high-increasing). L3: trajectory terminology, +1.3 h/day increment, ages 9-13, SM → cognition.","1,107,133,144,150,208,24,287,302,304,389,393,394,49,8,80,95","... Adolescent Brain Cognitive Development (ABCD) study. From ages 9 to 13 years, both low increasing social media use (+1.3 hours/day) and high increasing ..."
A0019,MedPage Today,Teens Spend an Hour on Their Smartphones at School,https://www.medpagetoday.com/pediatrics/generalpediatrics/119288,"01/05/2026, 08:00 AM, +0000 UTC",INCLUDE,154,L3,0.92,,"MedPage Today 'Teens Spend an Hour on Their Smartphones at School' (Jan 5, 2026). Summary states 'Among 640 teens with passive measurement software on their phones, a mean of 1.16 hours was spent using...' — passive measurement software (sensor-based) + specific sample n=640 + smartphone use + school context maps to paper 154 (Alexander 2025 Psychiatry Research, adolescent smartphone use, sleep, and physical activity using sensor-based/passive measures in ABCD). L3: passive sensor measurement + smartphone + n~640 uniquely identifies paper 154.","1,107,133,144,150,208,24,287,302,304,389,393,394,49,8,80","... Adolescent Brain Cognitive Development (ABCD) study. Among 640 teens with passive measurement software on their phones, a mean of 1.16 hours was spent using ..."
A0020,MedPage Today,Addiction to Screen Time Tied to Suicidality in U.S. Kids,https://www.medpagetoday.com/pediatrics/generalpediatrics/116127,"06/18/2025, 07:00 AM, +0000 UTC",INCLUDE,3,L3,0.97,,"MedPage Today 'Addiction to Screen Time Tied to Suicidality in U.S. Kids' (Jun 18, 2025). Mentions ABCD study, '21 sites across the U.S.' — addictive screen use + suicidality + ABCD + 21-site sample uniquely identifies paper 3 (Xiao 2025 JAMA, addictive screen use trajectories and suicidal behaviors in ABCD). L3: addictive screen use + suicidality + ABCD national sample.",3,"The study used data from the Adolescent Brain Cognitive Development (ABCD) study, with population-based samples from 21 sites across the U.S.. Limitations ..."
A0021,MedPage Today,Toddlers' Screen Time Linked to Delayed Development,https://www.medpagetoday.com/pediatrics/generalpediatrics/105970,"08/21/2023, 07:00 AM, +0000 UTC",EXCLUDE,,,0.05,ABCD coverage of out-of-corpus topic — toddler screen time and developmental delay; ABCD study begins at age 9-10 and no corpus paper covers toddlers.,"MedPage Today 'Toddlers' Screen Time Linked to Delayed Development' (Aug 21, 2023). References toddlers, which is not the ABCD population (ABCD starts at ages 9-10). No corpus paper studies toddlers. This likely covers a non-ABCD cohort study (e.g., JAMA Pediatrics Japanese cohort).",84,
A0022,medpagetoday.com,NIH Data Misused for 'Race Science'; RFK Jr.'s Autism ...,https://www.medpagetoday.com/special-reports/features/119625,"Jan 28, 2026",EXCLUDE,,,0.05,General ABCD coverage — policy/overview article about ABCD Study data misuse and RFK Jr.; no specific smartphone/SM corpus paper paraphrased.,"MedPage Today 'NIH Data Misused for Race Science; RFK Jr.'s Autism...' (Jan 28, 2026). ABCD Study mentioned as context for a political/policy story. No specific corpus paper finding paraphrased.",,The Adolescent Brain Cognitive Development (ABCD) Study is a decade-long endeavor tracking kids' brain development in order to give insight into the impact ...
A0023,medpagetoday.com,"Brain Structure, Cognitive Performance Linked With ...",https://www.medpagetoday.com/pediatrics/preventivecare/100164,"Aug 10, 2022",EXCLUDE,,,0.4,"Insufficient information — incomplete title ('Brain Structure, Cognitive Performance Linked With...') and no summary text prevent L3/L4 matching; the 2022 ABCD brain-structure + cognition finding most likely covers a screen-time topic not uniquely distinguishable.","MedPage Today 'Brain Structure, Cognitive Performance Linked With...' (Aug 10, 2022). No summary provided; title is truncated. Could map to paper 190 (Sauce 2022 Scientific Reports, digital media + intelligence) or paper 97 (Miller 2023 Cortex, screen media + functional brain organization), but neither can be confirmed without the full article text. Excluded pending human review if full text is available.",,This observational cohort study was conducted using data from the Adolescent Brain and Cognitive Developmentopens in a new tab or window (ABCD) study of ...
A0024,medpagetoday.com,Video Games May Not Rot Kids' Brains After All,https://www.medpagetoday.com/pediatrics/generalpediatrics/101377,"Oct 24, 2022",EXCLUDE,,,0.35,ABCD coverage of out-of-corpus topic or insufficient evidence — article focuses on video games not hurting cognition; no corpus paper's primary finding is specifically about video games and cognitive benefit/neutrality using ABCD.,"MedPage Today 'Video Games May Not Rot Kids' Brains After All' (Oct 24, 2022). Primary focus is video game screen time and cognition; ABCD data referenced. Paper 190 (Sauce 2022) covers socializing (SM) + video games separately and found video game play associated with higher IQ scores — this might fit, but paper 190's qualifying variable is the 'socializing' composite, not video games. No corpus paper has video games as its primary qualifying phone/SM variable. Confidence below threshold.",,The Adolescent Brain Cognitive Development (ABCD) Study is supported by the National Institute on Drug Abuse. A study co-author reported grants from the NIH ...
A0025,medpagetoday.com,Asthma Tied to Memory Difficulties in Kids,https://www.medpagetoday.com/pulmonology/asthma/112842,"Nov 11, 2024",EXCLUDE,,,0.0,ABCD coverage of out-of-corpus topic (asthma and memory; no smartphone/social media exposure),"Title 'Asthma Tied to Memory Difficulties in Kids' and snippet reference ABCD Study data but concern asthma as the primary exposure, which falls outside the smartphone/social media corpus.",,"For this study, the researchers used data collected from the long-term Adolescent Brain Cognitive Development (ABCD) Studyopens in a new tab or window."
A0026,medpagetoday.com,No Causal Link Between Stimulants and Psychotic ...,https://www.medpagetoday.com/pediatrics/generalpediatrics/115531,"May 12, 2025",EXCLUDE,,,0.0,ABCD coverage of out-of-corpus topic (stimulant medications and psychotic symptoms; no smartphone/social media exposure),"Title 'No Causal Link Between Stimulants and Psychotic...' and snippet reference ABCD Study but concern ADHD stimulant treatment outcomes, not smartphone/social media.",,... Adolescent Brain Cognitive Development Studyopens in a new tab or window. Treatment propensities were derived using covariates indexing demographic factors ...
A0027,medpagetoday.com,Childhood Adversity Tied to Race-Related Differences in ...,https://www.medpagetoday.com/psychiatry/generalpsychiatry/102906,"Feb 1, 2023",EXCLUDE,,,0.0,ABCD coverage of out-of-corpus topic (racial differences in gray matter; no smartphone/social media exposure),"Title 'Childhood Adversity Tied to Race-Related Differences in...' and snippet reference ABCD Study gray matter analyses, not smartphone/social media exposures.",,"... Adolescent Brain Cognitive Development (ABCDopens in a new tab or window) study. Among children ages 9 to 10 years, white kids showed greater gray matter ..."
A0028,medpagetoday.com,Brain MRI Finds Areas of Interest in Kids With ADHD,https://www.medpagetoday.com/meetingcoverage/rsna/101983,"Nov 30, 2022",EXCLUDE,,,0.0,ABCD coverage of out-of-corpus topic (ADHD neuroimaging/brain MRI; no smartphone/social media exposure),"Title 'Brain MRI Finds Areas of Interest in Kids With ADHD' and snippet reference ABCD Study MRI data; primary focus is ADHD neuroimaging, not smartphone/social media.",,"Lin and co-authors used MRI data from the NIH-sponsored multisite Adolescent Brain Cognitive Development (ABCD) study, which is the largest long-term study ..."
A0029,Medical Xpress,"Teens use cellphones for an hour a day at school, study finds",https://medicalxpress.com/news/2026-01-teens-cellphones-hour-day-school.html,"01/10/2026, 08:00 AM, +0000 UTC",INCLUDE,154,L4,0.65,,"Title 'Teens use cellphones for an hour a day at school, study finds' (pub. 01/10/2026) describes sensor-measured smartphone use in adolescents. Paper 154 (Alexander et al. 2025 Psychiatry Research) uses ABCD sensor-based smartphone data to measure daily app use and keyboard use. 'Cellphones + hour a day' + ABCD configuration uniquely consistent with the sensor-smartphone ABCD paper. Confidence <0.7 because no body text or DOI link available to confirm; flagged for human review.","1,107,144,150,208,287,389,8,95",
A0030,Medical Xpress,Social media usage linked to lower cognitive performance in preteens,https://medicalxpress.com/news/2025-10-social-media-usage-linked-cognitive.html,"10/18/2025, 07:00 AM, +0000 UTC",INCLUDE,1,L3,0.92,,"Title 'Social media usage linked to lower cognitive performance in preteens' directly paraphrases the primary finding of paper 1 (Nagata et al. 2025 JAMA: 'Social Media Use Trajectories and Cognitive Performance in Adolescents'). Matches on: SM exposure, cognitive outcome, direction (lower performance), preteen/adolescent sample from ABCD.",1,
A0031,Medical Xpress,"Addictive screen use, not total screen time, linked to youth suicide risk",https://medicalxpress.com/news/2025-06-addictive-screen-total-linked-youth.html,"06/18/2025, 07:00 AM, +0000 UTC",INCLUDE,3,L3,0.95,,"Title 'Addictive screen use, not total screen time, linked to youth suicide risk' uniquely maps to paper 3 (Xiao et al. 2025 JAMA: 'Addictive Screen Use Trajectories and Suicidal Behaviors, Suicidal Ideation, and Mental Health in US Youths'). The contrast 'addictive vs. total screen time' is a distinctive analytic framing of paper 3, which uses SMAQ/MPIQ addictive use trajectories as the key IVs for suicidal behavior outcomes.",3,
A0032,Medical Xpress,Problematic social media use predicts higher depressive symptoms in adolescents under 16,https://medicalxpress.com/news/2026-03-problematic-social-media-higher-depressive.html,"03/16/2026, 07:00 AM, +0000 UTC",INCLUDE,8,L3,0.82,,"Title 'Problematic social media use predicts higher depressive symptoms in adolescents under 16' (pub. 03/2026) maps to paper 8 (Nagata et al. 2025 JAMA Network Open: 'Social Media Use and Depressive Symptoms During Early Adolescence'). Matches: SM use -> depressive symptoms, adolescents, ABCD. The 'under 16' age range is consistent with ABCD early adolescence cohort. Could also relate to paper 86 (Nagata 2026 AJPM, problematic screen use) but paper 8 is the most direct match given the depressive symptoms focus.",8,
A0033,Medical Xpress,"Social media use increases depression in preteens, not vice versa, researchers find",https://medicalxpress.com/news/2025-05-social-media-depression-preteens-vice.html,"05/21/2025, 07:00 AM, +0000 UTC",INCLUDE,8,L3,0.95,,"Title 'Social media use increases depression in preteens, not vice versa, researchers find' (pub. 05/2025) captures the directional (cross-lagged) finding of paper 8 (Nagata et al. 2025 JAMA Network Open). Paper 8 reports cross-lagged path SM use Y1->depression Y2 beta=0.07 and Y2->Y3 beta=0.09, with the reverse path (depression->SM) also modeled. 'Not vice versa' uniquely references the asymmetric cross-lagged result.",8,
A0034,Medical Xpress,"Research reveals possible link between teen personalities, social media preferences and depressive symptoms",https://medicalxpress.com/news/2024-01-reveals-link-teen-personalities-social.html,"01/18/2024, 08:00 AM, +0000 UTC",EXCLUDE,,,0.0,Article predates assigned provisional paper; cannot confirm linkage to any corpus paper,"Published 01/18/2024; provisional paper 8 is from 2025 and cannot be covered. Title 'teen personalities, social media preferences and depressive symptoms' may relate to a different cohort or non-corpus ABCD paper; no L1-L4 criterion can be satisfied without body text confirming ABCD data and a specific corpus-paper finding.",8,
A0035,Medical Xpress,Teen depression? Study finds clues in screen use and sleep quality,https://medicalxpress.com/news/2025-06-teen-depression-clues-screen-quality.html,"06/23/2025, 07:00 AM, +0000 UTC",INCLUDE,13,L3,0.9,,"Title 'Teen depression? Study finds clues in screen use and sleep quality' (pub. 06/23/2025) maps to paper 13 (Lima Santos et al. 2025 JAMA Pediatrics: 'Role of Sleep and White Matter in the Link Between Screen Time and Depression in Childhood and Early Adolescence'). Matches on: screen use + sleep quality as mediator/clue + depression outcome + teen/childhood sample + ABCD 2025 study. Published the same month as paper 13 (2025), consistent with press coverage timing.",13,
A0036,Medical Xpress,"Addictive digital habits in early adolescence linked to mental health struggles, study finds",https://medicalxpress.com/news/2026-02-addictive-digital-habits-early-adolescence.html,"02/12/2026, 08:00 AM, +0000 UTC",INCLUDE,"86,95",multi,0.8,,"Title 'Addictive digital habits in early adolescence linked to mental health struggles, study finds' (pub. 02/12/2026). Primary match: paper 86 (Nagata et al. 2026 American Journal of Preventive Medicine: 'Prospective Associations Between Early Adolescent Problematic Screen Use, Mental Health, Sleep, and Substance Use') — addictive/problematic screen use -> mental health outcomes in early adolescence. Secondary match: paper 95 (He et al. 2025 CHB: 'Elevated loss sensitivity in the reward circuit in adolescents with video game but not social media addiction') — social media addiction + early adolescence. Both provisional IDs supported; paper 86 is primary L3 match.","18,86,95",
A0037,Medical Xpress,"Screen time tied to depression, anxiety in 9- and 10-year-olds",https://medicalxpress.com/news/2024-10-screen-depression-anxiety-year-olds.html,"10/07/2024, 07:00 AM, +0000 UTC",INCLUDE,393,L3,0.85,,"Title 'Screen time tied to depression, anxiety in 9- and 10-year-olds' (pub. 10/07/2024). Paper 393 (Nagata et al. 2024 BMC Public Health: 'Screen time and mental health: a prospective analysis of the ABCD Study') reports screen time subtypes (including social media, texting, video chat) predicting depressive symptoms in ABCD youth aged 9-10. Published 2024, matches age range '9- and 10-year-olds' and dual anxiety/depression outcome. Note: paper_ids 393 and 394 share the same DOI (10.1186/s12889-024-20102-x), so 393 represents the paper.","106,133,139,157,158,184,24,302,304,393,394,49,80,86",
A0038,Medical Xpress,Screen time linked to bipolar and manic symptoms in U.S. preteens,https://medicalxpress.com/news/2025-02-screen-linked-bipolar-manic-symptoms.html,"02/20/2025, 08:00 AM, +0000 UTC",INCLUDE,49,L3,0.93,,"Title 'Screen time linked to bipolar and manic symptoms in U.S. preteens' (pub. 02/20/2025) uniquely maps to paper 49 (Nagata et al. 2025 Social Psychiatry and Psychiatric Epidemiology: 'Screen time and manic symptoms in early adolescents: prospective findings from the Adolescent Brain Cognitive Development Study'). Matches: screen time -> manic/bipolar symptoms, US preteens, ABCD prospective study. 'Manic symptoms' is a very specific outcome not covered by other corpus papers.","106,133,139,157,158,184,24,302,304,393,394,49,80,86",
A0039,Medical Xpress,Transgender preteens report 13 hours of daily screen time,https://medicalxpress.com/news/2024-05-transgender-preteens-hours-daily-screen.html,"05/13/2024, 07:00 AM, +0000 UTC",EXCLUDE,,,0.0,ABCD coverage of out-of-corpus topic (transgender youth screen time; no corpus paper on gender identity and screen time),Title 'Transgender preteens report 13 hours of daily screen time' (pub. 05/2024). No candidate paper in the 69-paper corpus addresses transgender or gender-minority identity as a primary variable in relation to screen time. The provisional paper IDs are all generic Nagata screen-time papers with no gender-identity focus. This is an out-of-corpus ABCD paper (likely Nagata et al. on gender identity and screen time).,"106,133,139,157,158,184,24,302,304,393,394,49,80,86",
A0040,Medical Xpress,"Gay, lesbian, bisexual preteens spend 4 more hours on screens daily, finds study",https://medicalxpress.com/news/2023-03-gay-lesbian-bisexual-preteens-hours.html,"03/31/2023, 07:00 AM, +0000 UTC",EXCLUDE,,,0.0,ABCD coverage of out-of-corpus topic (sexual minority youth screen time; no corpus paper on sexual orientation and screen time),"Title 'Gay, lesbian, bisexual preteens spend 4 more hours on screens daily, finds study' (pub. 03/2023). No candidate paper in the 69-paper corpus addresses sexual minority youth screen time disparities as a primary finding. This is an out-of-corpus ABCD paper.","106,133,139,157,158,184,24,302,304,393,394,49,80,86",
A0041,Medical Xpress,Excessive screen time linked to suicidal behaviors in US preteens,https://medicalxpress.com/news/2023-02-excessive-screen-linked-suicidal-behaviors.html,"02/27/2023, 08:00 AM, +0000 UTC",INCLUDE,160,L3,0.93,,"Title 'Excessive screen time linked to suicidal behaviors in US preteens' (pub. 02/27/2023). Paper 160 (Chu et al. 2023 Preventive Medicine: 'Screen time and suicidal behaviors among U.S. children 9-11 years old: a prospective cohort study') matches on all L3 dimensions: screen time (exposure), suicidal behaviors (outcome), US children/preteens, prospective cohort from ABCD, 2023 publication. Article publication date (02/2023) consistent with press coverage of paper 160.","160,70",
A0042,Medical Xpress,Screen time and social media use linked to eating disorder symptoms in young adolescents,https://medicalxpress.com/news/2024-09-screen-social-media-linked-disorder.html,"09/10/2024, 07:00 AM, +0000 UTC",INCLUDE,70,L3,0.92,,"Title 'Screen time and social media use linked to eating disorder symptoms in young adolescents' (pub. 09/10/2024). Paper 70 (Chu et al. 2024 Eating and Weight Disorders: 'Screen time, problematic screen use, and eating disorder symptoms among early adolescents: findings from the ABCD Study') matches: screen time + social media use -> eating disorder symptoms, young adolescents, ABCD 2024. The dual 'screen time and social media' framing corresponds to the paper's two exposure sets (total screen time hours and SMAQ/MPIQ).","160,70",
A0043,Medical Xpress,Higher screen time linked to ADHD symptoms and altered brain development,https://medicalxpress.com/news/2025-11-higher-screen-linked-adhd-symptoms.html,"11/21/2025, 08:00 AM, +0000 UTC",INCLUDE,435,L3,0.75,,"Title 'Higher screen time linked to ADHD symptoms and altered brain development' (pub. 11/21/2025). Paper 435 (Nivins et al. 2025 Pediatrics Open Science: 'Digital Media, Genetics, and Risk for ADHD Symptoms in Children: A Longitudinal Study') matches: digital media/screen time -> ADHD symptoms, longitudinal ABCD data, 2025. The 'altered brain development' phrase aligns with Nivins et al. tracking brain changes alongside ADHD risk. Confidence 0.75 (not certain) because provisional ID was 84 (Shou 2026 Acta Psychologica, putamen volume and cognition) which published after this article; paper 435 is a better temporal match but body text unavailable to confirm.",84,
A0044,Medical Xpress,Genetic risks of autism and ADHD may be related to more screen time in children,https://medicalxpress.com/news/2023-10-genetic-autism-adhd-screen-children.html,"10/26/2023, 07:00 AM, +0000 UTC",EXCLUDE,,,0.0,Cannot confirm linkage to corpus paper; likely out-of-corpus topic or earlier non-corpus study,Title 'Genetic risks of autism and ADHD may be related to more screen time in children' (pub. 10/26/2023). Provisional paper 84 (Shou 2026) is dated after this article and does not address autism/ADHD genetic risk. No corpus paper specifically addresses genetic risk scores for autism/ADHD as a moderator of screen time. This appears to be an out-of-corpus ABCD paper or a non-ABCD cohort study; L1-L4 cannot be satisfied without body text.,84,
A0045,Medical Xpress,Excessive social media use tied to substance experimentation in US pre-teens,https://medicalxpress.com/news/2024-11-excessive-social-media-substance-experimentation.html,"11/16/2024, 08:00 AM, +0000 UTC",INCLUDE,106,L3,0.93,,"Title 'Excessive social media use tied to substance experimentation in US pre-teens' (pub. 11/16/2024). Paper 106 (Nagata et al. 2025 Drug and Alcohol Dependence: 'Prospective association between screen use modalities and substance use experimentation in early adolescents') matches: social media use -> substance experimentation, US pre-teens, ABCD prospective cohort. Social media AOR=1.20 for any substance experimentation is a key finding.",106,
A0046,Medical Xpress,New study reveals how screen time affects preteen sleep,https://medicalxpress.com/news/2024-07-reveals-screen-affects-preteen.html,"07/22/2024, 07:00 AM, +0000 UTC",INCLUDE,139,L3,0.88,,"Title 'New study reveals how screen time affects preteen sleep' (pub. 07/22/2024). Paper 139 (Nagata et al. 2024 Journal of Adolescent Health: 'Bedtime Screen Use Behaviors and Sleep Outcomes in Early Adolescents: A Prospective Cohort Study') matches: screen time (bedtime modalities) -> sleep outcomes, preteens, ABCD 2024. Published 07/2024 aligns with 2024 paper coverage. Paper 157 (Nagata 2023 Sleep Health) is also possible but the 2024 publication date favors paper 139.","139,157",
A0047,Medical Xpress,Unlocking restful nights: Teen-friendly social media habits for optimal sleep,https://medicalxpress.com/news/2023-05-restful-nights-teen-friendly-social-media.html,"05/24/2023, 07:00 AM, +0000 UTC",INCLUDE,157,L3,0.88,,"Title 'Unlocking restful nights: Teen-friendly social media habits for optimal sleep' (pub. 05/24/2023). Paper 157 (Nagata et al. 2023 Sleep Health: 'Bedtime screen use behaviors and sleep outcomes: Findings from the ABCD Study') matches: bedtime social media habits -> sleep outcomes in teens, ABCD 2023. Published 05/2023 is consistent with coverage of a 2023 paper. Paper 139 (2024) is ruled out by publication date.","139,157",
A0048,Medical Xpress,"Youth screen use can cause family conflict, exacerbate mental health problems",https://medicalxpress.com/news/2025-10-youth-screen-family-conflict-exacerbate.html,"10/13/2025, 07:00 AM, +0000 UTC",INCLUDE,"175,167",multi,0.85,,"Title 'Youth screen use can cause family conflict, exacerbate mental health problems' (pub. 10/13/2025). Primary match: paper 175 (Carvalho et al. 2025 Journal of Family Psychology: 'Youth electronic media use and family conflict: Bidirectional associations across early adolescence') — screen use -> family conflict, bidirectional. Secondary match: paper 167 (Carvalho et al. 2025 Development and Psychopathology: 'The role of smartphones in adolescent-parent discrepancy in reporting adolescents' internalizing problems') — smartphones + mental health problems + parent-youth dynamics. Both provisional IDs supported; paper 175 is primary for 'family conflict' L3 match.","167,175",
A0049,Medical Xpress,Excessive screen time linked to obesity in US preteen,https://medicalxpress.com/news/2021-06-excessive-screen-linked-obesity-preteen.html,"06/28/2021, 07:00 AM, +0000 UTC",INCLUDE,302,L3,0.95,,"Title 'Excessive screen time linked to obesity in US preteen' (pub. 06/28/2021). Paper 302 (Nagata et al. 2021 Pediatric Obesity: 'Contemporary screen time usage among children 9-10-years-old is associated with higher body mass index percentile at 1-year follow-up: A prospective cohort study') matches precisely: screen time -> BMI/obesity, US preteen/9-10-year-olds, prospective ABCD cohort, 2021 publication date.",302,
A0050,Medical Xpress,Frequent social media use could impact child development,https://medicalxpress.com/news/2026-03-frequent-social-media-impact-child.html,"03/25/2026, 07:00 AM, +0000 UTC",INCLUDE,310,L3,0.82,,Title 'Frequent social media use could impact child development' published March 2026 maps to paper 310 (Carvalho 2025 Journal of Research on Adolescence — SM use and crystallized/fluid cognitive performance trajectories in ABCD). 'Frequent social media use' + 'child development' impact uniquely aligns with Carvalho's finding that social media hours predict declining crystallized and fluid trajectories. Confidence slightly reduced by absent article body.,310,
A0051,Medical Xpress,Owning a smartphone at age 12 linked to mental and physical health risks,https://medicalxpress.com/news/2025-12-smartphone-age-linked-mental-physical.html,"12/02/2025, 08:00 AM, +0000 UTC",INCLUDE,431,L3,0.92,,"Title 'Owning a smartphone at age 12 linked to mental and physical health risks' maps directly to paper 431 (Barzilay 2026 Pediatrics — smartphone ownership, age of acquisition, and health outcomes in early adolescence). 'Smartphone at age 12' + 'mental and physical health risks' uniquely matches Barzilay's findings: smartphone ownership OR=1.31 depression, OR=1.40 obesity, OR=1.62 insufficient sleep, with age of acquisition also predicting outcomes.",431,
A0052,the Manitoban,Social media use linked to cognitive decline in youth,https://themanitoban.com/2025/11/social-media-use-linked-to-cognitive-decline-in-youth/51082/,"11/26/2025, 08:00 AM, +0000 UTC",INCLUDE,"1,144",multi,0.75,,Title 'Social media use linked to cognitive decline in youth' (Nov 2025) maps most directly to paper 1 (Nagata 2025 JAMA — SM use trajectories and NIH Toolbox cognitive performance) and paper 144 (Nagata 2026 Lancet — SM use trajectories and spatial/verbal memory). Both papers use ABCD data and link social media to cognitive outcomes; 'cognitive decline' is a loose paraphrase of both. Multi-mapped. Confidence reduced by broad provisional list and absent body text.,"1,107,133,144,150,208,24,287,302,304,389,393,394,49,8,80",
A0053,U.S. News & World Report,"Social Media Might Stunt Students' Intellect, Study Says",https://www.usnews.com/news/health-news/articles/2025-10-14/social-media-might-stunt-students-intellect-study-says,"10/14/2025, 07:00 AM, +0000 UTC",INCLUDE,1,L3,0.88,,"Title 'Social Media Might Stunt Students' Intellect, Study Says' (Oct 14 2025) maps to paper 1 (Nagata 2025 JAMA — social media use trajectories and cognitive/intellectual performance on NIH Toolbox). 'Stunt intellect' paraphrases the finding that high-increasing SM trajectory youth showed lower cognitive composite scores. Timing (Oct 2025) aligns with JAMA publication of paper 1. Other provisional papers are less specific to cognition/intellect outcomes.","1,107,144,150,208,287,389,8,95",
A0054,U.S. News & World Report,Youngsters Face Heart Health Risks From Too Much Screen Time,https://www.usnews.com/news/health-news/articles/2025-08-06/youngsters-face-heart-health-risks-from-too-much-screen-time,"08/06/2025, 07:00 AM, +0000 UTC",EXCLUDE,,,0.0,out-of-corpus topic — article is about cardiovascular/heart health risks from screen time; no paper in the 69-paper corpus addresses heart health as an outcome,"Title 'Youngsters Face Heart Health Risks From Too Much Screen Time' does not map to any corpus paper. Provisional paper 84 (Shou 2026 Acta Psychologica) is about screen time, cognitive function, and putamen brain volume — not cardiovascular/heart health. No corpus paper covers heart disease or cardiovascular outcomes.",84,
A0055,Contemporary Pediatrics,"Jason Nagata, MD, MSc, highlights frequent teen smartphone use during school hours",https://www.contemporarypediatrics.com/view/jason-nagata-md-msc-highlights-frequent-teen-smartphone-use-during-school-hours,"01/19/2026, 08:00 AM, +0000 UTC",EXCLUDE,,,0.0,specific paper not identifiable — interview/feature on Dr. Nagata about smartphone use during school hours; no corpus paper covers smartphone use during school hours as its primary focus,"Title 'Jason Nagata, MD, MSc, highlights frequent teen smartphone use during school hours' is an interview or feature article. No paper in the 69-paper corpus specifically examines smartphone use during school hours as a primary exposure or outcome. The broad provisional list reflects keyword overlap with Nagata's name only.","1,107,144,150,208,287,389,8",
A0056,Contemporary Pediatrics,Social media potentially linked to depression in children,https://www.contemporarypediatrics.com/view/social-media-potentially-linked-to-depression-in-children,"05/22/2025, 07:00 AM, +0000 UTC",INCLUDE,8,L3,0.9,,"Title 'Social media potentially linked to depression in children' (May 22 2025) maps to paper 8 (Nagata 2025 JAMA Network Open — social media use and depressive symptoms during early adolescence, cross-lagged ABCD analysis). 'Social media' + 'depression' + 'children' with a May 2025 publication date uniquely maps to the JAMA Network Open 2025 paper (doi 10.1001/jamanetworkopen.2025.11704). The qualifier 'potentially' matches the cross-lagged design's correlational framing.","1,107,144,150,208,287,389,8",
A0057,Contemporary Pediatrics,Addictive screen use tied to youth mental health risks,https://www.contemporarypediatrics.com/view/addictive-screen-use-tied-to-youth-mental-health-risks,"06/19/2025, 07:00 AM, +0000 UTC",INCLUDE,3,L3,0.91,,"Title 'Addictive screen use tied to youth mental health risks' (Jun 19 2025) maps directly to paper 3 (Xiao 2025 JAMA — 'Addictive Screen Use Trajectories and Suicidal Behaviors, Suicidal Ideation, and Mental Health in US Youths'). 'Addictive screen use' + 'youth mental health risks' is a near-verbatim paraphrase of paper 3's title and finding. The JAMA 2025 publication timing is consistent. Paper 48 (Keyes 2024 — internalizing/externalizing predicting screen time changes) does not fit the 'addictive' framing.","3,48",
A0058,Contemporary Pediatrics,Social media use and binge eating in early adolescence,https://www.contemporarypediatrics.com/view/social-media-use-and-binge-eating-in-early-adolescence,"01/06/2025, 08:00 AM, +0000 UTC",INCLUDE,35,L3,0.93,,Title 'Social media use and binge eating in early adolescence' (Jan 6 2025) is an almost exact paraphrase of paper 35's title (Shi 2025 Obesity — 'Concurrent and prospective associations of social media usage with binge eating symptoms in early adolescence'). 'Social media use' + 'binge eating' + 'early adolescence' uniquely maps to paper 35.,35,
A0059,Contemporary Pediatrics,"Weekly review: New peanut patch data, norovirus outbreaks, and more",https://www.contemporarypediatrics.com/view/weekly-review-new-peanut-patch-data-norovirus-outbreaks-and-more,"01/13/2025, 08:00 AM, +0000 UTC",EXCLUDE,,,0.0,"general aggregator weekly roundup — title ('New peanut patch data, norovirus outbreaks, and more') indicates a multi-topic weekly digest not focused on corpus papers; no L1-L4 linkage to any corpus paper can be established from title alone","Title 'Weekly review: New peanut patch data, norovirus outbreaks, and more' is a multi-topic weekly digest from Contemporary Pediatrics. The lead topics (peanut patch, norovirus) are entirely outside the corpus. Any mention of paper 35 (Shi 2025 Obesity — SM and binge eating) would be incidental and brief. Cannot establish L1-L4 linkage without body confirmation.",35,
A0060,Contemporary Pediatrics,Screen time under 2 years of age and autism risk at 12 years,https://www.contemporarypediatrics.com/view/screen-time-under-2-years-of-age-and-autism-risk-at-12-years,"01/07/2025, 08:00 AM, +0000 UTC",EXCLUDE,,,0.0,out-of-corpus topic — article covers screen time before age 2 and autism risk at age 12; no corpus paper examines autism risk or infant/toddler screen time,"Title 'Screen time under 2 years of age and autism risk at 12 years' does not map to any corpus paper. Provisional paper 84 (Shou 2026 Acta Psychologica — screen time, cognitive function, putamen) covers ABCD participants (ages 9-10) not infants. Autism risk from early screen exposure is an out-of-corpus topic.",84,
A0061,Contemporary Pediatrics,Study finds parents' screen habits shape kids' media exposure,https://www.contemporarypediatrics.com/view/study-finds-parents-screen-habits-shape-kids-media-exposure,"02/06/2025, 08:00 AM, +0000 UTC",INCLUDE,184,L3,0.91,,Title 'Study finds parents' screen habits shape kids' media exposure' (Feb 6 2025) maps to paper 184 (Nagata 2025 Pediatric Research — 'Associations between media parenting practices and early adolescent screen use'). 'Parents' screen habits' corresponds to 'media parenting practices'; 'shape kids' media exposure' corresponds to associations with adolescent screen use (including SMAQ and MPIQ outcomes). L3 match on outcome direction and study topic.,184,
A0062,Contemporary Pediatrics,Social media use linked to rising inattentive ADHD symptoms in children,https://www.contemporarypediatrics.com/view/social-media-use-linked-to-rising-inattentive-adhd-symptoms-in-children,"01/22/2026, 08:00 AM, +0000 UTC",INCLUDE,"435,436",L3,0.88,,"Title 'Social media use linked to rising inattentive ADHD symptoms in children' (Jan 22 2026) maps to papers 435 and 436 (Nivins 2025 Pediatrics Open Science — 'Digital Media, Genetics, and Risk for ADHD Symptoms in Children'). 'Social media use' + 'inattentive ADHD symptoms' directly paraphrases paper 435/436's finding that social media use x time predicts inattention symptoms (beta=0.03, p<0.001 in Table 2). Papers 435 and 436 are duplicate entries for the same paper.","192,435,436",
A0063,Education Week,"Kids’ Social Media Use Linked to Lower Reading and Memory Scores, Study Suggests",https://www.edweek.org/leadership/kids-social-media-use-linked-to-lower-reading-and-memory-scores-study-suggests/2025/10,"10/17/2025, 07:00 AM, +0000 UTC",INCLUDE,"144,1",multi,0.85,,"Title 'Kids' Social Media Use Linked to Lower Reading and Memory Scores, Study Suggests' (Oct 17 2025) maps to paper 144 (Nagata 2026 Lancet — SM trajectories and spatial/verbal memory using RAVLT) and paper 1 (Nagata 2025 JAMA — SM trajectories and NIH Toolbox cognitive performance including reading). 'Memory scores' is a distinctive paraphrase of RAVLT outcomes in paper 144; 'reading scores' aligns with NIH Toolbox reading in paper 1. Multi-mapped. Lead match is paper 144 given the 'memory' specificity.","1,107,144,150,208,287,389,8",
A0064,Education Week,Screen Time Can Raise Children’s Chance of OCD. Educators Can Help Prevent That,https://www.edweek.org/leadership/screen-time-can-raise-childrens-chance-of-ocd-educators-can-help-prevent-that/2022/12,"12/20/2022, 08:00 AM, +0000 UTC",INCLUDE,133,L3,0.9,,Title 'Screen Time Can Raise Children's Chance of OCD. Educators Can Help Prevent That' (Dec 20 2022) maps to paper 133 (Nagata 2023 J Adolesc Health — 'Screen Time and Obsessive-Compulsive Disorder Among Children 9-10 Years Old: A Prospective Cohort Study'). 'Screen time raises children's chance of OCD' paraphrases paper 133's aOR finding for texting (aOR=1.20) and videos predicting OCD. Provisional paper 521 (Must 2023 — autism/obesity) does not match OCD. Paper 133 is the correct match despite not appearing in provisional list.,521,
A0065,The Washington Post,New study shows social media use predicted future depression in tweens,https://www.washingtonpost.com/lifestyle/2025/06/11/social-media-use-depression-tweens/,"06/11/2025, 07:00 AM, +0000 UTC",INCLUDE,8,L4,0.95,,"Title 'New study shows social media use predicted future depression in tweens' (Jun 11 2025) + summary explicitly names the 'Adolescent Brain Cognitive Development Study' + 'racially and economically diverse sample.' Maps to paper 8 (Nagata 2025 JAMA Network Open — SM use and depressive symptoms in early adolescence, ABCD Study). L4: ABCD Study named + UCSF affiliation (Nagata) + social media + depression = unique configuration matching paper 8. High confidence.","1,106,107,139,144,150,157,158,184,208,287,389,8,86,95","The data was drawn from the national Adolescent Brain Cognitive Development Study, which includes a racially and economically diverse sample of children in ..."
A0066,The Washington Post,Perspective | How much screen time? Silicon Valley parents are still trying to figure it out.,https://www.washingtonpost.com/lifestyle/2018/12/27/how-much-screentime-debate-all-parents-are-just-trying-figure-it-out/,"12/27/2018, 08:00 AM, +0000 UTC",EXCLUDE,,,0.0,general ABCD coverage — 2018 article about the ABCD study launch; no specific corpus paper exists at this date (all corpus papers are 2019-2026),Published Dec 27 2018. Summary states 'NIH recently announced the launch of the Adolescent Brain Cognitive Development (ABCD) study.' This predates all corpus papers and is general coverage of the study launch. Provisional paper 95 (He 2025 Computers in Human Behavior) did not yet exist.,95,"The National Institutes of Health (NIH) recently announced the launch of the Adolescent Brain Cognitive Development (ABCD) study, which will track more ..."
A0067,washingtonpost.com,Racism can spark depression and anxiety in Black ...,https://www.washingtonpost.com/health/2024/06/14/racism-depression-anxiety-black-adolescents/,"Jun 14, 2024",EXCLUDE,,,0.0,ABCD coverage of out-of-corpus topic — racism and depression/anxiety in Black adolescents; no phone/social media variable,Title 'Racism can spark depression and anxiety in Black adolescents.' Summary references the ABCD Study but the topic is racial discrimination as an IV predicting depression/anxiety — no smartphone or social media variable. No corpus paper covers racial discrimination as a primary exposure.,,"He and his team pulled data from the Adolescent Brain Cognitive Development Study, a nationwide project funded by the National Institutes of Health that ..."
A0068,washingtonpost.com,"ADHD drugs work, but not the way experts thought",https://www.washingtonpost.com/health/2026/01/06/adhd-ritalin-sleep-children/,"Jan 6, 2026",EXCLUDE,,,0.0,ABCD coverage of out-of-corpus topic — ADHD medication effects on brain structure (Cell paper); no phone/social media variable,"Title 'ADHD drugs work, but not the way experts thought.' Summary references ABCD Study brain images used in a Cell paper. Topic is ADHD medication mechanism via brain imaging — not smartphone or social media use. Entirely outside corpus scope.",,"The brain images used in the Cell paper published last month came from children enrolled in the Adolescent Brain Cognitive Development (ABCD) study, which began ..."
A0069,washingtonpost.com,Disaster news can trigger post-traumatic stress in kids ...,https://www.washingtonpost.com/health/2022/02/20/children-disasters-mental-health/,"Feb 20, 2022",EXCLUDE,,,0.0,ABCD coverage of out-of-corpus topic — disaster news and post-traumatic stress in children; no phone/social media variable,Title 'Disaster news can trigger post-traumatic stress in kids.' Summary references ABCD Study tracking children. Topic is disaster news exposure and PTSD — no smartphone or social media use variable. Outside corpus scope.,,"The Adolescent Brain Cognitive Development study followed 11,800 children across the United States over a 10-year period using a variety of brain imaging ..."
A0070,LiveNOW from FOX,Social media use triples depression symptoms for pre-teens: Study,https://www.livenowfox.com/news/adolescent-social-media-depression-study,"05/23/2025, 07:00 AM, +0000 UTC",INCLUDE,8,L3,0.87,,Title 'Social media use triples depression symptoms for pre-teens: Study' (May 23 2025) maps to paper 8 (Nagata 2025 JAMA Network Open — SM use and depressive symptoms in early adolescence). 'Social media use' + 'depression symptoms' + 'pre-teens' paraphrases paper 8's cross-lagged finding. The 'triples' claim likely reflects the ~3x relative effect size interpretation or a headline paraphrase. Publication date (May 23 2025) aligns with paper 8 media cycle (JAMA Network Open 2025).,"1,107,144,150,208,287,389,8",
A0071,LiveNOW from FOX,"Excessive screen time linked to manic symptoms in kids, study finds",https://www.livenowfox.com/news/excessive-screen-time-manic-symptoms-kids-study,"03/05/2025, 08:00 AM, +0000 UTC",INCLUDE,49,L3,0.93,,"Title 'Excessive screen time linked to manic symptoms in kids, study finds' (Mar 5 2025) maps directly to paper 49 (Nagata 2025 Social Psychiatry and Psychiatric Epidemiology — 'Screen time and manic symptoms in early adolescents: prospective findings from the ABCD Study'). 'Screen time' + 'manic symptoms' + 'kids' is a near-verbatim paraphrase of paper 49. No other corpus paper covers manic symptoms as an outcome, making this a unique L3 match.","106,133,139,157,158,184,24,302,304,393,394,49,80,86",
A0072,Jang,"Prolonged social media use may reduce intelligence, study",https://jang.com.pk/en/49920-prolonged-social-media-use-may-reduce-intelligence-study-news,"10/14/2025, 07:00 AM, +0000 UTC",INCLUDE,1,L3,0.87,,"Title 'Prolonged social media use may reduce intelligence, study' (Oct 14 2025) maps to paper 1 (Nagata 2025 JAMA — social media use trajectories and cognitive performance). 'Prolonged social media use' + 'reduce intelligence' paraphrases the finding that high-increasing SM trajectory is associated with lower NIH Toolbox cognitive composite. Publication date (Oct 14 2025) matches the media cycle for paper 1. Same-day publication as A0053 (US News 'Social Media Might Stunt Students Intellect') confirming JAMA paper 1 coverage.","1,107,144,150,208,287,389,8,95",
A0073,Science News,"Social media is designed to be addictive, jury finds. Research links excessive use to mental harm",https://www.sciencenews.org/article/social-media-addictive-meta-youtube,"03/26/2026, 07:00 AM, +0000 UTC",EXCLUDE,,,0.0,"general coverage — jury verdict on social media addiction design; article covers litigation outcome and general research landscape, not a specific corpus paper; no L1-L4 linkage identifiable from title/metadata alone","Title 'Social media is designed to be addictive, jury finds. Research links excessive use to mental harm' (Mar 26 2026) is primarily a news story about a jury verdict in social media litigation. Without body text or summary, the broad provisional list (papers 1, 3, 8, 86, etc.) reflects keyword overlap only. The article likely cites general research on SM harms but no specific corpus paper can be confirmed at L3 or L4 threshold from title alone.","1,107,144,150,208,287,389,8,86",
A0074,Science News,"Screen addiction affects teens’ mental health. How to spot it, and help",https://www.sciencenews.org/article/screen-addiction-teens-mental-health,"07/22/2025, 07:00 AM, +0000 UTC",INCLUDE,3,L3,0.8,,"Title 'Screen addiction affects teens' mental health. How to spot it, and help' (Jul 22 2025) maps most strongly to paper 3 (Xiao 2025 JAMA — addictive screen use trajectories and mental health/suicidal behaviors in US youths). 'Screen addiction' + 'teens' mental health' paraphrases paper 3's addictive use trajectory → mental health finding. Provisional paper 215 (Al-shoaibi 2025 Childhood Obesity — screen time, sleep, BMI) and 521 (Must 2023 — autism/obesity) are less consistent with the 'screen addiction' framing. Confidence reduced by absence of article body.","215,3,521",
A0075,SciTechDaily,Excessive Screen Time in Preteens Linked to Suicidal Behavior,https://scitechdaily.com/excessive-screen-time-in-preteens-linked-to-suicidal-behavior/,"03/11/2023, 08:00 AM, +0000 UTC",INCLUDE,160,L3,0.88,,Title 'Excessive Screen Time in Preteens Linked to Suicidal Behavior' published 03/11/2023 paraphrases the finding of paper 160 (Chu 2023 Preventive Medicine — 'Screen time and suicidal behaviors among U.S. children 9-11 years old'): suicidal behavior outcome + screen time IV + child/preteen age group + ABCD context uniquely maps to paper 160. Two distinctive features align: suicidal behavior outcome and preteen/9-11 age group. SciTechDaily typically covers specific press releases.,"1,106,107,133,139,144,150,157,158,160,184,208,24,287,302,304,389,393,394,49,70,8,80,86",
A0076,SciTechDaily,Science Confirms: Social Media Could Be Making Kids Depressed,https://scitechdaily.com/science-confirms-social-media-could-be-making-kids-depressed/,"06/06/2025, 07:00 AM, +0000 UTC",INCLUDE,8,L3,0.92,,Title 'Science Confirms: Social Media Could Be Making Kids Depressed' published June 2025 paraphrases the core finding of paper 8 (Nagata 2025 JAMA Network Open — 'Social Media Use and Depressive Symptoms During Early Adolescence'). SM → depression in kids/adolescents + June 2025 publication date align with paper 8's 2025 JAMA Network Open publication. Provisional paper_id 8 confirmed.,8,
A0077,SciTechDaily,New Research Links Screen Time With Childhood Development Delays,https://scitechdaily.com/new-research-links-screen-time-with-childhood-development-delays/,"12/06/2023, 08:00 AM, +0000 UTC",EXCLUDE,,,0.0,non-ABCD cohort or out-of-corpus topic — article published December 2023 about 'childhood development delays' from screen time; provisional paper 84 (Shou 2026 Acta Psychologica) is a 2026 publication so cannot be covered by a 2023 article; no corpus paper with a 2023 publication matches screen time and childhood development delays in this configuration,,84,
A0078,SciTechDaily,Scrolling in the Dark: How Screens Steal Sleep and Trigger Teen Depression,https://scitechdaily.com/scrolling-in-the-dark-how-screens-steal-sleep-and-trigger-teen-depression/,"04/08/2025, 07:00 AM, +0000 UTC",INCLUDE,13,L3,0.8,,"Title 'Scrolling in the Dark: How Screens Steal Sleep and Trigger Teen Depression' published April 2025 paraphrases the unique configuration of paper 13 (Lima Santos 2025 JAMA Pediatrics — 'Role of Sleep and White Matter in the Link Between Screen Time and Depression in Childhood and Early Adolescence'): the combination of screen time → sleep disruption → depression pathway is the distinctive mediated finding of paper 13 (ABCD, ages 9-13, sleep as mediator). Three features match: screen exposure, sleep pathway, and depression outcome. Provisional paper 84 does not fit (it is about cognitive function and putamen volume, not sleep/depression).",84,
A0079,SciTechDaily,Watching Videos and Playing Video Games Can Increase Children’s Risk of OCD,https://scitechdaily.com/watching-videos-and-playing-video-games-can-increase-childrens-risk-of-ocd/,"01/14/2023, 08:00 AM, +0000 UTC",INCLUDE,133,L3,0.92,,Title 'Watching Videos and Playing Video Games Can Increase Children's Risk of OCD' published 01/14/2023 paraphrases paper 133 (Nagata 2023 J Adolescent Health — 'Screen Time and Obsessive-Compulsive Disorder Among Children 9-10 Years Old'): OCD outcome + videos/video games IV + children 9-10 age group + prospective ABCD design maps uniquely to paper 133. Publication date (Jan 2023) aligns with paper 133 (2023). Provisional paper_id 133 confirmed.,133,
A0080,SciTechDaily,Unlocking Parental Powers in the Digital Battle With Tweens,https://scitechdaily.com/unlocking-parental-powers-in-the-digital-battle-with-tweens/,"06/05/2024, 07:00 AM, +0000 UTC",EXCLUDE,,,0.0,"out-of-corpus topic — article published June 5, 2024 about 'parental powers in digital battle with tweens'; provisional papers 184 (Nagata 2025 Pediatric Research) and 215 (Al-shoaibi 2025 Childhood Obesity) are 2025 publications and cannot be covered by a June 2024 article; paper 177 (Kiss 2023 Health Psychology — COVID pandemic screen time and sleep) does not match the parenting theme; no corpus paper uniquely maps to this topic at this date",,"177,184,215",
A0081,SciTechDaily,Research Shows That Playing Video Games Increases Your Intelligence,https://scitechdaily.com/research-shows-that-playing-video-games-increases-your-intelligence/,"06/09/2022, 07:00 AM, +0000 UTC",INCLUDE,190,L3,0.85,,"Title 'Research Shows That Playing Video Games Increases Your Intelligence' published June 9, 2022 maps to paper 190 (Sauce 2022 Scientific Reports — 'The impact of digital media on children's intelligence while controlling for genetic differences in cognition and socioeconomic background'): ABCD data, video games → higher intelligence finding, 2022 publication date match. Paper 190's ABCD-based finding that video games correlated positively with intelligence while socializing showed negative trends is the distinctive result covered here. L3: sample from ABCD, video game IV, intelligence DV, and 2022 date.",190,
A0082,Arab Times Kuwait News,Kids who use more social media perform worse on reading and memory tests: study,https://www.arabtimesonline.com/news/kids-who-use-more-social-media-perform-worse-on-reading-and-memory-tests-study/,"10/14/2025, 07:00 AM, +0000 UTC",INCLUDE,"1,144",multi,0.82,,"Title 'Kids who use more social media perform worse on reading and memory tests' published October 14, 2025 matches paper 1 (Nagata 2025 JAMA — 'Social Media Use Trajectories and Cognitive Performance in Adolescents': cognitive performance including processing) and paper 144 (Nagata 2026 Lancet — 'Associations of adolescent social media use trajectories with spatial and verbal memory': memory outcomes specifically). Paper 1 is definitively published by Oct 2025; paper 144 is 2026 but may have been available as preprint/advance publication. 'Reading and memory' outcome language spans both papers. Multi-mapped to both.","1,107,144,150,208,287,389,8",
A0083,The People's Pharmacy,Does More Screen Time Pose Hazards for Everyone?,https://www.peoplespharmacy.com/articles/screentime-before-bedtime-means-less-sleep-for-tweens,"04/20/2026, 07:00 AM, +0000 UTC",INCLUDE,139,L3,0.83,,"URL slug 'screentime-before-bedtime-means-less-sleep-for-tweens' published April 2026 maps to paper 139 (Nagata 2024 Journal of Adolescent Health — 'Bedtime Screen Use Behaviors and Sleep Outcomes in Early Adolescents: A Prospective Cohort Study'): bedtime screen use IV + sleep duration/disturbance outcome + tween/early adolescent sample + Nagata UCSF + ABCD. Three distinctive features: bedtime context, sleep outcome, and early adolescent (tween) sample. Provisional paper_id 1 is not a match (paper 1 is about cognitive performance).",1,
A0084,American Medical Association,"Look out! As pickleball’s popularity soars, so do eye injuries",https://www.ama-assn.org/about/publications-newsletters/look-out-pickleball-s-popularity-soars-so-do-eye-injuries,"10/16/2025, 07:00 AM, +0000 UTC",EXCLUDE,,,0.0,"out-of-corpus topic — article is about pickleball and eye injuries, with no connection to smartphone, social media, or any ABCD corpus paper; provisional paper_id 1 mapping is an artifact of keyword overlap",,1,
A0085,https://www.eurekalert.org › news-releases,Social media use trajectories and cognitive performance in ...,https://www.eurekalert.org/news-releases/1101286,"Oct 13, 2025",INCLUDE,1,L2,0.97,,"EurekAlert press release titled 'Social media use trajectories and cognitive performance in...' published October 13, 2025. Summary explicitly names lead author 'Nagata, MD, MSc, email jason.nagata@ucsf.edu.' Title directly matches paper 1 (Nagata 2025 JAMA — 'Social Media Use Trajectories and Cognitive Performance in Adolescents'). L2 satisfied: Nagata (lead author surname) + JAMA (journal almost certainly named in full press release text). L4 also satisfied: UCSF + cognitive performance trajectories + ABCD Study. Definite match to paper 1.","1,107,144,150,208,287,389,8","Social media use trajectories and cognitive performance in adolescents ... Nagata, MD, MSc, email jason.nagata@ucsf.edu. To access the ..."
A0086,https://www.eurekalert.org › news-releases,Social media linked to early substance use in US pre-teens,https://www.eurekalert.org/news-releases/1065105,"Nov 15, 2024",INCLUDE,"208,106",multi,0.8,,"EurekAlert titled 'Social media linked to early substance use in US pre-teens' published November 15, 2024. Summary names 'Nagata, MD, an associate professor of pediatrics at the University...' (UCSF). Paper 208 (Nagata 2024 Substance Use & Misuse — 'Social Media Use and Alcohol Sipping in Early Adolescents') is a 2024 paper exactly fitting social media + substance use + pre-teens + Nagata. Paper 106 (Nagata 2025 Drug Alcohol Dependence — 'Prospective association between screen use modalities and substance use experimentation') may have been in preprint by Nov 2024. Multi-mapped; paper 208 is the primary match (same year).","1,107,144,150,208,287,389,8","Social media linked to early substance use in US pre-teens ... Nagata, MD, an associate professor of pediatrics at the University ..."
A0087,https://www.eurekalert.org › news-releases,Study: Teens use cellphones for an hour a day at school,https://www.eurekalert.org/news-releases/1111741,"Jan 6, 2026",EXCLUDE,,,0.0,"out-of-corpus topic — article is about teen cellphone use at school (duration, state laws); while Nagata is mentioned, this topic (school cellphone use measurement/policy) does not correspond to any of the 69 INCLUDE papers in the corpus, which all focus on health or cognitive outcomes as DVs",,"1,107,133,144,150,208,24,287,302,304,389,393,394,49,8,80","Social media apps are the main content. The effect of state laws ... Jason Nagata, an associate professor of pediatrics at the University of ..."
A0088,https://www.eurekalert.org › news-releases,Social media use and depressive symptoms during early ...,https://www.eurekalert.org/news-releases/1084464,"May 21, 2025",INCLUDE,8,L2,0.98,,"EurekAlert titled 'Social media use and depressive symptoms during early adolescence' published May 21, 2025. Summary names 'Nagata, MD, email Jason.nagata@ucsf.edu.' Title is a near-verbatim match to paper 8 (Nagata 2025 JAMA Network Open — 'Social Media Use and Depressive Symptoms During Early Adolescence'). L2: Nagata (author) + JAMA Network Open (journal named in press release). L4: UCSF + social media + depressive symptoms + ABCD. Definite match to paper 8.","1,107,144,150,208,287,389,8","Social media use and depressive symptoms during early adolescence ... Nagata, MD, email Jason.nagata@ucsf.edu. To access the embargoed ..."
A0089,https://www.eurekalert.org › news-releases,unveiling teen-friendly social media habits for optimal sleep,https://www.eurekalert.org/news-releases/990379,"May 24, 2023",INCLUDE,157,L3,0.87,,"EurekAlert titled 'unveiling teen-friendly social media habits for optimal sleep' published May 24, 2023. Summary names 'Nagata, MD, assistant professor of pediatrics at the University of...' (UCSF). Published May 2023, matching paper 157 (Nagata 2023 Sleep Health — 'Bedtime screen use behaviors and sleep outcomes: Findings from the ABCD Study'). L3: social media habits + sleep outcomes + teen sample + Nagata 2023 ABCD maps uniquely to paper 157. Paper 139 (Nagata 2024) is a later paper; paper 157 is the 2023 Sleep Health paper about bedtime screen use and sleep.","1,106,107,139,144,150,157,158,184,208,287,389,8,86","... social media use in adolescence. Both advisories note potential ... Nagata, MD, assistant professor of pediatrics at the University of ..."
A0090,https://www.eurekalert.org › news-releases,Excessive social media use linked to binge eating in US ...,https://www.eurekalert.org/news-releases/763232,"Mar 1, 2021",INCLUDE,24,L2,0.95,,"EurekAlert titled 'Excessive social media use linked to binge eating in US preteens' published March 1, 2021. Summary names 'Nagata, MD, assistant professor of pediatrics at the University of...' (UCSF). Title and date match paper 24 (Nagata 2021 International Journal of Eating Disorders — 'Contemporary screen time modalities among children 9-10 years old and binge-eating disorder at one-year follow-up'). L2: Nagata (author) + International Journal of Eating Disorders (journal likely named in release). L3: social media + binge eating + US preteens 9-10 years old uniquely maps to paper 24 (2021).","1,107,144,150,160,208,287,389,70,8","Excessive social media use linked to binge eating in US preteens ... Nagata, MD, assistant professor of pediatrics at the University of ..."
A0091,https://www.eurekalert.org › news-releases,"Yes, social media might be making kids depressed",https://www.eurekalert.org/news-releases/1084461,"May 21, 2025",INCLUDE,8,L3,0.95,,"EurekAlert titled 'Yes, social media might be making kids depressed' published May 21, 2025 (same date as A0088). Summary quotes Nagata: 'These findings provide evidence that social media may be contributing to the development of depressive symptoms.' This directly paraphrases paper 8 (Nagata 2025 JAMA Network Open — 'Social Media Use and Depressive Symptoms During Early Adolescence'). L3: social media → depressive symptoms causal language + Nagata + May 2025 publication uniquely maps to paper 8. Likely a companion press release or syndicated version of A0088.","1,107,144,150,18,208,287,389,8",... Nagata. “These findings provide evidence that social media may be contributing to the development of depressive symptoms.” While it's ...
A0092,https://www.eurekalert.org › news-releases,Sleep and social media in tweens: Tips for better rest,https://www.eurekalert.org/news-releases/1052053,"Jul 22, 2024",INCLUDE,139,L2,0.92,,"EurekAlert titled 'Sleep and social media in tweens: Tips for better rest' published July 22, 2024. Summary names 'lead author Jason Nagata.' Published July 2024, matching paper 139 (Nagata 2024 Journal of Adolescent Health — 'Bedtime Screen Use Behaviors and Sleep Outcomes in Early Adolescents: A Prospective Cohort Study'). L2: Nagata (author) + Journal of Adolescent Health (likely named in full release). L3: sleep + social media + tweens/early adolescents + Nagata 2024 uniquely maps to paper 139.","1,106,107,139,144,150,157,158,184,208,287,389,8,86","“Ensuring adolescents get enough sleep is vital, as it supports their physical and mental growth and development,” says lead author Jason Nagata ..."
A0093,https://www.eurekalert.org › news-releases,Parents underestimate teens' social media use during ...,https://www.eurekalert.org/news-releases/938448,"Dec 17, 2021",EXCLUDE,,,0.0,out-of-corpus topic — article published December 2021 about parents underestimating teen social media use (likely during the pandemic); this topic (parent-youth discrepancy in screen time reporting) does not uniquely map to any corpus paper published at or before Dec 2021; paper 195 (Zhao 2025 npj Mental Health Research on measurement discrepancies) is 2025 and too late; no 2021 Nagata paper on parental underestimation is in the corpus,,"1,106,107,139,144,150,157,158,184,208,287,389,8,86","... social media and multi-player video games (versus texting, video ... Nagata, MD, assistant professor of pediatrics at the University of ..."
A0094,https://www.eurekalert.org › news-releases,Screen time linked to bipolar and manic symptoms in U.S. ...,https://www.eurekalert.org/news-releases/1074319,"Feb 20, 2025",INCLUDE,49,L3,0.93,,"EurekAlert titled 'Screen time linked to bipolar and manic symptoms in U.S....' published February 20, 2025. Summary states '10- to 11-year-olds who engage heavily with social media... Nagata, MD, an associate professor of pediatrics.' This paraphrases paper 49 (Nagata 2025 Social Psychiatry and Psychiatric Epidemiology — 'Screen time and manic symptoms in early adolescents: prospective findings from the ABCD Study'): manic/bipolar symptoms + social media + ages 10-11 + Nagata + Feb 2025 publication. Three distinctive features: manic/bipolar outcome, 10-11 age range, and Nagata UCSF authorship.","1,106,107,133,139,144,150,157,158,184,208,24,287,302,304,389,393,394,49,8,80,86","The findings reveal that 10- to 11-year-olds who engage heavily with social media ... Nagata, MD, an associate professor of pediatrics at ..."
A0095,https://www.eurekalert.org › news-releases,"Study finds addictive screen use, not total ...",https://www.eurekalert.org/news-releases/1087939,"Jun 18, 2025",INCLUDE,3,L3,0.93,,"EurekAlert titled 'Study finds addictive screen use, not total...' published June 18, 2025. Summary quotes Xiao: 'higher addiction use trajectories are linked to [mental health problems]' and emphasizes addictive vs. total screen use. This paraphrases the distinctive finding of paper 3 (Xiao 2025 JAMA — 'Addictive Screen Use Trajectories and Suicidal Behaviors, Suicidal Ideation, and Mental Health in US Youths'): addictive screen use trajectory groups (not total time) + mental health outcomes + Xiao Weill Cornell + June 2025. L3 satisfied: exposure modality (addictive trajectories, not total time), outcome (mental health/suicidal), and sample configuration.","3,48",Xiao said. Though the study does not prove addictive screen use causes mental health problems—higher addiction use trajectories are linked to ...
A0096,https://www.eurekalert.org › news-releases,"Addictive use of social media, not total time, associated ...",https://www.eurekalert.org/news-releases/1087953,"Jun 18, 2025",INCLUDE,3,L2,0.97,,"EurekAlert titled 'Addictive use of social media, not total time, associated...' published June 18, 2025. Summary names 'Yunyu Xiao, PhD, the first and lead author, assistant professor of population health science and psychiatry at Weill [Cornell Medicine/NewYork-Presbyterian].' L2: Xiao (lead author surname) + JAMA (journal almost certainly named in press release). L4: Weill Cornell + addictive SM use + ABCD Study uniquely maps to paper 3 (Xiao 2025 JAMA). Definite match; companion release to A0095 and A0097.","3,48","... screen use,” says Yunyu Xiao, PhD, the first and lead author, assistant professor of population health science and psychiatry at Weill ..."
A0097,https://www.eurekalert.org › news-releases,Addictive screen use trajectories and suicidal behaviors ...,https://www.eurekalert.org/news-releases/1087529,"Jun 18, 2025",INCLUDE,3,L2,0.99,,"EurekAlert titled 'Addictive screen use trajectories and suicidal behaviors...' published June 18, 2025. Summary names 'Yunyu Xiao, PhD, email yux4008@med.cornell.edu.' Title is a near-verbatim match to paper 3 title ('Addictive Screen Use Trajectories and Suicidal Behaviors, Suicidal Ideation, and Mental Health in US Youths'). L2: Xiao (lead author) + JAMA (journal named in full release). Definite match to paper 3. This is the primary press release for paper 3; A0095 and A0096 are companion releases.",3,"Addictive screen use ... Corresponding Author: To contact the corresponding author, Yunyu Xiao, PhD, email yux4008@med.cornell.edu."
A0098,https://www.eurekalert.org › news-releases,Too much screen time can reduce sleep quality in ...,https://www.eurekalert.org/news-releases/1067510,"Dec 12, 2024",EXCLUDE,,,0.0,"non-ABCD cohort — article published December 2024 about 'preschool-age children' and screen time reducing sleep quality; ABCD Study participants are ages 9-10 at baseline (not preschoolers); the Xiao named in summary appears to be a different researcher studying preschoolers, not Yunyu Xiao of paper 3; does not map to any corpus paper",,"18,3","Excessive screen use by preschool-age children can lead to reduced ... Xiao, an expert in children's socio-emotional functioning and ..."
A0099,https://www.eurekalert.org › news-releases,Screen time not harmful for academic skills of preschoolers,https://www.eurekalert.org/news-releases/994570,"Jul 4, 2023",EXCLUDE,,,0.0,non-ABCD cohort — article published July 2023 about 'preschoolers' and screen time not harming academic skills; ABCD Study does not include preschoolers; this is a different cohort study; does not map to any corpus paper,,3,Results showed no significant effects of screen use time on the academic skills assessed in the study. High levels of screen media use were ...
A0100,https://www.eurekalert.org › news-releases,Role of sleep and white matter in the link between screen ...,https://www.eurekalert.org/news-releases/1088083,"Jun 23, 2025",INCLUDE,13,L3,0.95,,EurekAlert press release dated Jun 23 2025 titled 'Role of sleep and white matter in the link between screen...' — title is a near-verbatim paraphrase of paper 13 (Lima Santos 2025 JAMA Pediatrics: 'Role of Sleep and White Matter in the Link Between Screen Time and Depression'). Summary states 'more screen time in late childhood was associated with more depressive symptoms' matching paper 13's finding. Uniquely maps to paper 13 via screen time + depression + sleep/white matter mediation.,13,"About The Study: The results of this study show that more screen time in late childhood was associated with more depressive symptoms, ..."
A0101,https://www.eurekalert.org › news-releases,Teen depression? Study finds clues in screen use and ...,https://www.eurekalert.org/news-releases/1088374,"Jun 23, 2025",INCLUDE,13,L2,0.95,,"EurekAlert press release dated Jun 23 2025 titled 'Teen depression? Study finds clues in screen use and...' — same date as A0100 and a different EurekAlert release on the same topic. Summary quotes 'Lima Santos said' (lead author of paper 13), satisfying L2 (author surname named). Topic of screen use, depression, and sleep uniquely maps to paper 13 (Lima Santos 2025 JAMA Pediatrics).",13,"“Our study considered digital screen time as a broad definition but it's really important to look at the nuances,” Lima Santos said. “Time ..."
A0102,https://www.eurekalert.org › news-releases,"Screen use, mental health symptoms in children during ...",https://www.eurekalert.org/news-releases/938851,"Dec 28, 2021",EXCLUDE,,,0.95,"Non-ABCD cohort. Summary names 'Xuedi Li, M.Sc., of the Hospital for Sick Children in Toronto' — a different researcher from Li et al. 2024 (paper 18, Zhejiang University). This EurekAlert covers a SickKids Toronto study on COVID-era screen use and mental health, not an ABCD corpus paper.",,18,"Screen use, mental health symptoms in children during pandemic ... Authors: Xuedi Li, M.Sc., of the Hospital for Sick Children in Toronto, is the ..."
A0103,https://www.eurekalert.org › news-releases,Study links screen time to insomnia symptoms and ...,https://www.eurekalert.org/news-releases/908325,"Jun 4, 2018",EXCLUDE,,,0.95,"Non-ABCD cohort / pre-ABCD publication. Article published Jun 4 2018, predates all corpus papers. Summary references screen time and insomnia/sleep/mental health but with no identifiable link to any of the 69 candidate papers.",,18,"She added, ""We're very interested to see whether the adverse influences of social media and screen use on sleep and mental health persist during ..."
A0104,https://www.eurekalert.org › news-releases,Screen time linked to lower academic achievement among ...,https://www.eurekalert.org/news-releases/1101141,"Oct 10, 2025",EXCLUDE,,,0.95,"Non-ABCD cohort. Summary names 'Li, first author and Epidemiologist at SickKids' — Xuedi Li at Hospital for Sick Children, Toronto. Paper 18 (Li 2024 Advanced Science) is from Zhejiang University, China. This article covers a different Li study on screen time and academic achievement using a non-ABCD cohort.",,18,"... Li, first author and Epidemiologist at SickKids. The team emphasised ... screen use habits and improve academic outcomes. This study ..."
A0105,https://www.eurekalert.org › news-releases,Excessive screen time linked to suicidal behaviors in US ...,https://www.eurekalert.org/news-releases/981045,"Feb 27, 2023",INCLUDE,160,L3,0.88,,"EurekAlert Feb 27 2023 titled 'Excessive screen time linked to suicidal behaviors in US preteens.' Summary cites 'Nagata, MD, assistant professor of pediatrics at the University of...' Paper 160 (Chu 2023 Preventive Medicine) is the only corpus paper on screen time and suicidal behaviors in 9-11 year olds published in 2023. Article paraphrases its core finding (screen time + suicidal behaviors + US children) satisfying L3. Nagata is a co-investigator on this UCSF line of work and likely quoted rather than as lead author.","133,24,302,304,393,394,49,80","Excessive screen time linked to suicidal behaviors in US preteens ... Nagata, MD, assistant professor of pediatrics at the University of ..."
A0106,https://www.eurekalert.org › news-releases,How parents can protect children from mature and adult ...,https://www.eurekalert.org/news-releases/1072583,"Feb 5, 2025",INCLUDE,184,L3,0.85,,EurekAlert Feb 5 2025 titled 'How parents can protect children from mature and adult...' — topic of parental media practices protecting children from screen exposure maps to paper 184 (Nagata 2025 Pediatric Research: 'Associations between media parenting practices and early adolescent screen use'). Summary quotes Nagata saying 'One key factor in a child's exposure to mature content is how much screen time their parents use' — aligns with paper 184's finding that parental bedroom screen use predicts problematic social media/phone use. L3 based on parenting + screen use + Nagata configuration.,"106,133,139,157,158,184,24,302,304,393,394,49,80,86","“One key factor in a child's exposure to mature content is how much screen time their parents use,” says Nagata. “Children often model their ..."
A0107,https://www.eurekalert.org › news-releases,Adolescents' recreational screen time doubled during ...,https://www.eurekalert.org/news-releases/933424,"Nov 1, 2021",INCLUDE,"24,302",L3,0.82,,"EurekAlert Nov 1 2021 titled 'Adolescents' recreational screen time doubled during...' — COVID pandemic screen time increase piece. Summary specifically notes 'Screen time lends itself to more... weight gain and binge eating, Nagata noted,' paraphrasing findings from paper 24 (Nagata 2021 IJED: screen time and binge-eating disorder, prospective cohort) and paper 302 (Nagata 2021 Pediatric Obesity: screen time and BMI percentile). Both papers are Nagata 2021 ABCD papers on screen time and weight/eating outcomes. Multi-mapped to 24 and 302.","106,133,139,157,158,184,24,302,304,393,394,49,80,86","Excessive screen use in adolescents also is associated with weight gain and binge eating, Nagata noted: “Screen time lends itself to more ..."
A0108,https://www.eurekalert.org › news-releases,"For preteens, more screen time is tied to depression, ...",https://www.eurekalert.org/news-releases/1060422,"Oct 7, 2024",INCLUDE,393,L3,0.85,,"EurekAlert Oct 7 2024 titled 'For preteens, more screen time is tied to depression...' — topic of screen time and depression in preteens maps to paper 393 (Nagata 2024 BMC Public Health: 'Screen time and mental health: a prospective analysis of the ABCD Study'), published 2024. Article paraphrases the core finding (more screen time tied to depression/mental health outcomes in young adolescents) satisfying L3. Note: paper 394 is a duplicate record of 393 (same DOI and title); mapping to 393 only.","106,133,139,157,158,184,24,302,304,393,394,49,80,86",Nagata said parents can play an essential role in helping to mitigate the negative effects of excessive screen time. “The American Academy of ...
A0109,https://www.eurekalert.org › news-releases,Excessive screen time linked to obesity in US preteen,https://www.eurekalert.org/news-releases/753397,"Jun 28, 2021",INCLUDE,302,L2,0.97,,"EurekAlert Jun 28 2021 titled 'Excessive screen time linked to obesity in US preteen.' Summary explicitly cites 'Nagata, JM, Iyer...' — this is a direct in-text citation of Nagata and Iyer, both authors of paper 302 (Nagata 2021 Pediatric Obesity: screen time and BMI percentile). L2 satisfied (lead author surname + co-author named). Topic (screen time + obesity/BMI + US preteens) uniquely maps to paper 302.","133,160,24,302,304,393,394,49,70,80","Parents should regularly talk to their children about screen-time usage and develop a family media use plan,"" said Nagata. ###. Nagata, JM, Iyer ..."
A0110,https://www.eurekalert.org › news-releases,Screen time linked to OCD in U.S. preteens,https://www.eurekalert.org/news-releases/973956,"Dec 12, 2022",INCLUDE,"133,304",multi,0.93,,"EurekAlert Dec 12 2022 titled 'Screen time linked to OCD in U.S. preteens.' Primary topic (screen time + OCD + preteens) maps to paper 133 (Nagata 2023 J Adolescent Health: screen time and OCD in 9-10 year olds) satisfying L3. Summary also explicitly states 'In July, Nagata and his colleagues discovered excessive screen time was linked to disruptive behavior disorders in 9-11 year olds' — this cross-references paper 304 (Nagata 2023 JCPP: disruptive behavior disorders) satisfying L3 for paper 304. Multi-mapped to 133 and 304.","133,24,302,304,393,394,49,80","In July, Nagata and his colleagues discovered excessive screen time was linked to disruptive behavior disorders in 9-11 year olds, though ..."
A0111,https://www.eurekalert.org › news-releases,Screen time and social media use linked to eating disorder ...,https://www.eurekalert.org/news-releases/1057483,"Sep 10, 2024",INCLUDE,70,L3,0.9,,"EurekAlert Sep 10 2024 titled 'Screen time and social media use linked to eating disorder symptoms in young adolescents.' Summary names 'Nagata, MD, an associate professor of pediatrics' and links screen time + social media + eating disorders in young adolescents. Paper 70 (Chu 2024 Eating and Weight Disorders: screen time, problematic screen use, and eating disorder symptoms in early adolescents from ABCD) is the 2024 corpus paper on this exact topic. L3: screen time + social media + eating disorder symptoms + young adolescents + ABCD uniquely maps to paper 70.","106,133,139,157,158,184,24,302,304,393,394,49,80,86","Screen time and social media use linked to eating disorder symptoms in young adolescents ... Nagata, MD, an associate professor of pediatrics at ..."
A0112,https://www.eurekalert.org › news-releases,"Great news, parents: You do have power over your tweens' ...",https://www.eurekalert.org/news-releases/1046791,"Jun 5, 2024",INCLUDE,139,L3,0.92,,"EurekAlert Jun 5 2024 titled 'Great news, parents: You do have power over your tweens'...' Summary quotes Nagata: 'Screen time at bedtime displaces sleep time, which is essential for health and development in young adolescents. Parents can...' — paraphrases the core finding of paper 139 (Nagata 2024 J Adolescent Health: 'Bedtime Screen Use Behaviors and Sleep Outcomes in Early Adolescents'). Jun 2024 date aligns with paper 139 publication year. L3: bedtime screen use + sleep displacement + parents + early adolescents + Nagata + ABCD.","106,133,139,157,158,184,215,24,302,304,393,394,49,80,86","""Screen time at bedtime displaces sleep time, which is essential for health and development in young adolescents,” Nagata said. “Parents can ..."
A0113,https://www.eurekalert.org › news-releases,"Despite health warnings, Americans still sit too much",https://www.eurekalert.org/news-releases/681975,"Apr 23, 2019",EXCLUDE,,,0.97,"Out-of-corpus topic. Article is about sedentary behavior and physical inactivity in adults ('Americans still sit too much'), citing Yang L, Cao C, Kantor ED, Nguyen LH, Zheng X — none of whom are authors of any candidate paper. Provisional papers 31 and 57 are ABCD screen time papers; this article has no connection to either.",,"31,57","In addition, computer screen time outside of work and school increased over this period. ... Yang L, Cao C, Kantor ED, Nguyen LH, Zheng X ..."
A0114,https://www.eurekalert.org › news-releases,"AI-generated arguments are persuasive, even when labeled",https://www.eurekalert.org/news-releases/1115579,"Feb 10, 2026",EXCLUDE,,,0.98,"Out-of-corpus topic. Article is about AI-generated persuasive arguments and social media platform liability, by Weiyan Shi (Northeastern University). Provisional paper 35 (Shi 2025 Obesity: social media and binge eating, Johns Hopkins) shares only the surname 'Shi' with no other overlap. No connection to ABCD study.",,35,... social media platform liability. Participants were randomly assigned ... Weiyan Shi Northeastern University Khoury College of Computer ...
A0115,https://www.eurekalert.org › news-releases,“AI slop” hurts consumers and creators. But high-quality ...,https://www.eurekalert.org/news-releases/1118742,"Mar 4, 2026",EXCLUDE,,,0.98,Out-of-corpus topic. Article is about AI-generated content ('AI slop') on social media platforms — a media/technology study with no connection to ABCD. Provisionally tagged to paper 35 via surname 'Shi' only.,,35,The study was inspired by the rapid rise in AI-generated or AI-enhanced content on most social media platforms. The generative AI tools can ...
A0116,https://www.eurekalert.org › news-releases,Enhancer provides a potential target for 'undruggable' MYC ...,https://www.eurekalert.org/news-releases/1125370,"Apr 22, 2026",EXCLUDE,,,0.99,"Out-of-corpus topic. Article is about cancer biology (MYC oncogene enhancer), with a co-author named 'Shi.' No connection to ABCD study or any candidate paper.",,35,"... Shi, Justin Williams, Virginia Valentine, Barbara Passaia, Bensheng ... Jude on social media @stjuderesearch. Journal. Cancer Research ..."
A0117,https://www.eurekalert.org › news-releases,Reprogramming 'gatekeeper' immune cell may boost ...,https://www.eurekalert.org/news-releases/1122639,"Apr 2, 2026",EXCLUDE,,,0.99,"Out-of-corpus topic. Article is about immunotherapy (reprogramming immune cells), with co-author 'Hao Shi.' No connection to ABCD study or any candidate paper.",,35,"The study's other authors are Nicole Chapman, Hao Shi, Yan ... Jude on social media at @stjuderesearch. Journal. Science. DOI. 10.1126 ..."
A0118,https://www.eurekalert.org › news-releases,News media amplified rather than rectified misleading ...,https://www.eurekalert.org/news-releases/938589,"Dec 20, 2021",EXCLUDE,,,0.99,"Out-of-corpus topic. Article is about misinformation/fake news amplification by news media, with co-author 'Shi, Assistant Professor of Marketing at HKUST.' No connection to ABCD study.",,35,"While social media platforms try to identify and eliminate fake news ... Shi, Assistant Professor of Marketing at HKUST, a coauthor who ..."
A0119,https://www.eurekalert.org › news-releases,Social media activism is driving corporate agendas,https://www.eurekalert.org/news-releases/627040,"Nov 16, 2016",EXCLUDE,,,0.99,"Out-of-corpus topic. Article (2016) is about social media activism and corporate governance, mentioning 'Wang Shi, chairman of Vanke.' No connection to ABCD study.",,35,"Social media activism is driving corporate agendas. Social ... Wang Shi, chairman of Vanke, China's largest real estate development ..."
A0120,https://www.eurekalert.org › news-releases,NATO taps UH professor to keep big data secure on the ...,https://www.eurekalert.org/news-releases/772621,"Mar 23, 2016",EXCLUDE,,,0.99,"Out-of-corpus topic. Article (2016) is about big data security on cloud computing (NATO grant), with recipient named 'Shi.' No connection to ABCD study.",,35,"Shi is the recipient of a $369,803 NATO award through its Science for Peace and Security (SPS) Programme to keep big data secure on the cloud."
A0121,https://www.eurekalert.org › news-releases,Scientists calculate predictions for meson measurements,https://www.eurekalert.org/news-releases/1063995,"Nov 6, 2024",EXCLUDE,,,0.99,"Out-of-corpus topic. Article is about particle physics (meson measurements), with co-authors 'Shi and Xiang Gao' at Brookhaven Lab. No connection to ABCD study.",,35,"Shi and Xiang Gao, a postdoctoral researcher in the group, used ... Follow @BrookhavenLab on social media. Find us on Instagram ..."
A0122,https://www.eurekalert.org › news-releases,Removing a protein 'signal jammer' improves immunotherapy,https://www.eurekalert.org/news-releases/1077517,"Mar 19, 2025",EXCLUDE,,,0.99,"Out-of-corpus topic. Article is about immunotherapy cancer research (protein signal jammer), with co-author 'Hao Shi.' No connection to ABCD study.",,35,"The study's other authors are Hao Shi, Nicole Chapman, Cliff Guy ... Jude on social media at @stjuderesearch. Journal. Nature. Method of ..."
A0123,https://www.eurekalert.org › multimedia,Anne-Marie Fors Connolly [IMAGE],https://www.eurekalert.org/multimedia/1009009,,EXCLUDE,,,0.9,"No findings content. This is a multimedia image record (author headshot of Anne-Marie Fors Connolly, who is the first author of paper 55). The record contains no article text, no journal naming, no paraphrase of findings — none of L1-L4 can be satisfied by a photo caption alone.",,55,Caption. Anne-Marie Fors Connolly ; Credit. Mattias Pettersson ; Usage Restrictions. Media use ; License. Licensed content.
A0124,https://www.eurekalert.org › news-releases,Too much screen time too soon? A*STAR study links infant ...,https://www.eurekalert.org/news-releases/1111150,"Dec 30, 2025",EXCLUDE,,,0.97,"Non-ABCD cohort. Article covers an A*STAR (Singapore) study on infant screen time using 'Growing Up in Singapore' cohort data — not the ABCD Study. Provisional paper 57 (Lin 2020 J Abnormal Child Psychology, ABCD-based) shares only 'Lin' in the article's school name (NUS 'Lin School of Medicine'), not the author. No connection to any candidate paper.",,57,"... Lin School of Medicine, using data from the Growing Up in Singapore ... screen time in infancy. Importantly, the study focuses on ..."
A0125,https://www.eurekalert.org › news-releases,Study: Infants exposed to excessive screen time show ...,https://www.eurekalert.org/news-releases/978215,"Jan 30, 2023",EXCLUDE,,,0.0,"non-ABCD cohort — infant screen time study from Yong Loo Lin School of Medicine, Singapore; no connection to ABCD study or any corpus paper","Title and summary describe infant screen exposure from a Singaporean cohort (Yong Loo Lin School of Medicine). Paper 57 (Lin 2020 JACOP) is an ABCD paper; this article has no author, journal, or finding overlap with paper 57 or any corpus paper.",57,Study: Infants exposed to excessive screen time show ... The study was a collaborative effort comprising researchers from the Yong Loo Lin ...
A0126,https://www.eurekalert.org › news-releases,First graders who use more educational media spend ...,https://www.eurekalert.org/news-releases/1092444,"Jul 25, 2025",EXCLUDE,,,0.0,non-ABCD cohort — first-grade educational media study; co-authors Kelly Purtell and Tzu-Jung Lin are unrelated to corpus paper 57 (Lin/Eaton/Schleider 2020 ABCD network analysis),"Article about first graders and educational media; co-authors Purtell and Tzu-Jung Lin are unrelated to paper 57's authors (Lin, Eaton, Schleider). No ABCD content, no corpus paper linkage.",57,"Finding that educational media use does not crowd out reading time or extend overall screen time ... Co-authors were Kelly Purtell, Tzu-Jung Lin ..."
A0127,https://www.eurekalert.org › news-releases,"Study finds links between early screen exposure, sleep ...",https://www.eurekalert.org/news-releases/779888,"Nov 13, 2019",EXCLUDE,,,0.0,"non-ABCD cohort — infant/toddler screen exposure and sleep study from Lee Kong Chian School of Medicine, Singapore; no connection to ABCD study","Nov 2019 EurekAlert from Singapore cohort (Lee Kong Chian School of Medicine). Paper 57 is ABCD 2020; no author, journal, or finding match.",57,- Screen time - Majority (93.9%) of the children exceeded the 1 hour ... Lin School of Medicine andLee Kong Chian School of Medicine.
A0128,https://www.eurekalert.org › news-releases,Singapore's largest parenting intervention study on ...,https://www.eurekalert.org/news-releases/1126732,6 days ago,EXCLUDE,,,0.0,"non-ABCD cohort — Singapore parenting intervention study on screen time; Yong Loo Lin / Lee Kong Chian provenance, no ABCD content",Singapore-based parenting intervention study with no reference to ABCD or any corpus paper. Provisional mapping to paper 57 is spurious keyword overlap.,57,"As families weave through hectic and time-scarce modern lifestyles, increasing digital exposure and screen-time ... Lin School of Medicine ..."
A0129,https://www.eurekalert.org › news-releases,Toddlers who chill in front of TV are at later risk of being ...,https://www.eurekalert.org/news-releases/792245,"Jul 17, 2015",EXCLUDE,,,0.0,"non-ABCD cohort — toddler TV/obesity study published Jul 2015, predates ABCD Study; unrelated to papers 160 or 70","2015 article about toddler TV viewing and obesity risk. ABCD Study launched 2015-2016; papers 160 (Chu 2023 Preventive Medicine, suicidal behaviors) and 70 (Chu 2024 Eating & Weight Disorders) are ABCD papers from 2023-2024. No linkage.","160,70","Assuming that the programs watched are developmentally appropriate, the American Academy of Pediatrics recommends that daily screen time not ..."
A0130,https://www.eurekalert.org › news-releases,The long-term benefits of improving your toddler's memory ...,https://www.eurekalert.org/news-releases/607547,"Jan 12, 2016",EXCLUDE,,,0.0,"non-ABCD cohort — toddler working memory/screen time study from CHU Sainte-Justine, Jan 2016; predates ABCD Study and unrelated to corpus papers 160 or 70","Jan 2016 article from CHU Sainte-Justine about toddler working memory and screen time. Not ABCD, not related to corpus papers 160 or 70.","160,70",The researchers note that another promising strategy for improving working memory in children is to limit screen time ... CHU Sainte-Justine.
A0131,https://www.eurekalert.org › multimedia,Lack of Safety at School and Poverty Linked to Childhood Obesity,https://www.eurekalert.org/multimedia/912909,,EXCLUDE,,,0.0,non-ABCD cohort — childhood obesity/school victimization study from CHU Sainte Justine; not related to papers 160 or 70,"EurekAlert multimedia item from CHU Sainte Justine about school victimization, poverty, and childhood obesity with incidental screen time mention. No ABCD study connection.","160,70","... CHU Sainte Justine children's hospital. ... ""Surprisingly, we have found that although victimization at school is linked to childhood obesity and more screen-time ..."
A0132,EurekAlert!,Higher screen time linked to ADHD symptoms and altered brain development,https://www.eurekalert.org/news-releases/1107002,"11/21/2025, 08:00 AM, +0000 UTC",INCLUDE,84,L4,0.72,,"EurekAlert press release (Nov 21, 2025) names 'Qiulu Shou' as 'Assistant Professor at the Research Centre' — matching paper 84's first author Shou 2026 Acta Psychologica (screen time, putamen volume, cognitive function in ABCD). Title 'Higher screen time linked to ADHD symptoms and altered brain development' is adjacent to paper 84's topic (screen time + brain structure/cognition in ABCD children). L4: Shou (lead institution/author) + screen time + brain development + ABCD configuration. Confidence moderated because title mentions 'ADHD' while paper 84 focuses on cognitive function and putamen; possible the press release covers paper 84 with a slightly different framing.",84,Higher screen time linked to ADHD symptoms and altered brain development ... Qiulu Shou serves as an Assistant Professor at the Research Centre ...
A0133,EurekAlert!,Study links teen girls’ screen time to sleep disruptions and depression,https://www.eurekalert.org/news-releases/1078851,"04/02/2025, 07:00 AM, +0000 UTC",EXCLUDE,,,0.0,"no L1-L4 evidence — empty summary, topic (teen girls, sleep disruptions, depression) does not match provisional paper 84 (Shou 2026, screen time/putamen/cognitive function); likely covers a different out-of-corpus study","Provisional paper 84 is about screen time, putamen volume, and cognitive function. 'Teen girls, sleep disruptions, and depression' is a distinct topic with no author, journal, or finding overlap with paper 84. Empty summary prevents further verification.",84,
A0134,EurekAlert!,Lengthy screen time associated with childhood development delays,https://www.eurekalert.org/news-releases/1000060,"08/30/2023, 07:00 AM, +0000 UTC",EXCLUDE,,,0.0,non-ABCD cohort — 'childhood development delays' study published Aug 2023 precedes paper 84 (Shou 2026) and topic (developmental delays) does not match putamen volume/cognitive function finding,Aug 2023 article about screen time and childhood development delays; paper 84 was published 2026. Different topic (developmental delays vs. putamen volume) and timeline mismatch. No L1-L4 linkage.,84,
A0135,https://www.eurekalert.org › news-releases,European high school students emerge from isolation after ...,https://www.eurekalert.org/news-releases/1089371,"Jun 30, 2025",EXCLUDE,,,0.0,"unrelated article — COSPAR European high school isolation project; 'Rosa Doran (NUCLIO)' is a different person from paper 85's first author Doran (Addictive Behaviors, ABCD mobile phone/substance use study)","Article about COSPAR/Erasmus+ European science education project mentioning 'Rosa Doran (NUCLIO).' Paper 85 first author 'Doran' refers to a different researcher studying mobile phone ownership and substance use in ABCD. No topical, institutional, or finding overlap.",85,"Rosa Doran (NUCLIO, Chair of COSPAR's Panel on Education) commented ... Social media: www.facebook.com/EXPLOREprojectEU and www ..."
A0136,https://www.eurekalert.org › news-releases,Brookhaven Lab scientists complete 2023 Oppenheimer ...,https://www.eurekalert.org/news-releases/1032411,"Jan 25, 2024",EXCLUDE,,,0.0,unrelated article — Brookhaven Lab Oppenheimer Science Program; 'Professor Kevin Doran' is a different person from paper 85's first author Doran,Brookhaven Lab press release about a physics program directed by 'Kevin Doran.' Paper 85's 'Doran' is a different researcher (ABCD substance use/social media study). No connection.,85,Professor Kevin Doran serves as the program director. Inquiries ... Follow @BrookhavenLab on social media. Find us on Instagram ...
A0137,https://www.eurekalert.org › news-releases,Bringing asteroids to class: COSPAR joins new Erasmus+ ...,https://www.eurekalert.org/news-releases/1009675,"Nov 30, 2023",EXCLUDE,,,0.0,unrelated article — COSPAR Erasmus+ space education project featuring 'Rosa Doran'; no connection to paper 85 or ABCD Study,Nov 2023 COSPAR/Erasmus+ press release about asteroid education; 'Rosa Doran' is distinct from paper 85's first author. No ABCD content.,85,"The COSPAR Panel on Education, under the dynamic Chair Rosa Doran ... COSPAR Social Media: LinkedIn: Committee on Space Research - COSPAR"
A0138,https://www.eurekalert.org › news-releases,Want better sleep for your tween? Start with their screens,https://www.eurekalert.org/news-releases/1088219,"Jun 20, 2025",INCLUDE,"158,139",L4,0.82,,"EurekAlert press release (Jun 20, 2025) mentions 'Nagata, MD, an associate professor of pediatrics at the University [of California, San Francisco]' and 'sociodemographic differences in both screen use' as key findings. Paper 158 (Nagata 2025, Sleep Health) is titled 'Social epidemiology of bedtime screen use behaviors and sleep outcomes in early adolescence' — 'social epidemiology' directly maps to 'sociodemographic differences'; Jun 2025 publication date matches. L4: Nagata + UCSF pediatrics + bedtime screen use + sleep outcomes + ABCD. Paper 139 (Nagata 2024, Journal of Adolescent Health, 'Bedtime Screen Use Behaviors and Sleep Outcomes in Early Adolescents') is also a plausible match as a precursor paper by same author/topic; multi-mapped. Both satisfy L4.","106,139,157,158,184,86","... Nagata, MD, an associate professor of pediatrics at the University ... Researchers also identified sociodemographic differences in both screen use ..."
A0139,https://www.eurekalert.org › news-releases,Social media's double-edged sword: New study links both ...,https://www.eurekalert.org/news-releases/1073001,"Feb 7, 2025",EXCLUDE,,,0.0,"non-ABCD cohort — passive/active social media use and loneliness study; distinct topic and cohort from paper 95 (He 2025 CHB, ABCD fMRI reward/loss sensitivity in video game vs. social media addiction)",Article describes passive (PSMU) and active (ASMU) social media use linked to loneliness over time. Paper 95 studies neural reward/loss sensitivity (fMRI) in ABCD. Loneliness outcome and passive/active distinction do not match any corpus paper.,95,The findings showed that both passive (PSMU) and active (ASMU) social media use were associated with increased feelings of loneliness over time.
A0140,https://www.eurekalert.org › news-releases,Social media is a treasure trove for interdisciplinary ...,https://www.eurekalert.org/news-releases/1117890,"Feb 26, 2026",EXCLUDE,,,0.0,general social media research coverage — article about social media as a research tool for interdisciplinary science; no ABCD content and no corpus paper linkage,"Feb 2026 EurekAlert about using social media data for research. No ABCD study reference, no connection to paper 95 or any corpus paper.",95,"“60 per cent of the world's population already uses social media. For researchers, this offers enormous potential for approaching any ..."
A0141,https://www.eurekalert.org › news-releases,Social media use amplifies delusional disorders: SFU study,https://www.eurekalert.org/news-releases/1076585,"Mar 11, 2025",EXCLUDE,,,0.0,non-ABCD cohort — Simon Fraser University (SFU) study on social media and delusional disorders; no connection to paper 95 (ABCD fMRI reward/addiction study),"Mar 2025 EurekAlert about SFU study linking social media to delusion propagation. Paper 95 is an ABCD fMRI study (He et al., Chinese institution). Different institution, topic, and cohort.",95,“Social media is creating conditions where delusions can more easily be generated and sustained due to the presence of platforms and apps that ...
A0142,https://www.eurekalert.org › news-releases,International study by NTU Singapore and Research ...,https://www.eurekalert.org/news-releases/1091562,"Jul 17, 2025",EXCLUDE,,,0.0,non-ABCD cohort — NTU Singapore/Research Institute study on social media and dopamine reward; no connection to paper 95 (ABCD fMRI reward sensitivity study by He et al.),"Jul 2025 EurekAlert from NTU Singapore about social media triggering dopamine reward system. Paper 95 (He 2025 CHB) is an ABCD study. Different institution, cohort, and framing despite superficially related topic.",95,The use of social media is contributing to ... social media triggers the brain's dopamine reward system in ways that mimic addiction.
A0143,https://www.eurekalert.org › news-releases,"At best, social media connections unlikely to make you less ...",https://www.eurekalert.org/news-releases/1125539,2 days ago,EXCLUDE,,,0.0,"non-ABCD cohort — social media connections and loneliness study; no ABCD content, no corpus paper match",EurekAlert about social media and loneliness (strangers on social media). No ABCD study reference; does not map to paper 95 or any corpus paper.,95,The findings suggest that “people experiencing loneliness may wish to examine critically their interactions with strangers on social media and ...
A0144,https://www.eurekalert.org › news-releases,Social media's addictive loop compels users to share ...,https://www.eurekalert.org/news-releases/998256,"Aug 10, 2023",EXCLUDE,,,0.0,"non-ABCD cohort — social media sharing behavior and addiction loop study; no ABCD content, no corpus paper match",Aug 2023 EurekAlert about habitual social media sharing behavior. No ABCD connection; does not map to paper 95 (ABCD fMRI reward sensitivity) or any corpus paper.,95,"There will have to be something really disruptive structurally on these social media sites to change the behavior of habitual users,” he said."
A0145,https://www.eurekalert.org › news-releases,"On social media platforms, more sharing means less caring ...",https://www.eurekalert.org/news-releases/981375,"Mar 3, 2023",EXCLUDE,,,0.0,"non-ABCD cohort — MIT study on social media sharing and accuracy; no ABCD content, no corpus paper match",Mar 2023 EurekAlert about MIT study on sharing impulse vs. accuracy on social media platforms. No ABCD connection.,95,"On social media platforms, more sharing means less caring about accuracy. An MIT-led study reveals a core tension between the impulse to share ..."
A0146,https://www.eurekalert.org › news-releases,Social-media break has huge impact on young women's ...,https://www.eurekalert.org/news-releases/1043172,"May 1, 2024",EXCLUDE,,,0.0,"non-ABCD cohort — social media break and body image study (Body Image journal, Mills et al.); no ABCD content, no corpus paper match","May 2024 EurekAlert about social media breaks and body image in young women (Body Image journal, Mills et al.). No ABCD study reference; not related to paper 95 or any corpus paper.",95,"The paper, out this week in the journal Body Image, is thought to be the first to look specifically at social-media breaks and body image. Mills ..."
A0147,https://www.eurekalert.org › news-releases,How do new words arise in social media?,https://www.eurekalert.org/news-releases/1055881,"Sep 3, 2024",EXCLUDE,,,0.0,"unrelated article — linguistics study on how new words arise in social media networks; no ABCD content, no corpus paper match",Sep 2024 EurekAlert about new word adoption via social media network centrality. No ABCD connection; provisionally mapped to paper 95 via keyword overlap only.,95,"The more centrally connected someone is within their social media network, the more likely that new words they use will become adopted into ..."
A0148,https://www.eurekalert.org › news-releases,DFG to fund 17 new research training groups,https://www.eurekalert.org/news-releases/1046884,"May 10, 2024",EXCLUDE,,,0.0,"unrelated article — DFG (German Research Foundation) funding announcement for research training groups; no ABCD content, no connection to paper 96 (Hein 2024 Comprehensive Psychiatry, ABCD digital media/psychotic-like experiences)","May 2024 EurekAlert about DFG funding doctoral research training groups. No mention of ABCD, screen time, or any relevant topic. Provisional mapping to paper 96 (Hein) is spurious.",96,Research Training Groups offer doctoral researchers the opportunity to complete their doctorates by following a structured research and training ...
A0149,https://www.eurekalert.org › news-releases,PR55α-controlled PP2A Inhibits p16 Expression and ...,https://www.eurekalert.org/news-releases/1038232,"Mar 19, 2024",EXCLUDE,,,0.0,"unrelated article — cancer biology study (PR55α/PP2A/p16); 'Ashley L. Hein' is a different person from paper 96's first author Hein (Hein 2024 Comprehensive Psychiatry, ABCD digital media study)","Mar 2024 EurekAlert about PR55α-controlled PP2A in cancer biology; co-author 'Ashley L. Hein' is a cancer researcher, distinct from paper 96's first author Hein (digital media/psychotic-like experiences in ABCD). No topical overlap whatsoever.",96,"In this new study, researchers Chitra Palanivel, Lepakshe S. V. Madduri, Ashley L. Hein, Christopher B. Jenkins, Brendan T. Graff, Alison L."
A0150,https://www.eurekalert.org › news-releases,Active ingredient of Viagra helps treat rare genetic disease,https://www.eurekalert.org/news-releases/1119639,"Mar 11, 2026",EXCLUDE,,,0.99,"unrelated topic — sildenafil/Leigh syndrome genetic disease, no ABCD study content","Title and summary are entirely about treating Leigh syndrome with sildenafil. No connection to ABCD, screen time, or social media. Provisional IDs 136 and 400 are false positives from keyword overlap.","136,400",The study entailed administering sildenafil continuously to six Leigh syndrome patients between the ages of 9 months and 38 years. Within the ...
A0151,https://www.eurekalert.org › news-releases,November/December Annals of Family Medicine Tip Sheet,https://www.eurekalert.org/news-releases/1066030,"Nov 25, 2024",EXCLUDE,,,0.99,"unrelated topic — adult ADHD clinic wait times, Annals of Family Medicine tip sheet, no ABCD content","Summary describes a family medicine clinic reducing behavioral health wait times for adult ADHD. No ABCD study, no screen time, no adolescent cohort. Provisional IDs are false positives.","136,400",A suburban family medicine residency clinic implemented an innovative approach to reduce behavioral health clinic wait times for adult ADHD ...
A0152,https://www.eurekalert.org › news-releases,Penn researchers awarded $25M to conduct trial using ...,https://www.eurekalert.org/news-releases/1110164,"Dec 16, 2025",EXCLUDE,,,0.99,"unrelated topic — Penn cardiovascular trial using fitness trackers/gamification in adults, not adolescent screen time research","Article is about a $25M Penn trial using smartphone fitness trackers for cardiovascular risk reduction, led by cardiologist Fanaroff. No ABCD study, no adolescent screen time. Provisional ID 154 (Alexander et al. smartphone use in ABCD) is a false positive.",154,"... smartphone fitness trackers gamification to reduce the risk of ... Alexander C. Fanaroff, MD, an assistant professor of Cardiovascular ..."
A0153,https://www.eurekalert.org › news-releases,New nerve gas detector built with legos and a smartphone,https://www.eurekalert.org/news-releases/510314,"Jun 27, 2018",EXCLUDE,,,0.99,"unrelated topic — nerve gas detector built with LEGO and smartphone (chemistry/defense), 2018",2018 article about a nerve gas detector using a smartphone camera and LEGO housing. Completely unrelated to ABCD or adolescent screen time research. Provisional ID 154 is a false positive.,154,"... smartphone and a box made from Lego bricks, which could help first ... Software, developed by graduate student Alexander Boulgakov and ..."
A0154,https://www.eurekalert.org › news-releases,An earthquake on a chip: New tech could make ...,https://www.eurekalert.org/news-releases/1112196,"Jan 14, 2026",EXCLUDE,,,0.99,"unrelated topic — wireless chip technology for smartphones (engineering), no ABCD content","Article about a new semiconductor device for wireless use in smartphones (Eichenfield). No ABCD, no adolescent research. Provisional ID 154 is a false positive.",154,"Eichenfield says the new device could lead to smaller, higher performance, and lower power wireless devices like cell phones. In a smartphone, ..."
A0155,https://www.eurekalert.org › news-releases,New technology makes artificial intelligence more private ...,https://www.eurekalert.org/news-releases/716385,"Nov 14, 2017",EXCLUDE,,,0.99,"unrelated topic — AI chip technology for smartphones (engineering/computer science), 2017","2017 article about compact AI embedded in smartphones (Alexander Wong, Canada Research Chair). No ABCD, no adolescent screen time research. Provisional ID 154 is a false positive.",154,"""We feel this has enormous potential,"" said Alexander Wong, a ... When put on a chip and embedded in a smartphone, such compact AI ..."
A0156,https://www.eurekalert.org › news-releases,AI-supported dermatology: Now for darker skin tones too ...,https://www.eurekalert.org/news-releases/1060669,"Oct 10, 2024",EXCLUDE,,,0.99,"unrelated topic — AI dermatology app using smartphone for skin photo diagnosis, no ABCD content","Article about a smartphone app for dermatological diagnosis in darker skin tones. No ABCD study, no adolescent screen time. Provisional ID 154 is a false positive.",154,“Our vision is that each patient will be able to take a photo of their skin problem themselves free of charge using a smartphone and then upload ...
A0157,https://www.eurekalert.org › news-releases,DopFone app can accurately track fetal heart rate using ...,https://www.eurekalert.org/news-releases/1117990,"Feb 26, 2026",EXCLUDE,,,0.99,"unrelated topic — DopFone smartphone app for fetal heart rate monitoring (obstetrics), no ABCD content","Article about using a smartphone microphone/speaker to estimate fetal heart rate. No ABCD study, no adolescent screen time. Provisional ID 154 is a false positive.",154,DopFone uses an off-the-shelf smartphone's existing speaker and microphone to accurately estimate fetal heart rate. ... Alexander T. Adams ...
A0158,https://www.eurekalert.org › news-releases,Engineers combine AI and wearable cameras in self ...,https://www.eurekalert.org/news-releases/703475,"Mar 15, 2021",EXCLUDE,,,0.99,"unrelated topic — AI and wearable cameras for assistive technology (engineering), no ABCD content","2021 article about wearable AI cameras for assistive use (Alexander Wong, Canada Research Chair in AI and Medical Imaging). No ABCD, no adolescent screen time. Provisional ID 154 is a false positive.",154,"The research team also includes engineering professor Alexander Wong, the Canada Research Chair in Artificial Intelligence and Medical Imaging, ..."
A0159,https://www.eurekalert.org › news-releases,Smartphones and intelligent socks to help prevent diabetic ...,https://www.eurekalert.org/news-releases/632008,"Jan 27, 2016",EXCLUDE,,,0.99,"unrelated topic — smartphone app for diabetic foot ulcer prevention, 2016","2016 article about intelligent socks and a smartphone app to prevent diabetic foot problems (Yaakov Nahmias, Alexander Grass Center). No ABCD, no adolescent screen time. Provisional ID 154 is a false positive.",154,"... smartphone app, which in turn informs the patient of developing risk. ... Yaakov Nahmias, director of the Alexander Grass Center for ..."
A0160,https://www.eurekalert.org › news-releases,A simple firmware update completely hides a device's ...,https://www.eurekalert.org/news-releases/1050243,"Jul 10, 2024",EXCLUDE,,,0.99,"unrelated topic — smartphone Bluetooth fingerprint tracking and privacy (cybersecurity), no ABCD content","2024 article about a firmware update to prevent Bluetooth-based smartphone tracking (Givehchian, Bhaskar, Redding, Schulman). No ABCD, no adolescent screen time. Provisional ID 154 is a false positive.",154,"A smartphone's unique Bluetooth fingerprint could be used to track ... Hadi Givehchian, Nishant Bhaskar, Alexander Redding, Aaron Schulman, ..."
A0161,https://www.eurekalert.org › news-releases,Frequent social media use could impact child development,https://www.eurekalert.org/news-releases/1121373,"Mar 25, 2026",INCLUDE,310,L2,0.88,,"Title 'Frequent social media use could impact child development' and named lead author Cory Carvalho directly match paper 310 (Carvalho & Ravindran 2025, Journal of Research on Adolescence) on social media and crystallized/fluid cognitive trajectories in ABCD. The summary quotes Carvalho describing neuroplasticity-related effects of social media use on development, consistent with paper 310's finding of social media predicting cognitive performance slopes. L2 satisfied if press release names Carvalho + Journal of Research on Adolescence. Provisional IDs 167 and 175 are possible but the cognitive development framing and March 2026 date align with paper 310.","167,175,310","The more you use it, the more it changes according to however you're using it,” said Cory Carvalho, lead author of the study who received ..."
A0162,https://www.eurekalert.org › news-releases,"Youth screen use can cause family conflict, exacerbate ...",https://www.eurekalert.org/news-releases/1101639,"Oct 13, 2025",INCLUDE,"175,167",multi,0.9,,"Title 'Youth screen use can cause family conflict, exacerbate...' and named lead author Carvalho match paper 175 (Carvalho et al. 2025, Journal of Family Psychology, bidirectional associations between youth electronic media use and family conflict). The summary also mentions 'Smartphone ownership can therefore create gaps in parent and child...' which uniquely maps to paper 167 (Carvalho et al. 2025, Development and Psychopathology, role of smartphones in adolescent-parent discrepancy in reporting internalizing problems). Both papers share Carvalho as first author and were published in 2025. L2 satisfied for each (Carvalho + respective journal name expected in EurekAlert press release). October 2025 date is consistent with both papers.","167,175,310","... Carvalho, lead author of the study and an alumnus of the University ... Smartphone ownership can therefore create gaps in parent and ..."
A0163,https://www.eurekalert.org › news-releases,Method detects defects in 2D materials for future ...,https://www.eurekalert.org/news-releases/659626,"Jan 27, 2020",EXCLUDE,,,0.99,"unrelated topic — 2D materials defect detection for flexible sensors (materials science), 2020; Carvalho is a materials scientist unrelated to ABCD corpus","2020 article about detecting defects in 2D materials using flexible sensors for smartphones, with 'Carvalho' as a visiting materials science scholar in Terrones' lab. This is a completely different Carvalho from the ABCD corpus author. No ABCD content.",167,"... smartphone and the myriad of other places where small, flexible sensors are required. ... Carvalho, a former visiting scholar in Terrones' group,."
A0164,https://www.eurekalert.org › news-releases,"Leishmaniasis infection on the rise in US ecotourists, soldiers",https://www.eurekalert.org/news-releases/646887,"Nov 15, 2016",EXCLUDE,,,0.99,"unrelated topic — leishmaniasis infectious disease guidelines, 2016; no ABCD content","2016 article about IDSA guidelines for leishmaniasis in US travelers. Mentions smartphone only as a format for the guidelines app. No ABCD, no adolescent screen time research. Provisional ID 167 is a false positive.",167,"As with other IDSA guidelines, the leishmaniasis guidelines will be available in a smartphone format and a pocket-sized quick-reference edition."
A0165,https://www.eurekalert.org › news-releases,"Children spending more time on screens, going to bed ...",https://www.eurekalert.org/news-releases/954909,"Jun 3, 2022",INCLUDE,177,L2,0.9,,"Title 'Children spending more time on screens, going to bed later' and named lead author Kiss, with pandemic context (increased screen time associated with later bedtimes/wake times), map to paper 177 (Kiss et al. 2023, Health Psychology, effects of COVID-19 pandemic on screen time and sleep in early adolescents). Published Jun 3, 2022, consistent with pre-publication press coverage of the 2023 paper. L2 satisfied: Kiss as lead author and Health Psychology journal name expected in the EurekAlert press release. Provisional ID 314 (Kiss 2026, Journal of Sleep Research) is a later paper and less consistent with the pandemic-specific framing here.","177,314",The increased screen time was associated with later bedtimes and wake up times across the pandemic. Kiss said these data highlight the need to ...
A0166,https://www.eurekalert.org › news-releases,Social media use and sleep duration connected to brain ...,https://www.eurekalert.org/news-releases/1046446,"May 30, 2024",INCLUDE,314,L3,0.93,,"Title 'Social media use and sleep duration connected to brain...' and summary specifically mentioning 'recreational social media use through the Youth Screen Time Survey' and 'Munich Chronotype questionnaire' for sleep assessment uniquely map to paper 314 (Kiss et al. 2026, Journal of Sleep Research, neural sensitivity to social media use and sleep duration in ABCD). The ABCD YSTS + Munich Chronotype + social media + sleep duration + brain connectivity combination is highly distinctive to this paper. L3 satisfied: social media use (YSTS), sleep duration (Munich Chronotype), and neural/brain outcome with ABCD sample. Published May 30, 2024, consistent with pre-publication coverage of the 2026 paper.","177,314","Sleep duration was assessed from the Munich Chronotype questionnaire, and recreational social media use through the Youth Screen Time Survey."
A0167,https://www.eurekalert.org › news-releases,"Social connectedness, sleep, and physical activity ...",https://www.eurekalert.org/news-releases/940924,"Jan 24, 2022",INCLUDE,130,L2,0.8,,"Title 'Social connectedness, sleep, and physical activity...' and named author Kiss as a postdoctoral fellow at SRI International, with references to pre-pandemic sleep disturbances and screen time, map to paper 130 (Kiss et al. 2022, Journal of Adolescent Health, pandemic's toll on young adolescents). The Jan 24, 2022 publication date predates the Kiss 2023 Health Psychology paper (ID 177), making paper 130 the more likely match. L2 expected if the press release names Kiss and Journal of Adolescent Health. Confidence reduced slightly because the summary is brief and the exact paper cannot be confirmed without full article text.","177,314","... screen time, sleep (e.g., pre-pandemic sleep disturbances), and ... Kiss, Ph.D., a postdoctoral fellow at SRI International and lead ..."
A0168,https://www.eurekalert.org › news-releases,Video games can help boost children's intelligence,https://www.eurekalert.org/news-releases/952549,"May 12, 2022",INCLUDE,190,L2,0.98,,"Summary directly quotes the full paper title 'The impact of digital media on children's intelligence while controlling for genetic differences in cognition and socioeconomic background' and names all four authors: Bruno Sauce, Magnus Liebherr, Nicholas Judd, Torkel Klingberg — exactly matching paper 190 (Sauce et al. 2022, Scientific Reports). L2 trivially satisfied (Sauce + Scientific Reports named). EurekAlert press release is canonical coverage of this paper.",190,"Publication: “The impact of digital media on children's intelligence ... Bruno Sauce, Magnus Liebherr, Nicholas Judd, Torkel Klingberg."
A0169,https://www.eurekalert.org › news-releases,Using social media may impair children's attention,https://www.eurekalert.org/news-releases/1108691,"Dec 8, 2025",INCLUDE,435,L2,0.97,,"Summary directly quotes the paper title 'Digital media, Genetics and Risk for ADHD Symptoms in Children – a Longitudinal Study' and names lead author Samson Nivins plus co-author Michael A. Mooney and Joel (Nigg), exactly matching paper 435 (Nivins et al. 2025, Pediatrics Open Science). L2 fully satisfied (Nivins + Pediatrics Open Science). Paper 192 (Nivins 2024 Scientific Reports on brain development) is a different paper by same lead author; this article's ADHD/genetics framing and Dec 2025 date are specific to paper 435.","192,435","Publication: “Digital media, Genetics and Risk for ADHD Symptoms in Children – a Longitudinal Study”, Samson Nivins, Michael A. Mooney, Joel ..."
A0170,https://www.eurekalert.org › news-releases,Cognitive behavioral therapy alters brain activity in children ...,https://www.eurekalert.org/news-releases/1032033,"Jan 24, 2024",EXCLUDE,,,0.9,"out-of-corpus topic — CBT intervention altering brain activity in children with anxiety disorders; Pagliaccio here is the study PI on a treatment trial, not the ExWAS social media study (paper 196)","Jan 2024 article about cognitive behavioral therapy changing brain activity in anxious children, with Pagliaccio as an author. Paper 196 (Pagliaccio et al. 2024, NPP-Digital Psychiatry) is about social media use patterns and mental health via ExWAS, a completely different study. The CBT/anxiety intervention topic does not match any corpus paper. Provisional ID 196 is a false positive from author name overlap.",196,"Anxiety disorders are common in children and can cause them significant distress in social and academic situations. ... Pagliaccio, D ..."
A0171,https://www.eurekalert.org › news-releases,"Computer-, smartphone-based treatments effective at ...",https://www.eurekalert.org/news-releases/937349,"Dec 13, 2021",EXCLUDE,,,0.97,non-ABCD cohort — meta-analysis of computer/smartphone-based depression treatments; not ABCD study and not screen-time-as-exposure research,"Dec 2021 article reports a meta-analytic review finding that smartphone/computer-based interventions are effective for reducing depression. This is about treatment efficacy, not screen time exposure in ABCD adolescents. No ABCD content. Provisional ID 289 is a false positive.",289,"Computer- and smartphone-based treatments appear to be effective in reducing symptoms of depression, and while it remains unclear whether ..."
A0172,https://www.eurekalert.org › news-releases,"Sleep apnea, lack of deep sleep linked to worse brain health",https://www.eurekalert.org/news-releases/988300,"May 10, 2023",EXCLUDE,,,0.97,unrelated topic — sleep apnea and brain health in adults; Carvalho here is a Mayo Clinic neurologist unrelated to ABCD corpus,"May 2023 article about sleep apnea/deep sleep and brain health, authored by 'Carvalho, MD, MS, of the Mayo Clinic in Rochester.' This is a different Carvalho from the UGA/ABCD corpus author (Cory Carvalho). No ABCD screen-time content. Provisional ID 310 is a false positive from author surname overlap.",310,"Carvalho, MD, MS, of the Mayo Clinic in Rochester, Minnesota, and a ... When posting to social media channels about this research, we ..."
A0173,https://www.eurekalert.org › news-releases,Early immune evasion found in HPV-related pre-cancer ...,https://www.eurekalert.org/news-releases/1081862,"Apr 28, 2025",EXCLUDE,,,0.99,unrelated topic — HPV-related pre-cancer immune evasion (oncology); Carvalho Carneiro is a Brazilian oncology researcher unrelated to ABCD corpus,Apr 2025 article about HPV pre-cancer immune evasion by Humberto Carvalho Carneiro and Rodrigo de Andrade Natal. Completely unrelated to ABCD or adolescent screen time. The social media mention is only in the EurekAlert footer sharing links. Provisional ID 310 is a false positive.,310,"Researchers Humberto Carvalho Carneiro, Rodrigo de Andrade Natal ... social media: X · Facebook · YouTube · Instagram · LinkedIn · Pinterest"
A0174,https://www.eurekalert.org › news-releases,Management of refractory or relapsed classic Hodgkin ...,https://www.eurekalert.org/news-releases/1029674,,EXCLUDE,,,0.99,unrelated topic — Hodgkin lymphoma management (oncology); Carvalho Guimarães Baiocchi is a Brazilian hematologist unrelated to ABCD corpus,"Undated Oncotarget article about refractory/relapsed classic Hodgkin lymphoma by Carvalho Guimarães Baiocchi of Hospital Universitário de Brasília. No ABCD, no screen time content. Provisional ID 310 is a false positive from author surname overlap.",310,"... Carvalho Guimarães Baiocchi from Hospital Universitário de Brasília ... To learn more about Oncotarget, visit Oncotarget.com and connect with us on social media:."
A0175,https://www.eurekalert.org › news-releases,Scientists announce top 10 new species,https://www.eurekalert.org/news-releases/523629,"May 23, 2013",EXCLUDE,,,0.0,"non-ABCD cohort; 2013 EurekAlert about newly named insect species (social media lacewing); Carvalho named is from Universidade de São Paulo, unrelated to candidate paper 310 (Carvalho, University of Georgia)","Article is a 2013 taxonomy press release naming new species; no ABCD content, no linkage to any candidate paper.",310,"Social media lacewing: In a trend-setting collision of science and social media ... Carvalho, Universidade de São Paulo; Aharon Oren, The ..."
A0176,https://www.eurekalert.org › news-releases,Oncotarget | New oncology-focused papers published in ...,https://www.eurekalert.org/news-releases/956944,"Jun 23, 2022",EXCLUDE,,,0.0,out-of-corpus topic; oncology journal roundup with no ABCD or smartphone/social media research content,Article announces new Oncotarget papers; mentions social media only as a channel for sharing links. No connection to any candidate paper.,310,"To learn more about Oncotarget, visit Oncotarget.com and connect with us on social media: Twitter – https://twitter.com/Oncotarget; Facebook – ..."
A0177,https://www.eurekalert.org › news-releases,Incorporating “touch” into social media interactions can ...,https://www.eurekalert.org/news-releases/1047194,"Jun 12, 2024",EXCLUDE,,,0.0,"non-ABCD cohort; article is about haptic technology for digital touch/kiss transmission, unrelated to any candidate paper",Article covers devices that incorporate touch into digital interactions (kiss/hug transmission). No ABCD connection and no match to paper 314 (Kiss et al. 2026 Journal of Sleep Research on social media and sleep).,314,"Technology companies are developing devices to incorporate touch into digital interactions, such as interactive kiss and hug transmission ..."
A0178,https://www.eurekalert.org › news-releases,Witte receives funding for project aimed at examining how ...,https://www.eurekalert.org/news-releases/974602,,EXCLUDE,,,0.0,non-ABCD cohort; article is about Witte receiving funding for immigration research with Marissa Kiss as Institute for Immigration Research postdoc — different from candidate paper 314 (Kiss at SRI International studying sleep/social media in ABCD),"Article describes a grant for immigration-related research. The 'Kiss' mentioned is affiliated with Institute for Immigration Research, not SRI International where paper 314's Kiss is based. No ABCD linkage.",314,"Witte is collaborating with Marissa Kiss, PhD, Postdoctoral Fellow, Institute for Immigration Research, on this project. Witte and Kiss ... social media and in- ..."
A0179,https://www.eurekalert.org › news-releases,Types of on-screen content and mental health in ...,https://www.eurekalert.org/news-releases/1009751,"Dec 4, 2023",EXCLUDE,,,0.0,"non-ABCD cohort; article mentions Yunting Zhang of Shanghai Jiao Tong University — different from candidate paper 381 (Zhang at Nuffield Department of Clinical Neuroscience, University of Oxford)",Article discusses on-screen content types and mental health with Zhang from Shanghai Jiao Tong; paper 381 is Zhang from Oxford on bidirectional screen time and irritability in ABCD. Different researcher and institution.,381,"Limiting children's screen time, prioritizing educational programs ... D., and Yunting Zhang, Ph.D., of Shanghai Jiao Tong University ..."
A0180,https://www.eurekalert.org › news-releases,Screen time and emotional problems in kids: A vicious circle?,https://www.eurekalert.org/news-releases/1086346,"Jun 9, 2025",INCLUDE,395,L3,0.75,,"EurekAlert Jun 2025 titled 'Screen time and emotional problems in kids: A vicious circle?' names 'Parker, PhD' as author. Paper 395 is Parker et al. BMC Public Health 2025 on adolescent screen time, anxiety/depression, and alcohol/e-cigarette use in the ABCD Study. The 'vicious circle' framing maps to the bidirectional associations examined in Parker 2025; the author surname, year, and topic (screen time ↔ emotional problems) uniquely match. L3 satisfied (author match + bidirectionality framing + screen time + mental health outcome).",395,"Screen time and emotional problems in kids: A vicious circle? ... Parker, PhD, Diego Vasconcellos, PhD, Katrina Wilhite, PhD, Ella ..."
A0181,https://www.eurekalert.org › news-releases,"Limit screen use in children under six, says psychologist",https://www.eurekalert.org/news-releases/983998,"Mar 30, 2023",EXCLUDE,,,0.0,non-ABCD cohort; article is by 'Becky Parker-Ellis' from Taylor & Francis newsroom about screen time for children under six — different researcher from candidate paper 395 (Parker et al. BMC Public Health 2025),"Article is a 2023 Taylor & Francis press release with Parker-Ellis as spokesperson; paper 395 (Parker, Harton, Mattey-Mora, Streck) is a BMC Public Health ABCD study. Different author identity and no ABCD content.",395,Parents should strictly ration or not allow screen time for children ... Becky Parker-Ellis Taylor & Francis Group newsroom ...
A0182,https://www.eurekalert.org › news-releases,Increased anxiety associated with sitting down,https://www.eurekalert.org/news-releases/581884,"Jun 18, 2015",EXCLUDE,,,0.0,"non-ABCD cohort; 2015 article on sedentary behavior and anxiety by Teychenne, Costigan, and Kate Parker — different authors/era from candidate paper 395","Article is a 2015 EurekAlert about sedentary behavior and anxiety; authors are Teychenne, Costigan, and Kate Parker. Paper 395 is a 2025 ABCD study by Parker, Harton, Mattey-Mora, Streck. No ABCD connection.",395,"... screen time were more like to experience anxiety compared to those ... Megan Teychenne, Sarah A Costigan and Kate Parker BMC Public ..."
A0183,https://www.eurekalert.org › news-releases,How tech-dependency and pandemic isolation have ...,https://www.eurekalert.org/news-releases/1115619,"Feb 11, 2026",EXCLUDE,,,0.0,"general screen time coverage; article discusses tech-dependency and pandemic effects on very young children ('can't even tie their shoes'), not early adolescents in ABCD; no specific paper from corpus identified",Article describes pandemic isolation and screen time effects on toddler-aged children; ABCD studies adolescents ages 9-13. No author match or finding that maps to papers 395 or 521.,"395,521","Small children cannot drive to the store, buy an expensive device, and regulate screen time when they can't even tie their shoes. ... becky.parker ..."
A0184,https://www.eurekalert.org › news-releases,Study shows severity of childhood obesity in Guam,https://www.eurekalert.org/news-releases/679708,"Oct 5, 2020",EXCLUDE,,,0.0,"non-ABCD cohort; article is about childhood obesity in Guam by Leon Guerrero, a registered dietitian — different from candidate paper 398 (Guerrero et al. 2019 BMC Public Health ABCD screen time study)","Article covers obesity prevalence in Guam; the Guerrero named is a dietitian conducting island health research. Paper 398's Guerrero is the lead author of an ABCD screen time study. Different person, no ABCD content.",398,"... screen time, the processed and sugary foods and beverages, and, most ... Leon Guerrero, a registered dietitian who holds a doctorate in human ..."
A0185,https://www.eurekalert.org › news-releases,"Screen time only mildly linked to behavioral problems, but ...",https://www.eurekalert.org/news-releases/928055,"Sep 9, 2021",INCLUDE,420,L3,0.85,,"EurekAlert Sep 2021 'Screen time only mildly linked to behavioral problems, but...' quotes 'Paulich stressed that this does not [imply causation].' Paper 420 is Paulich et al. 2021 PLOS ONE on screen time and early adolescent mental health/academic/social outcomes in the ABCD Study. Same year, same lead author surname, same hedged finding ('mildly linked,' correlation ≠ causation framing). L3 satisfied: author (Paulich) + year (2021) + finding direction (weak screen time–behavior link) + ABCD population.",420,"While the study did find associations between screen time and some mental health and behavioral problems, Paulich stressed that this does not ..."
A0186,https://www.eurekalert.org › news-releases,John Hennessy and David Patterson win the Frontiers of ...,https://www.eurekalert.org/news-releases/797811,"Feb 10, 2021",EXCLUDE,,,0.0,"non-ABCD cohort; article is about the BBVA Frontiers of Knowledge Award in Information and Communication Technologies; 'Regina Barzilay' named is the MIT AI/computer science researcher, not candidate paper 431's Barzilay (Children's Hospital of Philadelphia pediatrics)","2021 EurekAlert about ICT award; Regina Barzilay listed is the MIT professor of computer science, unrelated to paper 431 (Barzilay et al. 2026 Pediatrics on smartphone ownership and adolescent health outcomes in ABCD).",431,"... smartphone, and embedded computer [in televisions, cars and Internet ... Remaining members were Regina Barzilay, Delta Electronics ..."
A0187,https://www.eurekalert.org › news-releases,The Frontiers of Knowledge Award goes to Alberto ...,https://www.eurekalert.org/news-releases/979072,"Feb 8, 2023",EXCLUDE,,,0.0,"non-ABCD cohort; same issue as A0186 — Frontiers of Knowledge Award article naming MIT computer science Regina Barzilay, not the pediatrics Barzilay of candidate paper 431","2023 EurekAlert about another Frontiers of Knowledge Award; 'Regina Barzilay, School of Engineering' is the MIT AI researcher. No ABCD content.",431,"Today, in a modern smartphone, chips have billions of transistors, so ... Remaining members were Regina Barzilay, School of Engineering ..."
A0188,https://www.eurekalert.org › news-releases,New studies measure screen-based media use in children,https://www.eurekalert.org/news-releases/747989,,EXCLUDE,,,0.0,"non-ABCD cohort; authors (Hutton, Xu, DeWitt, Horowitz-Kraus, Ittenbach) do not match candidate paper 443 (Xu, Song, Deng, Geng, Zhang); article appears to be about Cincinnati Children's screen time measurement study","Article discusses new methods to measure screen-based media use in children by Hutton et al.; paper 443 is a Beijing Normal University ABCD network analysis study by Xu, Song, Deng, Geng, Zhang. No overlap.",443,"... screen time recommendations,"" said Dr. Hutton ... Authors: John Hutton, Yuanfang Xu, Thomas DeWitt, Tzipi Horowitz-Kraus, Richard Ittenbach ... screen time ..."
A0189,https://www.eurekalert.org › news-releases,Language use decreases in young children and caregivers ...,https://www.eurekalert.org/news-releases/643204,"Jun 1, 2009",EXCLUDE,,,0.0,"non-ABCD cohort; 2009 article on caregiver language and child screen time by Dongxin Xu — different researcher, published before ABCD study existed","2009 EurekAlert about language decreases in young children during screen time by Dongxin Xu (Seattle Children's-adjacent). Paper 443 is Xu et al. 2025 Beijing Normal University ABCD study. Different Xu, 16-year gap.",443,"Richards, MA; Dongxin Xu, PhD; Sharmistha Gray, PhD, and Umit ... screen time and attentional disorders. About Seattle Children's ..."
A0190,https://www.eurekalert.org › news-releases,"Better sleep, less cancer risk: The power of nightly rest",https://www.eurekalert.org/news-releases/1088684,"Jun 24, 2025",EXCLUDE,,,0.0,non-ABCD cohort; article is about cancer risk and sleep by Xiaoke (Kerri) Xu of BGI Genomics — different from candidate paper 443 (Xu et al. Beijing Normal University ABCD study),Article discusses sleep and cancer risk by BGI Genomics researcher Xu. Paper 443 is a behavior addiction network analysis by Xu et al. at Beijing Normal University using ABCD data. No connection.,443,"In our fast-paced world, sleep is often sacrificed for productivity or screen time. ... Xiaoke (Kerri) Xu BGI Genomics xuxiaoke@bgi.com ..."
A0191,https://www.eurekalert.org › news-releases,Limiting screen time protects children's mental health,https://www.eurekalert.org/news-releases/1076347,"Mar 10, 2025",EXCLUDE,,,0.0,general screen time coverage; article appears to be a generic recommendation piece about limiting screen time and mental health; no author or finding linking to candidate paper 521 (Must et al. 2023 Frontiers in Pediatrics on autism and obesity),"EurekAlert Mar 2025 recommends limiting screen time for mental health but no author names, institution, or specific finding matching paper 521 (Must et al. passive/social screen time in children with autism).",521,Limiting screen time protects children's mental health. Peer ... “Society as a whole – from families to policymakers – must invest in ...
A0192,https://www.eurekalert.org › news-releases,What are parents doing to limit screen time for young children?,https://www.eurekalert.org/news-releases/713582,,EXCLUDE,,,0.0,"general screen time coverage; article about parental screen time limitation strategies for young children, quotes Inniss; no connection to candidate paper 521 (Must et al. autism/obesity study)",Generic parental advice article; speaker is 'Inniss' with no ABCD or autism-obesity connection. Paper 521 (Must et al.) is a Frontiers in Pediatrics study on social screen time in children with autism.,521,"Inniss says the national conversation about children and screen time has to expand to include quality as well as quantity. ""Future efforts must concentrate ..."
A0193,https://www.eurekalert.org › news-releases,Screen time among children and adolescents has ...,https://www.eurekalert.org/news-releases/1121884,"Mar 30, 2026",EXCLUDE,,,0.0,general screen time coverage; article reports on rising screen time trends among children/adolescents but no specific paper from corpus identified,"Mar 2026 EurekAlert summarizes screen time trends and calls for evidence-based responses; no author, finding, or sample size matching any candidate paper.",521,Screen time among children and adolescents ... The authors emphasize that effective responses must be grounded in high-quality evidence.
A0194,https://www.eurekalert.org › news-releases,"School, health and behavior suffer when children have TV, ...",https://www.eurekalert.org/news-releases/463129,"Sep 26, 2017",EXCLUDE,,,0.0,non-ABCD cohort; 2017 article about TV/bedroom screens and school/health outcomes published before ABCD study era; no match to candidate paper 521,2017 EurekAlert on bedroom screen effects on school grades and behavior; published before ABCD baseline. No connection to Must et al. 2023 autism/obesity paper.,521,"""It's a question every parent must face, but there is a simple two-letter answer. ... screen time, which indirectly affected school grades."
A0195,https://www.eurekalert.org › news-releases,"Children's brains shaped by their time on tech devices, ...",https://www.eurekalert.org/news-releases/1008150,"Nov 17, 2023",INCLUDE,18,L4,0.75,,"EurekAlert Nov 2023 'Children's brains shaped by their time on tech devices' describes 'Overall Chair Professor Li's team' studying how screen time affects brain development and cognitive processes (learning experience) in children. Paper 18 is Li et al. 2024 Advanced Science on causal relationships between screen use, reading, and brain development in early adolescents using ABCD data, from Zhejiang University. L4: Professor Li's institution (Zhejiang University/China) + brain development topic + ABCD Study + screen time — consistent configuration uniquely matching paper 18.",521,"Overall Chair Professor Li's team conclude that policymakers must ... screen time) or the cognitive processes (i.e., learning experience) ..."
A0196,https://www.eurekalert.org › news-releases,Children's health fears due to rise in screen time,https://www.eurekalert.org/news-releases/946136,"Mar 11, 2022",EXCLUDE,,,0.0,general screen time coverage; Mar 2022 article about children's health fears from rising screen time during pandemic; no specific author or finding matching any candidate paper,Generic UK health commentary on screen time risks to physical health during pandemic; no ABCD authors or findings identifiable in snippet.,521,"However, we must be aware of the risks to their physical health as a result of this increased screen time. “Through increasing awareness of ..."
A0197,https://www.eurekalert.org › news-releases,Video gaming may be associated with better cognitive ...,https://www.eurekalert.org/news-releases/968356,"Oct 24, 2022",EXCLUDE,,,0.0,out-of-corpus topic; article is about an ABCD-based study finding video gaming associated with better cognitive performance — video gaming without phone/SM component is outside the corpus scope,"Oct 2022 EurekAlert discusses ABCD study results on video gaming and cognitive outcomes, referencing the American Academy of Pediatrics screen time threshold. While ABCD-based, the topic (video gaming → cognition) does not match paper 521 or any candidate paper in the corpus.",521,This threshold was selected as it exceeds the American Academy of Pediatrics screen time ... must continue to investigate in these children as ...
A0198,https://www.eurekalert.org › news-releases,Abundant screen time linked with overweight among children,https://www.eurekalert.org/news-releases/646024,"Aug 9, 2019",EXCLUDE,,,0.0,non-ABCD cohort; 2019 article on screen time and overweight in children from a non-ABCD cohort; no match to candidate paper 521 (Must et al. autism/obesity in ABCD),"Aug 2019 EurekAlert on screen time and overweight; cross-sectional design noted; no ABCD, no Must et al. authors, and no autism component matching paper 521.",521,"Abundant screen time linked with overweight among children. Peer ... ""It must be noted that this cross-sectional study does not reveal ..."
A0199,https://www.eurekalert.org › news-releases,Causes and remedies of sedentary behavior in children,https://www.eurekalert.org/news-releases/971236,"Nov 14, 2022",EXCLUDE,,,0.0,general screen time coverage; Nov 2022 review article on causes and remedies of sedentary behavior in children; no specific paper from corpus identified,"Generic sedentary behavior review with screen time as one factor; no author, institution, or finding matching any candidate paper in the corpus.",521,"... screen time are necessary. Likewise, the safety of the outdoor environment can also shape children's behavior towards physical activities. A ..."
A0200,Columbia University Irving Medical Center,"Addictive Use of Social Media, Not Total Time, Associated with Youth Mental Health",https://www.cuimc.columbia.edu/news/addictive-use-social-media-not-total-time-associated-youth-mental-health,"06/18/2025, 07:00 AM, +0000 UTC",INCLUDE,3,L3,0.92,,"Columbia CUIMC press release title 'Addictive Use of Social Media, Not Total Time, Associated with Youth Mental Health' is a distinctive paraphrase of Xiao 2025 JAMA (paper 3): addictive SM/phone use trajectories (SMAQ/MPIQ) predict suicidal behaviors and mental health, with the key finding that quality (addictive pattern) matters more than total time. Columbia affiliation also consistent with paper 3's Weill Cornell Medicine/NYP affiliation.","3,48",
A0201,Medscape,"Addictive Screen Use, Not Total Time, Linked to Poor Mental Health in Teens",https://www.medscape.com/viewarticle/addictive-screen-use-not-total-time-linked-poor-mental-2025a1000gbs,"06/19/2025, 07:00 AM, +0000 UTC",INCLUDE,3,L3,0.95,,"Medscape article 'Addictive Screen Use, Not Total Time, Linked to Poor Mental Health in Teens' with snippet 'Adolescent Brain Cognitive Development study... addictive use of social media, cell phones' uniquely maps to Xiao 2025 JAMA (paper 3): SMAQ and MPIQ (addictive SM/phone use) trajectories predicting poor mental health in ABCD youth. The 'not total time' framing is a signature finding of paper 3.","215,3","... Adolescent Brain Cognitive Development study. Validated self-report questionnaires were used to assess and track addictive use of social media, cell phones ..."
A0202,Medscape,Sleep and Social Media Impact Youth Brain Development,https://www.medscape.com/viewarticle/sleep-and-social-media-impact-youth-brain-development-2024a1000ag1,"06/04/2024, 07:00 AM, +0000 UTC",INCLUDE,177,L3,0.65,,Medscape 'Sleep and Social Media Impact Youth Brain Development' (June 2024) with snippet noting shorter sleep duration correlated in ABCD sample. Provisional IDs include paper 177 (Kiss 2023 Health Psychology — COVID pandemic effects on screen time and sleep in ABCD) and paper 314 (Kiss 2026 Journal of Sleep Research — neural sensitivity to SM and sleep; too late for June 2024 publication). Paper 177 is the most plausible match given date alignment. Confidence < 0.7 due to lack of body text; flagged for human review.,"177,314","Notably, analysis of data on participants in the Adolescent Brain Cognitive Development (ABCD) study revealed that shorter sleep duration correlated ..."
A0203,medscape.com,Teen Cannabis Use Tied to Slower Cognitive Development,https://www.medscape.com/viewarticle/teen-cannabis-use-tied-slower-cognitive-development-2026a1000e0h,8 days ago,EXCLUDE,,,0.0,ABCD coverage of out-of-corpus topic,Medscape 'Teen Cannabis Use Tied to Slower Cognitive Development' covers ABCD data on cannabis use predicting cognitive development — no corpus paper examines cannabis as the primary IV predicting cognition. Out-of-corpus topic.,,Limitations of the study were possible selection bias that may reduce generalizability and potential external contamination of hair samples. The ABCD Study is ...
A0204,medscape.com,Top Predictors of Substance Initiation in Youth Flagged,https://www.medscape.com/viewarticle/top-predictors-substance-initiation-youth-flagged-2024a10008tl,"May 7, 2024",EXCLUDE,,,0.0,ABCD coverage of out-of-corpus topic,Medscape 'Top Predictors of Substance Initiation in Youth Flagged' covers ABCD data on predictors of substance initiation broadly — snippet references 'previous studies examining predictors of substance use initiation in ABCD focused primarily on...' indicating a new predictor study not involving SM/phone use as primary IV. No match to corpus papers.,,Previous studies examining predictors of substance use initiation in the Adolescent Brain Cognitive Development (ABCD) Study dataset focused primarily on ...
A0205,medscape.com,Motor Abnormalities a Harbinger of Serious Mental Illness?,https://www.medscape.com/viewarticle/950320,"Apr 30, 2021",EXCLUDE,,,0.0,ABCD coverage of out-of-corpus topic,"Medscape 'Motor Abnormalities a Harbinger of Serious Mental Illness?' covers ABCD motor function data in 10,835 children — no corpus paper covers motor function or psychosis as primary outcome. Out-of-corpus topic.",,"For their study, the investigators gathered motor function data from the Adolescent Brain Cognitive Development Study (ABCD), which included 10,835 children ..."
A0206,medscape.com,"Stimulant Medications Don't Cause Psychosis, New Study ...",https://www.medscape.com/viewarticle/stimulant-medications-dont-cause-psychosis-new-study-finds-2025a1000bno,"May 14, 2025",EXCLUDE,,,0.0,ABCD coverage of out-of-corpus topic,"Medscape 'Stimulant Medications Don't Cause Psychosis, New Study Finds' uses ABCD data to study stimulant medication and psychosis — no SM/phone variable involved. Out-of-corpus topic.",,"Kelleher and his colleagues used data from the Adolescent Brain Cognitive Development Study, a longitudinal study tracking brain development and child health in ..."
A0207,medscape.com,"Older, Impulsive Teens More Open to Vaping, Smoking",https://www.medscape.com/viewarticle/older-impulsive-teens-more-open-vaping-smoking-2025a1000x6m,"Nov 27, 2025",EXCLUDE,,,0.0,ABCD coverage of out-of-corpus topic,"Medscape 'Older, Impulsive Teens More Open to Vaping, Smoking' covers ABCD data on susceptibility to e-cigarette and cigarette use based on impulsivity and age — no SM/phone use variable as IV. Out-of-corpus topic.",,Researchers analyzed data from the Adolescent Brain Cognitive Development study to assess susceptibility to e-cigarette and cigarette use among US adolescents.
A0208,medscape.com,Can the Developing Brain Weather Climate Change?,https://www.medscape.com/viewarticle/can-developing-brain-weather-climate-change-2025a1000x6k,"Nov 27, 2025",EXCLUDE,,,0.0,ABCD coverage of out-of-corpus topic,Medscape 'Can the Developing Brain Weather Climate Change?' models brain imaging parameters after the ABCD Study for climate change neurodevelopment research — no SM/phone variable involved. Out-of-corpus topic.,,"Their brain imaging parameters are modeling the Adolescent Brain Cognitive Development Study, the largest long-term study of brain development and child health ..."
A0209,medscape.com,How Wildfire Smoke May Harm Brain Health,https://www.medscape.com/viewarticle/how-wildfire-smoke-may-harm-brain-health-2024a1000oyf,"Dec 23, 2024",EXCLUDE,,,0.0,ABCD coverage of out-of-corpus topic,"Medscape 'How Wildfire Smoke May Harm Brain Health' uses ABCD data on wildfire smoke exposure and brain health in 10,000+ youth — no SM/phone use variable. Out-of-corpus topic.",,"In this sample of more than 10,000 youth from the Adolescent Brain Cognitive Development Study, each additional day of exposure at unsafe levels boosted the ..."
A0210,Neuroscience News,"Addictive Screen Use, Not Time, Tied to Teen Suicide Risk",https://neurosciencenews.com/teen-screen-addiction-suicide-29302/,"06/19/2025, 07:00 AM, +0000 UTC",INCLUDE,3,L3,0.95,,"Neuroscience News 'Addictive Screen Use, Not Time, Tied to Teen Suicide Risk' directly and distinctively paraphrases paper 3 (Xiao 2025 JAMA): addictive screen use trajectories (SMAQ/MPIQ) predict suicidal behaviors in ABCD youth, with the key qualifier that addictive pattern (not total time) drives risk. Three-element L3 match: exposure type (addictive screen use), outcome (suicide risk/behaviors), and qualifying finding (not total time).",3,
A0211,Neuroscience News,"More Social Media, More Depression: Study Links Cause and Effect",https://neurosciencenews.com/social-media-teen-depression-29115/,"05/22/2025, 07:00 AM, +0000 UTC",INCLUDE,8,L3,0.88,,"Neuroscience News 'More Social Media, More Depression: Study Links Cause and Effect' (May 22, 2025) maps to paper 8 (Nagata 2025 JAMA Network Open — social media use and depressive symptoms during early adolescence). The causal language ('links cause and effect') matches paper 8's cross-lagged panel design showing bidirectional but predominant social media → depression path (β=0.07–0.09). Paper 215 (Al-shoaibi 2025 Childhood Obesity) is about BMI/waist circumference, not depression — excluded from match.","215,8",
A0212,Neuroscience News,Personality Traits and Social Media’s Influence on Teen Depression,https://neurosciencenews.com/personality-social-media-teen-depression-25477/,"01/17/2024, 08:00 AM, +0000 UTC",EXCLUDE,,,0.0,ABCD coverage of out-of-corpus topic,"Neuroscience News 'Personality Traits and Social Media's Influence on Teen Depression' (Jan 2024) — the personality traits moderator framing is not a primary feature of any corpus paper. Paper 8 (Nagata 2025 JAMA Network Open — SM and depressive symptoms) does not focus on personality traits, and the Jan 2024 publication date predates paper 8 (2025). Likely covers a non-corpus ABCD paper examining personality as a moderator of SM-depression association.",8,
A0213,Neuroscience News,"Screen Time in Tweens Predicts ADHD, Slower Brain Growth",https://neurosciencenews.com/screentime-adhd-neurodevelopment-29964/,"11/21/2025, 08:00 AM, +0000 UTC",INCLUDE,435,L3,0.8,,"Neuroscience News 'Screen Time in Tweens Predicts ADHD, Slower Brain Growth' (Nov 2025) maps better to paper 435 (Nivins 2025 Pediatrics Open Science — Digital Media, Genetics, and Risk for ADHD Symptoms in Children) than to provisional paper 84 (Shou 2026 Acta Psychologica — putamen volume/cognition). Paper 435 reports social media use (cross-lagged) predicting inattention/ADHD symptoms (β=0.03) with a brain development angle from Karolinska Institute. 'Tweens predict ADHD + slower brain growth' maps to Nivins' combined digital-media × ADHD × neurodevelopmental findings.",84,
A0214,Neuroscience News,Infants Exposed to Excessive Screen Time Show Differences in Brain Function Beyond Eight Years of Age,https://neurosciencenews.com/screen-time-brain-maturity-22410/,"01/31/2023, 08:00 AM, +0000 UTC",EXCLUDE,,,0.0,non-ABCD cohort,"Neuroscience News 'Infants Exposed to Excessive Screen Time Show Differences in Brain Function Beyond Eight Years of Age' (Jan 2023) focuses on infant screen time exposure — ABCD Study begins at ages 9-10, not infancy. This article covers a different cohort study (likely Japanese or Canadian infant cohort). Not an ABCD paper.",84,
A0215,Neuroscience News,Screen Time’s Link to Autism and ADHD Explored,https://neurosciencenews.com/adhd-asd-screentime-genetics-25109/,"10/27/2023, 07:00 AM, +0000 UTC",EXCLUDE,,,0.0,ABCD coverage of out-of-corpus topic,"Neuroscience News 'Screen Time's Link to Autism and ADHD Explored' (Oct 2023) — the autism (ASD) + ADHD + screen time genetics focus does not match any corpus paper. Corpus papers on ADHD (50, 435) are from 2025 and don't emphasize ASD. This likely covers a non-corpus ABCD paper examining screen time and ASD/ADHD genetics predating our included papers.",84,
A0216,Neuroscience News,Video Games Can Boost Children’s Intelligence,https://neurosciencenews.com/video-games-child-iq-200578/,"05/13/2022, 07:00 AM, +0000 UTC",INCLUDE,190,L3,0.92,,"Neuroscience News 'Video Games Can Boost Children's Intelligence' (May 2022) maps to paper 190 (Sauce 2022 Scientific Reports — digital media impact on children's intelligence controlling for genetics and SES). The finding that video games positively associate with intelligence while controlling for genetic differences is the headline result of Sauce et al. 2022. Date alignment (May 2022) and topic (video games + children's IQ/intelligence + ABCD) satisfy L3: exposure (video game/socializing screen time), outcome (intelligence), sample (ABCD children), effect direction (positive for games).",190,
A0217,Neuroscience News,Children’s mental health affected by sleep duration,https://neurosciencenews.com/child-sleep-mental-health-15632/,"02/04/2020, 08:00 AM, +0000 UTC",EXCLUDE,,,0.0,ABCD coverage of out-of-corpus topic,"Neuroscience News 'Children's mental health affected by sleep duration' (Feb 2020) — provisional paper 381 (Zhang 2026 Journal of Child and Adolescent Psychopharmacology — screen time and irritability network analysis) is a 2026 paper, clearly mismatched. No corpus paper from 2019-2020 focuses specifically on sleep duration and children's mental health as primary finding. Likely covers an early ABCD sleep paper outside the corpus.",381,
A0218,Mad In America,The Digital Mental Health Paradox,https://www.madinamerica.com/2026/05/the-digital-mental-health-paradox/,"05/01/2026, 10:00 AM, +0000 UTC",INCLUDE,3,L3,0.7,,"Mad In America 'The Digital Mental Health Paradox' (May 2026) — the 'paradox' framing aligns with paper 3's (Xiao 2025 JAMA) signature finding that addictive screen use matters more than total time for youth mental health, which is frequently framed as paradoxical. Published well after paper 3 and provisional ID matches. Confidence 0.70 (no body text available); flagged for human review.",3,
A0219,Psychiatric Times,Teen Suicide Attempts Linked to Late Night Screen Use and Medication Access,https://www.psychiatrictimes.com/view/teen-suicide-attempts-linked-to-late-night-screen-use-and-medication-access,"09/30/2025, 07:00 AM, +0000 UTC",INCLUDE,3,L3,0.68,,"Psychiatric Times 'Teen Suicide Attempts Linked to Late Night Screen Use and Medication Access' (Sep 2025) — provisional paper 3 (Xiao 2025 JAMA — addictive screen use trajectories and suicidal behaviors). 'Teen suicide attempts' + 'screen use' aligns with paper 3, but 'late night' and 'medication access' elements are not distinctive features of paper 3. Could potentially also cover a different non-corpus ABCD paper. Confidence < 0.7; flagged for human review.",3,
A0220,Psychiatric Times,Social Media Use in Older Adults May Promote Positive Psychosocial Outcomes,https://www.psychiatrictimes.com/view/social-media-use-in-older-adults-may-promote-positive-psychosocial-outcomes,"07/17/2025, 07:00 AM, +0000 UTC",EXCLUDE,,,0.0,non-ABCD cohort,"Psychiatric Times 'Social Media Use in Older Adults May Promote Positive Psychosocial Outcomes' (Jul 2025) — covers older adults, not adolescents. ABCD Study focuses on children ages 9-10 at enrollment. This is a study of a different population entirely; not an ABCD paper.",8,
A0221,Psychiatric Times,Screen Media Activity in Youth: Friend or Fiend?,https://www.psychiatrictimes.com/view/screen-media-activity-in-youth-friend-or-fiend,"10/26/2021, 07:00 AM, +0000 UTC",INCLUDE,"388,156",L3,0.72,,"Psychiatric Times 'Screen Media Activity in Youth: Friend or Fiend?' (Oct 2021) — likely an aggregator review article. Provisional IDs include 388 (Lees 2020 BMC Public Health — screen media activity and displacement of recreational activities, N=9,254 ABCD) and 156 (Hisler 2020 Sleep Health — screen media use and sleep disturbance in children). Both 2020 papers fit the Oct 2021 publication date for a review piece. Papers 136 and 400 (both Zink 2024) are too recent. The 'friend or fiend' framing of a broader ABCD screen time review plausibly cites Lees 2020 and Hisler 2020. Confidence 0.72 given no body text; flagged for human review.","136,156,388,400",
A0222,Psychology Today,Youth mental health concerns are more complicated than just screen time.,https://www.psychologytoday.com/us/blog/some-assembly-required/202507/problematic-use-not-screen-time-impairs-youth-mental-health,"07/27/2025, 07:00 AM, +0000 UTC",INCLUDE,3,L3,0.88,,"Psychology Today 'Youth mental health concerns are more complicated than just screen time' (Jul 2025) — the 'more complicated than just screen time' framing is a clear paraphrase of paper 3's (Xiao 2025 JAMA) central finding: addictive use patterns, not total screen time, drive youth mental health outcomes. L3 match on two elements: finding (addictive use > total time) and outcome domain (youth mental health).",3,
A0223,Psychology Today,Suicidal behaviors in youths track compulsive social media use.,https://www.psychologytoday.com/us/blog/addiction-outlook/202506/hooked-on-screens,"07/01/2025, 07:00 AM, +0000 UTC",INCLUDE,3,L3,0.95,,"Psychology Today 'Suicidal behaviors in youths track compulsive social media use' (Jul 2025) directly paraphrases paper 3 (Xiao 2025 JAMA — addictive screen use trajectories and suicidal behaviors). Three L3 elements: exposure (compulsive/addictive social media use), outcome (suicidal behaviors), population (youths). Title is essentially a plain-language restatement of paper 3's main finding.",3,
A0224,Psychology Today,New research offers a clearer answer to the social media and depression link.,https://www.psychologytoday.com/us/blog/no-more-fomo/202507/is-social-media-making-teens-depressed,"07/25/2025, 07:00 AM, +0000 UTC",INCLUDE,8,L4,0.88,,"Psychology Today 'New research offers a clearer answer to the social media and depression link' (Jul 2025) with snippet 'Drawing on data from the Adolescent Brain Cognitive Development (ABCD) Study — one of the largest long-term studies of adolescent brain and mental health.' ABCD Study named + social media + depression + 'causal clarity' framing maps to paper 8 (Nagata 2025 JAMA Network Open — social media use and depressive symptoms, cross-lagged longitudinal design from UCSF). L4: ABCD Study named + social media topic + configuration consistent with paper 8.","314,8",Drawing on data from the Adolescent Brain Cognitive Development (ABCD) Study—one of the largest long-term studies of adolescent brain and mental health ...
A0225,Psychology Today,5 Ways Teens Can Break the Phone Scrolling-Sadness Cycle,https://www.psychologytoday.com/us/blog/modern-minds/202507/5-ways-teens-can-break-the-phone-scrolling-sadness-cycle,"07/25/2025, 07:00 AM, +0000 UTC",EXCLUDE,,,0.0,no body text available; title is generic advice content with no specific paper identifiers; cannot satisfy L1-L4,Title 'Five Ways Teens Can Break the Phone Scrolling-Sadness Cycle' is a listicle with no summary text; provisional link to paper 13 (Lima Santos 2025 JAMA Pediatrics) cannot be confirmed without article body.,13,
A0226,Psychology Today,A new study yields important new insights into screen time and mental health.,https://www.psychologytoday.com/us/blog/the-asymmetric-brain/202510/screen-time-and-mental-illness-is-more-always-worse,"10/05/2025, 07:00 AM, +0000 UTC",EXCLUDE,,,0.0,no body text available; generic 'new study on screen time and mental health' framing without identifiable paper-specific details; cannot satisfy L1-L4,Title 'A new study yields important new insights into screen time and mental health' and no summary; provisional link to paper 84 (Shou 2026 Acta Psychologica) cannot be confirmed.,84,
A0227,Psychology Today,"Worry about tools that fail to give kids’ brains a workout, not how kids recharge.",https://www.psychologytoday.com/za/blog/managing-with-meaning/202507/why-ai-not-silly-videos-might-be-brain-rot,"07/18/2025, 07:00 AM, +0000 UTC",EXCLUDE,,,0.0,no body text available; title about AI vs passive videos as 'brain rot' is opinion/advice content not tied to a specific corpus paper; cannot satisfy L1-L4,"Title 'Worry about tools that fail to give kids brains a workout, not how kids recharge' with no summary; provisional link to paper 97 (Miller 2023 Cortex) cannot be confirmed.",97,
A0228,Psychology Today,New research highlights family screen rules to protect teens' mental health.,https://www.psychologytoday.com/us/blog/from-lab-to-real-world/202506/teens-and-tiktok-how-parents-shape-social-media-habits,"06/18/2025, 07:00 AM, +0000 UTC",EXCLUDE,,,0.0,no body text available; title about family screen rules and teen mental health could match paper 184 but cannot satisfy L1-L4 without article body,"Title 'New research highlights family screen rules to protect teens mental health' with no summary; provisional link to paper 184 (Nagata 2025 Pediatric Research, media parenting practices) plausible but unconfirmable.",184,
A0229,Psychology Today,New research shows why a common approach to screentime may backfire.,https://www.psychologytoday.com/gb/blog/the-art-of-talking-with-children/202407/when-we-use-screens-to-reward-kids-they-use-screens,"07/02/2024, 07:00 AM, +0000 UTC",EXCLUDE,,,0.0,article published July 2024 predates paper 184 (Nagata 2025 Pediatric Research); temporal impossibility rules out coverage,"Published 07/02/2024; paper 184 (Nagata 2025 Pediatric Research, media parenting practices) was published in 2025. Article cannot be reporting on a paper that did not yet exist.",184,
A0230,Psychology Today,We all need to learn the benefits and risks of our daily use of digital media.,https://www.psychologytoday.com/us/blog/inside-out-outside-in/201806/the-immediacy-digital-media-better-or-worse,"06/07/2018, 07:00 AM, +0000 UTC",EXCLUDE,,,0.0,article published June 2018 predates all corpus papers; temporal impossibility,"Published 06/07/2018; the entire candidate_papers corpus contains papers from 2019 onward. Provisional paper 190 (Sauce 2022 Scientific Reports) was published in 2022, four years after this article.",190,
A0231,Psychology Today,High levels of screen time can be problematic for kids' mental health.,https://www.psychologytoday.com/us/blog/inner-source/202411/screen-time-and-mental-health-in-kids,"11/13/2024, 08:00 AM, +0000 UTC",EXCLUDE,,,0.0,no body text available; generic title about screen time and children's mental health; cannot satisfy L1-L4 without article body,Title 'High levels of screen time can be problematic for kids mental health' with no summary; provisional link to papers 393/394 (Nagata 2024 BMC Public Health) plausible by topic but unconfirmable.,"393,394",
A0232,Psychology Today,Time will tell if a social media ban for children will have the desired effect.,https://www.psychologytoday.com/gb/blog/child-sleep-from-zzzs-to-as/202512/the-big-experiment-of-australias-social-media-ban,"12/13/2025, 08:00 AM, +0000 UTC",EXCLUDE,,,0.0,general social media policy coverage (Australia's social media ban); no specific corpus paper identifiable; cannot satisfy L1-L4,"Title 'Time will tell if a social media ban for children will have the desired effect' with no summary; topic is policy commentary on Australia's social media ban, not reporting a specific ABCD corpus paper. Provisional link to paper 431 (Barzilay 2026 Pediatrics) unconfirmable.",431,
A0233,psychologytoday.com,College Bound and the Changing Adolescent Brain,https://www.psychologytoday.com/us/blog/motivated-behaviors/202505/college-bound-and-the-changing-adolescent-brain,"May 5, 2025",EXCLUDE,,,0.0,"general ABCD coverage of out-of-corpus topic; summary mentions ABCD with brain imaging and prenatal exposures, not phone/SM variables","Summary: 'By combining brain imaging, behavioral tasks, and measures of early life factors, like prenatal exposures, maternal...' — discusses ABCD study in context of brain development and prenatal exposures, not phone/SM outcomes. No corpus paper identified.",,"... Adolescent Brain Cognitive Development. By combining brain imaging, behavioral tasks, and measures of early life factors, like prenatal exposures, maternal ..."
A0234,psychologytoday.com,When 'Just One More Scroll' Turns Dangerous,https://www.psychologytoday.com/us/blog/no-more-fomo/202511/when-just-one-more-scroll-turns-dangerous,"Nov 18, 2025",EXCLUDE,,,0.0,no body text available; summary too vague to satisfy L1-L4; cannot identify specific corpus paper,"Summary: 'They used the same data set as our last blog post, the Adolescent Brain Cognitive Development (ABCD) Study...' References ABCD but does not name authors, journal, or specific findings sufficient for L3/L4 linkage to any corpus paper.",,"They used the same data set as our last blog post, the Adolescent Brain Cognitive Development (ABCD) Study, the largest long-term study on brain development ..."
A0235,psychologytoday.com,"""He Just Loves His Screen Time"" | ...",https://www.psychologytoday.com/us/blog/recovery-from-brain-injury/202602/he-just-loves-his-screen-time,"Feb 6, 2026",EXCLUDE,,,0.0,out-of-corpus paper cited; summary cites a brain-cognition ABCD paper not in the candidate corpus,"Summary cites '(2025). Convergent and divergent brain-cognition relationships during development revealed by cross-sectional and longitudinal analyses in the ABCD Study' — this paper is not in candidate_papers.json and concerns general brain-cognition relationships, not phone/SM variables.",,(2025). Convergent and divergent brain–cognition relationships during development revealed by cross-sectional and longitudinal analyses in the ABCD Study.
A0236,psychologytoday.com,The Impact of Tech on Young Minds,https://www.psychologytoday.com/us/blog/recovery-from-brain-injury/202602/the-impact-of-tech-on-young-minds,"Mar 3, 2026",EXCLUDE,,,0.0,out-of-corpus paper cited; summary cites NeuroImage 185:140-153 which is not paper 150 in the corpus,"Summary cites 'Screen media activity and brain structure in youth: Evidence for diverse structural correlation networks from the ABCD study. Neuroimage, 185, 140-153' — this is not paper 150 (Nagata 2026 NeuroImage on social media use, DOI 10.1016/j.neuroimage.2026.121860). The cited paper has a different title and page range, indicating a different out-of-corpus ABCD study.",,"Screen media activity and brain structure in youth: Evidence for diverse structural correlation networks from the ABCD study. Neuroimage, 185, 140-153 ..."
A0237,psychologytoday.com,When Childhood Meets the Glow of a Phone,https://www.psychologytoday.com/us/blog/raising-resilient-children/202512/when-childhood-meets-the-glow-of-a-phone,"Dec 5, 2025",INCLUDE,431,L3,0.82,,"Summary states 'Drawing on data from more than 10,000 participants in the Adolescent Brain Cognitive Development Study, researchers found that children who have smartphones...' — uniquely maps to paper 431 (Barzilay 2026 Pediatrics): ABCD Study + smartphone ownership finding + sample consistent with ABCD (n>10,000). Two L3 anchors satisfied: ABCD cohort + smartphone ownership as exposure. Confidence slightly below 0.9 due to absence of full article body confirming specific outcomes (depression, obesity, sleep).",,"Drawing on data from more than 10,000 participants in the Adolescent Brain Cognitive Development Study, researchers found that children who have smartphones ..."
A0238,psychologytoday.com,When Cannabis Culture Collides With Brain Science,https://www.psychologytoday.com/us/blog/clinical-and-forensic-dimensions-of-psychiatry/202508/when-cannabis-culture-collides-with,"Aug 5, 2025",EXCLUDE,,,0.0,"ABCD coverage of out-of-corpus topic; article is about prenatal cannabis exposure, not phone/SM variables","Summary: 'It found that prenatal cannabis exposure (PCE) — even before a mother knew she was pregnant — was...' — ABCD data used for prenatal cannabis research, no phone/SM variables present. Out-of-corpus topic.",,... Adolescent Brain Cognitive Development (ABCD) study. It found that prenatal cannabis exposure (PCE)—even before a mother knew she was pregnant—was ...
A0239,psychologytoday.com,Screen Time and the Mental Health of Children,https://www.psychologytoday.com/us/blog/brain-and-behavior/202003/screen-time-and-the-mental-health-children,"Mar 5, 2020",EXCLUDE,,,0.0,general ABCD coverage; article is about ABCD study broadly with Barch as co-PI; insufficient evidence to link to paper 55 (Fors & Barch 2019) via L1-L4,"Summary: 'ABCD study, funded by National Institutes of Mental Health. Since ABCD, in which Dr. Barch is a co-principal...' — mentions Barch as co-PI of ABCD, not necessarily as author of a specific phone/SM paper. Article published March 2020; paper 55 (Fors & Barch 2019) plausible but linkage unconfirmable without body text beyond this PI-identification context.",,"... Adolescent Brain Cognitive Development (ABCD) study, funded by National Institutes of Mental Health. Since ABCD, in which Dr. Barch is a co-principal ..."
A0240,psychologytoday.com,The Developing Tech Brain,https://www.psychologytoday.com/ca/blog/counseling-keys/202412/the-developing-tech-brain,"Dec 12, 2024",EXCLUDE,,,0.0,out-of-corpus paper cited; summary cites NeuroImage 185:140-153 which is not in candidate corpus,"Summary cites 'Screen media activity and brain structure in youth: Evidence for diverse structural correlation networks from the ABCD study. NeuroImage, 185, 140-153' — same out-of-corpus ABCD paper as A0236, not matching any candidate_papers.json entry.",,"Screen media activity and brain structure in youth: Evidence for diverse structural correlation networks from the ABCD study. NeuroImage, 185, 140–153. More ..."
A0241,psychologytoday.com,AI Finds Potential Biomarker for ADHD from Brain Scans,https://www.psychologytoday.com/us/blog/the-future-brain/202312/ai-finds-potential-biomarker-for-adhd-from-brain-scans,"Dec 17, 2023",EXCLUDE,,,0.0,"ABCD coverage of out-of-corpus topic; article is about AI biomarker for ADHD from brain scans, not phone/SM variables","Summary: 'The study used data from over 1700 individuals with and without ADHD in the database from the multi-institutional Adolescent Brain Cognitive Development Study' — ABCD data used for ADHD brain biomarker research, no phone/SM variable as IV. Out-of-corpus topic.",,The study used data from over 1700 individuals with and without ADHD in the database from the multi-institutional Adolescent Brain Cognitive Development Study.
A0242,GIGAZINE,Teens addicted to social media and smartphones are at higher risk of suicidal behavior,https://gigazine.net/gsc_news/en/20250620-addictive-use-sns-smartphones-suicidal-behaviors/,"06/20/2025, 07:00 AM, +0000 UTC",INCLUDE,3,L3,0.92,,"Title 'Teens addicted to social media and smartphones are at higher risk of suicidal behavior' published June 2025 directly paraphrases the core finding of paper 3 (Xiao 2025 JAMA): addictive social media use (SMAQ) and mobile phone use (MPIQ) trajectories predict suicidal behaviors in US youth. Three L3 anchors satisfied: exposure (addictive SM + smartphone use), outcome (suicidal behavior), effect direction (higher risk). Timing matches paper 3's 2025 publication.",3,
A0243,Nature,Effects of problematic social media use on depressive symptoms,https://www.nature.com/articles/s41598-025-29258-x,"12/01/2025, 08:00 AM, +0000 UTC",EXCLUDE,,,0.0,"non-ABCD cohort; this is a research article itself (Nature/Scientific Reports), not news coverage of paper 8; different cohort/study","URL is nature.com article 's41598-025-29258-x' — a Scientific Reports research paper titled 'Effects of problematic social media use on depressive symptoms.' This is a primary research article, not a news piece, and is not an ABCD study. It may cite paper 8 (Nagata 2025 JAMA Network Open) in its reference list but does not constitute news coverage of it.",8,
A0244,Nature,Effect of patterns of social activities on depressive symptoms among older adults in china: a latent class analysis of CHARLS,https://www.nature.com/articles/s41598-025-13909-0,"08/06/2025, 07:00 AM, +0000 UTC",EXCLUDE,,,0.0,"non-ABCD cohort; CHARLS is a Chinese longitudinal survey of middle-aged and older adults, unrelated to ABCD",Title 'Effect of patterns of social activities on depressive symptoms among older adults in china: a latent class analysis of CHARLS' — CHARLS (China Health and Retirement Longitudinal Study) cohort of older Chinese adults. Not an ABCD study and not news coverage of any corpus paper.,8,
A0245,Nature,Exploring the relationship between physical activity and social media addiction among adolescents through a moderated mediation model,https://www.nature.com/articles/s41598-025-05173-z,"07/01/2025, 07:00 AM, +0000 UTC",EXCLUDE,,,0.0,non-ABCD cohort; no indication of ABCD data; different cohort study on physical activity and social media addiction in adolescents,"Title 'Exploring the relationship between physical activity and social media addiction among adolescents through a moderated mediation model' — this is a research article (Scientific Reports), likely from a non-ABCD cohort. Moderated mediation framework and topic differ from ABCD corpus papers. Not news coverage of paper 8.",8,
A0246,Nature,Association between social media use and depressive symptoms in middle-aged and older Chinese adults,https://www.nature.com/articles/s41398-024-03142-0,"10/11/2024, 07:00 AM, +0000 UTC",EXCLUDE,,,0.0,"non-ABCD cohort; study of middle-aged and older Chinese adults, not adolescents in ABCD","Title 'Association between social media use and depressive symptoms in middle-aged and older Chinese adults' — adult Chinese cohort, unrelated to ABCD Study of US children/adolescents. Not news coverage of any corpus paper.",8,
A0247,Nature,Exploring the mediating role of insomnia on the nexus between social media addiction and mental health among university students,https://www.nature.com/articles/s41598-025-03163-9,"05/22/2025, 07:00 AM, +0000 UTC",EXCLUDE,,,0.0,non-ABCD cohort; study of university students with insomnia as mediator; different cohort and population from ABCD,"Title 'Exploring the mediating role of insomnia on the nexus between social media addiction and mental health among university students' — university student sample, not ABCD youth cohort. Scientific Reports research article, not news coverage of paper 8.",8,
A0248,Nature,A harsher reality for adolescents with depression on social media - Scientific Reports,https://www.nature.com/articles/s41598-025-89762-y,"03/31/2025, 07:00 AM, +0000 UTC",EXCLUDE,,,0.0,non-ABCD cohort; research article about adolescents with depression on social media from a non-ABCD study,"Title 'A harsher reality for adolescents with depression on social media - Scientific Reports' — Scientific Reports research article, no indication of ABCD data. Framing about adolescents with pre-existing depression differs from ABCD general-population prospective design. Not news coverage of paper 8.",8,
A0249,Nature,Associations between youth’s daily social media use and well-being are mediated by upward comparisons,https://www.nature.com/articles/s44271-023-00013-0,"08/22/2023, 07:00 AM, +0000 UTC",EXCLUDE,,,0.0,non-ABCD cohort; study on upward social comparisons as mediator uses non-ABCD youth sample,Title 'Associations between youths daily social media use and well-being are mediated by upward comparisons' — published in npj Mental Health Research (or similar Nature journal); upward comparisons mediation framework is not an ABCD study design. Not news coverage of paper 8 (Nagata 2025 JAMA Network Open).,8,
A0250,Nature,Probing the digital exposome: associations of social media use patterns with youth mental health,https://www.nature.com/articles/s44277-024-00006-9,"04/23/2024, 07:00 AM, +0000 UTC",INCLUDE,196,L1,1.0,,"Article URL (nature.com/articles/s44277-024-00006-9) resolves to DOI 10.1038/s44277-024-00006-9, which is the exact DOI of paper 196 (Pagliaccio 2024, NPP—Digital Psychiatry and Neuroscience, ""Probing the digital exposome: associations of social media use patterns with youth mental health""). The article IS the paper's journal page.","177,18,196,314,388,420,521,57,8",
A0251,Nature,The association between passive social network usage and depression/negative emotions with envy as a mediator,https://www.nature.com/articles/s41598-023-37185-y,"06/21/2023, 07:00 AM, +0000 UTC",EXCLUDE,,,0.95,non-ABCD cohort,"Title refers to ""passive social network usage and depression/negative emotions with envy as a mediator"" (Scientific Reports DOI s41598-023-37185-y). No ABCD Study connection; not in corpus. Provisional paper 8 (Nagata 2025 JAMA Network Open, ABCD depressive symptoms) does not match — different journal, different authors, different cohort.",8,
A0252,Nature,Dynamics of adolescents’ smartphone use and well-being are positive but ephemeral,https://www.nature.com/articles/s41598-022-05291-y,"01/25/2022, 08:00 AM, +0000 UTC",EXCLUDE,,,0.95,non-ABCD cohort,"Title: ""Dynamics of adolescents' smartphone use and well-being are positive but ephemeral"" (Scientific Reports DOI s41598-022-05291-y). Not an ABCD Study paper; entirely different cohort and study design. Provisional paper 8 (Nagata JAMA Network Open ABCD) does not match.",8,
A0253,Nature,Frontoparietal functional connectivity moderates the link between time spent on social media and subsequent negative affect in daily life | Scientific Reports,https://www.nature.com/articles/s41598-023-46040-z,"11/22/2023, 08:00 AM, +0000 UTC",EXCLUDE,,,0.95,non-ABCD cohort,"Title: ""Frontoparietal functional connectivity moderates the link between time spent on social media and subsequent negative affect in daily life"" (Scientific Reports DOI s41598-023-46040-z). Not an ABCD Study paper — uses a different cohort/daily diary design. Provisional paper 8 (Nagata ABCD) does not match.",8,
A0254,Nature,Association of screen time with attention-deficit/hyperactivity disorder symptoms and their development: the mediating role of brain structure,https://www.nature.com/articles/s41398-025-03672-1,"10/31/2025, 07:00 AM, +0000 UTC",EXCLUDE,,,0.9,ABCD coverage of out-of-corpus topic,"Title: ""Association of screen time with ADHD symptoms and their development: the mediating role of brain structure"" (Translational Psychiatry DOI s41398-025-03672-1). Provisional paper_ids 18, 381, 420, 443, 84 — none share this DOI. This is an ABCD screen time/ADHD/brain structure paper not among the 69 included papers.","18,381,420,443,84",
A0255,Nature,Long-term impact of digital media on brain development in children - Scientific Reports,https://www.nature.com/articles/s41598-024-63566-y,"06/06/2024, 07:00 AM, +0000 UTC",INCLUDE,192,L1,1.0,,"Article URL (nature.com/articles/s41598-024-63566-y) resolves to DOI 10.1038/s41598-024-63566-y, which is the exact DOI of paper 192 (Nivins 2024, Scientific Reports, ""Long-term impact of digital media on brain development in children""). The article IS the paper's journal page.","18,190,192,435,521,97",
A0256,Nature,Neural correlates differ between crystallized and fluid intelligence in adolescents | Translational Psychiatry,https://www.nature.com/articles/s41398-025-03467-4,"07/17/2025, 07:00 AM, +0000 UTC",EXCLUDE,,,0.9,ABCD coverage of out-of-corpus topic,"Title: ""Neural correlates differ between crystallized and fluid intelligence in adolescents"" (Translational Psychiatry DOI s41398-025-03467-4). ABCD-based neural/cognitive paper but not in the 69 included papers; no phone/SM variable in the title. Provisional paper_ids 18, 295, 381, 443, 57 — none match this DOI.","18,295,381,443,57",
A0257,Nature,Cognitive processing speed and accuracy are intrinsically different in genetic architecture and brain phenotypes,https://www.nature.com/articles/s41467-024-52222-8,"09/06/2024, 07:00 AM, +0000 UTC",EXCLUDE,,,0.95,ABCD coverage of out-of-corpus topic,"Title: ""Cognitive processing speed and accuracy are intrinsically different in genetic architecture and brain phenotypes"" (Nature Communications DOI s41467-024-52222-8). Genetic/cognitive architecture paper, no phone/SM variable; not in corpus. Provisional paper 18 (Li 2024 Advanced Science) does not match.",18,
A0258,Nature,Investigating grey matter volumetric trajectories through the lifespan at the individual level,https://www.nature.com/articles/s41467-024-50305-0,"07/15/2024, 07:00 AM, +0000 UTC",EXCLUDE,,,0.95,ABCD coverage of out-of-corpus topic,"Title: ""Investigating grey matter volumetric trajectories through the lifespan at the individual level"" (Nature Communications DOI s41467-024-50305-0). Lifespan grey matter trajectories paper; no phone/SM content; not in corpus. Provisional paper 35 (Shi 2025 Obesity, social media/binge eating) does not match.",35,
A0259,Nature,Associations between digital media use and brain surface structural measures in preschool-aged children,https://www.nature.com/articles/s41598-022-20922-0,"11/09/2022, 08:00 AM, +0000 UTC",EXCLUDE,,,0.9,non-ABCD cohort,"Title: ""Associations between digital media use and brain surface structural measures in preschool-aged children"" (Scientific Reports DOI s41598-022-20922-0). Preschool-aged sample — not ABCD Study (which starts at age 9-10). Provisional paper 57 (Lin 2020 J Abnormal Child Psych, ABCD network analysis) does not match.",57,
A0260,Nature,Excessive screen time is associated with mental health problems in US children and adolescents: physical activity and sleep as parallel mediators,https://www.nature.com/articles/s41599-026-06609-1,"01/31/2026, 08:00 AM, +0000 UTC",EXCLUDE,,,0.9,ABCD coverage of out-of-corpus topic,"Title: ""Excessive screen time is associated with mental health problems in US children and adolescents: physical activity and sleep as parallel mediators"" (npj-Humanities DOI s41599-026-06609-1). Not among the 69 included papers. Provisional paper_ids 139, 157, 158, 393, 394, 398, 84 — none match this DOI. Appears to be a non-ABCD or meta-analytic study.","139,157,158,393,394,398,84",
A0261,Nature,Association between ocular diseases and screen time and sedentary time derived from job-exposure matrices,https://www.nature.com/articles/s41598-024-74854-y,"11/07/2024, 08:00 AM, +0000 UTC",EXCLUDE,,,0.97,non-ABCD cohort,"Title: ""Association between ocular diseases and screen time and sedentary time derived from job-exposure matrices"" (Scientific Reports DOI s41598-024-74854-y). Ocular disease / job-exposure matrix study — not ABCD, not in corpus. Provisional paper 84 (Shou 2026 Acta Psychologica, ABCD cognitive function) does not match.",84,
A0262,Nature,Associations between screen viewing at 2 and 3.5 years and drawing ability at 3.5 years among children from the French nationwide Elfe birth cohort | Scientific Reports,https://www.nature.com/articles/s41598-023-50767-0,"01/03/2024, 08:00 AM, +0000 UTC",EXCLUDE,,,0.97,non-ABCD cohort,"Title: ""Associations between screen viewing at 2 and 3.5 years and drawing ability at 3.5 years among children from the French nationwide Elfe birth cohort"" (Scientific Reports DOI s41598-023-50767-0). French Elfe birth cohort, preschool age — not ABCD. Provisional papers 295, 84 do not match.","295,84",
A0263,Nature,"Heavy screen users are the heaviest among 10,000 children",https://www.nature.com/articles/s41598-019-46971-6,"08/01/2019, 07:00 AM, +0000 UTC",EXCLUDE,,,0.9,ABCD coverage of out-of-corpus topic,"Title: ""Heavy screen users are the heaviest among 10,000 children"" (Scientific Reports DOI s41598-019-46971-6). Likely an early ABCD baseline BMI/screen time paper, but DOI does not match any of the 69 included papers (paper 302 Nagata 2021 Pediatric Obesity has a different DOI). Not in corpus.",84,
A0264,Nature,The impact of digital media on children’s intelligence while controlling for genetic differences in cognition and socioeconomic background | Scientific Reports,https://www.nature.com/articles/s41598-022-11341-2,"05/11/2022, 07:00 AM, +0000 UTC",INCLUDE,190,L1,1.0,,"Article URL (nature.com/articles/s41598-022-11341-2) resolves to DOI 10.1038/s41598-022-11341-2, which is the exact DOI of paper 190 (Sauce 2022, Scientific Reports, ""The impact of digital media on children's intelligence while controlling for genetic differences in cognition and socioeconomic background""). The article IS the paper's journal page.","190,84",
A0265,Nature,"The impact of sleep, physical activity and sedentary behaviour on symptoms of depression and anxiety before and during the COVID-19 pandemic in a sample of South African participants",https://www.nature.com/articles/s41598-021-02021-8,"12/15/2021, 08:00 AM, +0000 UTC",EXCLUDE,,,0.97,non-ABCD cohort,"Title: ""The impact of sleep, physical activity and sedentary behaviour on symptoms of depression and anxiety before and during the COVID-19 pandemic in a sample of South African participants"" (Scientific Reports DOI s41598-021-02021-8). South African sample — not ABCD. Provisional paper 84 does not match.",84,
A0266,Nature,Sex-dependent effects of early life sensory overstimulation on later life behavioral function in rats | Scientific Reports,https://www.nature.com/articles/s41598-024-78928-9,"11/12/2024, 08:00 AM, +0000 UTC",EXCLUDE,,,0.99,non-ABCD cohort,"Title: ""Sex-dependent effects of early life sensory overstimulation on later life behavioral function in rats"" (Scientific Reports DOI s41598-024-78928-9). Rat animal study — not ABCD, not in corpus. Provisional paper 133 (Nagata 2023 OCD screen time) does not match.",133,
A0267,Nature,"Reciprocal relationship among perceived sleep quality, smartphone overdependence, and depression in Korean adolescents: a cross-lagged analysis using national big data",https://www.nature.com/articles/s41598-025-33361-4,"12/23/2025, 08:00 AM, +0000 UTC",EXCLUDE,,,0.97,non-ABCD cohort,"Title: ""Reciprocal relationship among perceived sleep quality, smartphone overdependence, and depression in Korean adolescents: a cross-lagged analysis using national big data"" (Scientific Reports DOI s41598-025-33361-4). Korean national big data cohort — not ABCD. Provisional paper 136 (Zink 2024 J Adolescent Health, ABCD sleep/screen time) does not match.",136,
A0268,Nature,Late evening room light and sleep restriction reduces the ability of bright morning light to phase advance adolescents’ circadian clocks,https://www.nature.com/articles/s41598-026-37985-y,"02/23/2026, 08:00 AM, +0000 UTC",EXCLUDE,,,0.97,out-of-corpus topic,"Title: ""Late evening room light and sleep restriction reduces the ability of bright morning light to phase advance adolescents' circadian clocks"" (Scientific Reports DOI s41598-026-37985-y). Circadian biology / room light study — no phone/SM content, not in corpus. Provisional papers 139, 157 (Nagata bedtime screen use / sleep) do not match.","139,157",
A0269,Nature,Passively sensing smartphone use in teens with rates of use by sex and across operating systems,https://www.nature.com/articles/s41598-024-68467-8,"08/03/2024, 07:00 AM, +0000 UTC",EXCLUDE,,,0.85,ABCD coverage of out-of-corpus topic,"Title: ""Passively sensing smartphone use in teens with rates of use by sex and across operating systems"" (Scientific Reports DOI s41598-024-68467-8). Likely ABCD-adjacent methodological paper on passive smartphone sensing, but DOI does not match paper 154 (Alexander 2025 Psychiatry Research) or any other of the 69 included papers. Provisional paper_ids 154, 177, 314, 420 — none match this DOI.","154,177,314,420",
A0270,Nature,Effects of COVID-19 pandemic on incidence of asthma exacerbation in an urban population | Scientific Reports,https://www.nature.com/articles/s41598-026-41311-x,"02/24/2026, 08:00 AM, +0000 UTC",EXCLUDE,,,0.98,non-ABCD cohort,"Title: ""Effects of COVID-19 pandemic on incidence of asthma exacerbation in an urban population"" (Scientific Reports DOI s41598-026-41311-x). Asthma incidence study — unrelated to phone/SM, not ABCD, not in corpus. Provisional paper 177 (Kiss 2023 Health Psychology, ABCD COVID screen time/sleep) does not match.",177,
A0271,Nature,The effects of the COVID-19 pandemic on neurobiological functioning in adolescents | Translational Psychiatry,https://www.nature.com/articles/s41398-025-03485-2,"08/12/2025, 07:00 AM, +0000 UTC",EXCLUDE,,,0.9,ABCD coverage of out-of-corpus topic,"Title: ""The effects of the COVID-19 pandemic on neurobiological functioning in adolescents"" (Translational Psychiatry DOI s41398-025-03485-2). ABCD-based COVID/neurobiology paper but no phone/SM variable; not among the 69 included papers. Provisional paper 177 (Kiss 2023 Health Psychology) does not match.",177,
A0272,Nature,Impact of the COVID-19 pandemic on incidence of psychiatric disorders using nationwide cohort data and ARIMA models,https://www.nature.com/articles/s41598-025-12479-5,"07/28/2025, 07:00 AM, +0000 UTC",EXCLUDE,,,0.97,non-ABCD cohort,"Title: ""Impact of the COVID-19 pandemic on incidence of psychiatric disorders using nationwide cohort data and ARIMA models"" (Scientific Reports DOI s41598-025-12479-5). Nationwide cohort with ARIMA time-series modeling — not ABCD. Provisional paper 177 (Kiss 2023, ABCD COVID screen time/sleep) does not match.",177,
A0273,Nature,Impact of the COVID-19 pandemic on incident diagnoses in German refugee centres 2018 to 2023,https://www.nature.com/articles/s41467-025-61876-x,"07/24/2025, 07:00 AM, +0000 UTC",EXCLUDE,,,0.98,non-ABCD cohort,"Title: ""Impact of the COVID-19 pandemic on incident diagnoses in German refugee centres 2018 to 2023"" (Nature Communications DOI s41467-025-61876-x). German refugee centre data — not ABCD, not in corpus. Provisional paper 177 does not match.",177,
A0274,Nature,Accelerated brain ageing during the COVID-19 pandemic,https://www.nature.com/articles/s41467-025-61033-4,"07/22/2025, 07:00 AM, +0000 UTC",EXCLUDE,,,0.97,ABCD coverage of out-of-corpus topic,"Title: ""Accelerated brain ageing during the COVID-19 pandemic"" (Nature Communications DOI s41467-025-61033-4). COVID/brain ageing paper — no phone/SM content, not in the 69 included papers. Provisional paper 177 (Kiss 2023 Health Psychology, ABCD COVID screen time/sleep) does not match.",177,
A0275,Nature,A systematic literature review on the impact of the COVID-19 pandemic on faculty members’ research performance,https://www.nature.com/articles/s41599-025-05257-1,"06/19/2025, 07:00 AM, +0000 UTC",EXCLUDE,,,0.99,"non-ABCD cohort; article is a systematic review of COVID-19 pandemic effects on faculty research performance — no connection to ABCD, screen time, smartphones, or social media","Title: 'A systematic literature review on the impact of the COVID-19 pandemic on faculty members' research performance.' Provisional tag to paper 177 (Kiss 2023 Health Psychology) was keyword-driven; article covers academic productivity in researchers, not adolescent screen time or sleep.",177,
A0276,Nature,Projecting the long-term effects of the COVID-19 pandemic on U.S. population structure,https://www.nature.com/articles/s41467-024-46582-4,"03/18/2024, 07:00 AM, +0000 UTC",EXCLUDE,,,0.99,"non-ABCD cohort; article models long-term COVID-19 effects on U.S. population structure — demography, no adolescent screen time or ABCD content",Title: 'Projecting the long-term effects of the COVID-19 pandemic on U.S. population structure.' No overlap with any candidate paper on L1–L4; purely demographic projection study.,177,
A0277,Nature,Unequal effects of the COVID-19 pandemic on scientists,https://www.nature.com/articles/s41562-020-0921-y,"07/15/2020, 07:00 AM, +0000 UTC",EXCLUDE,,,0.99,"non-ABCD cohort; article covers unequal pandemic effects on scientists' academic careers — no adolescent, screen time, or ABCD content",Title: 'Unequal effects of the COVID-19 pandemic on scientists.' Not related to any candidate paper in the corpus.,177,
A0278,Nature,The effects of the COVID-19 pandemic on community respiratory virus activity,https://www.nature.com/articles/s41579-022-00807-9,"10/17/2022, 07:00 AM, +0000 UTC",EXCLUDE,,,0.99,"out-of-corpus topic; article covers pandemic effects on community respiratory virus activity — virology, no ABCD or screen time content",Title: 'The effects of the COVID-19 pandemic on community respiratory virus activity.' No link to any candidate paper.,177,
A0279,Nature,Direct and indirect effects of the COVID-19 pandemic on mortality in Switzerland,https://www.nature.com/articles/s41467-022-35770-9,"01/06/2023, 08:00 AM, +0000 UTC",EXCLUDE,,,0.99,"out-of-corpus topic; article covers direct and indirect pandemic mortality effects in Switzerland — no ABCD, no screen time",Title: 'Direct and indirect effects of the COVID-19 pandemic on mortality in Switzerland.' No connection to any candidate paper.,177,
A0280,Nature,Potentially long-lasting effects of the pandemic on scientists,https://www.nature.com/articles/s41467-021-26428-z,"10/26/2021, 07:00 AM, +0000 UTC",EXCLUDE,,,0.99,"non-ABCD cohort; article covers long-lasting pandemic effects on scientists' careers — no adolescent, screen time, or ABCD content",Title: 'Potentially long-lasting effects of the pandemic on scientists.' No link to any candidate paper.,177,
A0281,Nature,Progress towards the Sustainable Development Goals has been slowed by indirect effects of the COVID-19 pandemic,https://www.nature.com/articles/s43247-023-00846-x,"06/08/2023, 07:00 AM, +0000 UTC",EXCLUDE,,,0.99,"out-of-corpus topic; article covers pandemic effects on Sustainable Development Goals — global policy, no ABCD or screen time content",Title: 'Progress towards the Sustainable Development Goals has been slowed by indirect effects of the COVID-19 pandemic.' No connection to any candidate paper.,177,
A0282,Nature,Effects of COVID-19 pandemic on structural brain development in early adolescence,https://www.nature.com/articles/s41598-023-32754-7,"04/05/2023, 07:00 AM, +0000 UTC",EXCLUDE,,,0.95,"ABCD coverage of out-of-corpus topic; article covers COVID-19 pandemic effects on structural brain development in early adolescence — possibly ABCD data but no screen time/social media variable, not covered by paper 177 (screen time + sleep) or any other candidate paper","Title: 'Effects of COVID-19 pandemic on structural brain development in early adolescence.' While this may use ABCD data, none of the 69 candidate papers cover COVID-19 effects on brain structure; paper 177 (Kiss 2023) is about screen time and sleep, not brain morphology.",177,
A0283,Nature,The effects of the COVID-19 pandemic on neuropsychiatric symptoms in dementia and carer mental health: an international multicentre study,https://www.nature.com/articles/s41598-022-05687-w,"02/14/2022, 08:00 AM, +0000 UTC",EXCLUDE,,,0.99,"out-of-corpus topic; article covers pandemic effects on neuropsychiatric symptoms in dementia patients and carers — no ABCD, no adolescent, no screen time content",Title: 'The effects of the COVID-19 pandemic on neuropsychiatric symptoms in dementia and carer mental health: an international multicentre study.' No link to any candidate paper.,177,
A0284,Nature,Impact of the COVID-19 pandemic on utilization of mental health services among children and adolescents using an interrupted time series analysis,https://www.nature.com/articles/s41598-025-87072-x,"01/18/2025, 08:00 AM, +0000 UTC",EXCLUDE,,,0.97,"out-of-corpus topic; article covers pandemic effects on mental health service utilization in children and adolescents via interrupted time series — no ABCD cohort, no screen time variable","Title: 'Impact of the COVID-19 pandemic on utilization of mental health services among children and adolescents using an interrupted time series analysis.' Interrupted time series design, non-ABCD; no screen time or social media variable matching any candidate paper.",177,
A0285,Nature,Unequal effects of the COVID-19 pandemic on researchers: evidence from Chile and Colombia,https://www.nature.com/articles/s41599-023-02364-9,"11/23/2023, 08:00 AM, +0000 UTC",EXCLUDE,,,0.99,non-ABCD cohort; article covers unequal pandemic effects on researchers in Chile and Colombia — no ABCD or screen time content,Title: 'Unequal effects of the COVID-19 pandemic on researchers: evidence from Chile and Colombia.' No link to any candidate paper.,177,
A0286,Nature,The gendered effects of the COVID-19 pandemic on adolescent literacy and schooling outcomes in India,https://www.nature.com/articles/s41539-023-00193-8,"09/22/2023, 07:00 AM, +0000 UTC",EXCLUDE,,,0.99,"non-ABCD cohort; article covers gendered COVID-19 effects on adolescent literacy and schooling in India — no ABCD, no screen time content",Title: 'The gendered effects of the COVID-19 pandemic on adolescent literacy and schooling outcomes in India.' No connection to any candidate paper.,177,
A0287,Nature,Impact of the COVID-19 pandemic on publishing in astronomy in the initial two years,https://www.nature.com/articles/s41550-022-01830-9,"11/28/2022, 08:00 AM, +0000 UTC",EXCLUDE,,,0.99,out-of-corpus topic; article covers pandemic effects on astronomy publishing — no ABCD or adolescent content,Title: 'Impact of the COVID-19 pandemic on publishing in astronomy in the initial two years.' No link to any candidate paper.,177,
A0288,Nature,The long-term impact of the COVID-19 pandemic on physical fitness in young adults: a historical control study,https://www.nature.com/articles/s41598-023-42710-0,"09/18/2023, 07:00 AM, +0000 UTC",EXCLUDE,,,0.99,"non-ABCD cohort; article covers long-term pandemic effects on physical fitness in young adults — non-ABCD sample, no screen time content",Title: 'The long-term impact of the COVID-19 pandemic on physical fitness in young adults: a historical control study.' No connection to any candidate paper.,177,
A0289,Nature,Impact of the COVID-19 pandemic on young people with and without pre-existing mental health problems,https://www.nature.com/articles/s41598-023-32918-5,"04/14/2023, 07:00 AM, +0000 UTC",EXCLUDE,,,0.97,"non-ABCD cohort; article covers pandemic impact on young people with/without pre-existing mental health problems — non-ABCD sample, no screen time variable matching candidate papers","Title: 'Impact of the COVID-19 pandemic on young people with and without pre-existing mental health problems.' No ABCD affiliation, no screen time or social media variable; does not match paper 177 or any other candidate paper on L1–L4.",177,
A0290,Nature,The analysis of the effect of the COVID-19 pandemic on patients with hereditary angioedema type I and type II,https://www.nature.com/articles/s41598-023-47307-1,"11/22/2023, 08:00 AM, +0000 UTC",EXCLUDE,,,0.99,out-of-corpus topic; article covers pandemic effects on hereditary angioedema patients — no ABCD or screen time content,Title: 'The analysis of the effect of the COVID-19 pandemic on patients with hereditary angioedema type I and type II.' No link to any candidate paper.,177,
A0291,Nature,The impact of the COVID-19 pandemic on cardiovascular disease prevention and management,https://www.nature.com/articles/s41591-022-02158-7,"01/19/2023, 08:00 AM, +0000 UTC",EXCLUDE,,,0.99,out-of-corpus topic; article covers pandemic effects on cardiovascular disease prevention and management — no ABCD or screen time content,Title: 'The impact of the COVID-19 pandemic on cardiovascular disease prevention and management.' No link to any candidate paper.,177,
A0292,Nature,Effect of COVID-19 pandemic on inpatient service utilization and patient outcomes in Uganda,https://www.nature.com/articles/s41598-023-36877-9,"06/15/2023, 07:00 AM, +0000 UTC",EXCLUDE,,,0.99,out-of-corpus topic; article covers pandemic effects on inpatient service utilization in Uganda — no ABCD or screen time content,Title: 'Effect of COVID-19 pandemic on inpatient service utilization and patient outcomes in Uganda.' No link to any candidate paper.,177,
A0293,Nature,emissions reveals the effects of the COVID-19 pandemic,https://www.nature.com/articles/s41467-020-18922-7,"10/14/2020, 07:00 AM, +0000 UTC",EXCLUDE,,,0.99,out-of-corpus topic; article covers CO2 emissions changes during the COVID-19 pandemic — no ABCD or screen time content,Title indicates emissions analysis revealing COVID-19 pandemic effects. No link to any candidate paper.,177,
A0294,Nature,Effects of COVID-19 pandemic on low birth weight in a nationwide study in India | Communications Medicine,https://www.nature.com/articles/s43856-024-00545-4,"06/14/2024, 07:00 AM, +0000 UTC",EXCLUDE,,,0.99,non-ABCD cohort; article covers pandemic effects on low birth weight in India — no ABCD or screen time content,Title: 'Effects of COVID-19 pandemic on low birth weight in a nationwide study in India.' No connection to any candidate paper.,177,
A0295,Nature,The multifaceted long-term effects of the COVID-19 pandemic on urology,https://www.nature.com/articles/s41585-020-0331-y,"05/06/2020, 09:41 AM, +0000 UTC",EXCLUDE,,,0.99,out-of-corpus topic; article covers pandemic effects on urology — no ABCD or screen time content,Title: 'The multifaceted long-term effects of the COVID-19 pandemic on urology.' No link to any candidate paper.,177,
A0296,Nature,"Impacts of the COVID-19 pandemic on scientists’ productivity in science, technology, engineering, mathematics (STEM), and medicine fields",https://www.nature.com/articles/s41599-022-01466-0,"12/03/2022, 08:00 AM, +0000 UTC",EXCLUDE,,,0.99,non-ABCD cohort; article covers pandemic effects on STEM/medicine researchers' scientific productivity — no ABCD or screen time content,"Title: 'Impacts of the COVID-19 pandemic on scientists' productivity in science, technology, engineering, mathematics (STEM), and medicine fields.' No link to any candidate paper.",177,
A0297,Nature,A conversation on the effects of the COVID-19 pandemic on academic careers with junior researchers,https://www.nature.com/articles/s41467-021-22039-w,"04/07/2021, 07:00 AM, +0000 UTC",EXCLUDE,,,0.99,non-ABCD cohort; article is a discussion of pandemic effects on junior researchers' academic careers — no ABCD or screen time content,Title: 'A conversation on the effects of the COVID-19 pandemic on academic careers with junior researchers.' No link to any candidate paper.,177,
A0298,Nature,Adverse effects of COVID-19 pandemic on a multicenter randomized controlled trial,https://www.nature.com/articles/s41372-022-01592-2,"12/29/2022, 08:00 AM, +0000 UTC",EXCLUDE,,,0.99,"out-of-corpus topic; article covers adverse effects of the COVID-19 pandemic on a multicenter RCT — methodology, no ABCD or screen time content",Title: 'Adverse effects of COVID-19 pandemic on a multicenter randomized controlled trial.' No link to any candidate paper.,177,
A0299,Nature,The impact of the COVID-19 pandemic on pediatric acute conjunctivitis disease trends,https://www.nature.com/articles/s41598-023-47382-4,"11/16/2023, 08:00 AM, +0000 UTC",EXCLUDE,,,0.99,"out-of-corpus topic; article covers pandemic effects on pediatric acute conjunctivitis disease trends — ophthalmology, no ABCD or screen time content",Title: 'The impact of the COVID-19 pandemic on pediatric acute conjunctivitis disease trends.' No link to any candidate paper.,177,
A0300,Nature,The impact of the COVID-19 pandemic on wildlife–aircraft collisions at US airports,https://www.nature.com/articles/s41598-023-38451-9,"07/18/2023, 07:00 AM, +0000 UTC",EXCLUDE,,,0.99,"unrelated topic — wildlife-aircraft collisions at airports, no ABCD or screen time content","Title is 'The impact of the COVID-19 pandemic on wildlife-aircraft collisions at US airports.' Completely unrelated to ABCD Study or smartphone/social media research. Provisional paper 177 (Kiss 2023 Health Psychology, COVID screen time) matched only via COVID keyword overlap.",177,
A0301,Nature,Lessons on the COVID-19 pandemic: who are the most affected,https://www.nature.com/articles/s41598-023-36493-7,"06/08/2023, 07:00 AM, +0000 UTC",EXCLUDE,,,0.99,"unrelated topic — general COVID pandemic demographics paper, no ABCD or screen time content","Title is 'Lessons on the COVID-19 pandemic: who are the most affected.' A general COVID epidemiology review with no mention of ABCD Study, screen time, or adolescent digital media. Provisional paper 177 matched via COVID keyword only.",177,
A0302,Nature,"Impact of age, sex, body constitution, and the COVID-19 pandemic on the physical fitness of 38,084 German primary school children",https://www.nature.com/articles/s41598-025-95461-5,"04/02/2025, 07:00 AM, +0000 UTC",EXCLUDE,,,0.99,"non-ABCD cohort — German primary school children physical fitness study, no screen time or smartphone content","Study of 38,084 German primary school children's physical fitness during COVID-19. Non-ABCD cohort, different country, different outcome. No L1-L4 link to any corpus paper.",177,
A0303,Nature,The impact of the COVID-19 pandemic on the mental health of dentists in Wales | British Dental Journal,https://www.nature.com/articles/s41415-021-3756-7,"01/14/2022, 08:00 AM, +0000 UTC",EXCLUDE,,,0.99,"unrelated topic — COVID mental health impact on dentists in Wales, no ABCD or screen time content","British Dental Journal article about dentists in Wales during COVID-19. Completely outside the ABCD corpus — wrong population (adults, dentists), wrong country, no screen time topic.",177,
A0304,Nature,How COVID-19 shaped mental health: from infection to pandemic effects,https://www.nature.com/articles/s41591-022-02028-2,"10/03/2022, 07:00 AM, +0000 UTC",EXCLUDE,,,0.99,"out-of-corpus topic — general COVID mental health review, no ABCD-specific paper from corpus",Nature Medicine review 'How COVID-19 shaped mental health: from infection to pandemic effects.' Broad review of COVID/mental health with no specific reference to ABCD Study screen-time/smartphone papers from the corpus. Provisional paper 177 matched via COVID+mental health keywords only.,177,
A0305,Nature,Impact of coronavirus (COVID-19) pandemic on physical activity levels in different sub-populations of Iranians: a national survey,https://www.nature.com/articles/s41598-025-85977-1,"01/24/2025, 08:00 AM, +0000 UTC",EXCLUDE,,,0.99,non-ABCD cohort — Iranian national survey of COVID impact on physical activity,"Iranian national survey of COVID-19 impact on physical activity levels. Non-ABCD cohort, different country, outcome is physical activity (not screen time or mental health linked to smartphone use). No L1-L4 match.",177,
A0306,Nature,Mediators and moderators of the effects of the COVID-19 crisis on parent–child conflict in children in tertiary mental health care,https://www.nature.com/articles/s41598-023-49409-2,"12/16/2023, 08:00 AM, +0000 UTC",EXCLUDE,,,0.99,"non-ABCD cohort — Dutch children in tertiary mental health care, COVID parent-child conflict study","Scientific Reports paper on COVID-19 crisis effects on parent-child conflict in Dutch children in tertiary mental health care. Non-ABCD cohort, different country, different clinical setting. No L1-L4 match to any corpus paper.",177,
A0307,Nature,A systematic review of worldwide causal and correlational evidence on digital media and democracy,https://www.nature.com/articles/s41562-022-01460-1,"11/07/2022, 08:00 AM, +0000 UTC",EXCLUDE,,,0.99,"out-of-corpus topic — systematic review of digital media and democracy, not adolescent health or ABCD","Nature Human Behaviour systematic review on digital media and democracy. Provisional paper 190 (Sauce 2022 Scientific Reports, digital media and intelligence) matched via 'digital media' keywords, but this article covers political/democratic processes — entirely different domain from adolescent cognitive/mental health outcomes. No L1-L4 match.",190,
A0308,Nature,Exposome and mental health across the lifespan: research and clinical perspectives | Neuropsychopharmacology,https://www.nature.com/articles/s41386-026-02333-1,"03/09/2026, 07:00 AM, +0000 UTC",EXCLUDE,,,0.92,"out-of-corpus topic — broad lifespan exposome and mental health review, no specific ABCD corpus paper identifiable","Neuropsychopharmacology review 'Exposome and mental health across the lifespan.' While paper 196 (Pagliaccio 2024 NPP Digital Psychiatry, digital exposome/social media mental health) is a corpus paper and Pagliaccio is its author, this 2026 Neuropsychopharmacology review covers the full mental health exposome across the lifespan — a broad framework article. Without evidence that this review specifically paraphrases or cites paper 196's ABCD findings with L2-L4 specificity, no confirmed match.",196,
A0309,Nature,Associations of time spent on different types of digital media with self-rated general and mental health in Swedish adolescents,https://www.nature.com/articles/s41598-024-83951-x,"01/06/2025, 08:00 AM, +0000 UTC",EXCLUDE,,,0.99,non-ABCD cohort — Swedish adolescents digital media and self-rated health study,"Scientific Reports paper on Swedish adolescents' digital media use and self-rated health. Non-ABCD cohort (Swedish sample), different country. Provisional paper 196 matched via digital media + mental health keywords only. No L1-L4 match.",196,
A0310,Nature,Exposome-wide ranking of modifiable risk factors for cardiometabolic disease traits,https://www.nature.com/articles/s41598-022-08050-1,"03/08/2022, 08:00 AM, +0000 UTC",EXCLUDE,,,0.99,"out-of-corpus topic — exposome-wide ranking of cardiometabolic disease risk factors, no ABCD screen time content","Scientific Reports paper on exposome-wide modifiable risk factors for cardiometabolic disease. Focus is on adult cardiometabolic traits, not adolescent screen time or smartphone use. Provisional paper 196 matched via 'exposome' keyword only. No L1-L4 match.",196,
A0311,Nature,Generalizable prediction of childhood ADHD symptoms from neurocognitive testing and youth characteristics,https://www.nature.com/articles/s41398-023-02502-6,"06/24/2023, 07:00 AM, +0000 UTC",EXCLUDE,,,0.92,"out-of-corpus topic — ABCD-based ADHD prediction via neurocognitive testing, no screen time or smartphone content","Nature Translational Psychiatry paper on predicting childhood ADHD from neurocognitive tests using ABCD data. While this uses the ABCD Study, the topic (neurocognitive prediction of ADHD) is outside the screen time/smartphone corpus. Provisional paper 295 (Kirlic 2021 Child Development, extracurricular activities and cognitive functioning) matched via ABCD+cognition keywords. No L1-L4 link to a corpus paper.",295,
A0312,Nature,"Screen time, impulsivity, neuropsychological functions and their relationship to growth in adolescent attention-deficit/hyperactivity disorder symptoms | Scientific Reports",https://www.nature.com/articles/s41598-023-44105-7,"10/23/2023, 07:00 AM, +0000 UTC",EXCLUDE,,,0.92,"non-ABCD cohort — screen time, impulsivity, and ADHD symptoms study in a different sample","Scientific Reports paper on screen time, impulsivity, neuropsychological functions and ADHD symptom growth. While topic is screen time and ADHD, this appears to be a non-ABCD cohort with no reference to Nagata or corpus venue/author. Provisional paper 304 (Nagata 2023 JCPP, disruptive behavior disorders) matched via screen time+behavior keywords. No L1-L4 match to JCPP paper or any other corpus paper.",304,
A0313,Nature,Using explainable machine learning and fitbit data to investigate predictors of adolescent obesity,https://www.nature.com/articles/s41598-024-60811-2,"05/31/2024, 07:00 AM, +0000 UTC",EXCLUDE,,,0.99,"out-of-corpus topic — machine learning and Fitbit predictors of adolescent obesity, no ABCD screen time/social media content","Scientific Reports paper on explainable ML and Fitbit data predicting adolescent obesity. Uses wearable sensor data, not screen time/smartphone measures. Provisional paper 314 (Kiss 2026, neural sensitivity to social media and sleep) matched via adolescent + obesity keywords. No L1-L4 match.",314,
A0314,Nature,Associations of family income with cognition and brain structure in USA children: prevention implications,https://www.nature.com/articles/s41380-021-01130-0,"05/14/2021, 07:00 AM, +0000 UTC",EXCLUDE,,,0.95,"ABCD coverage of out-of-corpus topic — family income, cognition and brain structure in ABCD children","Molecular Psychiatry paper on family income associations with cognition and brain structure using ABCD data. ABCD Study used but topic is socioeconomic status and neurodevelopment — outside the screen time/smartphone corpus. Provisional paper 381 (Zhang 2026 JCAP, screen time and irritability) matched via ABCD+cognition overlap. No L1-L4 match to any corpus paper.",381,
A0315,Nature,Preschooler screen time and temperamental anger/frustration during the COVID-19 pandemic,https://www.nature.com/articles/s41390-023-02485-6,"02/09/2023, 08:00 AM, +0000 UTC",EXCLUDE,,,0.99,non-ABCD cohort — preschooler screen time and temperamental anger during COVID-19 pandemic,"Pediatric Research paper on preschooler (not adolescent) screen time and temperamental anger/frustration during COVID. Non-ABCD cohort, younger age group. Provisional paper 381 (Zhang 2026) matched via screen time+children keywords. No L1-L4 match.",381,
A0316,Nature,Change in Japanese children’s 24-hour movement guidelines and mental health during the COVID-19 pandemic,https://www.nature.com/articles/s41598-021-01803-4,"11/26/2021, 08:00 AM, +0000 UTC",EXCLUDE,,,0.99,non-ABCD cohort — Japanese children 24-hour movement guidelines and mental health during COVID,"Scientific Reports paper on Japanese children's movement guidelines and mental health during COVID. Non-ABCD cohort, different country. Provisional paper 398 (Guerrero 2019 IJBNPA, screen time and problem behaviors) matched via screen time+mental health+COVID keywords. No L1-L4 match.",398,
A0317,Nature,The mediating role of cognitive arousal in the relationship between impulsivity and sleep quality among college students: a random intercept cross-lagged panel analysis,https://www.nature.com/articles/s41598-025-90673-1,"03/10/2025, 07:00 AM, +0000 UTC",EXCLUDE,,,0.99,"non-ABCD cohort — college students impulsivity, cognitive arousal and sleep quality study","Scientific Reports paper on college students' impulsivity, cognitive arousal and sleep quality. Non-ABCD cohort (college students), different age range. Provisional paper 398 matched via sleep keywords. No L1-L4 match to any corpus paper.",398,
A0318,Nature,A precision functional atlas of personalized network topography and probabilities,https://www.nature.com/articles/s41593-024-01596-5,"03/26/2024, 07:00 AM, +0000 UTC",EXCLUDE,,,0.95,"ABCD coverage of out-of-corpus topic — precision functional brain atlas using ABCD data, no screen time content","Nature Neuroscience paper on a precision functional atlas of personalized network topography and probabilities — an ABCD-using brain imaging methods paper focused on parcellation/atlas development, not screen time or smartphone use. Out-of-corpus topic. Provisional paper 398 matched via neuroimaging keywords. No L1-L4 match.",398,
A0319,Nature,Prevalence and lifestyle determinants of depressive symptoms among Chinese children and adolescents,https://www.nature.com/articles/s41598-024-78436-w,"11/09/2024, 08:00 AM, +0000 UTC",EXCLUDE,,,0.99,non-ABCD cohort — Chinese children and adolescents depressive symptoms and lifestyle determinants,"Scientific Reports paper on Chinese children and adolescents' depressive symptoms and lifestyle factors. Non-ABCD cohort, different country. Provisional paper 420 (Paulich 2021 PLOS ONE, screen time and mental health) matched via screen time+mental health+adolescents keywords. No L1-L4 match.",420,
A0320,Frontiers,Effects of social media use on depressive symptoms among Chinese university students: the mediating roles of self-esteem and social support,https://www.frontiersin.org/journals/psychology/articles/10.3389/fpsyg.2026.1769765/full,"02/16/2026, 03:18 PM, +0000 UTC",EXCLUDE,,,0.99,"non-ABCD cohort — Chinese university students social media use and depression, self-esteem mediation study","Frontiers in Psychology paper on Chinese university students' social media use and depressive symptoms mediated by self-esteem and social support. Non-ABCD cohort (Chinese university students, different country and age group). Provisional paper 8 (Nagata 2025 JAMA Network Open, social media and depression in early adolescence) matched via social media+depression topic. No L1-L4 match.",8,
A0321,Frontiers,The associations between social comparison on social media and young adults’ mental health,https://www.frontiersin.org/journals/psychology/articles/10.3389/fpsyg.2025.1597241/full,"08/07/2025, 07:00 AM, +0000 UTC",EXCLUDE,,,0.99,non-ABCD cohort — social comparison on social media and young adults' mental health,"Frontiers in Psychology paper on young adults and social comparison on social media. Non-ABCD cohort (young adults, not early adolescents). Provisional paper 8 matched via social media+mental health keywords. No L1-L4 match.",8,
A0322,Frontiers,Social media use as a coping mechanism during the COVID-19 pandemic: A multidimensional perspective on adolescents' well-being,https://www.frontiersin.org/journals/public-health/articles/10.3389/fpubh.2022.1062688/full,"02/07/2024, 12:11 AM, +0000 UTC",EXCLUDE,,,0.99,"non-ABCD cohort — social media as COVID coping mechanism and adolescent well-being, non-ABCD sample","Frontiers in Public Health paper on social media use as coping during COVID-19 and adolescent well-being. Non-ABCD cohort, different study design. Provisional paper 8 matched via social media+adolescents+mental health keywords. No L1-L4 match.",8,
A0323,Frontiers,Problematic Social Networking Site use-effects on mental health and the brain,https://www.frontiersin.org/journals/psychiatry/articles/10.3389/fpsyt.2022.1106004/full,"01/30/2024, 09:31 AM, +0000 UTC",EXCLUDE,,,0.99,"out-of-corpus topic — general review of problematic social networking site use and mental health/brain, no specific ABCD corpus paper identifiable",Frontiers in Psychiatry review 'Problematic Social Networking Site use-effects on mental health and the brain.' General narrative/systematic review of problematic SNS use without specific reference to the ABCD Study or any corpus paper. Provisional paper 8 matched via social media+mental health+brain keywords. No L1-L4 match.,8,
A0324,Frontiers,Social Media Use and Mental Health and Well-Being Among Adolescents – A Scoping Review,https://www.frontiersin.org/journals/psychology/articles/10.3389/fpsyg.2020.01949/full,"08/13/2020, 07:00 AM, +0000 UTC",EXCLUDE,,,0.99,"out-of-corpus topic — 2020 scoping review of social media and adolescent mental health, predates corpus papers and no ABCD-specific content","Frontiers in Psychology 2020 scoping review 'Social Media Use and Mental Health and Well-Being Among Adolescents.' Published 2020, predates Nagata 2025 JAMA Network Open (paper 8) and contains no ABCD-specific findings. General review article covering the broader literature. No L1-L4 match.",8,
A0325,Frontiers,The youth mental health crisis: analysis and solutions,https://www.frontiersin.org/journals/psychiatry/articles/10.3389/fpsyt.2024.1517533/full,"12/09/2024, 10:48 PM, +0000 UTC",EXCLUDE,,,0.97,out-of-corpus topic; article is a scholarly Frontiers Psychiatry opinion/analysis piece on the general youth mental health crisis — not news coverage of any ABCD paper,"Title: 'The youth mental health crisis: analysis and solutions.' Published in Frontiers in Psychiatry (frontiersin.org) as a primary scholarly article. Provisional tag to paper 8 (Nagata 2025 JAMA Network Open, social media + depressive symptoms) was keyword-driven. No summary text available; no L1–L4 link to any candidate paper identifiable from title or URL.",8,
A0326,Frontiers,"Should I post? The relationships among social media use, emotion recognition, and mental health",https://www.frontiersin.org/journals/psychology/articles/10.3389/fpsyg.2023.1161300/full,"05/22/2023, 07:00 AM, +0000 UTC",EXCLUDE,,,0.98,"non-ABCD cohort; article is a Frontiers Psychology primary research paper on social media use, emotion recognition, and mental health in a non-ABCD sample","Title: 'Should I post? The relationships among social media use, emotion recognition, and mental health.' Frontiers in Psychology primary research article (2023); not a news piece. Provisional tag to paper 8 was keyword-driven. No connection to ABCD cohort or any candidate paper on L1–L4.",8,
A0327,Frontiers,"Editorial: The intersection among the internet and social media use, mental health, and Trust & Safety practices",https://www.frontiersin.org/journals/psychiatry/articles/10.3389/fpsyt.2023.1332930/full,"02/05/2024, 08:47 PM, +0000 UTC",EXCLUDE,,,0.98,"out-of-corpus topic; article is a Frontiers Psychiatry editorial overview on internet/social media, mental health, and Trust & Safety — not coverage of any specific ABCD paper","Title: 'Editorial: The intersection among the internet and social media use, mental health, and Trust & Safety practices.' Frontiers editorial article. Provisional tag to paper 8 was keyword-driven. No L1–L4 linkage to any candidate paper.",8,
A0328,Frontiers,"Regulating Self-Image on Instagram: Links Between Social Anxiety, Instagram Contingent Self-Worth, and Content Control Behaviors",https://www.frontiersin.org/journals/psychology/articles/10.3389/fpsyg.2021.711447/full,"08/24/2021, 07:00 AM, +0000 UTC",EXCLUDE,,,0.99,non-ABCD cohort; article is a Frontiers Psychology primary research paper on Instagram use and social anxiety in a non-ABCD sample,"Title: 'Regulating Self-Image on Instagram: Links Between Social Anxiety, Instagram Contingent Self-Worth, and Content Control Behaviors.' Published 2021 in Frontiers in Psychology; no ABCD content. Provisional tag to paper 8 was keyword-driven. No L1–L4 linkage to any candidate paper.",8,
A0329,Frontiers,Social Networks Use Disorder and Associations With Depression and Anxiety Symptoms: A Systematic Review of Recent Research in China,https://www.frontiersin.org/journals/psychology/articles/10.3389/fpsyg.2020.00211/full,"02/20/2020, 08:00 AM, +0000 UTC",EXCLUDE,,,0.99,"non-ABCD cohort; article is a Frontiers Psychology systematic review of social networks use disorder, depression, and anxiety in Chinese samples — no ABCD content",Title: 'Social Networks Use Disorder and Associations With Depression and Anxiety Symptoms: A Systematic Review of Recent Research in China.' Non-ABCD systematic review (2020). Provisional tag to paper 8 was keyword-driven. No L1–L4 linkage to any candidate paper.,8,
A0330,Frontiers,Commentary: Relationships between screen time and childhood attention deficit hyperactivity disorder: a Mendelian randomization study,https://www.frontiersin.org/journals/psychiatry/articles/10.3389/fpsyt.2024.1512149/full,"11/25/2024, 07:27 AM, +0000 UTC",EXCLUDE,,,0.92,out-of-corpus topic; article is a Frontiers Psychiatry commentary on a Mendelian randomization study of screen time and ADHD — no specific coverage of any candidate ABCD paper,"Title: 'Commentary: Relationships between screen time and childhood attention deficit hyperactivity disorder: a Mendelian randomization study.' Scholarly commentary article; the target study is a Mendelian randomization design not present in the corpus. Provisional tags to papers 18, 381, 420, 84 were keyword-driven. No L1–L4 linkage confirmed from title alone; no summary text available.","18,381,420,84",
A0331,Frontiers,A systematic review on the eating behaviors of youth exceeding electronic device recommendations,https://www.frontiersin.org/journals/psychology/articles/10.3389/fpsyg.2025.1649571/full,"08/29/2025, 03:51 PM, +0000 UTC",EXCLUDE,,,0.88,"out-of-corpus topic; article is a Frontiers Psychology systematic review on eating behaviors and screen time in youth — a scholarly article, not news coverage of any specific ABCD paper","Title: 'A systematic review on the eating behaviors of youth exceeding electronic device recommendations.' Frontiers in Psychology review article (2025). Provisional tags to papers 160, 215, 24, 70 were keyword-driven. While this review may cite ABCD papers, it is itself a scholarly article and does not constitute news coverage of any specific candidate paper. No summary text available to confirm L1–L4 linkage.","160,215,24,70",
A0332,Frontiers,Digital media use and cognitive networks in medical students: linking screen time with intelligence and academic performance,https://www.frontiersin.org/journals/medicine/articles/10.3389/fmed.2026.1736060/full,"01/27/2026, 06:14 PM, +0000 UTC",EXCLUDE,,,0.98,non-ABCD cohort; article is a Frontiers Medicine primary research paper on digital media use and cognition in medical students — non-ABCD sample,"Title: 'Digital media use and cognitive networks in medical students: linking screen time with intelligence and academic performance.' Medical student cohort, not ABCD adolescents. Provisional tags to papers 139, 157, 177, 190, 215, 443, 57 were keyword-driven. No L1–L4 linkage to any candidate paper.","139,157,177,190,215,443,57",
A0333,Frontiers,Smartphones through children’s eyes: perceived benefits and educational considerations,https://www.frontiersin.org/journals/psychology/articles/10.3389/fpsyg.2025.1596595/full,"06/18/2025, 07:00 AM, +0000 UTC",EXCLUDE,,,0.98,non-ABCD cohort; article is a Frontiers Psychology primary research paper on children's perceived benefits of smartphones — not coverage of any ABCD paper,"Title: 'Smartphones through children's eyes: perceived benefits and educational considerations.' Frontiers in Psychology (2025); qualitative/survey study of children's perceptions, non-ABCD. Provisional tag to paper 57 was keyword-driven. No L1–L4 linkage to any candidate paper.",57,
A0334,Frontiers,Association between 24-hour movement guidelines and working memory in early Chinese adolescents,https://www.frontiersin.org/journals/psychology/articles/10.3389/fpsyg.2025.1666581/full,"10/01/2025, 07:00 AM, +0000 UTC",EXCLUDE,,,0.99,non-ABCD cohort; article is a Frontiers Psychology primary research paper on 24-hour movement guidelines and working memory in Chinese adolescents,"Title: 'Association between 24-hour movement guidelines and working memory in early Chinese adolescents.' Chinese adolescent sample, not ABCD. Provisional tags to papers 160, 70 were keyword-driven. No L1–L4 linkage to any candidate paper.","160,70",
A0335,Frontiers,Passive and active screen time relate differently to attention in preschool children,https://www.frontiersin.org/journals/psychology/articles/10.3389/fpsyg.2026.1737937/full,"02/27/2026, 03:21 PM, +0000 UTC",EXCLUDE,,,0.99,non-ABCD cohort; article is a Frontiers Psychology primary research paper on passive vs. active screen time and attention in preschool children,"Title: 'Passive and active screen time relate differently to attention in preschool children.' Preschool children, non-ABCD cohort. Provisional tag to paper 84 was keyword-driven. No L1–L4 linkage to any candidate paper.",84,
A0336,Frontiers,Screen on = development off? A systematic scoping review and a developmental psychology perspective on the effects of screen time on early childhood development,https://www.frontiersin.org/journals/developmental-psychology/articles/10.3389/fdpys.2024.1439040/full,"12/02/2024, 01:38 PM, +0000 UTC",EXCLUDE,,,0.9,"out-of-corpus topic; article is a Frontiers Developmental Psychology scoping review on screen time and early childhood development — scholarly article, not news coverage of specific ABCD papers","Title: 'Screen on = development off? A systematic scoping review and a developmental psychology perspective on the effects of screen time on early childhood development.' Scoping review (2024); focus on early childhood, may not cover ABCD-aged adolescents at all. Provisional tags to papers 381, 84 were keyword-driven. No summary text; no L1–L4 linkage confirmable from title.","381,84",
A0337,Frontiers,The Relationship Between Screen and Outdoor Time With Rates of Myopia in Spanish Children,https://www.frontiersin.org/journals/public-health/articles/10.3389/fpubh.2020.560378/full,"10/13/2020, 07:00 AM, +0000 UTC",EXCLUDE,,,0.99,"non-ABCD cohort; article is a Frontiers Public Health primary research paper on screen time, outdoor time, and myopia in Spanish children — out-of-corpus topic and non-ABCD",Title: 'The Relationship Between Screen and Outdoor Time With Rates of Myopia in Spanish Children.' Spanish pediatric cohort; myopia outcome is out of corpus. Provisional tag to paper 84 was keyword-driven. No L1–L4 linkage to any candidate paper.,84,
A0338,Frontiers,Short-term exposure to aggressive card game: releasing emotion without escalating post-game aggression,https://www.frontiersin.org/journals/psychology/articles/10.3389/fpsyg.2025.1505360/full,"03/31/2025, 07:00 AM, +0000 UTC",EXCLUDE,,,0.99,out-of-corpus topic; article is a Frontiers Psychology primary research paper on aggressive card game play and post-game aggression — no relation to ABCD or social media addiction,"Title: 'Short-term exposure to aggressive card game: releasing emotion without escalating post-game aggression.' Card game and aggression study, not ABCD, not screen time or social media. Provisional tag to paper 95 (He 2025 Computers in Human Behavior, social media addiction + reward circuit) was keyword-driven with no thematic connection. No L1–L4 linkage.",95,
A0339,Frontiers,The directionality of anxiety and gaming disorder: An exploratory analysis of longitudinal data from an Australian youth population,https://www.frontiersin.org/journals/psychiatry/articles/10.3389/fpsyt.2022.1043490/full,"11/03/2022, 07:00 AM, +0000 UTC",EXCLUDE,,,0.99,non-ABCD cohort; article is a Frontiers Psychiatry primary research paper on anxiety and gaming disorder in an Australian youth population,"Title: 'The directionality of anxiety and gaming disorder: An exploratory analysis of longitudinal data from an Australian youth population.' Australian youth cohort, not ABCD. Provisional tag to paper 130 (Kiss 2022 J Adolesc Health, pandemic mental health) was keyword-driven. No L1–L4 linkage.",130,
A0340,Frontiers,The contributions of gender identification and gender ideologies to the purposes of social media use in adolescence,https://www.frontiersin.org/journals/psychology/articles/10.3389/fpsyg.2022.1011951/full,"02/06/2024, 02:25 AM, +0000 UTC",EXCLUDE,,,0.99,non-ABCD cohort; article is a Frontiers Psychology primary research paper on gender identification and purposes of social media use in adolescence — not coverage of paper 150 (brain structure),Title: 'The contributions of gender identification and gender ideologies to the purposes of social media use in adolescence.' Gender + social media use purposes study; unrelated to Nagata 2026 NeuroImage paper on brain morphology and social media. Provisional tag to paper 150 was keyword-driven. No L1–L4 linkage.,150,
A0341,Frontiers,"Support From Parents, Peers, and Teachers Is Differently Associated With Middle School Students’ Well-Being",https://www.frontiersin.org/journals/psychology/articles/10.3389/fpsyg.2021.758226/full,"12/01/2021, 08:00 AM, +0000 UTC",EXCLUDE,,,0.99,"out-of-corpus topic; article is a Frontiers Psychology primary research paper on social support from parents, peers, and teachers and middle school well-being — no screen time or ABCD content","Title: 'Support From Parents, Peers, and Teachers Is Differently Associated With Middle School Students' Well-Being.' Social support and well-being study, no screen time or ABCD. Provisional tag to paper 150 was keyword-driven. No L1–L4 linkage to any candidate paper.",150,
A0342,Frontiers,Case report: Nighttime media restriction for pediatric insomnia,https://www.frontiersin.org/journals/sleep/articles/10.3389/frsle.2024.1365784/full,"03/13/2024, 07:00 AM, +0000 UTC",EXCLUDE,,,0.95,"out-of-corpus topic; article is a Frontiers Sleep case report on nighttime media restriction for pediatric insomnia — not news coverage of paper 156 (Hisler 2020 Sleep Health, ABCD)",Title: 'Case report: Nighttime media restriction for pediatric insomnia.' Single case report on a clinical intervention; not a news or press piece covering Hisler 2020 Sleep Health (paper 156). Provisional tag to paper 156 was keyword-driven. No L1–L4 linkage to any candidate paper.,156,
A0343,Frontiers,Measuring parents' regulatory media use for themselves and their children,https://www.frontiersin.org/journals/developmental-psychology/articles/10.3389/fdpys.2024.1377998/full,"04/03/2024, 07:00 AM, +0000 UTC",EXCLUDE,,,0.97,out-of-corpus topic; article is a Frontiers Developmental Psychology primary research paper on measuring parents' regulatory media use — not coverage of paper 156,Title: 'Measuring parents' regulatory media use for themselves and their children.' Measurement/methodology article on parental media regulation; no ABCD content or linkage to Hisler 2020 (paper 156). Provisional tag was keyword-driven. No L1–L4 linkage.,156,
A0344,Frontiers,Leveraging big data for causal understanding in mental health: a research framework,https://www.frontiersin.org/journals/psychiatry/articles/10.3389/fpsyt.2024.1337740/full,"02/18/2024, 08:00 AM, +0000 UTC",EXCLUDE,,,0.9,out-of-corpus topic; article is a Frontiers Psychiatry methodological framework paper on big data and causal inference in mental health — not news coverage of any specific ABCD paper,Title: 'Leveraging big data for causal understanding in mental health: a research framework.' Methods/framework article; may reference ABCD in passing but is not coverage of papers 177 or 420. No summary text; no L1–L4 linkage confirmable from title alone.,"177,420",
A0345,Frontiers,"Effects of the COVID-19 pandemic on the emotional disorders of adolescents from rural high schools in Dobrogea, Romania",https://www.frontiersin.org/journals/psychiatry/articles/10.3389/fpsyt.2025.1717336/full,"01/07/2026, 08:00 AM, +0000 UTC",EXCLUDE,,,0.99,non-ABCD cohort; article is a Frontiers Psychiatry primary research paper on COVID-19 pandemic effects on emotional disorders in Romanian rural adolescents,"Title: 'Effects of the COVID-19 pandemic on the emotional disorders of adolescents from rural high schools in Dobrogea, Romania.' Romanian adolescent sample, not ABCD. Provisional tag to paper 177 (Kiss 2023 Health Psychology, COVID + screen time + sleep in ABCD) was keyword-driven. No L1–L4 linkage.",177,
A0346,Frontiers,"How Digital Technology Mediated the Effects of the COVID-19 Pandemic on Mental Health: The Good, the Bad, and the Indifferent",https://www.frontiersin.org/journals/digital-health/articles/10.3389/fdgth.2021.733151/full,"10/17/2023, 06:38 AM, +0000 UTC",EXCLUDE,,,0.95,"out-of-corpus topic; article is a Frontiers Digital Health overview article on digital technology and COVID-19 pandemic mental health — general review, not coverage of paper 177","Title: 'How Digital Technology Mediated the Effects of the COVID-19 Pandemic on Mental Health: The Good, the Bad, and the Indifferent.' General review article on digital technology + pandemic mental health; not specifically covering Kiss 2023 (paper 177) or any ABCD finding. Provisional tag to paper 177 was keyword-driven. No L1–L4 linkage.",177,
A0347,Frontiers,Review of the impacts of COVID-19 pandemic on the employment of college graduates in China and countermeasures to it,https://www.frontiersin.org/journals/public-health/articles/10.3389/fpubh.2024.1390055/full,"06/06/2024, 07:00 AM, +0000 UTC",EXCLUDE,,,0.99,out-of-corpus topic; article is a Frontiers Public Health review on COVID-19 impacts on employment of Chinese college graduates — no adolescent screen time or ABCD content,Title: 'Review of the impacts of COVID-19 pandemic on the employment of college graduates in China and countermeasures to it.' College graduate employment in China; entirely unrelated to ABCD or any candidate paper. Provisional tag to paper 177 was keyword-driven (COVID-19 keyword overlap only). No L1–L4 linkage.,177,
A0348,Frontiers,Effects of COVID-19 pandemic on mental health among frontline healthcare workers: A systematic review and meta-analysis,https://www.frontiersin.org/journals/psychology/articles/10.3389/fpsyg.2022.1096857/full,"02/05/2024, 07:13 PM, +0000 UTC",EXCLUDE,,,0.99,out-of-corpus topic; article is a Frontiers Psychology systematic review and meta-analysis of COVID-19 pandemic effects on frontline healthcare worker mental health — no adolescent or ABCD content,"Title: 'Effects of COVID-19 pandemic on mental health among frontline healthcare workers: A systematic review and meta-analysis.' Healthcare workers, not adolescents. Provisional tag to paper 177 was keyword-driven (COVID + mental health overlap). No L1–L4 linkage to any candidate paper.",177,
A0349,Frontiers,Disproportionate impacts of the COVID-19 pandemic on early career researchers and disabled researchers in volcanology,https://www.frontiersin.org/journals/earth-science/articles/10.3389/feart.2023.1291975/full,"06/25/2024, 04:00 PM, +0000 UTC",EXCLUDE,,,0.99,"out-of-corpus topic; article is a Frontiers Earth Science paper on COVID-19 impacts on early career researchers in volcanology — no screen time, smartphone, social media, or ABCD content",Title: 'Disproportionate impacts of the COVID-19 pandemic on early career researchers and disabled researchers in volcanology.' Volcanology/geoscience; completely unrelated to any candidate paper. Provisional tag to paper 177 was keyword-driven (COVID overlap). No L1–L4 linkage.,177,
A0350,Frontiers,The intervention of local public authorities and the impact of the COVID-19 pandemic in Romania: a subnational analysis,https://www.frontiersin.org/journals/public-health/articles/10.3389/fpubh.2024.1105518/full,"05/15/2024, 07:00 AM, +0000 UTC",EXCLUDE,,,0.99,"out-of-corpus topic; article covers subnational COVID-19 intervention analysis in Romania — no ABCD, no screen time or social media content","Title: 'The intervention of local public authorities and the impact of the COVID-19 pandemic in Romania: a subnational analysis.' Frontiers in Public Health, 2024. Provisional tag to paper 177 (Kiss 2023 Health Psychology: COVID-19 effects on screen time and sleep in ABCD) was keyword-driven. Article covers Romanian public health governance; no overlap with any candidate paper on L1–L4.",177,
A0351,Frontiers,Editorial: Impact of the SARS-CoV-2 pandemic on the evolution and epidemiology of other viruses,https://www.frontiersin.org/journals/virology/articles/10.3389/fviro.2024.1527580/full,"12/04/2024, 09:27 AM, +0000 UTC",EXCLUDE,,,0.99,"out-of-corpus topic; article is a virology editorial on SARS-CoV-2 pandemic effects on other virus epidemiology — no ABCD, no screen time content","Title: 'Editorial: Impact of the SARS-CoV-2 pandemic on the evolution and epidemiology of other viruses.' Frontiers in Virology, 2024. No connection to paper 177 or any candidate paper.",177,
A0352,Frontiers,Effects of the COVID-19 Pandemic on Children and Adolescents from the Perspective of Teachers,https://www.frontiersin.org/journals/education/articles/10.3389/feduc.2022.808015/full,"06/27/2024, 05:16 PM, +0000 UTC",EXCLUDE,,,0.99,"non-ABCD cohort; article covers teacher perspectives on COVID-19 pandemic effects on children and adolescents in unspecified cohort — no ABCD, no screen time variable","Title: 'Effects of the COVID-19 Pandemic on Children and Adolescents from the Perspective of Teachers.' Frontiers in Education, 2022. Non-ABCD sample, no screen time or social media variable; no overlap with paper 177 or any candidate paper on L1–L4.",177,
A0353,Frontiers,"Impact of COVID-19 Pandemic on Motorcycle Purchase in Dhaka, Bangladesh",https://www.frontiersin.org/journals/future-transportation/articles/10.3389/ffutr.2021.646664/full,"06/26/2024, 11:55 PM, +0000 UTC",EXCLUDE,,,0.99,"out-of-corpus topic; article covers COVID-19 impact on motorcycle purchase behavior in Dhaka, Bangladesh — no ABCD, no screen time content","Title: 'Impact of COVID-19 Pandemic on Motorcycle Purchase in Dhaka, Bangladesh.' Frontiers in Future Transportation, 2021. No connection to any candidate paper.",177,
A0354,Frontiers,Financial Insecurity During the COVID-19 Pandemic: Spillover Effects on Burnout–Disengagement Relationships and Performance of Employees Who Moonlight,https://www.frontiersin.org/journals/psychology/articles/10.3389/fpsyg.2021.610138/full,"02/06/2024, 12:56 AM, +0000 UTC",EXCLUDE,,,0.99,"out-of-corpus topic; article covers financial insecurity, employee burnout, and moonlighting during the COVID-19 pandemic — no ABCD, no screen time or adolescent content","Title: 'Financial Insecurity During the COVID-19 Pandemic: Spillover Effects on Burnout–Disengagement Relationships and Performance of Employees Who Moonlight.' Frontiers in Psychology, 2021. No link to any candidate paper.",177,
A0355,Frontiers,Editorial: Economic Effects of COVID-19 Related Uncertainty Shocks,https://www.frontiersin.org/journals/public-health/articles/10.3389/fpubh.2021.760619/full,"02/12/2024, 10:49 AM, +0000 UTC",EXCLUDE,,,0.99,"out-of-corpus topic; editorial covers economic effects of COVID-19-related uncertainty shocks — economics, no ABCD or screen time content","Title: 'Editorial: Economic Effects of COVID-19 Related Uncertainty Shocks.' Frontiers in Public Health, 2021. No connection to any candidate paper.",177,
A0356,Frontiers,The Effects of the COVID-19 Pandemic on Health and Well-Being of Children and Youth in Nova Scotia: Youth and Parent Perspectives,https://www.frontiersin.org/journals/pediatrics/articles/10.3389/fped.2021.725439/full,"11/17/2021, 08:00 AM, +0000 UTC",EXCLUDE,,,0.99,"non-ABCD cohort; article covers youth and parent perspectives on COVID-19 pandemic effects on health/well-being in Nova Scotia — non-ABCD sample, no screen time variable","Title: 'The Effects of the COVID-19 Pandemic on Health and Well-Being of Children and Youth in Nova Scotia: Youth and Parent Perspectives.' Frontiers in Pediatrics, 2021. Nova Scotia cohort, not ABCD; no screen time or social media variable; no overlap with paper 177 or any candidate paper on L1–L4.",177,
A0357,Frontiers,The effects of the COVID-19 pandemic on dengue cases in Malaysia,https://www.frontiersin.org/journals/public-health/articles/10.3389/fpubh.2023.1213514/full,"02/05/2024, 04:51 PM, +0000 UTC",EXCLUDE,,,0.99,"out-of-corpus topic; article covers COVID-19 pandemic effects on dengue cases in Malaysia — infectious disease epidemiology, no ABCD or screen time content","Title: 'The effects of the COVID-19 pandemic on dengue cases in Malaysia.' Frontiers in Public Health, 2023. No connection to any candidate paper.",177,
A0358,Frontiers,Modeling Jordanian audience engagement and news credibility in the digital media era: a PLS-SEM approach,https://www.frontiersin.org/journals/communication/articles/10.3389/fcomm.2025.1675693/full,"10/26/2025, 07:00 AM, +0000 UTC",EXCLUDE,,,0.99,"out-of-corpus topic; article covers Jordanian audience news credibility in digital media era using PLS-SEM — media studies, no ABCD, no child/adolescent screen time content","Title: 'Modeling Jordanian audience engagement and news credibility in the digital media era: a PLS-SEM approach.' Frontiers in Communication, 2025. Provisional tag to paper 190 (Sauce 2022 Scientific Reports: digital media and children's intelligence) was keyword-driven. Article is about news media credibility in adults; no overlap with any candidate paper on L1–L4.",190,
A0359,Frontiers,Impact of digital media on language revitalization: the case of BBC News Igbo,https://www.frontiersin.org/journals/communication/articles/10.3389/fcomm.2026.1707701/full,"01/27/2026, 08:00 AM, +0000 UTC",EXCLUDE,,,0.99,"out-of-corpus topic; article covers digital media's role in indigenous language revitalization for BBC News Igbo — linguistics/media studies, no ABCD or child screen time content","Title: 'Impact of digital media on language revitalization: the case of BBC News Igbo.' Frontiers in Communication, 2026. No connection to paper 190 or any candidate paper.",190,
A0360,Frontiers,Exploring the role of digital media dependency on the relationship between personal involvement and flashbulb memory during the pandemic: Empirical evidence from Mainland China,https://www.frontiersin.org/journals/psychology/articles/10.3389/fpsyg.2022.985287/full,"02/06/2024, 06:24 PM, +0000 UTC",EXCLUDE,,,0.99,"non-ABCD cohort; article covers digital media dependency and flashbulb memory during the pandemic in Mainland China adults — non-ABCD sample, no child screen time content","Title: 'Exploring the role of digital media dependency on the relationship between personal involvement and flashbulb memory during the pandemic: Empirical evidence from Mainland China.' Frontiers in Psychology, 2022. Chinese adult sample; no overlap with paper 190 or any candidate paper on L1–L4.",190,
A0361,Frontiers,Adapting educational practices for Generation Z: integrating metacognitive strategies and artificial intelligence,https://www.frontiersin.org/journals/education/articles/10.3389/feduc.2025.1504726/full,"01/06/2025, 02:12 PM, +0000 UTC",EXCLUDE,,,0.99,"out-of-corpus topic; article covers metacognitive strategies and AI for Generation Z in educational settings — pedagogy, no ABCD or empirical screen time/social media data content","Title: 'Adapting educational practices for Generation Z: integrating metacognitive strategies and artificial intelligence.' Frontiers in Education, 2025. No connection to paper 190 or any candidate paper.",190,
A0362,Frontiers,The Impact of Internet and Videogaming Addiction on Adolescent Vision: A Review of the Literature,https://www.frontiersin.org/journals/public-health/articles/10.3389/fpubh.2020.00063/full,"03/04/2020, 08:00 AM, +0000 UTC",EXCLUDE,,,0.99,"out-of-corpus topic; article is a literature review on internet and video gaming addiction and adolescent vision — ophthalmology/addiction, non-ABCD, no social media or screen time variable matching any candidate paper","Title: 'The Impact of Internet and Videogaming Addiction on Adolescent Vision: A Review of the Literature.' Frontiers in Public Health, 2020. Non-ABCD cohort; topic is vision/gaming addiction; no overlap with paper 190 (Sauce 2022: digital media and intelligence in ABCD) or any candidate paper on L1–L4.",190,
A0363,Frontiers,From stress to screen: family factors on the path to problematic media use in children aged 4–11,https://www.frontiersin.org/journals/psychology/articles/10.3389/fpsyg.2025.1699094/full,"12/18/2025, 08:00 AM, +0000 UTC",EXCLUDE,,,0.92,"non-ABCD cohort; article examines family stress pathways to problematic media use in children aged 4–11 — non-ABCD sample, no match to papers 289 (Pulkki-Råback 2022) or 398 (Guerrero 2019) on L1–L4","Title: 'From stress to screen: family factors on the path to problematic media use in children aged 4–11.' Frontiers in Psychology, 2025. Age range 4–11 and family stress framing do not correspond to ABCD (baseline ages 9–10); no author/journal/institution match to paper 289 (Pulkki-Råback, Acta Paediatrica) or 398 (Guerrero, Int J Behav Nutr Phys Act). No L1–L4 satisfied.","289,398",
A0364,Frontiers,Adherence to 24-h movement guidelines in Spanish schoolchildren and its association with insulin resistance: a cross-sectional study,https://www.frontiersin.org/journals/public-health/articles/10.3389/fpubh.2023.1146580/full,"07/09/2023, 07:00 AM, +0000 UTC",EXCLUDE,,,0.99,"non-ABCD cohort; article covers 24-hour movement guideline adherence and insulin resistance in Spanish schoolchildren — non-ABCD sample, no social media variable","Title: 'Adherence to 24-h movement guidelines in Spanish schoolchildren and its association with insulin resistance: a cross-sectional study.' Frontiers in Public Health, 2023. Spanish cohort, cross-sectional; no social media or phone variable; no overlap with paper 398 (Guerrero 2019 ABCD) or any candidate paper on L1–L4.",398,
A0365,Frontiers,Research progress on the role of mindfulness in intervention for adolescent obesity,https://www.frontiersin.org/journals/endocrinology/articles/10.3389/fendo.2024.1412522/full,"08/20/2024, 07:00 AM, +0000 UTC",EXCLUDE,,,0.99,"out-of-corpus topic; article is a review of mindfulness interventions for adolescent obesity — no ABCD, no screen time variable matching paper 521 (Must 2023 Frontiers Pediatrics: autism, social screen time, obesity)","Title: 'Research progress on the role of mindfulness in intervention for adolescent obesity.' Frontiers in Endocrinology, 2024. Mindfulness intervention review; does not reference Must 2023 or ABCD study; no overlap with any candidate paper on L1–L4.",521,
A0366,AJMC,Increased Social Media Use Linked to Rising Depressive Symptoms in Early Adolescents,https://www.ajmc.com/view/increased-social-media-use-linked-to-rising-depressive-symptoms-in-early-adolescents,"05/21/2025, 07:00 AM, +0000 UTC",INCLUDE,8,L3,0.93,,"Title: 'Increased Social Media Use Linked to Rising Depressive Symptoms in Early Adolescents.' AJMC, May 21, 2025. This title uniquely paraphrases the core finding of paper 8 (Nagata 2025, JAMA Network Open: 'Social Media Use and Depressive Symptoms During Early Adolescence') — bidirectional cross-lagged association between increasing social media use and rising depressive symptoms in ABCD early adolescents. Published date (May 2025) aligns with paper 8's 2025 publication. L3 satisfied: outcome (depressive symptoms), exposure (social media use), direction (increase linked to rise), population (early adolescents) together uniquely map to paper 8.",8,
A0367,Public Health Communication Centre,Evidence supports the need to protect adolescents from social media harms,https://www.phcc.org.nz/briefing/evidence-supports-need-protect-adolescents-social-media-harms,"07/25/2025, 07:00 AM, +0000 UTC",INCLUDE,8,L3,0.72,,"Title: 'Evidence supports the need to protect adolescents from social media harms.' Public Health Communication Centre NZ, July 25, 2025. Aggregator/policy brief published two months after paper 8 (Nagata 2025, JAMA Network Open: social media and depressive symptoms in early adolescents). The title's framing — protecting adolescents from social media harms — is consistent with paper 8's finding that increased social media predicts rising depressive symptoms. No summary text available to confirm direct citation; confidence is moderate (0.72) pending content verification. If the article cites paper 8 by name or paraphrases its ABCD-specific finding, L3 is met; if it is a general policy piece citing no specific paper, it should be excluded as general social media harms coverage. Flagged for human review.",8,
A0368,News-Medical,Social media usage and depressive symptoms among adolescents in India,https://www.news-medical.net/news/20240130/Social-media-usage-and-depressive-symptoms-among-adolescents-in-India.aspx,"01/30/2024, 08:00 AM, +0000 UTC",EXCLUDE,,,0.97,"non-ABCD cohort; article covers social media use and depressive symptoms in Indian adolescents — non-ABCD sample, published January 2024 predating paper 8 (Nagata 2025)","Title: 'Social media usage and depressive symptoms among adolescents in India.' News-Medical, January 30, 2024. Indian adolescent cohort; published over a year before paper 8 (Nagata 2025 JAMA Network Open) so cannot be coverage of it. No overlap with any candidate paper on L1–L4.",8,
A0369,News-Medical,Addictive screen habits harm early adolescent mental health,https://www.news-medical.net/news/20260212/Addictive-screen-habits-harm-early-adolescent-mental-health.aspx,"02/12/2026, 08:00 AM, +0000 UTC",INCLUDE,86,L3,0.85,,"Title: 'Addictive screen habits harm early adolescent mental health.' News-Medical, February 12, 2026. This title closely paraphrases the central finding of paper 86 (Nagata 2026, American Journal of Preventive Medicine: 'Prospective Associations Between Early Adolescent Problematic Screen Use, Mental Health, Sleep, and Substance Use') — addictive/problematic screen use (SMAQ, MPIQ) prospectively predicts mental health outcomes in early adolescents. The 'addictive screen habits' phrasing aligns with SMAQ/MPIQ constructs. Published February 2026, consistent with paper 86's 2026 date. L3 satisfied by: exposure (addictive/problematic screen habits), outcome (mental health harms), population (early adolescents), and consistent publication timing. The large provisional list (14 paper IDs) reflects a Nagata-UCSF cluster query; paper 86 is the most specific match given the 'addictive' framing.","106,133,139,157,158,184,24,302,304,393,394,49,80,86",
A0370,News-Medical,Study links screen time to increased risk of manic symptoms in preteens,https://www.news-medical.net/news/20250220/Study-links-screen-time-to-increased-risk-of-manic-symptoms-in-preteens.aspx,"02/20/2025, 08:00 AM, +0000 UTC",INCLUDE,49,L3,0.95,,"Title: 'Study links screen time to increased risk of manic symptoms in preteens.' News-Medical, February 20, 2025. This directly paraphrases the finding of paper 49 (Nagata 2025, Social Psychiatry and Psychiatric Epidemiology: 'Screen time and manic symptoms in early adolescents: prospective findings from the ABCD Study'). L3 satisfied: exposure (screen time), outcome (manic symptoms), direction (increased risk), population (preteens/early adolescents), and the word 'prospective' in paper 49's title implies the longitudinal design mentioned. Publication date (Feb 2025) consistent with paper 49 (2025).",49,
A0371,News-Medical,Excessive screen time linked to manic symptoms in teens,https://www.news-medical.net/news/20250225/Excessive-screen-time-linked-to-manic-symptoms-in-teens.aspx,"02/25/2025, 08:00 AM, +0000 UTC",INCLUDE,49,L3,0.9,,"Title: 'Excessive screen time linked to manic symptoms in teens.' News-Medical, February 25, 2025. This paraphrases the same core finding as paper 49 (Nagata 2025, Social Psychiatry and Psychiatric Epidemiology: screen time and manic symptoms in early adolescents from ABCD). L3 satisfied: exposure (excessive screen time), outcome (manic symptoms), population (teens). Published five days after A0370 on the same paper — likely a separate News-Medical article or updated coverage of the same study. Paper 215 (Al-shoaibi 2025, Childhood Obesity: screen time + sleep and BMI) is not supported by this title; 'manic symptoms' uniquely maps to paper 49.","215,49",
A0372,News-Medical,Screen time may increase body fat in children,https://www.news-medical.net/news/20260115/Screen-time-may-increase-body-fat-in-children.aspx,"01/15/2026, 08:00 AM, +0000 UTC",EXCLUDE,,,0.88,out-of-corpus topic; article covers screen time and increased body fat in children — body composition outcome not covered by paper 84 (Shou 2026 Acta Psychologica: screen time → cognitive function via putamen volume) and likely refers to a different study outside the corpus,"Title: 'Screen time may increase body fat in children.' News-Medical, January 15, 2026. Provisional paper 84 (Shou 2026) is about cognitive function and putamen volume — not body fat. The 'body fat' outcome is a physical health topic not covered by paper 84 or any other candidate paper in the corpus (the obesity-adjacent papers 302, 400, 215 focus on BMI, waist circumference, or nutrition — none are primarily about body fat increase in a January 2026 publication). No L1–L4 match to any candidate paper.",84,
A0373,News-Medical,How too much screen time affects kids’ heart health and what can reduce the risk,https://www.news-medical.net/news/20250807/How-too-much-screen-time-affects-kidse28099-heart-health-and-what-can-reduce-the-risk.aspx,"08/07/2025, 07:00 AM, +0000 UTC",EXCLUDE,,,0.97,out-of-corpus topic; article covers screen time effects on children's heart health — cardiovascular outcome not covered by any of the 69 candidate papers,"Title: 'How too much screen time affects kids' heart health and what can reduce the risk.' News-Medical, August 7, 2025. Cardiovascular/heart health is not a topic covered by any candidate paper in the corpus. Provisional paper 84 (Shou 2026: cognitive function) is unrelated to heart health. No L1–L4 match to any candidate paper.",84,
A0374,News-Medical,Screen Time and Insomnia,https://www.news-medical.net/health/Screen-Time-and-Insomnia.aspx,"02/01/2021, 08:00 AM, +0000 UTC",EXCLUDE,,,0.97,general ABCD coverage of out-of-corpus topic; article is a general health explainer on screen time and insomnia published in 2021 — predates paper 84 (Shou 2026) and does not reference any specific ABCD candidate paper,"Title: 'Screen Time and Insomnia.' News-Medical, February 1, 2021. General health explainer; published 5 years before provisional paper 84 (Shou 2026 Acta Psychologica). Sleep-adjacent ABCD papers in corpus (e.g., 156 Hisler 2020, 157 Nagata 2023, 139 Nagata 2024) focus on social media/phone-specific screen use and sleep — none match this 2021 general insomnia article. No L1–L4 satisfied.",84,
A0375,News-Medical,Screen Time and Mental Health,https://www.news-medical.net/health/Screen-Time-and-Mental-Health.aspx,"06/29/2022, 07:00 AM, +0000 UTC",EXCLUDE,,,0.85,general topic — no specific corpus paper linkable from title or metadata,"Title 'Screen Time and Mental Health' is a generic evergreen health page on News-Medical (published 06/29/2022). Provisional paper 84 (Shou 2026 Acta Psychologica) was published in 2026, making linkage to a 2022 article impossible. No summary is available and the title alone cannot satisfy L1-L4 for any candidate paper.",84,
A0376,News-Medical,Bedtime screen habits linked to poor sleep in tweens,https://www.news-medical.net/news/20250620/Bedtime-screen-habits-linked-to-poor-sleep-in-tweens.aspx,"06/20/2025, 07:00 AM, +0000 UTC",INCLUDE,158,L4,0.82,,"Title 'Bedtime screen habits linked to poor sleep in tweens' published 06/20/2025 on News-Medical closely matches paper 158 (Nagata 2025 Sleep Health, 'Social epidemiology of bedtime screen use behaviors and sleep outcomes in early adolescence'). L4: UCSF lead institution + bedtime screen use topic + ABCD Study cohort + publication timing aligns with 2025 Sleep Health paper. Paper 139 (Nagata 2024 J Adolescent Health) and 157 (Nagata 2023 Sleep Health) also provisional but 158 is the best temporal match for a June 2025 article.","139,157,158",
A0377,News-Medical,How bedtime screen use affects sleep in early adolescents,https://www.news-medical.net/news/20240723/How-bedtime-screen-use-affects-sleep-in-early-adolescents.aspx,"07/23/2024, 07:00 AM, +0000 UTC",INCLUDE,139,L4,0.88,,"Title 'How bedtime screen use affects sleep in early adolescents' published 07/23/2024 on News-Medical maps directly to paper 139 (Nagata 2024 Journal of Adolescent Health, 'Bedtime Screen Use Behaviors and Sleep Outcomes in Early Adolescents: A Prospective Cohort Study'). L4: UCSF + bedtime screen use + early adolescents + ABCD Study, uniquely consistent with paper 139. The 2024 publication date aligns with paper 139's year. Paper 157 (Nagata 2023 Sleep Health) is an older parallel paper; the 2024 article more likely covers the 2024 J Adolescent Health publication.","139,157",
A0378,News-Medical,Parents' role key in shaping children's exposure to mature media,https://www.news-medical.net/news/20250206/Parents-role-key-in-shaping-childrens-exposure-to-mature-media.aspx,"02/06/2025, 08:00 AM, +0000 UTC",INCLUDE,184,L4,0.9,,"Title 'Parents' role key in shaping children's exposure to mature media' published 02/06/2025 on News-Medical maps to paper 184 (Nagata 2025 Pediatric Research, 'Associations between media parenting practices and early adolescent screen use'). L4: UCSF lead institution + media parenting/children's media exposure topic + ABCD Study, uniquely consistent with paper 184. Publication timing (Feb 2025) aligns with Pediatric Research 2025 paper.",184,
A0379,News-Medical,Screen time and ADHD: why social media stands out from gaming and TV,https://www.news-medical.net/news/20251210/Screen-time-and-ADHD-why-social-media-stands-out-from-gaming-and-TV.aspx,"12/10/2025, 08:00 AM, +0000 UTC",INCLUDE,"435,436",L4,0.88,,"Title 'Screen time and ADHD: why social media stands out from gaming and TV' published 12/10/2025 on News-Medical matches papers 435/436 (Nivins 2025 Pediatrics Open Science, 'Digital Media, Genetics, and Risk for ADHD Symptoms in Children'). L4: Karolinska Institute + ADHD + social media distinguished from gaming/TV + ABCD Study, uniquely consistent with the Nivins 2025 finding that social media specifically predicts inattention (beta=0.03 in CLPN). Papers 435 and 436 are the same paper with different DOI variants; both tagged as multi-mapped per protocol.","192,435,436",
A0380,News-Medical,"Study finds distinct link between sleep duration, social media usage, and brain activation in teens",https://www.news-medical.net/news/20240530/Study-finds-distinct-link-between-sleep-duration-social-media-usage-and-brain-activation-in-teens.aspx,"05/30/2024, 07:00 AM, +0000 UTC",INCLUDE,314,L4,0.72,,"Title 'Study finds distinct link between sleep duration, social media usage, and brain activation in teens' published 05/30/2024 on News-Medical matches paper 314 (Kiss 2026 Journal of Sleep Research, 'Neural Sensitivity to Social Media Use: Implications for Sleep Duration in Adolescents'). L4: SRI International + sleep duration + social media + neural/brain activation + ABCD Study. The article was published in 2024 while paper 314 is listed as 2026 — the article may cover a preprint or early online version. Confidence reduced to 0.72 due to temporal gap; flagged for human review.",314,
A0381,Association for Psychological Science – APS,Longitudinal Data Show No Evidence of Teens’ Social Media Use Leading to Depression,https://www.psychologicalscience.org/observer/longitudinal-data-show-no-evidence-of-teens-social-media-use-leading-to-depression,"02/27/2019, 08:00 AM, +0000 UTC",EXCLUDE,,,0.92,"non-ABCD cohort — pre-ABCD longitudinal study, not from corpus","Title 'Longitudinal Data Show No Evidence of Teens' Social Media Use Leading to Depression' published 02/27/2019 on APS Observer predates all ABCD publications. Paper 8 (Nagata 2025 JAMA Network Open) is from 2025. The 2019 APS article most likely covers Orben & Przybylski or a similar pre-ABCD longitudinal dataset (e.g., UK Millennium Cohort or MCS). None of L1-L4 can be satisfied for any 2020–2026 corpus paper by a 2019 article.",8,
A0382,HealthCentral,Social Media and Depression: How to Help Your Kids,https://www.healthcentral.com/condition/depression/social-media-and-depression,"06/08/2022, 07:00 AM, +0000 UTC",EXCLUDE,,,0.85,"general topic — parenting advice article, no specific corpus paper linkable","Title 'Social Media and Depression: How to Help Your Kids' published 06/08/2022 on HealthCentral is a consumer health/parenting advice article. No summary, no ABCD-specific content evident. Provisional paper 8 (Nagata 2025 JAMA Network Open) was published in 2025, making linkage to a 2022 article impossible. No L1-L4 criteria met for any corpus paper.",8,
A0383,HealthCentral,Male Depression a& Anxiety in Athletes: Overcoming the Taboo,https://www.healthcentral.com/condition/depression/male-depression-and-anxiety-in-athletes,"06/09/2022, 07:00 AM, +0000 UTC",EXCLUDE,,,0.99,"out-of-corpus topic — article about depression and anxiety in male athletes, no ABCD or smartphone/SM content","Title 'Male Depression & Anxiety in Athletes: Overcoming the Taboo' (HealthCentral, 06/09/2022) is entirely about athlete mental health and stigma — no connection to ABCD Study, screen time, smartphones, or social media. Provisional paper 8 linkage is implausible. No L1-L4 criteria met.",8,
A0384,The Lancet,From social media to artificial intelligence: improving research on digital harms in youth,https://www.thelancet.com/journals/lanchi/article/PIIS2352-4642(24)00332-8/abstract,"01/21/2025, 08:00 AM, +0000 UTC",EXCLUDE,,,0.8,out-of-corpus — Lancet Child & Adolescent Health commentary on research methodology for digital harms; not coverage of a specific corpus paper,"URL points to Lancet Child & Adolescent Health (PIIS2352-4642(24)00332-8), a commentary titled 'From social media to artificial intelligence: improving research on digital harms in youth' (01/21/2025). This is itself an academic commentary, not a news article covering a specific corpus paper. Without body text, cannot confirm L1-L4 linkage to paper 8 (Nagata 2025 JAMA Network Open) or any other corpus paper. Excluded pending full-text verification.",8,
A0385,The Lancet,Associations between 24 hour movement behaviours and global cognition in US children: a cross-sectional observational study,https://www.thelancet.com/journals/lanchi/article/PIIS2352-4642(18)30278-5/abstract,"09/26/2018, 07:00 AM, +0000 UTC",EXCLUDE,,,0.95,"out-of-corpus ABCD paper — this is a 2018 primary research article in Lancet Child & Adolescent Health, not a news article covering a corpus paper",URL (PIIS2352-4642(18)30278-5) is a 2018 Lancet Child & Adolescent Health primary research paper about '24 hour movement behaviours and global cognition in US children' (ABCD Study baseline). This is itself a research article — not a news piece covering corpus paper 57 (Lin 2020 J Abnormal Child Psychology). The paper is an ABCD study but not in our corpus. No L1-L4 to any candidate paper.,57,
A0386,The Lancet,The Lancet Commission on lessons for the future from the COVID-19 pandemic,https://www.thelancet.com/article/S0140-6736(22)01585-9/fulltext,"07/14/2025, 11:12 AM, +0000 UTC",EXCLUDE,,,0.99,"out-of-corpus topic — Lancet Commission on COVID-19 pandemic policy, no ABCD or screen time content","URL (S0140-6736(22)01585-9) is the Lancet Commission on lessons from COVID-19 — a global public health policy document. Completely unrelated to ABCD Study, screen time, or smartphone/SM research. Provisional paper 177 (Kiss 2023 Health Psychology, COVID screen time) matched only via COVID keyword overlap. No L1-L4 met.",177,
A0387,The Lancet,"Indirect effects of the COVID-19 pandemic on malaria intervention coverage, morbidity, and mortality in Africa: a geospatial modelling analysis",https://www.thelancet.com/journals/laninf/article/PIIS1473-3099(20)30700-3/fulltext,"09/21/2020, 07:00 AM, +0000 UTC",EXCLUDE,,,0.99,"out-of-corpus topic — Lancet Infectious Diseases article on malaria in Africa, no ABCD or screen time content","URL (PIIS1473-3099(20)30700-3) is 'Indirect effects of the COVID-19 pandemic on malaria intervention coverage... in Africa.' Completely unrelated to ABCD Study, adolescents, screen time, or smartphones. Provisional paper 177 matched only via COVID keyword. No L1-L4 met.",177,
A0388,The Lancet,Effects of the COVID-19 pandemic on NHS England waiting times for elective hospital care: a modelling study,https://www.thelancet.com/journals/lancet/article/PIIS0140-6736(23)02744-7/fulltext,"01/11/2024, 08:00 AM, +0000 UTC",EXCLUDE,,,0.99,"out-of-corpus topic — Lancet article on NHS England waiting times, no ABCD or screen time content","URL (PIIS0140-6736(23)02744-7) is 'Effects of the COVID-19 pandemic on NHS England waiting times for elective hospital care.' Completely unrelated to ABCD Study, screen time, or smartphone/SM research. Provisional paper 177 matched only via COVID keyword. No L1-L4 met.",177,
A0389,HCPLive,Study Shows a Correlation Between Social Media Use and Irritability,https://www.hcplive.com/view/study-shows-a-correlation-between-social-media-use-irritability,"01/10/2025, 08:00 AM, +0000 UTC",EXCLUDE,,,0.65,insufficient evidence — social media + irritability topic does not map to provisional paper 8 (depressive symptoms); paper 381 (Zhang 2026 irritability) post-dates this article; no corpus paper confirmed,"Title 'Study Shows a Correlation Between Social Media Use and Irritability' published 01/10/2025 on HCPLive. Provisional paper 8 (Nagata 2025 JAMA Network Open) covers social media → depressive symptoms, not irritability. Paper 381 (Zhang 2026 J Child & Adolescent Psychopharmacology, ABCD irritability temporal network) is from 2026 — this Jan 2025 article cannot cover it. No summary available; without body text, cannot identify which specific study (possibly non-corpus) this article covers. Excluded but flagged for human review due to low confidence.",8,
A0390,The Guardian,Depression in girls linked to higher use of social media,https://www.theguardian.com/society/2019/jan/04/depression-in-girls-linked-to-higher-use-of-social-media,"01/04/2019, 08:00 AM, +0000 UTC",EXCLUDE,,,0.95,non-ABCD cohort — 2019 Guardian article about UK cohort study linking depression in girls to social media use,Published 01/04/2019 in The Guardian with title 'Depression in girls linked to higher use of social media.' This predates ABCD publications and is almost certainly covering the Viner & Abubakar (2019) or McCrae et al. UK cohort study (same news cycle as the UCL press release A0396 published the same date). No ABCD or corpus paper link possible. Provisional paper 8 (Nagata 2025) is from 2025. No L1-L4 met.,8,
A0391,theguardian.com,Teenagers who go to bed early and sleep longer have ...,https://www.theguardian.com/science/2025/apr/22/teenagers-bed-early-sleep-longer-sharper-brains-study,"Apr 22, 2025",EXCLUDE,,,0.9,"ABCD coverage of out-of-corpus topic — article about sleep timing and cognitive sharpness in adolescents, no smartphone/SM exposure variable","Title 'Teenagers who go to bed early and sleep longer have sharper brains' (The Guardian, Apr 22, 2025). Summary confirms ABCD Study data from Fudan University, n=3,222. Topic is sleep duration/timing → cognitive outcomes — no smartphone or social media IV. This is an ABCD study but outside the smartphone/SM corpus. No L1-L4 to any candidate paper.",,"Sahakian's team and researchers at Fudan University in Shanghai analysed data from 3,222 young people in the adolescent brain cognitive development study ..."
A0392,theguardian.com,Study links greater inequality to structural changes in ...,https://www.theguardian.com/science/2025/sep/30/study-links-greater-inequality-to-structural-changes-in-childrens-brains,"Sep 30, 2025",EXCLUDE,,,0.95,"ABCD coverage of out-of-corpus topic — inequality and brain structure, no smartphone/SM content","Title 'Study links greater inequality to structural changes in children's brains' (The Guardian, Sep 30, 2025). Summary confirms ABCD Study, King's College researchers, Nature Mental Health journal. Topic is socioeconomic inequality → brain structure — no smartphone or social media exposure variable. No L1-L4 to any corpus paper.",,The data was gathered from the Adolescent Brain Cognitive Development study and published in the journal Nature Mental Health. Researchers at King's College ...
A0393,theguardian.com,Why have energy drinks been banned for under-16s in ...,https://www.theguardian.com/commentisfree/2025/sep/10/england-ban-energy-drinks-caffeine-children-parents-social-media,"Sep 10, 2025",EXCLUDE,,,0.92,"ABCD coverage of out-of-corpus topic — energy drinks, caffeine, and adolescent brain; no smartphone/SM content","Title 'Why have energy drinks been banned for under-16s...' (The Guardian, Sep 10, 2025). Summary references ABCD Study + caffeine/substances impact on brain — no smartphone or social media IV. Out-of-corpus topic. No L1-L4 to any corpus paper.",,"... adolescent brain cognitive development study. It followed these children over time to look at the impact of various substances, including caffeine, on brain ..."
A0394,theguardian.com,Is your smartphone ruining your memory? A special report ...,https://www.theguardian.com/global/2022/jul/03/is-your-smartphone-ruining-your-memory-the-rise-of-digital-amenesia,"Jul 3, 2022",INCLUDE,190,L3,0.72,,"Title 'Is your smartphone ruining your memory? A special report on digital amnesia' (The Guardian, Jul 3, 2022). Summary states: 'Smartphone use can even change the brain, according to the ongoing ABCD study which is tracking over 10,000 American children through to adulthood.' L3 paraphrase: smartphone use → memory/intelligence change in ABCD children — maps to paper 190 (Sauce 2022 Scientific Reports, 'The impact of digital media on children's intelligence while controlling for genetic differences in cognition'). Both published in 2022; sample ~10,000 ABCD children; finding that digital media/socializing composite predicts intelligence change is consistent. Two L3 elements matched: ABCD sample (~10,000) + smartphone/digital media → memory/cognitive outcome. Confidence 0.72 due to absent article body; flagged for human review.",,"Smartphone use can even change the brain, according to the ongoing ABCD study which is tracking over 10,000 American children through to adulthood. “It ..."
A0395,Harvard Health,Scroll smarter to protect your mental health,https://www.health.harvard.edu/mind-and-mood/scroll-smarter-to-protect-your-mental-health,"05/01/2022, 07:00 AM, +0000 UTC",EXCLUDE,,,0.8,"general topic — consumer health article about social media and mental health, no specific corpus paper linkable","Title 'Scroll smarter to protect your mental health' (Harvard Health, 05/01/2022) is a general consumer wellness article. No summary available. Provisional paper 8 (Nagata 2025 JAMA Network Open) was published in 2025, making a 2022 linkage impossible. No L1-L4 criteria met for any corpus paper.",8,
A0396,UCL | University College London,Depression linked to social media twice as high among girls | UCL News - UCL,https://www.ucl.ac.uk/news/2019/jan/depression-linked-social-media-twice-high-among-girls-0,"01/04/2019, 08:00 AM, +0000 UTC",EXCLUDE,,,0.95,non-ABCD cohort — UCL press release about UK cohort study on depression and social media in girls,"Published 01/04/2019 on UCL News: 'Depression linked to social media twice as high among girls.' This is a UCL press release about a 2019 UK-based study (likely Viner & Abubakar or associated researchers), not ABCD. Published same day as The Guardian article A0390 covering the same story. Predates all ABCD publications; provisional paper 8 (Nagata 2025) is from 2025. No L1-L4 met.",8,
A0397,Earth.com,"Exercise over social media: less stress, more life satisfaction",https://www.earth.com/news/exercise-over-social-media-less-stress-more-life-satisfaction/,"02/08/2023, 08:00 AM, +0000 UTC",EXCLUDE,,,0.85,"general topic — generic wellness article comparing exercise to social media, no specific ABCD or corpus paper link","Title 'Exercise over social media: less stress, more life satisfaction' (Earth.com, 02/08/2023) is a general health/lifestyle article. No summary; no ABCD-specific content evident from title. Provisional paper 8 (Nagata 2025) is from 2025 — temporal mismatch. No L1-L4 criteria met for any corpus paper.",8,
A0398,Earth.com,Too much screen time could put kids’ hearts at risk,https://www.earth.com/news/too-much-screen-time-could-put-kids-hearts-at-risk/,"08/10/2025, 07:00 AM, +0000 UTC",EXCLUDE,,,0.88,out-of-corpus topic — article about screen time and cardiovascular risk in children; no corpus paper covers this outcome,"Title 'Too much screen time could put kids' hearts at risk' (Earth.com, 08/10/2025). Provisional paper 84 (Shou 2026 Acta Psychologica) covers screen time → cognitive function via putamen volume — not cardiovascular outcomes. No candidate paper in the corpus addresses screen time → cardiac/cardiovascular risk in ABCD children. No L1-L4 met.",84,
A0399,Earth.com,How screen time changes the brain structure of children,https://www.earth.com/news/how-screen-time-changes-the-brain-based-on-23-years-of-research/,"11/18/2023, 08:00 AM, +0000 UTC",INCLUDE,192,L3,0.88,,"Title 'How screen time changes the brain structure of children' (Earth.com, 11/18/2023) matches paper 192 (Nivins 2024 Scientific Reports, 'Long-term impact of digital media on brain development in children'). L3 paraphrase: screen time → brain structure/development in children from ABCD Study — maps uniquely to paper 192 (Nivins, social media use × Time predicts cerebellum volume and other brain structures over 4 ABCD waves). Published Nov 2023, consistent with early online/pre-publication release of the 2024 paper. Two L3 elements: brain structure outcome + long-term screen time in ABCD children.",192,
A0400,Earth.com,Screen time and mental health: A vicious cycle for kids,https://www.earth.com/news/screen-time-and-mental-health-a-vicious-cycle-for-kids/,"06/11/2025, 07:00 AM, +0000 UTC",INCLUDE,"393,394",L3,0.72,,"Article title 'Screen time and mental health: A vicious cycle for kids' paraphrases the bidirectional/cross-lagged design of Nagata et al. BMC Public Health 2024 (papers 393/394, same underlying paper). The 'vicious cycle' framing maps to the reciprocal screen time <-> depressive symptoms findings. Published Jun 2025, consistent with post-publication coverage. No snippet available to confirm specific statistics; confidence flagged for human review.","393,394",
A0401,Sia.az,The pressure to be perfect – The idealisation syndrome on social media and its impact on mental health,https://sia.az/en/news/social/1288918.html,"10/03/2025, 02:37 PM, +0000 UTC",EXCLUDE,,,0.0,"out-of-corpus topic — article is about social media 'idealisation syndrome' and mental health, a general psychology topic not tied to ABCD Study or any corpus paper; no snippet evidence of ABCD linkage",Title focuses on 'idealisation syndrome on social media' — a general social psychology topic. No ABCD Study or first author/journal of paper 8 detectable. Published Oct 2025 but content is generic.,8,
A0402,BBC,"Internet use linked to higher wellbeing, global study suggests",https://www.bbc.com/news/articles/c89z2v0pjl3o,"05/12/2024, 07:00 AM, +0000 UTC",EXCLUDE,,,0.0,non-ABCD cohort — article reports a global study finding internet use linked to higher wellbeing; not ABCD-based and does not map to any corpus paper,BBC article describes a global multi-country internet/wellbeing study (likely Oxford Internet Institute or similar). Not the ABCD Study and not Nagata paper 8. Provisional ID 8 is a keyword artifact.,8,
A0403,bbc.com,Is an early night the key to better test results?,https://www.bbc.com/news/articles/cvg7j0pg1e2o,"Apr 23, 2025",EXCLUDE,,,0.0,ABCD coverage of out-of-corpus topic — snippet cites Cell Reports paper by Qing Ma (Fudan University) using ABCD data on sleep and academic performance; no corpus paper matches this author/venue/topic,"Snippet: 'The study, published in Cell Reports, also used data from the Adolescent Brain Cognitive Development Study. Dr Qing Ma, of Fudan University...' — no candidate paper has first author Ma or venue Cell Reports.",,"The study, published in Cell Reports, also used data from the Adolescent Brain Cognitive Development Study. Dr Qing Ma, of Fudan University, said: ""Although ..."
A0404,vox.com,Have smartphones really destroyed a generation? We don’t know.,https://www.vox.com/science-and-health/2019/2/20/18210498/smartphones-tech-social-media-teens-depression-anxiety-research,"02/20/2019, 08:00 AM, +0000 UTC",EXCLUDE,,,0.0,"general ABCD coverage, no specific paper from corpus — 2019 Vox explainer about the ABCD Study and smartphone/social media research debate; published before most corpus papers exist",Snippet: 'Breslin is currently working on an enormous study of adolescent brain development. It's called the ABCD Study...' — overview/anticipatory coverage of ABCD Study from Feb 2019; no specific corpus paper cited.,8,"Breslin is currently working on an enormous study of adolescent brain development. It's called the ABCD Study (Adolescent Brain Cognitive Development Study), ..."
A0405,vox.com,Is our constant use of digital technologies affecting our brain health? We asked 11 experts.,https://www.vox.com/science-and-health/2018/11/28/18102745/cellphone-distraction-brain-health-screens-kids,"11/28/2018, 08:00 AM, +0000 UTC",EXCLUDE,,,0.0,published before corpus paper — Vox Nov 2018 expert opinion piece predates provisional paper 190 (Sauce et al. Scientific Reports 2022) by ~4 years; cannot be coverage of it,"Published Nov 28, 2018. Paper 190 (Sauce 2022) published 2022. Temporal impossibility for linkage. Article is a general expert-opinion piece on digital technology and brain health.",190,
A0406,vox.com,The quest to solve the mysteries of teen minds - Vox,https://www.vox.com/podcasts/471398/teenage-brains-science-abcd-study-unexplainable,"Dec 10, 2025",EXCLUDE,,,0.0,"general ABCD coverage, no specific paper from corpus — Vox podcast episode about the ABCD Study's mission and adolescent brain science; no specific corpus paper identified",Snippet describes NIH launching ABCD Study and following adolescents longitudinally. General overview podcast from Dec 2025 with no provisional paper IDs and no identifiable corpus paper coverage.,,"And so, the NIH ultimately decided to kick off a massive project: the Adolescent Brain Cognitive Development study, or “ABCD.” The plan was to follow ..."
A0407,Institute for Family Studies,Six Facts About Screens and Teen Mental Health That a Recent New York Times’ Article Ignores,https://ifstudies.org/blog/six-facts-about-screens-and-teen-mental-health-that%20a-recent-new-york-times-article-ignores,"01/22/2020, 08:00 AM, +0000 UTC",EXCLUDE,,,0.0,published before provisional corpus paper — Jan 2020 IFS commentary predates paper 8 (Nagata 2025 JAMA Network Open) by 5 years; likely references non-ABCD or pre-corpus UK/general studies on screens and teen mental health,"Published Jan 22, 2020. Paper 8 published 2025. No snippet to verify ABCD or corpus paper linkage. General commentary on social media/mental health debate.",8,
A0408,EL PAÍS English,Does internet use improve well-being? Study suggests it does for everyone except young women,https://english.elpais.com/technology/2024-06-27/does-internet-use-improve-well-being-study-suggests-it-does-for-everyone-except-young-women.html,"06/27/2024, 07:00 AM, +0000 UTC",EXCLUDE,,,0.0,"non-ABCD cohort — El País article covers a study finding internet use benefits wellbeing except for young women; different cohort from ABCD, does not map to corpus paper 8",Article covers a global internet/wellbeing study with gender moderation (not ABCD Study and not Nagata et al.). Provisional ID 8 is a keyword-query artifact.,8,
A0409,Meer | English edition,How digital technology can affect our brains,https://www.meer.com/en/67168-how-digital-technology-can-affect-our-brains,"02/10/2022, 08:00 AM, +0000 UTC",EXCLUDE,,,0.0,published before provisional corpus paper — Meer Feb 2022 article predates paper 8 (Nagata 2025 JAMA Network Open) by 3 years; likely a generic digital technology/brain health piece,"Published Feb 10, 2022. Paper 8 published 2025. No snippet available. Generic topic article title; no ABCD-specific evidence.",8,
A0410,Meer | English edition,Solarwind in array,https://www.meer.com/en/83391-solarwind-in-array,"09/28/2024, 07:00 AM, +0000 UTC",EXCLUDE,,,0.0,"unrelated topic — article title 'Solarwind in array' is about solar wind/energy, not screen time or social media research; provisional ID 190 is a search artifact","Title 'Solarwind in array' from Meer (Sep 2024) is clearly about solar wind phenomena, not digital media or adolescent health. No L1-L4 criteria can be met.",190,
A0411,The Journalist's Resource,The health effects of screen time on children: A research roundup,https://journalistsresource.org/education/screen-time-children-health-research/,"05/14/2019, 07:00 AM, +0000 UTC",EXCLUDE,,,0.0,insufficient evidence for linkage — May 2019 Journalist's Resource roundup predates provisional paper 8 (2025); no snippet to confirm coverage of papers 55 (Fors 2019) or 398 (Guerrero 2019); cannot confirm L2-L4 without body text,"Published May 14, 2019. While papers 55 (Fors & Barch 2019) and 398 (Guerrero et al. 2019) exist by this date, no snippet confirms author name, journal, or distinctive finding paraphrase meeting L2-L4.",8,
A0412,The Mirror,Teenage girls' depression linked directly to social media use for first time,https://www.mirror.co.uk/news/uk-news/teenage-girls-depression-linked-directly-13809402,"01/04/2019, 08:00 AM, +0000 UTC",EXCLUDE,,,0.0,non-ABCD cohort — Mirror Jan 2019 article about UK study linking teenage girls' depression to social media for the first time; not ABCD Study,"Published Jan 4, 2019. Headline 'linked directly to social media use for first time' matches a UK longitudinal cohort study (likely Booker/Skew 2019 or similar UK dataset). Not the ABCD Study. Paper 8 (2025) did not exist.",8,
A0413,Gulf News,Girls hyperactive on social media more prone to depression than boys: Study,https://gulfnews.com/world/europe/girls-hyperactive-on-social-media-more-prone-to-depression-than-boys-study-1.1546662817760,"01/05/2019, 08:00 AM, +0000 UTC",EXCLUDE,,,0.0,non-ABCD cohort — Gulf News Jan 2019 coverage of same UK study as A0412 about girls and social media depression; not ABCD,"Published Jan 5, 2019. Covers same UK social media/girls/depression study as A0412. Not ABCD Study. Paper 8 did not exist in 2019.",8,
A0414,Hindustan Times,Girls twice more likely to be depressed due to social media use | Health,https://www.hindustantimes.com/health/girls-twice-more-likely-to-be-depressed-due-to-social-media-use/story-WoncaqdK4zzuketrFlN7iN.html,"01/07/2019, 08:00 AM, +0000 UTC",EXCLUDE,,,0.0,non-ABCD cohort — Hindustan Times Jan 2019 coverage of same UK social media/girls depression study; not ABCD,"Published Jan 7, 2019. 'Girls twice more likely to be depressed due to social media use' — same UK cohort study as A0412/A0413. Not ABCD Study.",8,
A0415,SMH.com.au,We can combat the use of envy by social media,https://www.smh.com.au/education/we-can-combat-the-use-of-envy-by-social-media-20190723-p529tm.html,"09/15/2019, 07:00 AM, +0000 UTC",EXCLUDE,,,0.0,out-of-corpus topic — SMH Sep 2019 opinion piece about social media and envy; not an ABCD Study paper and no corpus paper linkage identifiable,"Published Sep 15, 2019. Title 'We can combat the use of envy by social media' is an opinion/commentary piece. No ABCD Study linkage, no corpus paper match.",8,
A0416,Brain and Behavior Research,"A Link Between More Screen Time in Childhood and Depression in Early Adolescence Is Related to Less Sleep and White Matter Changes, Study Finds",https://bbrfoundation.org/content/link-between-more-screen-time-childhood-and-depression-early-adolescence-related-less-sleep,"08/28/2025, 07:00 AM, +0000 UTC",INCLUDE,13,L3,0.95,,"BBRF article title 'A Link Between More Screen Time in Childhood and Depression in Early Adolescence Is Related to Less Sleep and White Matter Changes, Study Finds' is a direct paraphrase of Lima Santos et al. 2025 JAMA Pediatrics (paper 13), which examines screen time -> depression mediated by sleep duration and cingulum bundle white matter changes in ABCD sample (n=976, ages 9-10 to 11-13). All three elements (screen time, depression, sleep + white matter) uniquely map to paper 13. Published Aug 2025, consistent with paper 13 (2025) coverage. Paper 521 (Must 2023 autism/obesity) does not match.","13,521",
A0417,Brain and Behavior Research,Study Finds “Small But Significant” Impact of Electronic Media Use on Mental Health in Children,https://bbrfoundation.org/content/study-finds-small-significant-impact-electronic-media-use-mental-health-children,"02/27/2020, 08:00 AM, +0000 UTC",INCLUDE,55,L3,0.88,,"BBRF article (Feb 2020) 'Study Finds Small But Significant Impact of Electronic Media Use on Mental Health in Children' maps to Fors & Barch 2019 Child Psychiatry & Human Development (paper 55), which reports small but significant associations between electronic media modalities (texting, social networks, video chat) and anxiety/depression in ABCD children. The 'small but significant' qualifier and 'electronic media use / mental health in children' framing distinctively match paper 55's findings and the ABCD Study context. Published Feb 2020, ~6 months after paper 55 publication.",55,
A0418,EMJ,Screen Time in Childhood Linked to Teen Depression,https://www.emjreviews.com/general-healthcare/news/screen-time-in-childhood-linked-to-teen-depression/,"07/06/2025, 07:00 AM, +0000 UTC",INCLUDE,13,L3,0.88,,"EMJ article (Jul 2025) 'Screen Time in Childhood Linked to Teen Depression' paraphrases the core finding of Lima Santos et al. 2025 JAMA Pediatrics (paper 13): screen time in childhood (ages 9-10) prospectively predicting depression in early adolescence (11-13) via sleep and white matter changes in ABCD. Published Jul 2025 consistent with paper 13 coverage. Paper 84 (Shou 2026, screen time and cognitive function/putamen) does not match the depression focus.","13,84",
A0419,EMJ,How Social Media Shapes Children’s Attention Over Time,https://www.emjreviews.com/general-healthcare/news/how-social-media-shapes-childrens-attention-over-time/,"12/14/2025, 08:00 AM, +0000 UTC",INCLUDE,"435,436",L3,0.87,,"EMJ article (Dec 2025) 'How Social Media Shapes Children's Attention Over Time' maps to Nivins et al. Pediatrics Open Science 2025 (papers 435/436, same paper): 'Digital Media, Genetics, and Risk for ADHD Symptoms in Children: A Longitudinal Study.' The paraphrase captures social media use longitudinally shaping attention (inattention/ADHD) in children — the paper reports social media use predicting inattention symptoms (β=0.03, p<.001) over time in ABCD. Papers 435 and 436 are the same paper at two DOI variants; both tagged.","435,436",
A0420,Motherly,How screen time affects sleep—and why it matters for your child’s mental health,https://www.mother.ly/parenting/how-screens-affect-child-sleep-and-mood/,"07/04/2025, 07:00 AM, +0000 UTC",INCLUDE,13,L3,0.68,,"Motherly article (Jul 2025) 'How screen time affects sleep—and why it matters for your child's mental health' provisionally maps to Lima Santos et al. 2025 JAMA Pediatrics (paper 13), which shows screen time -> depression pathway mediated by sleep in ABCD children. The screen time + sleep + child mental health combination is consistent with paper 13. However, many corpus papers address this combination (e.g., papers 136, 157, 177); no snippet is available to confirm specific paraphrase. Confidence <0.7 — flagged for human review.",13,
A0421,Advanced Science News,New study reveals surprising impact of screen time on the developing brain,https://www.advancedsciencenews.com/new-study-reveals-surprising-impact-of-screen-time-on-the-developing-brain/,"01/25/2024, 08:00 AM, +0000 UTC",INCLUDE,18,L2,0.95,,"Advanced Science News is the news outlet of the journal publisher Wiley/Advanced Science. Article published Jan 25, 2024 coincides with Li et al. 2024 Advanced Science (paper 18: 'Causal Relationships Between Screen Use, Reading, and Brain Development in Early Adolescents'). L2 criterion met: the outlet name contains the journal name 'Advanced Science,' and the article covers a paper published in that same journal in Jan 2024. The title 'surprising impact of screen time on the developing brain' paraphrases paper 18's findings on screen use and brain development in ABCD adolescents.",18,
A0422,Cureus,"Sleep Duration, Quality, and Factors Affecting Sleep Health Among Young People in the California Bay Area: A Cross-Sectional Study",https://www.cureus.com/articles/432746-sleep-duration-quality-and-factors-affecting-sleep-health-among-young-people-in-the-california-bay-area-a-cross-sectional-study,"12/03/2025, 08:00 AM, +0000 UTC",EXCLUDE,,,0.0,non-ABCD cohort — Cureus primary research article reporting a cross-sectional study of sleep health among youth in the California Bay Area; independent cohort study that may cite corpus papers but is not news coverage of them,"Cureus article is an independent primary study (cross-sectional) of Bay Area youth sleep health. Despite multiple provisional IDs, this is a separate non-ABCD cohort study, not a news article covering a corpus paper. Citing ABCD papers in references does not satisfy L1-L4.","139,157,18,215,393,394,57",
A0423,Cureus,"The Impact of Screen Time on the Health of the Pediatric Population: Short- and Long-Term Consequences for Lifestyle, Ophthalmology, and Mental Health",https://www.cureus.com/articles/434434-the-impact-of-screen-time-on-the-health-of-the-pediatric-population-short--and-long-term-consequences-for-lifestyle-ophthalmology-and-mental-health,"11/16/2025, 08:00 AM, +0000 UTC",EXCLUDE,,,0.0,"insufficient evidence for linkage — Cureus narrative review of screen time and pediatric health; while it may cite corpus papers (381, 420, 443, 57, 84), no snippet confirms specific L3/L4 paraphrase of any corpus paper's finding; review articles citing papers do not meet linkage criteria without body-text evidence","Cureus review article covering broad screen time effects (lifestyle, ophthalmology, mental health) in pediatric populations. Multiple provisional IDs suggest keyword overlap. No snippet to confirm any corpus paper is distinctively paraphrased. Flagged for potential human review if body text accessible.","381,420,443,57,84",
A0424,Cureus,"Association Between Screen Time, Dietary Patterns, and Oral Health Among Children: A Cross-Sectional Study",https://www.cureus.com/articles/349191-association-between-screen-time-dietary-patterns-and-oral-health-among-children-a-cross-sectional-study,"03/28/2025, 07:00 AM, +0000 UTC",EXCLUDE,,,0.0,"out-of-corpus topic — Cureus primary research article on screen time, dietary patterns, and oral health in children; oral health is not a topic in any corpus paper; provisional ID 84 (Shou 2026, cognitive function) is a keyword artifact","Article focuses on oral health outcomes (not covered by any of the 69 corpus papers). Paper 84 concerns putamen volume and cognitive function, not dietary patterns or oral health. No L1-L4 criteria met.",84,
A0425,Cureus,The Association Between Screen Time Exposure and Autism Spectrum Disorder-Like Symptoms in Children,https://www.cureus.com/articles/73980-the-association-between-screen-time-exposure-and-autism-spectrum-disorder-like-symptoms-in-children,"10/14/2021, 07:00 AM, +0000 UTC",EXCLUDE,,,0.95,"non-ABCD cohort; Cureus original study on screen time and autism-like symptoms in children, unrelated to any corpus paper","Title describes an original Cureus study on screen time and ASD-like symptoms in children. Provisional paper 84 (Shou 2026, Acta Psychologica) covers screen time and cognitive function via putamen volume in ABCD. No author, journal, finding, or institution overlap with any corpus paper. Different cohort and outcome.",84,
A0426,Cureus,Screen Time Among Medical and Nursing Students and Its Correlation With Sleep Quality and Attention Span: A Cross-Sectional Study,https://www.cureus.com/articles/242036-screen-time-among-medical-and-nursing-students-and-its-correlation-with-sleep-quality-and-attention-span-a-cross-sectional-study,"04/15/2024, 07:00 AM, +0000 UTC",EXCLUDE,,,0.97,non-ABCD cohort; Cureus original study on screen time and sleep/attention in medical and nursing students (adults),"Article is an original Cureus cross-sectional study in adult medical/nursing students. Provisional paper 84 (Shou 2026, ABCD, cognitive function) is an entirely different cohort, outcome, and design. No L1-L4 linkage to any corpus paper.",84,
A0427,Cureus,"Digital Detox Strategies and Mental Health: A Comprehensive Scoping Review of Why, Where, and How",https://www.cureus.com/articles/336341-digital-detox-strategies-and-mental-health-a-comprehensive-scoping-review-of-why-where-and-how,"02/01/2025, 08:00 AM, +0000 UTC",EXCLUDE,,,0.95,"out-of-corpus topic; Cureus scoping review on digital detox strategies and mental health, not covering any specific corpus paper","Title is a scoping review on digital detox strategies and mental health. Provisional paper 85 (Doran 2025, Addictive Behaviors, mobile phone/social media and substance use in ABCD). No paraphrase of Doran 2025 findings, no ABCD-specific content evident; generic review topic.",85,
A0428,Cureus,Cannabis Expectancies as a Mediator in the Relationship Between Cannabis Use and Psychiatric Symptoms in Women With Post-traumatic Stress Disorder (PTSD) Symptoms,https://www.cureus.com/articles/442695-cannabis-expectancies-as-a-mediator-in-the-relationship-between-cannabis-use-and-psychiatric-symptoms-in-women-with-post-traumatic-stress-disorder-ptsd-symptoms,"05/06/2026, 02:04 AM, +0000 UTC",EXCLUDE,,,0.98,"non-ABCD cohort; Cureus study on cannabis expectancies and PTSD symptoms in women, unrelated to corpus paper 107","Article is about cannabis expectancies as mediator between cannabis use and psychiatric symptoms in women with PTSD. Provisional paper 107 (Nagata 2025, Drug and Alcohol Dependence) is about social media use and cannabis experimentation in ABCD adolescents. Completely different population, exposure, and outcome. No L1-L4 overlap.",107,
A0429,Cureus,Game Faces: How Digital Play Affects the Psychological Landscape of Youth,https://www.cureus.com/articles/298611-game-faces-how-digital-play-affects-the-psychological-landscape-of-youth,"01/15/2025, 08:00 AM, +0000 UTC",EXCLUDE,,,0.93,"out-of-corpus topic; Cureus narrative review on digital gaming and youth psychology, not covering any specific corpus paper","Title describes a general review of how digital play affects youth psychology. Provisional paper 124 (Robertson 2022, J Affective Disorders, screen time and internalizing disorders in ABCD 9-10 year olds). No evidence of ABCD-specific content or any L1-L4 linkage to corpus papers.",124,
A0430,Cureus,The Effects of Social Networks and Digital Technology on Non-suicidal Self-Injury in Children and Adolescents: A Systematic Review,https://www.cureus.com/articles/450969-the-effects-of-social-networks-and-digital-technology-on-non-suicidal-self-injury-in-children-and-adolescents-a-systematic-review,"01/07/2026, 08:00 AM, +0000 UTC",EXCLUDE,,,0.93,"out-of-corpus topic; Cureus systematic review on social networks/digital technology and non-suicidal self-injury, not covering any specific corpus paper","Title is a systematic review on social networks, digital technology, and non-suicidal self-injury in youth. Provisional paper 124 (Robertson 2022, ABCD). Non-suicidal self-injury is not the focus of any corpus paper, and no ABCD-specific paraphrase is evident. No L1-L4 linkage.",124,
A0431,Cureus,Effects of the COVID-19 Pandemic on Orthodontic Practices in Europe: Findings From a Survey by the European Federation of Orthodontics,https://www.cureus.com/articles/466434-effects-of-the-covid-19-pandemic-on-orthodontic-practices-in-europe-findings-from-a-survey-by-the-european-federation-of-orthodontics,"03/05/2026, 08:00 AM, +0000 UTC",EXCLUDE,,,0.99,"out-of-corpus topic; Cureus article on COVID-19 and orthodontic practices in Europe, completely unrelated to corpus paper 177","Article covers COVID-19 effects on orthodontic practices in Europe. Provisional paper 177 (Kiss 2023, Health Psychology, COVID-19 effects on screen time and sleep in early adolescents from ABCD). Zero content overlap. No L1-L4 linkage.",177,
A0432,Cureus,National Trends and Impact of the COVID-19 Pandemic on Trauma Patient Care in the United States,https://www.cureus.com/articles/412549-national-trends-and-impact-of-the-covid-19-pandemic-on-trauma-patient-care-in-the-united-states,"11/24/2025, 08:00 AM, +0000 UTC",EXCLUDE,,,0.99,"out-of-corpus topic; Cureus article on COVID-19 and trauma patient care in US hospitals, unrelated to corpus paper 177","Article covers national trends in trauma patient care during COVID-19. Provisional paper 177 (Kiss 2023, ABCD, screen time and sleep during COVID-19). Completely different topic. No L1-L4 linkage.",177,
A0433,Cureus,Prevalence of Suicide Among Adolescents Before and After the COVID-19 Pandemic,https://www.cureus.com/articles/430909-prevalence-of-suicide-among-adolescents-before-and-after-the-covid-19-pandemic,"11/18/2025, 08:00 AM, +0000 UTC",EXCLUDE,,,0.97,"out-of-corpus topic; Cureus article on prevalence of adolescent suicide before/after COVID-19, not covering corpus paper 177","Article covers adolescent suicide prevalence trends around the COVID-19 pandemic. Provisional paper 177 (Kiss 2023, Health Psychology) is about screen time and sleep changes during COVID-19 in ABCD, not about suicide prevalence. No L1-L4 linkage.",177,
A0434,Cureus,Impact of the COVID-19 Pandemic on Patient Flow in the Nuclear Medicine Department of a COVID-19 Reference Hospital in Greece,https://www.cureus.com/articles/402675-impact-of-the-covid-19-pandemic-on-patient-flow-in-the-nuclear-medicine-department-of-a-covid-19-reference-hospital-in-greece,"09/29/2025, 07:00 AM, +0000 UTC",EXCLUDE,,,0.99,"out-of-corpus topic; Cureus article on COVID-19 and patient flow in a nuclear medicine department in Greece, unrelated to corpus paper 177","Article covers patient flow in a Greek nuclear medicine department during COVID-19. Provisional paper 177 (Kiss 2023, ABCD). Completely different topic and population. No L1-L4 linkage.",177,
A0435,Cureus,Impact of the COVID-19 Pandemic on Children’s Physical Activity As Perceived by Their Parents,https://www.cureus.com/articles/344638-impact-of-the-covid-19-pandemic-on-childrens-physical-activity-as-perceived-by-their-parents,"03/17/2025, 07:00 AM, +0000 UTC",EXCLUDE,,,0.97,"out-of-corpus topic; Cureus article on COVID-19 and children's physical activity as perceived by parents, not covering corpus paper 177","Article covers pandemic impacts on children's physical activity (parent-reported). Provisional paper 177 (Kiss 2023, Health Psychology, screen time and sleep during COVID-19 in ABCD adolescents). No overlap with Kiss 2023 finding; different variable (physical activity vs. screen time/sleep). No L1-L4 linkage.",177,
A0436,Cureus,The Effects of COVID-19 on the Mental Health of Children and Adolescents: A Review,https://www.cureus.com/articles/207363-the-effects-of-covid-19-on-the-mental-health-of-children-and-adolescents-a-review,"03/20/2024, 07:00 AM, +0000 UTC",EXCLUDE,,,0.85,"out-of-corpus topic; general review on COVID-19 and child/adolescent mental health, no specific ABCD screen-time paper linkage evidenced","Cureus review on COVID-19 effects on child and adolescent mental health. Provisional paper 177 (Kiss 2023, Health Psychology, ABCD screen time and sleep). A general review could theoretically cite Kiss 2023 but no ABCD or screen time specifics are indicated in the title or context. Without body text, no L1-L4 criterion can be satisfied from available metadata.",177,
A0437,Cureus,"Psychological Impact of COVID-19 on Children and Adolescents: A Narrative Review of Mental Health Challenges, Interventions, and Long-Term Trajectories",https://www.cureus.com/articles/348072-psychological-impact-of-covid-19-on-children-and-adolescents-a-narrative-review-of-mental-health-challenges-interventions-and-long-term-trajectories,"04/07/2025, 07:00 AM, +0000 UTC",EXCLUDE,,,0.85,"out-of-corpus topic; narrative review on COVID-19 and child/adolescent mental health, no specific ABCD screen-time paper linkage evidenced","Cureus narrative review on psychological impact of COVID-19 on children and adolescents including interventions and long-term trajectories. Provisional paper 177 (Kiss 2023, Health Psychology). Generic COVID-19 mental health review with no evident ABCD or screen time focus. No L1-L4 linkage from available metadata.",177,
A0438,Cureus,"Effect of the Use of Electronic Media on the Cognitive Intelligence, Attention, and Academic Trajectory of Medical Students",https://www.cureus.com/articles/335610-effect-of-the-use-of-electronic-media-on-the-cognitive-intelligence-attention-and-academic-trajectory-of-medical-students,"02/23/2025, 08:00 AM, +0000 UTC",EXCLUDE,,,0.97,"non-ABCD cohort; Cureus original study on electronic media and cognition/attention in medical students (adults), not covering corpus paper 190","Article is a Cureus original study on electronic media effects on cognitive intelligence, attention, and academic performance in medical students. Provisional paper 190 (Sauce 2022, Scientific Reports, digital media and intelligence in ABCD children). Different cohort (adult medical students vs. children in ABCD), different design. No L1-L4 linkage.",190,
A0439,Cureus,Modern Day High: The Neurocognitive Impact of Social Media Usage,https://www.cureus.com/articles/380494-modern-day-high-the-neurocognitive-impact-of-social-media-usage,"07/08/2025, 07:00 AM, +0000 UTC",EXCLUDE,,,0.82,"out-of-corpus topic; Cureus perspective/review on social media's neurocognitive impact, no specific linkage to corpus paper 192 (Nivins 2024, Scientific Reports) evidenced","Cureus article titled 'Modern Day High: The Neurocognitive Impact of Social Media Usage.' Provisional paper 192 (Nivins 2024, Scientific Reports, long-term digital media and brain development in ABCD children). Title suggests a general perspective piece on social media and neurocognition. Without body text no author, finding, or ABCD-specific paraphrase can be confirmed to satisfy L1-L4. Likely a review/commentary not covering paper 192 specifically.",192,
A0440,Cureus,The Association Between Smartphone Overuse and Cognitive Impairment Among Adults in the United Arab Emirates: A Cross-Sectional Study,https://www.cureus.com/articles/440615-the-association-between-smartphone-overuse-and-cognitive-impairment-among-adults-in-the-united-arab-emirates-a-cross-sectional-study,"12/23/2025, 08:00 AM, +0000 UTC",EXCLUDE,,,0.98,"non-ABCD cohort; Cureus original cross-sectional study on smartphone overuse and cognitive impairment in UAE adults, not covering corpus paper 381","Article is an original Cureus study on smartphone overuse and cognitive impairment in adults in the United Arab Emirates. Provisional paper 381 (Zhang 2026, J Child Adolesc Psychopharmacology, ABCD preadolescents, screen time and irritability). Different cohort, different country, different outcome. No L1-L4 linkage.",381,
A0441,Cureus,Impact of Elevated Screen Time on School-Age Adolescents During the COVID-19 Pandemic: An Analytical Study,https://www.cureus.com/articles/259146-impact-of-elevated-screen-time-on-school-age-adolescents-during-the-covid-19-pandemic-an-analytical-study,"07/16/2024, 07:00 AM, +0000 UTC",EXCLUDE,,,0.88,"non-ABCD cohort; Cureus original analytical study on screen time in school-age adolescents during COVID-19, not covering corpus paper 420","Cureus original study titled 'Impact of Elevated Screen Time on School-Age Adolescents During the COVID-19 Pandemic: An Analytical Study.' Provisional paper 420 (Paulich 2021, PLOS ONE, ABCD). This appears to be an independent primary study (not a news/press piece covering Paulich 2021) conducted in a different sample during the pandemic. No ABCD or Paulich-specific content evident. No L1-L4 linkage.",420,
A0442,Cureus,Exploring Screen Time and Its Effects on Children’s Mental Health: A Cross-Sectional Study,https://www.cureus.com/articles/298931-exploring-screen-time-and-its-effects-on-childrens-mental-health-a-cross-sectional-study,"10/10/2024, 07:00 AM, +0000 UTC",EXCLUDE,,,0.9,"non-ABCD cohort; Cureus original cross-sectional study on screen time and children's mental health, not covering corpus paper 420","Cureus original cross-sectional study on screen time and children's mental health. Provisional paper 420 (Paulich 2021, PLOS ONE, ABCD). This appears to be an independent Cureus study in a different (non-ABCD) sample, not a news/commentary piece covering Paulich 2021. No L1-L4 linkage.",420,
A0443,Bioengineer.org,Study Finds Early Adolescent Addictive Digital Habits Tied to Mental Health Challenges,https://bioengineer.org/study-finds-early-adolescent-addictive-digital-habits-tied-to-mental-health-challenges/,"02/12/2026, 08:00 AM, +0000 UTC",INCLUDE,86,L3,0.78,,"Bioengineer.org article 'Study Finds Early Adolescent Addictive Digital Habits Tied to Mental Health Challenges' (Feb 2026). Provisional papers 86, 18, 521, 95. Paper 86 (Nagata 2026, Am J Preventive Medicine) is titled 'Prospective Associations Between Early Adolescent Problematic Screen Use, Mental Health, Sleep, and Substance Use' and uses SMAQ/MPIQ (addictive/problematic screen use measures) predicting mental health outcomes. The article's framing — 'addictive digital habits tied to mental health challenges' in 'early adolescents' in Feb 2026 — is a distinctive paraphrase matching paper 86's exposure (problematic/addictive screen use), outcome (mental health challenges), and timing. L3 satisfied: exposure modality (addictive/problematic digital use), outcome (mental health challenges), and population (early adolescents) are all consistent uniquely with paper 86. Papers 18 (Li 2024 Advanced Science, brain development), 521 (Must 2023, Frontiers Pediatrics, autism/obesity), and 95 (He 2025, Computers in Human Behavior, reward circuit) are less consistent with this headline.","18,521,86,95",
A0444,https://e3.eurekalert.org › specialtopic › biology,Biology,https://e3.eurekalert.org/specialtopic/biology/home?page=214,,EXCLUDE,,,0.88,"non-ABCD corpus paper; EurekAlert biology aggregator page snippet mentions 'Shi at Hainan Normal University in China' which does not match corpus paper 35 (Shi 2025, Johns Hopkins, Obesity)","EurekAlert biology aggregator page (paginated). Summary fragment reads 'Shi at Hainan Normal University in China.' Provisional paper 35 (Shi 2025, Obesity, social media and binge eating in early adolescents) has first author Shi affiliated with Johns Hopkins University School of Medicine, Baltimore — not Hainan Normal University. This is a different author/study. L4 fails (wrong institution); L2 requires journal name not visible; L3 insufficient. No linkage to paper 35 or any other corpus paper.",35,"... Shi at Hainan Normal University in China and colleagues warn in a ... Follow EurekAlert! on social media for daily trending science news, images, videos, & more."
A0445,University of Mississippi | Ole Miss,Efforts to Reduce TikTok Screen Time Often Increase Usage,https://olemiss.edu/news/2025/05/tiktok-detox-paradox/index.html,"05/19/2025, 07:00 AM, +0000 UTC",EXCLUDE,,,0.92,"out-of-corpus topic; Ole Miss university news about TikTok screen-time reduction paradox, unrelated to corpus paper 49 (screen time and manic symptoms in ABCD)","Ole Miss news article 'Efforts to Reduce TikTok Screen Time Often Increase Usage' (May 2025). Provisional paper 49 (Nagata 2025, Social Psychiatry and Psychiatric Epidemiology, screen time and manic symptoms in ABCD preteens). This article is about a different phenomenon (self-regulation of TikTok usage) and does not mention manic symptoms, ABCD, or any finding from paper 49. Out-of-corpus topic.",49,
A0446,HealthDay,Screen Time Tied to Manic Symptoms in Preteens,https://www.healthday.com/healthpro-news/child-health/screen-time-tied-to-manic-symptoms-in-preteens,"02/24/2025, 08:00 AM, +0000 UTC",INCLUDE,49,L3,0.92,,"HealthDay 'Screen Time Tied to Manic Symptoms in Preteens' (Feb 24, 2025). Provisional paper 49 (Nagata 2025, Social Psychiatry and Psychiatric Epidemiology) titled 'Screen time and manic symptoms in early adolescents: prospective findings from the Adolescent Brain Cognitive Development Study.' The HealthDay headline is a direct paraphrase of paper 49's exposure (screen time), outcome (manic symptoms), and population (preteens/early adolescents). Published Feb 2025 matching paper 49's 2025 publication. L3 satisfied: exposure (screen time), outcome (manic symptoms), and population (preteens/early adolescents) uniquely map to paper 49.",49,
A0447,HealthDay,Just One Hour of Daily Screen Time Can Increase Your Child’s Risk of Nearsightedness,https://www.healthday.com/healthday-tv/eye-care/just-one-hour-of-daily-screen-time-can-increase-your-childs-risk-of-nearsightedness,"02/21/2025, 08:00 AM, +0000 UTC",EXCLUDE,,,0.97,"out-of-corpus topic; HealthDay article on screen time and nearsightedness/myopia risk in children, unrelated to corpus paper 84 (screen time and cognitive function via putamen volume)","HealthDay 'Just One Hour of Daily Screen Time Can Increase Your Child's Risk of Nearsightedness' (Feb 2025). Provisional paper 84 (Shou 2026, Acta Psychologica, screen time and cognitive function via putamen volume in ABCD). Nearsightedness/myopia is entirely out-of-corpus — no corpus paper covers vision outcomes. No L1-L4 linkage.",84,
A0448,HealthDay,"Screen Time Has Effect on Presentation, Treatment of Nocturnal Enuresis",https://www.healthday.com/healthpro-news/child-health/screen-time-has-effect-on-presentation-treatment-of-nocturnal-enuresis-2659687761.html,"03/30/2023, 07:00 AM, +0000 UTC",EXCLUDE,,,0.97,"out-of-corpus topic; HealthDay article on screen time and nocturnal enuresis, unrelated to corpus paper 84 (screen time and cognitive function)","HealthDay 'Screen Time Has Effect on Presentation, Treatment of Nocturnal Enuresis' (Mar 2023). Provisional paper 84 (Shou 2026, Acta Psychologica, screen time and cognitive function via putamen). Nocturnal enuresis is not a topic of any corpus paper. Out-of-corpus topic.",84,
A0449,healthday.com,Growing Up Poor May Rewire a Child's Brain: Study,https://www.healthday.com/health-news/public-health/child-development-2661926333.html,"Jun 28, 2023",EXCLUDE,,,0.95,"general ABCD coverage of out-of-corpus topic; HealthDay article on poverty and brain development using ABCD data, not covering any smartphone/social media corpus paper",HealthDay 'Growing Up Poor May Rewire a Child's Brain: Study' (Jun 2023). Article mentions the ABCD Study and Washington University. No provisional paper ID assigned. Topic is poverty and brain development — a well-known ABCD finding unrelated to smartphone or social media use. No corpus paper covers this topic. Out-of-corpus ABCD topic.,,"... Adolescent Brain Cognitive Development (ABCD) study, of which Washington University is one of 21 study sites. The ABCD study is following nearly 12,000 ..."
A0450,healthday.com,Too Little Sleep May Harm Young Kids' Brains,https://www.healthday.com/health-news/child-health/b-8-3-too-little-sleep-may-harm-young-kids-brains-2657771550.html,"Aug 3, 2022",EXCLUDE,,,0.97,out-of-corpus topic; article covers sleep deprivation → brain development in ABCD children with no smartphone or social media exposure angle,"Title: 'Too Little Sleep May Harm Young Kids' Brains.' Summary references MRI scans, medical records, and surveys from the ABCD Study. No provisional paper IDs. Topic is sleep → brain health with no SM/phone IV. No candidate paper in corpus addresses this configuration. No L1–L4 linkage to any candidate paper.",,"... Adolescent Brain Cognitive Development (ABCD) study. The investigators looked at MRI scans, medical records, and surveys the kids and their parents filled ..."
A0451,healthday.com,"As Kids' Obesity Rises, Brain Health Declines: Study",https://www.healthday.com/health-news/child-health/obesity-in-kids-2658728790.html,"Nov 29, 2022",EXCLUDE,,,0.97,out-of-corpus topic; article covers childhood obesity → brain structural outcomes in the ABCD Study with no smartphone or social media exposure,"Title: 'As Kids' Obesity Rises, Brain Health Declines: Study.' Summary references ABCD study, overweight/obese children (21% overweight, 17.6% obese), brain structural findings. No provisional paper IDs. No SM/phone IV present. No candidate paper matches this obesity → brain configuration. No L1–L4 linkage.",,"... Adolescent Brain Cognitive Development (ABCD) study. Of these, 21% were overweight and 17.6% were obese. What did they find? There were structural and ..."
A0452,healthday.com,Too Much Time Online Might Raise Kids' Odds for Mental ...,https://www.healthday.com/health-news/public-health/kids-and-social-media-2659636501.html,"Mar 29, 2023",EXCLUDE,,,0.72,"general ABCD coverage, no specific paper from corpus; insufficient detail to resolve L3/L4 linkage to any candidate paper","Title: 'Too Much Time Online Might Raise Kids' Odds for Mental...' Summary mentions ABCD study, brain scans, psychological evaluations, and behavior tracking. No provisional paper IDs. Published March 2023. The title hints at online/social media use → mental health (consistent with papers 8, 393/394), but no author surname, journal name, institution, sample size, or specific effect magnitude is discernible from snippet alone. Cannot satisfy L2, L3, or L4 without additional article body.",,"... Adolescent Brain Cognitive Development (ABCD) study. The data included brain scans, psychological evaluations and behavior tracking on these kids starting ..."
A0453,healthday.com,One Key to Good Sleep for Teens: No Social Media at ...,https://www.healthday.com/health-news/public-health/how-much-sleep-do-teens-need-2660614458.html,"May 30, 2023",INCLUDE,157,L4,0.75,,"Title: 'One Key to Good Sleep for Teens: No Social Media at...' Published May 30, 2023. Summary mentions ABCD Study, sleep habits questionnaires, and screen use. Paper 157 (Nagata 2023, Sleep Health) is titled 'Bedtime Screen Use Behaviors and Sleep Outcomes: Findings from the ABCD Study' — published Feb 2023 — and reports that talking/texting on the phone and spending time on social media at bedtime significantly predict trouble falling/staying asleep (ARR 1.16 and 1.15 respectively). The article title's specific 'no social media at bedtime → better sleep' frame is uniquely consistent with paper 157's finding configuration: UCSF (Nagata) + bedtime social media/phone use + sleep outcomes + ABCD Study. No competing candidate paper covers bedtime social media → sleep with a May 2023 news peg. L4 satisfied; confidence limited to 0.75 because no author name or journal is named in the available snippet.",,... Adolescent Brain Cognitive Development Study. Kids and parents answered questions about sleep habits. Youth also provided information about their screen and ...
A0454,healthday.com,Adequate Sleep Linked to Reduced Risk for Hypertension ...,https://www.healthday.com/healthpro-news/cardiovascular-diseases/adequate-sleep-linked-to-reduced-risk-for-hypertension-in-teens,"Nov 15, 2024",EXCLUDE,,,0.97,out-of-corpus topic; article covers sleep adequacy → hypertension risk (noise × sleep interaction) in ABCD with no smartphone or social media exposure,"Title: 'Adequate Sleep Linked to Reduced Risk for Hypertension in Teens.' Summary references ABCD Study, noise–sleep interaction, and hypertension outcomes. No provisional paper IDs. No SM/phone IV present. No candidate paper in corpus addresses cardiovascular outcomes. No L1–L4 linkage.",,... Adolescent Brain Cognitive Development study to examine the specific interaction between noise and sleep health in causing hypertension. The cohort included ...
A0455,healthday.com,Kids Consume More Mature Media When Parents Overuse ...,https://www.healthday.com/health-news/child-health/kids-consume-more-mature-media-when-parents-overuse-screens,"Feb 5, 2025",INCLUDE,184,L4,0.78,,"Title: 'Kids Consume More Mature Media When Parents Overuse Screens.' Published Feb 5, 2025. Article states it analyzed data from 10,000+ 12–13-year-olds in the ABCD Study. Paper 184 (Nagata 2025, Pediatric Research) is titled 'Associations between media parenting practices and early adolescent screen use' and reports that parental bedroom screen use and parental limiting practices predict problematic social media use (SMAQ) and mobile phone use (MPIQ) in ABCD adolescents. The article's framing — parental media overuse → children's screen/media consumption, ABCD, n~10,000, publication date Feb 2025 — maps to paper 184's institution (UCSF/Nagata) + topic (parenting media practices → SM/phone use) + ABCD configuration. Paper 289 (Pulkki-Råback 2022 Acta Paediatrica) is a less likely match because it focuses on parental psychological problems rather than parental screen overuse and is from a different lab. L4 satisfied; confidence 0.78 because article body not available.",,"The study analyzed data from more than 10,000 12- and 13-year-olds who were part of the Adolescent Brain Cognitive Development (ABCD) Study. “We wanted to ..."
A0456,healthday.com,Video Games May Bring Cognitive Benefits to Kids: Study,https://www.healthday.com/health-news/child-health/video-games-2658484987.html,"Oct 24, 2022",EXCLUDE,,,0.97,out-of-corpus topic; article covers video game play → cognitive benefits in ABCD children with no smartphone or social media exposure as IV,Title: 'Video Games May Bring Cognitive Benefits to Kids: Study.' Summary mentions ABCD study and researcher Chaarani on video gaming and cognitive outcomes. No provisional paper IDs. No SM/phone IV present. No candidate paper in corpus reports video games → cognitive benefits. No L1–L4 linkage.,,The ABCD study is following kids to young adulthood. Chaarani said that will allow researchers to see whether video gaming actually precedes any ...
A0457,healthday.com,Stress Might Mean Worse Sleep for Many Gay & Lesbian ...,https://www.healthday.com/health-news/sexual-health/lgbt-2659659345.html,"Mar 28, 2023",EXCLUDE,,,0.97,out-of-corpus topic; article covers sexual minority stress → sleep outcomes in ABCD with no smartphone or social media exposure,"Title: 'Stress Might Mean Worse Sleep for Many Gay & Lesbian...' Summary references Nagata's team, ABCD data 2018–2020, 8,500+ children ages 10–14. Published March 2023. Topic is sexual orientation/minority stress → sleep; no SM/phone exposure IV. No candidate paper matches this configuration. No L1–L4 linkage.",,"For the study, Nagata's team used data from 2018 to 2020 on more than 8,500 chlidren aged 10 to 14 who were part of the Adolescent Brain Cognitive Development ..."
A0458,healthday.com,Lesbian & Gay Teens Have Twice the Odds for Binge ...,https://www.healthday.com/health-news/mental-health/binge-eating-disorder-2666013373.html,"Oct 19, 2023",EXCLUDE,,,0.97,out-of-corpus topic; article covers sexual minority status → binge eating disorder risk in ABCD with no smartphone or social media exposure,"Title: 'Lesbian & Gay Teens Have Twice the Odds for Binge...' Summary references ABCD Study, 10,000+ adolescents ages 10–14, October 2023. No provisional paper IDs. Topic is sexual orientation → binge eating with no SM/phone IV. No candidate paper maps to this configuration. No L1–L4 linkage.",,"The researchers analyzed data from more than 10,000 adolescents aged 10 to 14 years old who were part of the Adolescent Brain Cognitive Development Study ..."
A0459,Movieguide,Adolescence Screen Time Spikes Risk of This Mental Health Disorder,https://www.movieguide.org/news-articles/adolescence-screen-time-spikes-risk-of-bipolar-disorder.html,"02/24/2025, 08:00 AM, +0000 UTC",INCLUDE,49,L4,0.75,,"Title: 'Adolescence Screen Time Spikes Risk of This Mental Health Disorder.' Published Feb 24, 2025. Provisional paper 49 (Nagata 2025, Social Psychiatry and Psychiatric Epidemiology): 'Screen time and manic symptoms in early adolescents: prospective findings from the ABCD Study.' Paper 49 reports social media screen time (Year 1) predicting manic symptoms (Year 3) B=0.20, p=0.001, and texting B=0.18 in ABCD. Article title's framing — 'screen time spikes risk of this mental health disorder' with Feb 2025 pub date — is uniquely consistent with the manic/bipolar-type finding from paper 49 (the unusual and highly newsworthy 'bipolar-like/manic symptoms' angle). L4: screen time + manic/mental health disorder + ABCD + Nagata/UCSF, Feb 2025 timing matches paper. No article body available; confidence capped at 0.75.",49,
A0460,Movieguide,This New Study Gives Yet Another Reason to Keep Your Kids From Screens,https://www.movieguide.org/news-articles/this-new-study-gives-yet-another-reason-to-keep-your-kids-from-screens.html,"03/10/2025, 07:00 AM, +0000 UTC",INCLUDE,49,L4,0.65,,"Title: 'This New Study Gives Yet Another Reason to Keep Your Kids From Screens.' Published March 10, 2025. Provisional paper 49. Generic title does not name any specific finding, author, journal, or institution. The provisional tag to paper 49 (Nagata 2025, screen time → manic symptoms) is plausible given the March 2025 date (within weeks of paper 49's publication period) and the Movieguide outlet's prior batch-18 coverage of paper 49 (see A0459). However, the generic framing could apply to any recent ABCD screen time paper. Confidence 0.65 (uncertain; flagged for human review). Provisionally mapped to paper 49 as most likely candidate given outlet context and timing.",49,
A0461,PNAS,Adolescent civic engagement: Lessons from Black Lives Matter,https://www.pnas.org/doi/10.1073/pnas.2109860118,"10/04/2021, 07:00 AM, +0000 UTC",EXCLUDE,,,0.99,"out-of-corpus topic; PNAS primary research article on adolescent civic engagement and BLM — no smartphone or social media IV, not news coverage of any candidate paper","Title: 'Adolescent civic engagement: Lessons from Black Lives Matter.' Published October 2021 in PNAS (pnas.org/doi/10.1073/pnas.2109860118). This is a primary research article, not a news piece, and its topic — civic engagement and BLM — has no connection to smartphone/social media use or any candidate paper. Provisional tag to paper 55 (Fors 2019 CPHD) was keyword-driven. No L1–L4 linkage.",55,
A0462,PNAS,Higher chronic absenteeism threatens academic recovery from the COVID-19 pandemic,https://www.pnas.org/doi/10.1073/pnas.2312249121,"01/09/2024, 07:18 PM, +0000 UTC",EXCLUDE,,,0.99,out-of-corpus topic; PNAS primary research article on school absenteeism post-COVID — not news coverage of any candidate paper and no SM/phone exposure,"Title: 'Higher chronic absenteeism threatens academic recovery from the COVID-19 pandemic.' Published Jan 2024 in PNAS (pnas.org/doi/10.1073/pnas.2312249121). This is a primary research article about school absenteeism after COVID, not a news piece. No connection to smartphone/SM exposures or any candidate paper. Provisional tag to paper 177 (Kiss 2023, COVID screen time + sleep) was keyword-driven. No L1–L4 linkage.",177,
A0463,PNAS,Cannabis and the adolescent brain,https://www.pnas.org/doi/10.1073/pnas.1920325116,"01/07/2020, 08:00 AM, +0000 UTC",EXCLUDE,,,0.99,"out-of-corpus topic; PNAS primary research article on cannabis and the adolescent brain — no smartphone or social media IV, not news coverage of any candidate paper","Title: 'Cannabis and the adolescent brain.' Published Jan 2020 in PNAS (pnas.org/doi/10.1073/pnas.1920325116). Primary research article on cannabis neuroscience, not a news piece. No connection to smartphone/SM exposures or any candidate paper. Provisional tag to paper 381 (Zhang 2026, screen time + irritability) was keyword-driven. No L1–L4 linkage.",381,
A0464,American Psychological Association (APA),APA Recommendations for Healthy Teen Video Viewing,https://www.apa.org/topics/social-media-internet/healthy-teen-video-viewing,"11/20/2024, 06:13 AM, +0000 UTC",EXCLUDE,,,0.97,out-of-corpus topic; APA institutional guidance page on healthy teen video viewing — not news coverage of any specific candidate paper,"Title: 'APA Recommendations for Healthy Teen Video Viewing.' Published Nov 2024 on apa.org. This is an APA organizational recommendations/guidance page, not a news article covering a specific research paper. Provisional tag to paper 57 (Lin 2020, JACP, mood symptoms + screen time network analysis) was keyword-driven. The APA page covers general video viewing guidance; no L1–L4 linkage to paper 57 or any other candidate paper.",57,
A0465,ADDitude,"Research Links Screen Time to Emotional Dysregulation, OCD",https://www.additudemag.com/emotional-dysregulation-ocd-screen-time-adhd-study/,"12/20/2022, 08:00 AM, +0000 UTC",INCLUDE,133,L4,0.8,,"Title: 'Research Links Screen Time to Emotional Dysregulation, OCD.' Published Dec 20, 2022 in ADDitude. Provisional papers 133, 160, 70. Paper 133 (Nagata 2023, J Adolescent Health, doi 10.1016/j.jadohealth.2022.10.023) is titled 'Screen Time and Obsessive-Compulsive Disorder Among Children 9-10 Years Old: A Prospective Cohort Study' — published online late 2022 (accepted October 2022, matching the Dec 2022 news date). The article title's explicit mention of OCD + screen time is a distinctive paraphrase of paper 133's core finding. L4: Nagata/UCSF + screen time → OCD + ABCD Study, Dec 2022 timing matches paper 133's online publication. Papers 160 (screen time + suicidal behaviors, 2023) and 70 (screen time + eating disorders, 2024) are later publications unlikely to be the primary peg for this Dec 2022 article. Confidence 0.80 because article body is not available to confirm author/journal naming or specific statistics.","133,160,70",
A0466,ADDitude,New Study Reports Association Between Heavy Media Use and ADHD Symptoms in Adolescents,https://www.additudemag.com/digital-media-adhd-symptoms-teens/,"07/19/2018, 07:00 AM, +0000 UTC",EXCLUDE,,,0.97,non-ABCD cohort; article published July 2018 predates ABCD Study data availability and describes a non-ABCD media use + ADHD study,"Title: 'New Study Reports Association Between Heavy Media Use and ADHD Symptoms in Adolescents.' Published July 19, 2018 in ADDitude. Provisional tag to paper 84 (Shou 2026, Acta Psychologica) is impossible — that paper was published in 2026. The 2018 article almost certainly covers a non-ABCD cohort study (ABCD data was not available for publication in 2018). No L1–L4 linkage to any candidate paper.",84,
A0467,ADDitude,"New Studies Link Heavy Social Media, Screen Use to ADHD Symptoms",https://www.additudemag.com/social-media-use-adhd-children/,"03/19/2026, 07:00 AM, +0000 UTC",INCLUDE,"435,436",L4,0.8,,"Title: 'New Studies Link Heavy Social Media, Screen Use to ADHD Symptoms.' Published March 19, 2026 in ADDitude. Provisional papers 435 and 436 (Nivins 2025/Pediatrics Open Science, 'Digital Media, Genetics, and Risk for ADHD Symptoms in Children'). The article title's plural 'New Studies' + social media/screen use + ADHD framing in March 2026 is consistent with paper 435/436 (Karolinska Institute; Nivins, social media use as IV → inattention symptoms, ABCD data). The paper reports social media use → inattention β=0.03, cross-lagged panel model, published 2025. L4: Karolinska/Nivins + social media → ADHD symptoms + ABCD + March 2026 timing. Confidence 0.80 because article body unavailable to confirm author or journal naming.","435,436",
A0468,The Economic Times,Study reveals social media's growing influence on eating disorders among adolescents. Here is what parents,https://m.economictimes.com/magazines/panache/study-reveals-social-medias-growing-influence-on-eating-disorders-among-adolescents-here-is-what-parents-need-to-know/articleshow/117641253.cms,"01/28/2025, 08:00 AM, +0000 UTC",INCLUDE,70,L4,0.75,,"Title: 'Study reveals social media's growing influence on eating disorders among adolescents.' Published Jan 28, 2025 in The Economic Times. Provisional paper 70 (Chu 2024, Eating and Weight Disorders, 'Screen time, problematic screen use, and eating disorder symptoms among early adolescents: findings from the ABCD Study'). Paper 70 reports social media use (h/day) as IV predicting eating disorder symptoms (fear of obesity OR=1.55, binge eating OR=1.28) in ABCD adolescents. The article's specific framing of 'social media → eating disorders in adolescents' uniquely maps to paper 70 among candidates. Also consider paper 35 (Shi 2025, Obesity, social media addiction + binge eating) but that was published in 2025 after this article's Jan 2025 date. L4: Johns Hopkins/Chu + social media → eating disorder + ABCD. Confidence 0.75 because article body unavailable.",70,
A0469,HMP Global Learning Network,"Higher Screen Time Tied to ADHD Symptoms, Altered Brain Structure in Children",https://www.hmpgloballearningnetwork.com/site/pcn/news/higher-screen-time-tied-adhd-symptoms-altered-brain-structure-children,"12/03/2025, 08:00 AM, +0000 UTC",INCLUDE,84,L4,0.75,,"Title: 'Higher Screen Time Tied to ADHD Symptoms, Altered Brain Structure in Children.' Published Dec 3, 2025 in HMP Global Learning Network. Provisional paper 84 (Shou 2026, Acta Psychologica, 'The association between screen time and cognitive function in children: The partially mediating role of putamen volume'). Paper 84 specifically links screen time → altered brain structure (putamen volume) → cognitive outcomes in ABCD children. The article title's pairing of ADHD symptoms + altered brain structure + screen time in Dec 2025 maps to paper 84 (likely published online late 2025 for 2026 journal volume). Papers 435/436 (Nivins 2025, ADHD + digital media) are also possible but less likely given the 'brain structure' component which is specific to paper 84. L4: screen time + brain structural change + ADHD/cognitive symptoms + ABCD, Dec 2025. Confidence 0.75; no article body to confirm author/journal.",84,
A0470,NR Times,Higher screen time linked to ADHD symptoms and altered brain development,https://nrtimes.co.uk/higher-screen-time-linked-to-adhd-symptoms-and-altered-brain-development-np25/,"11/24/2025, 08:00 AM, +0000 UTC",INCLUDE,84,L4,0.73,,"Title: 'Higher screen time linked to ADHD symptoms and altered brain development.' Published Nov 24, 2025 in NR Times. Provisional paper 84. Title is nearly identical to A0469 and the finding configuration (screen time + ADHD symptoms + altered brain development/structure) maps to paper 84 (Shou 2026, Acta Psychologica, screen time → putamen volume → cognitive function in ABCD). Nov 2025 publication precedes Dec 2025 A0469 — both likely cover the same paper 84 upon online publication. Possible syndication or independent coverage. L4: screen time + brain development alteration + ADHD + ABCD. Confidence 0.73; article body unavailable.",84,
A0471,NR Times,Screen time ‘can lead to developmental delay’,https://nrtimes.co.uk/screen-time-can-lead-to-developmental-delay-npstory/,"08/31/2023, 07:00 AM, +0000 UTC",EXCLUDE,,,0.85,"non-ABCD cohort or out-of-corpus; article published Aug 2023 predates the 2026 publication of provisional paper 84, likely covers a different study","Title: 'Screen time can lead to developmental delay.' Published Aug 31, 2023 in NR Times. Provisional paper 84 (Shou 2026, Acta Psychologica). Paper 84 was published in 2026 — this Aug 2023 article cannot be covering it. The article likely covers a different, non-candidate study on screen time and developmental delay published circa 2023. No other candidate paper focuses primarily on developmental delay from screen time with an Aug 2023 news peg. No L1–L4 linkage to any candidate paper.",84,
A0472,U.S. Right to Know,"Higher screen time linked to brain abnormalities and ADHD symptoms in children, study shows",https://usrtk.org/healthwire/screen-time-linked-to-brain-abnormalities-and-adhd-symptoms-in-children/,"11/21/2025, 08:00 AM, +0000 UTC",INCLUDE,84,L4,0.75,,"Title: 'Higher screen time linked to brain abnormalities and ADHD symptoms in children, study shows.' Published Nov 21, 2025 in U.S. Right to Know. Provisional paper 84 (Shou 2026, Acta Psychologica). Title's pairing of brain abnormalities (putamen volume alteration) + ADHD symptoms + screen time + children maps to paper 84's core finding. Nov 2025 date is consistent with paper 84's online-first publication. The explicit 'brain abnormalities' language aligns with paper 84's putamen volume mediation finding. L4: screen time + brain structural abnormality + ADHD/cognitive outcomes + ABCD, Nov 2025. Confidence 0.75; article body unavailable.",84,
A0473,www.heart.org,Excessive screen time among youth may pose heart health risks,https://newsroom.heart.org/news/excessive-screen-time-among-youth-may-pose-heart-health-risks,"08/06/2025, 07:00 AM, +0000 UTC",EXCLUDE,,,0.95,out-of-corpus topic; article covers screen time → cardiovascular/heart health risks in youth — no candidate paper in corpus addresses cardiac outcomes,"Title: 'Excessive screen time among youth may pose heart health risks.' Published Aug 6, 2025 on heart.org. Provisional paper 84 (Shou 2026, cognitive function via putamen). The article's cardiovascular focus is out-of-corpus: no candidate paper links SM/phone/screen time to heart health outcomes. No L1–L4 linkage to paper 84 or any other candidate paper.",84,
A0474,ScienceDaily,Too much screen time may be hurting kids’ hearts,https://www.sciencedaily.com/releases/2025/11/251101000418.htm,"11/01/2025, 07:00 AM, +0000 UTC",EXCLUDE,,,0.95,out-of-corpus topic; article covers screen time → heart/cardiovascular health in children — no candidate paper in corpus addresses cardiac outcomes,"Title: 'Too much screen time may be hurting kids' hearts.' Published Nov 1, 2025 in ScienceDaily. Provisional paper 84 (cognitive/brain focus). The article's explicit 'heart' focus is out-of-corpus: no candidate paper maps SM/phone/screen time to cardiovascular outcomes. No L1–L4 linkage to paper 84 or any other candidate paper.",84,
A0475,Healio,Too much screen time may negatively impact kids’ cardiometabolic health,https://www.healio.com/news/cardiology/20250806/too-much-screen-time-may-negatively-impact-kids-cardiometabolic-health,"08/06/2025, 07:00 AM, +0000 UTC",EXCLUDE,,,0.0,"out-of-corpus topic: cardiometabolic/cardiovascular outcomes from screen time; no corpus paper covers cardiometabolic health; provisional paper 84 covers cognitive function via putamen, not cardiometabolic outcomes","Healio article (Aug 2025) headline 'Too much screen time may negatively impact kids' cardiometabolic health' addresses cardiovascular/metabolic risk — an out-of-corpus topic. Paper 84 (Shou 2026, Acta Psychologica) covers cognitive function and putamen volume, not cardiometabolic health. No L1-L4 match to any corpus paper.",84,
A0476,Open Access Government,Excessive screen time may raise kids’ risk of heart disease and diabetes,https://www.openaccessgovernment.org/excessive-screen-time-may-raise-kids-risk-of-heart-disease-and-diabetes/196487/,"08/08/2025, 07:00 AM, +0000 UTC",EXCLUDE,,,0.0,out-of-corpus topic: heart disease and diabetes risk from screen time; no corpus paper covers cardiometabolic outcomes,"Open Access Government article (Aug 2025) 'Excessive screen time may raise kids' risk of heart disease and diabetes' addresses cardiometabolic outcomes. No corpus paper covers heart disease or diabetes risk from screen time. Provisional paper 84 is about cognitive function, not cardiometabolic health. No L1-L4 match.",84,
A0477,Medical Dialogues,"Higher Screen Time in Toddlers Linked to Increased Risk of Autism Symptoms, New Study Finds",https://medicaldialogues.in/pediatrics-neonatology/news/higher-screen-time-in-toddlers-linked-to-increased-risk-of-autism-symptoms-new-study-finds-156779,"10/12/2025, 07:00 AM, +0000 UTC",EXCLUDE,,,0.0,non-ABCD cohort: toddler/infant-age screen time and autism symptoms; ABCD Study enrolls children 9-10+; autism is not a corpus topic,Medical Dialogues article (Oct 2025) 'Higher Screen Time in Toddlers Linked to Increased Risk of Autism Symptoms' concerns toddler-age subjects in a non-ABCD cohort. ABCD Study baseline is ages 9-10; toddler studies are definitively non-ABCD. No L1-L4 match to any corpus paper.,84,
A0478,Medical Dialogues,Screen time in infants leads to developmental delays in communication and problem-solving,https://medicaldialogues.in/pediatrics-neonatology/news/screen-time-in-infants-leads-to-developmental-delays-in-communication-and-problem-solving-116550,"08/29/2023, 07:00 AM, +0000 UTC",EXCLUDE,,,0.0,non-ABCD cohort: infant/toddler screen time and developmental delays; ABCD Study does not enroll infants,Medical Dialogues article (Aug 2023) 'Screen time in infants leads to developmental delays in communication and problem-solving' concerns infants — a non-ABCD population. No L1-L4 match to any corpus paper.,84,
A0479,Medical Dialogues,"Screen time linked to bipolar and manic symptoms in preteens, suggests study",https://medicaldialogues.in/psychiatry/news/screen-time-linked-to-bipolar-and-manic-symptoms-in-preteens-suggests-study-143679,"02/21/2025, 08:00 AM, +0000 UTC",INCLUDE,49,L4,0.75,,"Medical Dialogues article (Feb 2025) 'Screen time linked to bipolar and manic symptoms in preteens, suggests study' paraphrases a finding uniquely consistent with paper 49 (Nagata 2025, Social Psychiatry and Psychiatric Epidemiology — 'Screen time and manic symptoms in early adolescents: prospective findings from the ABCD Study'). The article names the ABCD Study configuration (preteens/early adolescents + manic/bipolar symptoms + screen time). Paper 49 is the only corpus paper examining screen time and manic symptoms in ABCD. L4: institution-consistent ABCD + manic symptoms + screen time. Provisional paper 215 (BMI/waist circumference) does not match. Confidence 0.75 — no body text available to confirm author or journal name.",215,
A0480,Medical Dialogues,Increased screen time linked to weight gain in children: Study,https://medicaldialogues.in/pediatrics-neonatology/news/increased-screen-time-linked-to-weight-gain-in-children-study-79377,"07/05/2021, 07:00 AM, +0000 UTC",INCLUDE,302,L3,0.75,,"Medical Dialogues article (Jul 2021) 'Increased screen time linked to weight gain in children: Study' paraphrases a finding uniquely consistent with paper 302 (Nagata 2021, Pediatric Obesity — 'Contemporary screen time usage among children 9-10-years-old is associated with higher body mass index percentile at 1-year follow-up'). Matching features: screen time + weight gain/BMI + children (ages 9-10) + prospective cohort + published 2021. Paper 521 (Must 2023, Frontiers in Pediatrics) concerns autism/obesity and is dated 2023, making it a less likely match for a Jul 2021 article. L3: sample (children 9-10), outcome (BMI/weight gain), exposure (screen time), effect direction (positive association). Confidence 0.75 — no body text to confirm journal or author name.","302,521",
A0481,Medical Dialogues,"Study links social media use to poor focus, rising ADHD symptoms in children",https://medicaldialogues.in/mdtv/pediatrics-neonatology/videos/study-links-social-media-use-to-poor-focus-rising-adhd-symptoms-in-children-160567,"12/13/2025, 08:00 AM, +0000 UTC",INCLUDE,"435,436",L3,0.8,,"Medical Dialogues article (Dec 2025) 'Study links social media use to poor focus, rising ADHD symptoms in children' paraphrases findings uniquely consistent with papers 435/436 (Nivins 2025, Pediatrics Open Science — 'Digital Media, Genetics, and Risk for ADHD Symptoms in Children'). Matching features: social media use + ADHD/attention/focus symptoms + children + digital media + published Dec 2025 (consistent with 2025 paper). L3: exposure (social media use), outcome (ADHD/inattention symptoms), effect direction (positive association), sample (children). Papers 435 and 436 are duplicate entries for the same paper; both tagged. Confidence 0.80.","435,436",
A0482,BMJ Blogs,"Top 10 most read in October 2025 – algorithms, singing, vaping, smartphone use and fast food!",https://blogs.bmj.com/bmjopen/2025/11/18/top-10-most-read-in-october-2025-algorithms-singing-vaping-smartphone-use-and-fast-food/,"11/18/2025, 08:00 AM, +0000 UTC",EXCLUDE,,,0.0,general aggregator content: BMJ Open top-10 most-read list mentioning 'smartphone use' among other topics; no corpus paper is published in BMJ Open; cannot identify specific corpus paper,"BMJ Blogs article (Nov 2025) is a monthly top-10 most-read list for BMJ Open covering algorithms, singing, vaping, smartphone use, and fast food. No corpus paper is published in BMJ Open. The 'smartphone use' entry cannot be linked to a specific corpus paper without body text. No L1-L4 match confirmed.",84,
A0483,medRxiv,Screen Time is Associated with Cardiometabolic and Cardiovascular Disease Risk in Childhood and Adolescence,https://www.medrxiv.org/content/10.1101/2024.07.12.24310353v1.full-text,"07/14/2024, 07:00 AM, +0000 UTC",EXCLUDE,,,0.0,out-of-corpus topic: cardiometabolic and cardiovascular disease risk from screen time; no corpus paper covers cardiometabolic outcomes; this is a medRxiv preprint unrelated to any corpus paper,"medRxiv preprint (Jul 2024) 'Screen Time is Associated with Cardiometabolic and Cardiovascular Disease Risk in Childhood and Adolescence' addresses cardiometabolic outcomes — an out-of-corpus topic. Provisional paper 84 (Shou 2026, Acta Psychologica) is about cognitive function via putamen, not cardiovascular risk. No L1-L4 match.",84,
A0484,medRxiv,Longitudinal Patterns of Digital Parenting Restrictions and Adolescent Screen Use: Insights from the Adolescent Brain Cognitive Development (ABCD) Study,https://www.medrxiv.org/content/10.1101/2025.11.23.25340847v1.full-text,"11/25/2025, 08:00 AM, +0000 UTC",INCLUDE,184,L4,0.8,,"medRxiv preprint (Nov 2025) 'Longitudinal Patterns of Digital Parenting Restrictions and Adolescent Screen Use: Insights from the Adolescent Brain Cognitive Development (ABCD) Study' directly names the ABCD Study and covers digital/media parenting restrictions and adolescent screen use — uniquely consistent with paper 184 (Nagata 2025, Pediatric Research — 'Associations between media parenting practices and early adolescent screen use'). L4: ABCD Study named + media parenting practices/restrictions + adolescent screen use. Paper 184 is the only corpus paper examining media parenting practices and screen use in ABCD. Provisional papers 154 and 395 do not match the parenting topic. Confidence 0.80.","154,395",
A0485,medRxiv,"Fertility decline in the later phase of the COVID-19 pandemic: The role of policy interventions, vaccination programmes, and economic uncertainty",https://www.medrxiv.org/content/10.1101/2024.04.26.24306444v1.full,"04/28/2024, 07:00 AM, +0000 UTC",EXCLUDE,,,0.0,"out-of-corpus topic: fertility decline during COVID-19 pandemic; completely unrelated to screen time, smartphones, or social media","medRxiv preprint (Apr 2024) 'Fertility decline in the later phase of the COVID-19 pandemic: The role of policy interventions, vaccination programmes, and economic uncertainty' is about demographic fertility trends — entirely unrelated to screen time or ABCD. Provisional paper 177 (Kiss 2023, COVID-19 and screen time/sleep in ABCD) does not match. No L1-L4 match.",177,
A0486,medRxiv,Effects of the COVID-19 Pandemic on Park Use in U.S. Cities,https://www.medrxiv.org/content/10.1101/2021.04.23.21256007.full,"04/25/2021, 07:00 AM, +0000 UTC",EXCLUDE,,,0.0,"out-of-corpus topic: COVID-19 pandemic effects on park use in U.S. cities; unrelated to screen time, smartphones, or social media","medRxiv preprint (Apr 2021) 'Effects of the COVID-19 Pandemic on Park Use in U.S. Cities' is about park utilization during COVID — entirely unrelated to screen time or ABCD. Provisional paper 177 (COVID-19, screen time, sleep in ABCD) does not match. No L1-L4 match.",177,
A0487,medRxiv,The exposome and attention-related brain networks jointly predict attention problems in early adolescence,https://www.medrxiv.org/content/10.64898/2026.03.26.26349404v1.full,"03/28/2026, 07:00 AM, +0000 UTC",EXCLUDE,,,0.0,"out-of-corpus topic: exposome and attention-related brain networks predicting attention problems; neuroimaging/exposome approach not covered by any corpus paper; does not map to paper 420 (Paulich 2021, PLOS ONE)","medRxiv preprint (Mar 2026) 'The exposome and attention-related brain networks jointly predict attention problems in early adolescence' studies exposome factors and neural networks — not a screen-time-as-exposure study from the corpus. Paper 420 (Paulich 2021) is a cross-sectional screen time and mental health outcomes paper, not a brain-network/exposome study. No qualifying screen time or SM variable as primary IV mapping to any corpus paper. No L1-L4 match.",420,
A0488,The Transmitter,Studies investigating link between screen time and autism must improve,https://www.thetransmitter.org/spectrum/studies-investigating-link-between-screen-time-and-autism-must-improve/,"05/03/2024, 02:11 PM, +0000 UTC",EXCLUDE,,,0.0,out-of-corpus topic: screen time and autism research review; autism is not a topic covered by any corpus paper,"The Transmitter article (May 2024) 'Studies investigating link between screen time and autism must improve' reviews screen time and autism research broadly — autism is not a corpus topic. No corpus paper covers autism as an outcome. Provisional paper 84 (Shou 2026, cognitive function/putamen) does not match. No L1-L4 match.",84,
A0489,mghpsychnews.org,Does Excessive Screen Time Contribute to Cognitive Deficits in Adolescents?,https://mghpsychnews.org/excessive-screen-time-and-cognitive-deficits/,"10/17/2022, 07:00 AM, +0000 UTC",EXCLUDE,,,0.0,"insufficient evidence to link to specific corpus paper: published Oct 2022, general topic of screen time and cognitive deficits without body text or author/journal identifying information; multiple corpus papers could be candidates but none confirmed","MGH Psych News article (Oct 2022) 'Does Excessive Screen Time Contribute to Cognitive Deficits in Adolescents?' addresses screen time and cognition, which overlaps with corpus papers (e.g., paper 295 Kirlic 2021, paper 190 Sauce 2022). However, no body text, author names, journal names, or specific statistics are available to satisfy L1-L4. Cannot confirm linkage to any specific corpus paper without additional evidence. Excluded pending human review.",84,
A0490,Cambridge University Press & Assessment,"Ultra-processed food consumption is related to screen time among Brazilian adolescents, adults and older adults",https://www.cambridge.org/core/journals/british-journal-of-nutrition/article/ultraprocessed-food-consumption-is-related-to-screen-time-among-brazilian-adolescents-adults-and-older-adults/E983BB91DC5D35C5B3D0DA84708A5894,"11/11/2024, 08:00 AM, +0000 UTC",EXCLUDE,,,0.0,"non-ABCD cohort: Brazilian adolescents, adults, and older adults; not an ABCD Study paper","Cambridge article (Nov 2024) 'Ultra-processed food consumption is related to screen time among Brazilian adolescents, adults and older adults' uses a Brazilian cohort — definitively non-ABCD. Provisional paper 84 (Shou 2026, Acta Psychologica, ABCD data) does not match. No L1-L4 match.",84,
A0491,Cambridge University Press & Assessment,Association between age of paediatric index cases and household SARS-CoV-2 transmission,https://www.cambridge.org/core/journals/epidemiology-and-infection/article/association-between-age-of-paediatric-index-cases-and-household-sarscov2-transmission/1592BD16CAD4CA87DA239416F688F538,"11/20/2024, 08:00 AM, +0000 UTC",EXCLUDE,,,0.0,"out-of-corpus topic: SARS-CoV-2 household transmission by pediatric index cases; unrelated to screen time, smartphones, or social media","Cambridge article (Nov 2024) 'Association between age of paediatric index cases and household SARS-CoV-2 transmission' is epidemiology of COVID-19 transmission — entirely unrelated to screen time or social media. Provisional paper 152 (Nagata 2022, COVID information/masking/social media in ABCD) does not match. No L1-L4 match.",152,
A0492,Cambridge University Press & Assessment,Effects of the COVID-19 Pandemic on Submissions to Politics & Gender,https://www.cambridge.org/core/journals/ps-political-science-and-politics/article/effects-of-the-covid19-pandemic-on-submissions-to-politics-gender/C4E3C41CCFF27E1FF8D7D7B556CFB337,"02/16/2024, 08:00 AM, +0000 UTC",EXCLUDE,,,0.0,out-of-corpus topic: COVID-19 pandemic effects on academic journal submissions in political science; unrelated to screen time or ABCD,"Cambridge article (Feb 2024) 'Effects of the COVID-19 Pandemic on Submissions to Politics & Gender' is about academic publishing patterns — entirely unrelated to screen time or ABCD. Provisional paper 177 (Kiss 2023, COVID-19, screen time, sleep in ABCD) does not match. No L1-L4 match.",177,
A0493,Cambridge University Press & Assessment,Differing impact of the COVID-19 pandemic on youth mental health: combined population and clinical study,https://www.cambridge.org/core/journals/bjpsych-open/article/differing-impact-of-the-covid19-pandemic-on-youth-mental-health-combined-population-and-clinical-study/939EDB00D962E84F86DC362C16B82A14,"11/20/2023, 08:00 AM, +0000 UTC",EXCLUDE,,,0.0,"non-ABCD cohort or insufficient evidence: youth mental health and COVID-19 pandemic study does not name ABCD, screen time, or specific corpus paper authors/journals","Cambridge BJPsych Open article (Nov 2023) 'Differing impact of the COVID-19 pandemic on youth mental health: combined population and clinical study' addresses COVID-19 and youth mental health but does not reference ABCD, screen time, or any corpus author/journal. Provisional paper 177 (Kiss 2023, COVID-19, screen time, sleep in ABCD) requires screen time as a primary exposure — not satisfied here. No L1-L4 match.",177,
A0494,Cambridge University Press & Assessment,Psychopathology as dynamic markers of alcohol initiation across development: A three-year longitudinal examination,https://www.cambridge.org/core/journals/development-and-psychopathology/article/psychopathology-as-dynamic-markers-of-alcohol-initiation-across-development-a-threeyear-longitudinal-examination/B00C5C08C90D40BB3BE75F420FD9E35C,"03/20/2023, 07:00 AM, +0000 UTC",EXCLUDE,,,0.0,"out-of-corpus topic: psychopathology as predictor of alcohol initiation; screen time or social media is not the exposure; does not map to paper 208 (Nagata 2024, social media and alcohol sipping)",Cambridge Development and Psychopathology article (Mar 2023) 'Psychopathology as dynamic markers of alcohol initiation across development' examines psychopathology (not screen time/social media) predicting alcohol initiation. Paper 208 (Nagata 2024) has social media use as IV predicting alcohol sipping — opposite directionality and different exposure. No L1-L4 match.,208,
A0495,Cambridge University Press & Assessment,Middle childhood and adolescence sleep duration and behavior problems in adolescence,https://www.cambridge.org/core/journals/development-and-psychopathology/article/middle-childhood-and-adolescence-sleep-duration-and-behavior-problems-in-adolescence/78A733C303B84BE8B1FE2EBBE809CAF5,"11/14/2022, 08:00 AM, +0000 UTC",EXCLUDE,,,0.0,"out-of-corpus topic: sleep duration as predictor of behavior problems; screen time is not the primary exposure; does not map to paper 398 (Guerrero 2019, screen time and problem behaviors mediated by sleep)","Cambridge Development and Psychopathology article (Nov 2022) 'Middle childhood and adolescence sleep duration and behavior problems in adolescence' examines sleep as IV predicting behavior — not screen time as the primary exposure. Paper 398 (Guerrero 2019, IJBNPA) has screen time as IV with sleep as mediator. Different exposure-outcome configuration. No L1-L4 match.",398,
A0496,Folkehelseinstituttet - FHI,"Screen use and children and adolescents’ physical health assessed as musculosceletal pain, headache and eye health",https://www.fhi.no/en/publ/2024/Screen-use-and-children-and-adolescents-physical-health-assessed-as-musculosceletal-pain-headache-and-eye-health/,"05/15/2024, 07:00 AM, +0000 UTC",EXCLUDE,,,0.0,non-ABCD cohort: Norwegian Institute of Public Health (FHI) report on screen use and musculoskeletal pain/headache/eye health; not an ABCD Study paper,"FHI (Norwegian Institute of Public Health) report (May 2024) on screen use and physical health (musculoskeletal pain, headache, eye health) in a Norwegian cohort — definitively non-ABCD. Provisional paper 84 (Shou 2026, Acta Psychologica, ABCD data) does not match topic or cohort. No L1-L4 match.",84,
A0497,CNBC,Screen time linked to increased diabetes risk in children: study,https://www.cnbc.com/2017/03/14/screentime-linked-to-increased-diabetes-risk-in-children-study.html,"03/14/2017, 07:00 AM, +0000 UTC",EXCLUDE,,,0.0,"out-of-corpus topic: diabetes risk from screen time; published 2017, predates ABCD corpus; cardiometabolic outcome not covered by any corpus paper",CNBC article (Mar 2017) 'Screen time linked to increased diabetes risk in children: study' is from 2017 and covers diabetes/cardiometabolic outcomes — both out-of-corpus topic and predating the ABCD Study corpus. Provisional paper 84 (Shou 2026) was published 9 years later. No L1-L4 match.,84,
A0498,Ophthalmology Advisor,Continuous Teen Smartphone Use Associated with Myopic Refractive Errors,https://www.ophthalmologyadvisor.com/news/screen-time-rasies-youth-myopia-risk/,"08/05/2021, 07:00 AM, +0000 UTC",EXCLUDE,,,0.0,out-of-corpus topic: smartphone use and myopia/refractive errors in teens; eye health is not a corpus topic; not an ABCD Study paper,"Ophthalmology Advisor article (Aug 2021) 'Continuous Teen Smartphone Use Associated with Myopic Refractive Errors' covers myopia/eye health — an out-of-corpus topic. No corpus paper examines ophthalmic outcomes. Provisional paper 84 (Shou 2026, cognitive function) does not match. No L1-L4 match.",84,
A0499,University of Calgary,Excessive screen time linked to preschool learning delays,https://ucalgary.ca/news/excessive-screen-time-linked-preschool-learning-delays,"01/28/2019, 08:00 AM, +0000 UTC",EXCLUDE,,,0.0,"non-ABCD cohort: preschool-age children; ABCD Study baseline is ages 9-10; published 2019, predates ABCD corpus",University of Calgary article (Jan 2019) 'Excessive screen time linked to preschool learning delays' concerns preschool-age children in a Canadian cohort — non-ABCD population and published before the ABCD Study corpus. Provisional paper 84 (Shou 2026) was published 7 years later. No L1-L4 match.,84,
A0500,The Straits Times,How Singaporean researchers measured the effects of screen time on children’s brains,https://www.straitstimes.com/singapore/how-singaporean-researchers-measured-the-effects-of-screen-time-on-children-s-brains,"01/31/2023, 07:31 AM, +0000 UTC",EXCLUDE,,,0.88,"non-ABCD cohort; article about Singaporean researchers studying screen time and children's brains, not covering any ABCD corpus paper","Title references 'Singaporean researchers' measuring screen time effects on children's brains. Provisional paper 84 (Shou 2026, Acta Psychologica) has Japanese/Karolinska affiliation — not Singaporean. Published Jan 2023, but paper 84 is from 2026 (online-first). No summary text available to assess L1-L4. Institutional mismatch precludes L4; no ABCD-specific corpus paper plausibly covered.",84,
A0501,The Straits Times,Should I stop my child from befriending strangers on the Internet?,https://www.straitstimes.com/singapore/parenting-education/should-i-stop-my-child-from-befriending-strangers-on-the-internet,"02/09/2022, 08:00 AM, +0000 UTC",EXCLUDE,,,0.9,"out-of-corpus topic; general parenting advice about children befriending strangers online, no coverage of any specific ABCD corpus paper","Title 'Should I stop my child from befriending strangers on the Internet?' is a general parenting advice piece. Provisional paper 190 (Sauce 2022, Scientific Reports, digital media and intelligence) involves ABCD data and intelligence outcomes. No summary text; no evidence of Sauce/Scientific Reports/ABCD linkage. No L1-L4 criteria met.",190,
A0502,The Straits Times,"Weaning children off screens? Struggling working parents say they need help, not more rules",https://www.straitstimes.com/singapore/weaning-children-off-screens-struggling-working-parents-say-they-need-help-not-more-rules,"01/25/2025, 08:00 AM, +0000 UTC",EXCLUDE,,,0.88,"out-of-corpus topic; general parenting feature on screen time reduction strategies, no coverage of any specific ABCD corpus paper","Title 'Weaning children off screens? Struggling working parents say they need help, not more rules' is a general parenting feature (Jan 2025). Provisional paper 190 (Sauce 2022, Scientific Reports). No summary text to assess L1-L4; generic parenting framing with no indication of ABCD-specific paper coverage.",190,
A0503,guampdn.com,From vaping to cancer: UOG students' research at health awareness fair,https://www.guampdn.com/news/from-vaping-to-cancer-uog-students-research-at-health-awareness-fair/article_7566e3d6-358b-4068-9bc4-99f51ad581a9.html,"05/04/2025, 07:00 AM, +0000 UTC",EXCLUDE,,,0.95,non-ABCD cohort; UOG student research fair article unrelated to any ABCD corpus paper,"Title 'From vaping to cancer: UOG students' research at health awareness fair' describes a University of Guam student health fair. Provisional paper 84 (Shou 2026, Acta Psychologica, ABCD screen time and cognitive function). No plausible connection to ABCD or any corpus paper. No L1-L4 linkage.",84,
A0504,Business Insider,RESEARCH PROVES IT: Your iPad Is Killing You,https://www.businessinsider.com/research-proves-it-your-ipad-is-killing-you-2011-1,"01/16/2011, 08:00 AM, +0000 UTC",EXCLUDE,,,0.99,"predates entire corpus; published January 2011, all candidate papers are 2019 or later","Business Insider article published Jan 16, 2011 — roughly 8 years before the earliest corpus paper (Guerrero 2019, Fors 2019). No ABCD corpus paper could be covered. Provisional paper 84 (Shou 2026) is from 2026.",84,
A0505,businessinsider.com,Brain Scans Reveal Unique Signs of ADHD in Children,https://www.businessinsider.com/scientists-say-brain-scans-show-signs-of-adhd-in-children-2022-11,"Nov 23, 2022",EXCLUDE,,,0.9,"ABCD coverage of out-of-corpus topic; article about ADHD brain-scan signatures in ABCD children, not covering any screen time/SM corpus paper","Summary mentions ABCD Study, 7,805 patients ages 9-10 undergoing brain scans for ADHD. This is a neuroimaging ADHD diagnostic study from ABCD, not a screen time or social media exposure study. Corpus papers on ADHD (paper 50: Deng 2025 online social activity -> ADHD; paper 435/436: Nivins 2025 digital media genetics and ADHD) do not match this 2022 brain-scan ADHD characterization article. No L1-L4 linkage to any corpus paper.",,"The study group ultimately included 7,805 patients who were 9 or 10 years old when they underwent brain scans for the Adolescent Brain Cognitive Development ..."
A0506,businessinsider.com,"How Much Time Kids Should Spend on Screens, Sleeping, ...",https://www.businessinsider.com/kids-sleep-needs-screen-time-exercise-schedule-2018-10,"Oct 2, 2018",EXCLUDE,,,0.95,"general ABCD coverage; 2018 article about ABCD Study overview and child health recommendations, no specific corpus paper covered","Title 'How Much Time Kids Should Spend on Screens, Sleeping...' (Oct 2018). Summary references 'the ongoing ABCD Study, which is following more than 10,000 kids for 10 years.' General ABCD study overview article predating the corpus papers (earliest corpus paper is 2019). No specific paper from candidate_papers.json covered.",,"The authors of the new study used data from the ongoing ABCD Study, which is following more than 10,000 kids for 10 years to revolutionize our understanding of ..."
A0507,businessinsider.com,Teen Brothers Describe Experience in Moderna's Vaccine ...,https://www.businessinsider.com/teen-brothers-moderna-vaccine-trial-kids-2021-3,"Mar 19, 2021",EXCLUDE,,,0.98,"ABCD coverage of out-of-corpus topic; article about teen participation in Moderna vaccine trials via ABCD Study, not about screen time or social media",Title 'Teen Brothers Describe Experience in Moderna's Vaccine Trial' (Mar 2021). Summary: 'they've participated in the Adolescent Brain Cognitive Development Study.' ABCD mentioned only as the cohort from which vaccine trial participants were recruited — entirely out-of-corpus topic. No screen time or SM content.,,"For the past few years, they've participated in the Adolescent Brain Cognitive Development Study, the largest long-term study of brain development and child ..."
A0508,Times of Malta,Reduce screen time,https://timesofmalta.com/article/Reduce-screen-time.440441,"10/09/2012, 07:00 AM, +0000 UTC",EXCLUDE,,,0.99,"predates entire corpus; published October 2012, all candidate papers are 2019 or later","Times of Malta article 'Reduce screen time' published Oct 9, 2012 — 7 years before earliest corpus paper. Provisional paper 84 (Shou 2026) is from 2026. No possible coverage of any corpus paper.",84,
A0509,Science News Explores,Got brain rot?,https://www.snexplores.org/article/brain-rot-social-media-teen-health,"03/19/2026, 07:00 AM, +0000 UTC",INCLUDE,"192,435,86,95",multi,0.72,,"Science News Explores 'Got brain rot?' (Mar 2026) URL slug 'brain-rot-social-media-teen-health' and provisional IDs (190, 192, 435, 436, 86, 95) indicate an aggregator piece on brain/cognitive harm from social media. L3 coverage likely for: paper 192 (Nivins 2024, Scientific Reports, long-term impact of digital media on brain development in ABCD children); papers 435/436 (Nivins 2025, Pediatrics Open Science, digital media genetics and ADHD in ABCD); paper 86 (Nagata 2026, Am J Prev Med, problematic screen/SM use and mental health/sleep/substance use prospectively in ABCD); paper 95 (He 2025, Computers in Human Behavior, social media addiction and reward-circuit loss sensitivity in ABCD). Paper 190 (Sauce 2022, Scientific Reports) is older and less likely to be the focus of a Mar 2026 piece, though possible as background citation. Confidence moderate (0.72) because no article body text is available to confirm specific paraphrases; multi-paper aggregator assessment based on provisional IDs and publication date alignment.","190,192,435,436,86,95",
A0510,Science News Explores,New study links early smartphone ownership to health risks,https://www.snexplores.org/article/kids-age-own-smartphone-health-risks,"02/17/2026, 08:00 AM, +0000 UTC",INCLUDE,431,L3,0.93,,"Science News Explores 'New study links early smartphone ownership to health risks' (Feb 2026) maps directly to paper 431 (Barzilay 2026, Pediatrics, 'Smartphone Ownership, Age of Smartphone Acquisition, and Health Outcomes in Early Adolescence'). L3 met: title paraphrases the paper's core finding (early smartphone ownership -> health risks), matches exposure (smartphone ownership/acquisition age), outcome domain (health risks including depression, obesity, insufficient sleep), and approximate timeframe (Barzilay 2026, ABCD n>10,500). Science News Explores covers peer-reviewed research for younger audiences, consistent with covering a Pediatrics paper.",431,
A0511,The New York Times,"Genetic Data From Over 20,000 U.S. Children Misused for ‘Race Science’",https://www.nytimes.com/2026/01/24/us/children-genetics-race-science.html,"01/24/2026, 08:00 AM, +0000 UTC",EXCLUDE,,,0.95,"ABCD coverage of out-of-corpus topic; article about misuse of ABCD genetic data for race science, not about screen time or social media","NYT 'Genetic Data From Over 20,000 U.S. Children Misused for Race Science' (Jan 2026). Summary confirms ABCD Study data involved. Provisional paper 95 (He 2025, social media addiction and reward circuit) has no connection to genetics or race science. This is an ethics/data-misuse story about ABCD genomic data — completely out-of-corpus topic. No L1-L4 linkage to any screen time/SM corpus paper.",95,"Yet by relying on genetic and other personal data from the prominent project, known as the Adolescent Brain Cognitive Development ... ABCD Study and a ..."
A0512,The New York Times,"A Smartphone Before Age 12 Could Carry Health Risks, Study Says",https://www.nytimes.com/2025/12/01/well/family/early-smartphone-ownership-study.html,"12/01/2025, 08:00 AM, +0000 UTC",INCLUDE,431,L3,0.97,,"NYT 'A Smartphone Before Age 12 Could Carry Health Risks, Study Says' (Dec 2025) maps to paper 431 (Barzilay 2026, Pediatrics, 'Smartphone Ownership, Age of Smartphone Acquisition, and Health Outcomes in Early Adolescence'). L3 met with high confidence: summary states 'Researchers had analyzed data from more than 10,500 children who participated in the Adolescent Brain Cognitive Development Study' — matches paper 431's ABCD n (>10,500); title paraphrases paper's main finding (smartphone before age 12 -> health risks). Exposure (smartphone ownership/age of acquisition), outcome (health risks: depression OR=1.31, obesity OR=1.40, sleep OR=1.62), cohort (ABCD), and sample size all uniquely identify paper 431. Provisional ID 95 (He 2025, reward circuit) does not fit this article.","431,95","Researchers had analyzed data from more than 10,500 children who participated in the Adolescent Brain Cognitive Development Study — the largest long-term ..."
A0513,The New York Times,What Social Media Does to the Teen Brain (Published 2023),https://www.nytimes.com/2023/09/20/well/family/social-media-teen-brain-mental-health.html,"09/20/2023, 07:00 AM, +0000 UTC",EXCLUDE,,,0.93,"general ABCD coverage; anticipatory/prospective piece about future ABCD findings, no specific corpus paper covered","NYT 'What Social Media Does to the Teen Brain' (Sept 2023). Summary: 'She is eagerly awaiting results from the ongoing Adolescent Brain Cognitive Development, or A.B.C.D. study.' This is a forward-looking piece anticipating ABCD findings, published Sept 2023 before the relevant corpus papers (e.g., paper 1: Nagata 2025; paper 95: He 2025) existed. No specific paper from corpus is covered; ABCD mentioned as ongoing study. Excluded as general ABCD coverage.",95,"She is eagerly awaiting results from the ongoing Adolescent Brain Cognitive Development, or A.B.C.D. study, funded by the National Institutes of Health ..."
A0514,nytimes.com,Is Screen Time Bad for Kids' Brains?,https://www.nytimes.com/2018/12/10/health/screen-time-kids-psychology.html,"Dec 10, 2018",EXCLUDE,,,0.98,predates most corpus papers and covers only early ABCD study overview; no specific corpus paper covered,"NYT 'Is Screen Time Bad for Kids' Brains?' (Dec 2018). Summary mentions ABCD Study early results reported on CBS 60 Minutes. Published Dec 2018 — before all but the earliest corpus papers (Guerrero 2019, Fors 2019), and there is no evidence of coverage of those specific papers. General ABCD overview piece with no paraphrase of any corpus paper's specific finding.",,"On Sunday evening, CBS's “60 Minutes” reported on early results from the A.B.C.D. Study (for Adolescent Brain Cognitive Development), a $300 million project ..."
A0515,nytimes.com,Brain-Imaging Studies Hampered by Small Data Sets ...,https://www.nytimes.com/2022/03/16/science/brain-imaging-research.html,"Mar 16, 2022",EXCLUDE,,,0.97,"ABCD coverage of out-of-corpus topic; article about statistical/methodological issues in brain imaging studies, not about screen time or social media",NYT 'Brain-Imaging Studies Hampered by Small Data Sets' (Mar 2022). Summary lists ABCD Study alongside Human Connectome Project as large neuroimaging datasets. This is a methodology critique piece about neuroimaging sample sizes. No connection to any screen time or SM corpus paper. Out-of-corpus topic.,,"All three studies are ongoing: the Human Connectome Project, which has 1,200 participants; the Adolescent Brain Cognitive Development, or A.B.C.D., study ..."
A0516,nytimes.com,A Study on the Health Effects of a Cellphone Before Age 12,https://www.nytimes.com/2026/03/26/learning/science-practice-a-study-on-the-health-effects-of-a-cellphone-before-age-12.html,"Mar 30, 2026",INCLUDE,431,L3,0.95,,"NYT Learning 'A Study on the Health Effects of a Cellphone Before Age 12' (Mar 2026) clearly covers paper 431 (Barzilay 2026, Pediatrics, 'Smartphone Ownership, Age of Smartphone Acquisition, and Health Outcomes in Early Adolescence'). L3 met: summary states 'Researchers had analyzed data from more than 10,500 children who participated in the Adolescent Brain Cognitive Development Study' — matches paper 431 ABCD n and design. Title ('health effects of a cellphone before age 12') paraphrases the paper's core finding on age of smartphone acquisition and health outcomes. This is a NYT Learning section adaptation of the Dec 2025 NYT article (A0512); distinct article_id warrants its own entry.",,"Researchers had analyzed data from more than 10,500 children who participated in the Adolescent Brain Cognitive Development Study — the largest long-term ..."
A0517,nytimes.com,How Young Is Too Young to Get a Smartphone?,https://www.nytimes.com/2026/03/26/learning/how-young-is-too-young-to-get-a-smartphone.html,"Mar 26, 2026",INCLUDE,431,L3,0.95,,"NYT Learning 'How Young Is Too Young to Get a Smartphone?' (Mar 2026) covers paper 431 (Barzilay 2026, Pediatrics). L3 met: summary states 'Researchers had analyzed data from more than 10,500 children who participated in the Adolescent Brain Cognitive Development Study' — same identifying features as A0512 and A0516 (ABCD n>10,500, smartphone acquisition age, health outcomes). Title frames the policy question raised by paper 431. Companion piece to A0516 in the NYT Learning section.",,"Researchers had analyzed data from more than 10,500 children who participated in the Adolescent Brain Cognitive Development Study — the largest long-term ..."
A0518,nytimes.com,W.H.O. Says Limited or No Screen Time for Children Under 5,https://www.nytimes.com/2019/04/24/health/screen-time-kids.html,"Apr 24, 2019",EXCLUDE,,,0.96,"general ABCD coverage; 2019 article about WHO screen time guidelines with brief ABCD mention, no specific corpus paper covered","NYT 'W.H.O. Says Limited or No Screen Time for Children Under 5' (Apr 2019). Summary: 'The National Institutes of Health has funded a $300 million project known as the A.B.C.D. Study...which hopes to...' — ABCD is mentioned as context for ongoing research, not as the source of a specific finding from the corpus. No L1-L4 linkage to any corpus paper.",,"The National Institutes of Health has funded a $300 million project known as the A.B.C.D. Study (for Adolescent Brain Cognitive Development), which hopes to ..."
A0519,nytimes.com,How A.I. and Social Media Contribute to 'Brain Rot',https://www.nytimes.com/2025/11/06/technology/personaltech/ai-social-media-brain-rot.html,"Nov 6, 2025",INCLUDE,1,L4,0.85,,"NYT 'How A.I. and Social Media Contribute to Brain Rot' (Nov 2025). Summary: 'Dr. Jason Nagata, a pediatrician who led the study, and his colleagues looked at data from ABCD, for Adolescent Brain Cognitive Development.' L4 met: names lead author Nagata + ABCD Study + social media/cognitive topic ('brain rot') — configuration uniquely consistent with paper 1 (Nagata 2025, JAMA, 'Social Media Use Trajectories and Cognitive Performance in Adolescents', UCSF). Paper 1 is Nagata's 2025 JAMA paper on social media trajectories and cognitive performance, which generated 'brain rot' media coverage in Nov 2025. Confidence 0.85 because article body text is unavailable to confirm journal name (JAMA) or specific cognitive outcome details for L2/L3 upgrade.",,"Dr. Jason Nagata, a pediatrician who led the study, and his colleagues looked at data from ABCD, for Adolescent Brain Cognitive Development, a research project ..."
A0520,nytimes.com,A Teen's Journey Into the Internet's Darkness and Back Again,https://www.nytimes.com/2022/08/22/health/adolescents-mental-health-technology.html,"Sep 9, 2022",EXCLUDE,,,0.94,"general ABCD coverage; narrative piece about teen internet use and mental health with ABCD mentioned as ongoing study, no specific corpus paper covered","NYT 'A Teen's Journey Into the Internet's Darkness and Back Again' (Aug/Sep 2022). Summary: 'Major research efforts, such as the federally funded Adolescent Brain Cognitive Development study, are still in their early stages. The study follows 12,000...' ABCD cited as background context for ongoing research, not as source of a specific corpus paper finding. No L1-L4 linkage.",,"Major research efforts, such as the federally funded Adolescent Brain Cognitive Development study, are still in their early stages. The study follows 12,000 ..."
A0521,Orange County Register,"CSUF professor and grad student examine how sports, mental health and social media interact",https://www.ocregister.com/2026/04/29/csuf-professor-and-grad-student-examine-how-sports-mental-health-and-social-media-interact/,"04/29/2026, 07:00 AM, +0000 UTC",EXCLUDE,,,0.95,"non-ABCD cohort; article about CSUF professors studying sports, mental health, and social media — unrelated to any ABCD corpus paper","OC Register 'CSUF professor and grad student examine how sports, mental health and social media interact' (Apr 2026). This describes original research by Cal State Fullerton faculty — not ABCD data. Provisional paper 95 (He 2025, Computers in Human Behavior, social media addiction and reward circuit in ABCD) has no connection to CSUF or sports/mental health framing. No L1-L4 linkage.",95,
A0522,New York Post,Social media is rotting kids’ brains — and especially hurting their memory and vocabulary: study,https://nypost.com/2025/10/15/health/social-media-is-hurting-kids-memory-vocabulary-study/,"10/15/2025, 07:00 AM, +0000 UTC",INCLUDE,1,L3,0.87,,"NY Post 'Social media is rotting kids' brains — and especially hurting their memory and vocabulary: study' (Oct 2025). L3: title paraphrases two specific outcome domains — memory and vocabulary — that map to paper 1 (Nagata 2025, JAMA, 'Social Media Use Trajectories and Cognitive Performance in Adolescents') which used the NIH Toolbox Cognition Battery including Picture Vocabulary and memory subtests. Published Oct 2025, consistent with JAMA 2025 coverage wave. The 'brain rot' + 'memory and vocabulary' specificity uniquely maps to paper 1 among corpus papers. Provisional ID 95 (He 2025, reward circuit) does not cover memory/vocabulary outcomes.",95,
A0523,Toronto Sun,Study reveals how social media is harming kids' brains,https://torontosun.com/news/world/study-social-media-is-harming-kids-brains,"10/19/2025, 07:00 AM, +0000 UTC",INCLUDE,1,L3,0.83,,"Toronto Sun 'Study reveals how social media is harming kids' brains' (Oct 2025). L3: title paraphrases a finding about social media harming children's brains/cognition, consistent with paper 1 (Nagata 2025, JAMA, social media use trajectories and cognitive performance in ABCD adolescents). Published Oct 2025 during the same media wave as A0522. Provisional paper 95 (He 2025, reward circuit in Computers in Human Behavior) is less likely; paper 1 generated the dominant Oct 2025 media coverage cycle on social media and children's brain/cognitive outcomes. Confidence 0.83 because no article summary available to confirm specific finding details or Nagata/JAMA attribution.",95,
A0524,Yale School of Medicine,Social Media and Youth Mental Health: Does More Use Always Mean More Harm?,https://medicine.yale.edu/news-article/social-media-and-youth-mental-health/,"03/30/2026, 07:00 AM, +0000 UTC",EXCLUDE,,,0.65,insufficient evidence for L1-L4 linkage to any specific corpus paper; likely institutional commentary rather than primary coverage of a corpus paper,"Yale School of Medicine 'Social Media and Youth Mental Health: Does More Use Always Mean More Harm?' (Mar 2026). Provisional paper 95 (He 2025, UCSF/China affiliation, Computers in Human Behavior) has no Yale connection. Possible candidates with Yale/New York area affiliation include paper 3 (Xiao 2025, JAMA, Weill Cornell) or paper 196 (Pagliaccio 2024, NPP-Digital Psychiatry). However, no summary text is available, the 'does more use always mean more harm?' framing suggests a review/commentary rather than primary paper coverage, and the Mar 2026 date and Yale institutional outlet do not uniquely map to any corpus paper with sufficient confidence. Flagged for human review (confidence <0.7).",95,
A0525,Yale School of Medicine,Study Probes Connection Between Excessive Screen Media Activity and Mental Health Problems in Youth,https://medicine.yale.edu/news-article/yale-study-probes-connection-between-excessive-screen-media-activity-and-mental-health-problems-in-youth/,"03/21/2023, 07:00 AM, +0000 UTC",EXCLUDE,,,0.0,"ABCD coverage of out-of-corpus topic — Yale press release about Weill Cornell / Columbia excessive screen media and mental health; provisional paper 95 (He 2025 Computers in Human Behavior, social media addiction and reward circuit) does not match; article title 'Yale Study Probes Connection Between Excessive Screen Media Activity and Mental Health Problems in Youth' likely refers to the Xiao/Mann/Keyes JAMA paper (paper 3) or a related Columbia/Weill Cornell study, but without article body no L2-L4 can be confirmed; published 2023 and no URL-embedded DOI for any corpus paper — insufficient evidence to link to paper 3 or any other corpus paper.","Title references Yale and excessive screen media activity + mental health, but provisional paper 95 (He 2025) is a reward-circuit neuroimaging paper with UCSF/Beijing affiliation, not Yale. No body text available to satisfy L2-L4 for any corpus paper.",95,
A0526,The Detroit News,Is brain rot real? Here's what brain health experts say,https://www.detroitnews.com/story/life/wellness/2025/06/17/is-brain-rot-real-heres-what-brain-health-experts-say/84239428007/,"06/17/2025, 07:00 AM, +0000 UTC",EXCLUDE,,,0.0,"General commentary/opinion piece about 'brain rot' from colloquial social media use — does not paraphrase a specific corpus paper finding. No article body available; provisional paper 95 (He 2025, reward circuit/SMA neuroimaging) is a highly specific neuroimaging paper that would not be described as 'brain rot experts say.' Topic is popular-science opinion, not a report on a specific ABCD corpus study.",Detroit News lifestyle article 'Is brain rot real? Here's what brain health experts say' (June 2025) is a general commentary. Provisional paper 95 (He 2025 Computers in Human Behavior) covers social media addiction and reward-circuit fMRI — not a match for this type of broad expert-opinion piece. No L1-L4 criteria met.,95,
A0527,PhillyVoice,Social media use hurts preteens' development of reading and memory skills,https://www.phillyvoice.com/social-media-children-reading-memory/,"10/14/2025, 07:00 AM, +0000 UTC",INCLUDE,144,L3,0.85,,"Title 'Social media use hurts preteens' development of reading and memory skills' published October 14 2025 maps strongly to paper 144 (Nagata 2026, Lancet Regional Health - Americas: 'Associations of adolescent social media use trajectories with spatial and verbal memory'). The paraphrase of social media -> reading and memory in preteens/early adolescents is distinctively consistent with paper 144's finding of high-increasing SM trajectory predicting lower verbal memory (RAVLT, LMT). Provisional paper 95 (reward circuit paper) is not relevant. Published date Oct 2025 aligns with a pre-publication/online-first appearance of paper 144 (2026 journal year). L3 satisfied: SM use + memory outcome + adolescent ABCD sample. No article body to confirm author/journal (L2 not confirmed).",95,
A0528,Android Police,Study shows smartphones for kids under 13 could carry health risks,https://www.androidpolice.com/study-shows-smartphones-for-kids-under-13-could-carry-health-risks/,"12/01/2025, 08:00 AM, +0000 UTC",INCLUDE,431,L3,0.85,,"Title 'Study shows smartphones for kids under 13 could carry health risks' published December 2025 maps to paper 431 (Barzilay 2026 Pediatrics: 'Smartphone Ownership, Age of Smartphone Acquisition, and Health Outcomes in Early Adolescence'). The paraphrase of smartphones + children under 13 + health risks is distinctively consistent with paper 431's finding that earlier smartphone acquisition is associated with depression, obesity, and sleep problems. Provisional paper 95 is not relevant. L3 satisfied: smartphone ownership/acquisition age + health outcomes + adolescent ABCD cohort. No article body available to confirm L2.",95,
A0529,Health and Me,Should Parents Limit Social Media For Teens? New Study Shows It Is Lowering Their Memory Score,https://www.healthandme.com/parenting/should-parents-limit-social-media-for-teens-new-study-shows-it-is-lowering-their-memory-score-article-153000534,"10/14/2025, 07:00 AM, +0000 UTC",INCLUDE,144,L3,0.88,,"Title 'Should Parents Limit Social Media For Teens? New Study Shows It Is Lowering Their Memory Score' published October 14 2025 aligns with paper 144 (Nagata 2026, Lancet Regional Health - Americas: SM trajectories and spatial/verbal memory). The paraphrase of social media lowering memory scores in teens is distinctively consistent with paper 144's finding (e.g., high-increasing SM trajectory B=-1.90 for RAVLT). Published same day as A0527 (Oct 14, 2025), suggesting both are covering the same paper 144 release. Provisional paper 95 (reward circuit) is not relevant. L3 satisfied: SM use + memory scores + adolescent ABCD sample.",95,
A0530,ABC7 Los Angeles,"UCLA, CHLA study looks at how kids grow up to be successful",https://abc7.com/post/ucla-study-looks-at-how-kids-grow-up-to-be-successful/1664717/,"12/19/2016, 08:00 AM, +0000 UTC",EXCLUDE,,,0.0,Non-corpus topic and wrong time period — ABC7 article from December 2016 about a UCLA/CHLA study on how kids grow up to be successful predates all corpus papers and does not relate to smartphone/social media use. Provisional paper 95 (He 2025) is entirely unrelated. No L1-L4 criteria met.,"Article published December 19, 2016 about a UCLA/CHLA longitudinal study on child success — entirely unrelated to any corpus paper. No phone/SM content evident from title. Wrong cohort, wrong topic, wrong era.",95,
A0531,Levin Papantonio,Last Scroll for Alcohol? Study Links Teen Social Media Bingeing to Early Substance Use,https://levinlaw.com/newsroom/last-scroll-for-alcohol/,"11/20/2024, 08:00 AM, +0000 UTC",INCLUDE,106,L3,0.87,,"Title 'Last Scroll for Alcohol? Study Links Teen Social Media Bingeing to Early Substance Use' published November 2024 maps to paper 106 (Nagata 2025, Drug and Alcohol Dependence: 'Prospective association between screen use modalities and substance use experimentation in early adolescents'). The paraphrase of social media -> substance/alcohol experimentation in early adolescents from ABCD is distinctively consistent with paper 106 (AOR for social media -> any substance = 1.20). L3 satisfied: SM use + substance use + early adolescents + ABCD. Provisional paper 106 confirmed. No article body to confirm L2 (author + journal).",106,
A0532,National Institute on Drug Abuse (NIDA) (.gov),Commercial interests contribute to drug use and addiction,https://nida.nih.gov/about-nida/noras-blog/2024/09/commercial-interests-contribute-to-drug-use-addiction,"09/26/2024, 07:00 AM, +0000 UTC",EXCLUDE,,,0.0,"ABCD coverage of out-of-corpus topic — NIDA blog post 'Commercial interests contribute to drug use and addiction' (September 2024) is a broad policy/commentary piece about commercial influences on addiction, not a report on a specific ABCD corpus paper. Provisional paper 124 (Roberston 2022, screen time and internalizing disorders) is unrelated to commercial interests. No evidence of L1-L4 linkage to any corpus paper.",NIDA Director Nora Volkow blog about commercial interests and drug use. Provisional paper 124 covers screen time and internalizing disorder diagnoses in 9-10 year olds — no thematic connection. No L1-L4 criteria met.,124,
A0533,Psych Central,Interview With U.S. Surgeon General Vivek Murthy on Youth Mental Health,https://psychcentral.com/health/us-surgeon-general-vivek-murthy-how-to-address-the-youth-mental-health-crisis,"04/28/2022, 07:00 AM, +0000 UTC",EXCLUDE,,,0.0,"General youth mental health commentary — Psych Central interview with Surgeon General Vivek Murthy about youth mental health crisis (April 2022) is a broad policy interview, not a report on a specific ABCD corpus paper. Provisional paper 130 (Kiss 2022, pandemic mental health in ABCD) is a specific ABCD COVID paper; no evidence the interview cites or paraphrases this paper's findings. No L1-L4 criteria met.",Psych Central interview with Surgeon General about youth mental health crisis. Provisional paper 130 is a machine-learning ABCD paper on pandemic mental health — a very specific methodological paper that would not typically be cited in a Surgeon General interview without specific paraphrase. No body text available to confirm any linkage.,130,
A0534,Everyday Health,Screen Time Before Bed: How to Make Sure Phone Use Doesn’t Ruin Your Sleep,https://www.everydayhealth.com/sleep/how-to-make-sure-phone-use-doesnt-ruin-your-sleep/,"12/10/2025, 08:00 AM, +0000 UTC",INCLUDE,"139,157",L3,0.75,,"Title 'Screen Time Before Bed: How to Make Sure Phone Use Doesn't Ruin Your Sleep' (Everyday Health, December 2025) is a general consumer health article about bedtime screen use and sleep — thematically aligned with both paper 139 (Nagata 2024 Journal of Adolescent Health: bedtime screen use behaviors and sleep outcomes, prospective) and paper 157 (Nagata 2023 Sleep Health: bedtime screen use behaviors and sleep outcomes, ABCD). Both papers are by Nagata on bedtime screen use and sleep in ABCD adolescents. A consumer sleep article from Dec 2025 could plausibly cite either or both. Confidence lowered to 0.75 because without article body it cannot be confirmed which (if any) specific paper is cited. Provisional paper IDs 139 and 157 match well. L3 partially satisfied on topic + ABCD + outcome configuration, but multi-paper ambiguity reduces certainty.","139,157",
A0535,UKNow,What a New Study Reveals About Selfies and Teenage Body Image,https://uknow.uky.edu/research/what-new-study-reveals-about-selfies-and-teenage-body-image,"05/29/2018, 07:00 AM, +0000 UTC",EXCLUDE,,,0.0,"Non-ABCD study, wrong topic — UKNow (University of Kentucky) article from May 2018 about selfies and teenage body image is not about the ABCD Study and predates the ABCD corpus papers. Provisional paper 150 (Nagata 2026 NeuroImage: social media use and brain structure) is entirely unrelated to selfies or body image. No L1-L4 criteria met.","Article from 2018 about selfies and teen body image from a University of Kentucky study. Corpus paper 150 covers ABCD neuroimaging of social media use and brain morphology — completely different topic. Wrong year, wrong cohort, wrong topic.",150,
A0536,Motley Rice,Social Media and Self-Esteem: Mental Health Risks Explained,https://www.motleyrice.com/social-media-lawsuits/self-esteem,"03/05/2026, 08:00 AM, +0000 UTC",EXCLUDE,,,0.0,"Legal/litigation resource page — Motley Rice law firm page 'Social Media and Self-Esteem: Mental Health Risks Explained' (March 2026) is a legal informational page about social media litigation, not a news article reporting on a specific ABCD corpus paper. Provisional paper 150 (Nagata 2026 NeuroImage, social media and brain structure) could potentially be cited but without article body there is no evidence of L1-L4 linkage to any specific corpus paper. Legal aggregator pages typically do not cite specific academic papers with sufficient paraphrase for L3/L4.","Motley Rice law firm litigation resource page about social media and self-esteem. Provisional paper 150 is a neuroimaging paper about brain structure, not self-esteem. No specific ABCD paper paraphrase identifiable from title alone. Excluded as general legal resource without demonstrable corpus linkage.",150,
A0537,Refinery29,What's Going On With Young Women Scribbling Out Their Faces On Insta? We Investigate,https://www.refinery29.com/en-ca/2019/08/240691/teen-girls-scribbling-faces-instagram-photos,"08/15/2019, 07:00 AM, +0000 UTC",EXCLUDE,,,0.0,"Non-ABCD study, wrong topic and wrong year — Refinery29 article from August 2019 about young women scribbling out their faces on Instagram is a cultural commentary piece, not a report on an ABCD corpus paper. Provisional paper 150 (Nagata 2026 NeuroImage) did not exist in 2019. No L1-L4 criteria met.",Refinery29 cultural piece from 2019 about Instagram face-scribbling behavior. Entirely unrelated to any corpus paper. Provisional paper 150 (2026 neuroimaging paper) was published seven years after this article.,150,
A0538,Medical News Today,7 best night lights: Products and how to choose,https://www.medicalnewstoday.com/articles/best-night-lights,"08/10/2022, 07:00 AM, +0000 UTC",EXCLUDE,,,0.0,Unrelated product review — Medical News Today '7 best night lights: Products and how to choose' (August 2022) is a product review article with no connection to any ABCD corpus paper. Provisional paper 156 (Hisler 2020 Sleep Health: screen media use and sleep disturbance) is entirely unrelated to night light products. No L1-L4 criteria met.,MNT product review of night lights. Provisional paper 156 is about screen media use (including social media) and sleep disturbances in ABCD children — no thematic or factual connection. Clearly a false positive from keyword matching.,156,
A0539,Medical News Today,"Negative effects of technology: Psychological, social, and health",https://www.medicalnewstoday.com/articles/negative-effects-of-technology,"04/15/2025, 07:00 AM, +0000 UTC",EXCLUDE,,,0.0,"General technology overview article — Medical News Today 'Negative effects of technology: Psychological, social, and health' (April 2025) is a broad evergreen overview article about technology harms. While it may cite multiple studies, without article body there is no evidence it specifically paraphrases paper 398 (Guerrero 2019, International Journal of Behavioral Nutrition and Physical Activity: screen time, sleep mediation, problem behaviors in ABCD) with sufficient specificity to satisfy L3 or L4. General technology articles typically draw on numerous sources without providing unique paper-level paraphrase.","MNT evergreen overview of negative technology effects. Provisional paper 398 (Guerrero 2019) is a specific ABCD mediation analysis of screen time, sleep, and problem behaviors. Without article body confirming citation of this specific paper (L1) or paraphrase of its distinctive findings (L3: ABCD sample + social media composite + sleep mediation + IRR estimates), exclusion is warranted.",398,
A0540,Psychiatry Online,National Trends in Suicidal Thoughts and Suicide Attempts Among High School Students in the United States,https://psychiatryonline.org/doi/10.1176/appi.ajp.20240706,"05/28/2025, 07:00 AM, +0000 UTC",EXCLUDE,,,0.0,"Non-ABCD cohort — Psychiatry Online article reporting on American Journal of Psychiatry paper 'National Trends in Suicidal Thoughts and Suicide Attempts Among High School Students in the United States' (published May 2025) is about a national trends study of high school students, not the ABCD Study. Provisional paper 160 (Chu 2023, Preventive Medicine: screen time and suicidal behaviors in ABCD 9-11 year olds) is a different paper. AJP national trends paper uses different data source (likely YRBS/national surveillance). No L1-L4 criteria met for any corpus paper.","PsychiatryOnline article about AJP national trends paper on suicidal thoughts in high school students — different study, different cohort, different age range from corpus paper 160. URL doi/10.1176/appi.ajp.20240706 does not match any corpus paper DOI.",160,
A0541,Psychiatry Online,The ABCD and HBCD Studies: Longitudinal Studies to Inform Prevention Science,https://www.psychiatryonline.org/doi/10.1176/appi.focus.20240016,"10/15/2024, 07:00 AM, +0000 UTC",EXCLUDE,,,0.0,"General ABCD/HBCD study overview — PsychiatryOnline article 'The ABCD and HBCD Studies: Longitudinal Studies to Inform Prevention Science' (FOCUS journal, October 2024) is an overview of ABCD and HBCD study designs, not a report on specific corpus papers 160 or 389. This is a general overview of study infrastructure that would not paraphrase specific paper findings with L3/L4 specificity. Excluded as general ABCD coverage without specific corpus paper linkage.","FOCUS journal overview article about ABCD and HBCD study designs. Provisional papers 160 (Chu 2023, suicidal behaviors) and 389 (Nagata 2023, BMC Public Health, problematic social media and alcohol expectancies) are specific content papers; an overview of study infrastructure would not constitute coverage of either paper's specific findings.","160,389",
A0542,Parents,"TikTok Launches Screen Time Limits for Teens: Too Little, Too Late?",https://www.parents.com/tiktok-launches-screen-time-limits-for-teens-7197989,"03/06/2023, 08:00 AM, +0000 UTC",EXCLUDE,,,0.0,"Policy/platform news article — Parents.com 'TikTok Launches Screen Time Limits for Teens: Too Little, Too Late?' (March 2023) is a news piece about TikTok's platform policy decision, not a report on a specific ABCD corpus paper. Provisional paper 160 (Chu 2023, screen time and suicidal behaviors) may be mentioned in passing but there is no basis without article body to confirm L3/L4 paraphrase of that specific ABCD paper. Platform policy news articles typically do not provide paper-level paraphrase.",Parents.com article about TikTok's screen time limit feature launch (March 2023). Provisional paper 160 is a specific ABCD prospective cohort study on screen time and suicidal behaviors. No evidence of L1-L4 linkage from title alone; general platform-policy piece unlikely to cite a specific ABCD paper with the specificity required by L3/L4.,160,
A0543,UGA Today,Frequent social media use could impact child development,https://news.uga.edu/social-media-impacts-kids/,"03/25/2026, 07:00 AM, +0000 UTC",INCLUDE,"167,175,310",L4,0.92,,"UGA Today press release 'Frequent social media use could impact child development' (March 25, 2026) is from the University of Georgia news office — matching the affiliation of papers 167 (Carvalho 2025, Development and Psychopathology: smartphones and parent-adolescent discrepancy, U of Georgia), 175 (Carvalho 2025, Journal of Family Psychology: youth electronic media use and family conflict, U of Georgia), and 310 (Carvalho 2025, Journal of Research on Adolescence: social media and crystallized/fluid performance trajectories, U of Georgia). L4 satisfied: UGA institution + social media topic + ABCD Study configuration uniquely maps to Carvalho et al. papers. Provisional paper IDs 167, 175, 310 all confirmed as multi-map. The press release timing (March 2026) aligns with paper 310 (Journal of Research on Adolescence, 2025) and paper 167 (Development and Psychopathology, 2025).","167,175,310",
A0544,UGA Today,"Cellphones lead to family conflict, mental health problems in kids",https://news.uga.edu/cellphones-family-conflict-mental-health/,"10/13/2025, 07:00 AM, +0000 UTC",INCLUDE,"175,310",L3,0.88,,"UGA Today 'Cellphones lead to family conflict, mental health problems in kids' (October 13, 2025) maps to paper 175 (Carvalho 2025, Journal of Family Psychology: 'Youth electronic media use and family conflict: Bidirectional associations across early adolescence') and paper 310 (Carvalho 2025, Journal of Research on Adolescence: social media and cognitive performance trajectories). Title paraphrase of cellphones/electronic media -> family conflict + mental health problems is distinctively consistent with paper 175's finding of social EMU (social media + texting) bidirectionally predicting family conflict. L3 satisfied: cellphone/SM use + family conflict + mental health + early adolescence + ABCD (UGA affiliation context). Paper 310 provisionally included as Carvalho also covers mental health-adjacent cognitive outcomes.","175,310",
A0545,futurity.org,Youth phone use can be bad for family bonds and mental health,https://www.futurity.org/screen-use-family-conflict-mental-health-problems-3299462/,"10/15/2025, 07:00 AM, +0000 UTC",INCLUDE,175,L3,0.87,,"Futurity.org 'Youth phone use can be bad for family bonds and mental health' (October 15, 2025) is a research news aggregator article covering a UGA study. The paraphrase of youth phone use -> family bonds + mental health is distinctively consistent with paper 175 (Carvalho 2025, Journal of Family Psychology: social EMU and family conflict bidirectional associations in ABCD). Published 2 days after UGA Today press release (A0544), consistent with Futurity syndication of UGA news. Provisional paper 167 (smartphone ownership and parent-adolescent discrepancy) is less consistent with 'family bonds' framing — paper 175's family conflict content is the closer match. L3 satisfied: phone use + family conflict/bonds + mental health + early adolescence.",167,
A0546,Yahoo,"Frequent Social Media Use Related to Worse Reading Skills for Tweens and Teens, Study Finds",https://www.yahoo.com/news/articles/frequent-social-media-related-worse-182114530.html,"03/27/2026, 07:00 AM, +0000 UTC",INCLUDE,310,L3,0.9,,"Yahoo News 'Frequent Social Media Use Related to Worse Reading Skills for Tweens and Teens, Study Finds' (March 27, 2026) maps to paper 310 (Carvalho 2025, Journal of Research on Adolescence: 'Associations between social media and crystallized and fluid performance trajectories in early adolescence'). The paraphrase of social media -> worse reading skills (crystallized intelligence/vocabulary) in tweens/teens from ABCD is distinctively consistent with paper 310's finding that social media trajectory slopes predict crystallized cognitive performance (beta = -.36, p < .001 for s_sm -> s_cryst). Published March 27, 2026 — same day as A0543 (UGA Today press release about Carvalho work). L3 satisfied: SM use + reading/crystallized performance + adolescence + ABCD. Provisional papers 175 and 310 noted; 310 is the closer match for reading skills specifically.","175,310",
A0547,ConsumerAffairs,Heavy social media use tied to declines in reading skills among adolescents,https://www.consumeraffairs.com/news/heavy-social-media-use-tied-to-declines-in-reading-skills-among-adolescents-032726.html,"03/27/2026, 07:00 AM, +0000 UTC",INCLUDE,310,L3,0.9,,"ConsumerAffairs 'Heavy social media use tied to declines in reading skills among adolescents' (March 27, 2026) maps to paper 310 (Carvalho 2025, Journal of Research on Adolescence: social media and crystallized/fluid performance trajectories). Same publication date as A0543 and A0546, covering the same UGA Carvalho et al. finding that social media use is associated with declines in crystallized cognitive performance (reading/vocabulary skills). L3 satisfied: SM use + reading skill declines + adolescents + ABCD. Provisional papers 175 and 310 noted; 310 is the primary match for 'reading skills' paraphrase.","175,310",
A0548,British Psychological Society,Does pre-teen screen time lead to later family conflict?,https://www.bps.org.uk/research-digest/does-pre-teen-screen-time-lead-later-family-conflict,"12/18/2025, 08:00 AM, +0000 UTC",INCLUDE,175,L3,0.88,,"British Psychological Society Research Digest 'Does pre-teen screen time lead to later family conflict?' (December 18, 2025) maps to paper 175 (Carvalho 2025, Journal of Family Psychology: 'Youth electronic media use and family conflict: Bidirectional associations across early adolescence'). The BPS Research Digest typically covers specific published academic papers with detailed paraphrase. The paraphrase of pre-teen screen time -> family conflict is distinctively consistent with paper 175's bidirectional cross-lagged finding linking social EMU (social media + texting) to family conflict in ABCD. L3 satisfied: screen time + family conflict + pre-teen/early adolescence + ABCD. BPS Digest format likely satisfies L2 (author Carvalho + Journal of Family Psychology named) but cannot confirm without article body.",175,
A0549,respiratory-therapy.com,Youth Mental Health During the Pandemic,https://respiratory-therapy.com/disorders-diseases/infectious-diseases/coronavirus/these-factors-improved-youth-mental-health-during-covid-19-pandemic/,"05/02/2024, 08:04 PM, +0000 UTC",EXCLUDE,,,0.0,"General COVID/pandemic mental health overview — respiratory-therapy.com 'Youth Mental Health During the Pandemic' (May 2024) is a general overview of pandemic youth mental health factors. Provisional paper 177 (Kiss 2023, Health Psychology: COVID-19 effects on screen time and sleep in ABCD adolescents) is a specific longitudinal ABCD paper on social media and sleep changes during COVID. Without article body there is no evidence this respiratory-therapy.com summary specifically paraphrases paper 177's distinctive findings (social media use + sleep outcomes + ABCD longitudinal design + specific chi-square estimates). General pandemic mental health articles typically do not cite this specific paper with L3/L4 specificity.",Respiratory-therapy.com overview of pandemic youth mental health. Provisional paper 177 is a specific ABCD paper by Kiss et al. on screen time (incl. social media) and sleep changes during COVID. No L1-L4 linkage confirmable from title alone; excluded as general pandemic mental health overview.,177,
A0550,Villanova University,Focus on the Front Line,https://www.villanova.edu/vu/magazine/spring-2024/features/focus-on-the-front-line.html,"02/16/2026, 04:49 AM, +0000 UTC",EXCLUDE,,,0.0,"out-of-corpus topic: Villanova University magazine feature about front-line workers; no reference to ABCD, screen time, social media, or any corpus paper",Title 'Focus on the Front Line' with no summary; Villanova University outlet; no content linking to paper 177 (Kiss 2023 COVID screen time/sleep) or any corpus paper. Provisional tag based on COVID keyword overlap only.,177,
A0551,Wiley Online Library,The Wage Effect of the COVID‐19 Pandemic by Company Size: Evidence From Thailand,https://onlinelibrary.wiley.com/doi/abs/10.1002/jid.70025,"10/04/2025, 08:04 PM, +0000 UTC",EXCLUDE,,,0.0,out-of-corpus topic: economics paper about wage effects of COVID-19 by company size in Thailand; no relation to ABCD or corpus papers,"Wiley Online Library article 'The Wage Effect of the COVID-19 Pandemic by Company Size: Evidence From Thailand' (doi: 10.1002/jid.70025) — labour economics, non-ABCD cohort, no screen time or adolescent mental health content.",177,
A0552,Wiley Online Library,The effects of the COVID‐19 pandemic on the mental health of people with obesity,https://onlinelibrary.wiley.com/doi/abs/10.1002/smi.3359,"12/21/2023, 08:00 AM, +0000 UTC",EXCLUDE,,,0.0,"out-of-corpus topic: COVID mental health effects in adults with obesity; non-ABCD cohort, no screen time or smartphone content","Wiley Online Library article 'The effects of the COVID-19 pandemic on the mental health of people with obesity' (doi: 10.1002/smi.3359) — adult obesity population, no ABCD, no screen time IV. Provisional tag for paper 177 based on COVID keyword overlap only.",177,
A0553,Wiley Online Library,The Effect of Digital Era on Human Visual Working Memory - Tang - 2025 - Brain and Behavior,https://onlinelibrary.wiley.com/doi/full/10.1002/brb3.70220,"12/31/2024, 08:00 AM, +0000 UTC",EXCLUDE,,,0.0,"non-ABCD cohort: Tang 2025 Brain and Behavior paper on digital era and visual working memory; separate cohort, does not reference paper 190 (Sauce 2022 Scientific Reports) or any corpus paper","Wiley article 'The Effect of Digital Era on Human Visual Working Memory' (doi: 10.1002/brb3.70220) by Tang 2025 — different cohort from ABCD. Provisional tag for paper 190 (Sauce 2022) based on digital media/cognition topic overlap, but no L1-L4 linkage to any corpus paper.",190,
A0554,Wiley Online Library,Identifying Risk and Protective Factors Impacting the Clinical Outcomes of Subthreshold Anxiety in Early Adolescents: Insights From the ABCD Study,https://onlinelibrary.wiley.com/doi/full/10.1155/da/6514030,"06/25/2025, 07:00 AM, +0000 UTC",EXCLUDE,,,0.0,ABCD coverage of out-of-corpus topic: risk and protective factors for subthreshold anxiety outcomes in ABCD; screen time or social media not the focus; does not link to paper 381 or any corpus paper,Wiley article 'Identifying Risk and Protective Factors Impacting the Clinical Outcomes of Subthreshold Anxiety in Early Adolescents: Insights From the ABCD Study' — uses ABCD cohort but topic is anxiety clinical outcomes (not smartphone/SM as IV). No L1-L4 match to paper 381 (Zhang 2026 screen time/irritability) or any corpus paper.,381,
A0555,Centers for Disease Control and Prevention | CDC (.gov),"Effects of the COVID-19 Pandemic on Routine Pediatric Vaccine Ordering and Administration — United States, 2020",https://www.cdc.gov/mmwr/volumes/69/wr/mm6919e2.htm,"05/15/2020, 07:00 AM, +0000 UTC",EXCLUDE,,,0.0,out-of-corpus topic: CDC MMWR report on COVID-19 effects on routine pediatric vaccine ordering; no relation to ABCD or corpus papers,"CDC MMWR 'Effects of the COVID-19 Pandemic on Routine Pediatric Vaccine Ordering and Administration' — vaccination surveillance, non-ABCD, no screen time content. Provisional paper 177 tag from COVID keyword overlap.",177,
A0556,Centers for Disease Control and Prevention | CDC (.gov),Potential Indirect Effects of the COVID-19 Pandemic on Use ...,https://www.cdc.gov/mmwr/volumes/69/wr/mm6925e2.htm,"06/26/2020, 07:00 AM, +0000 UTC",EXCLUDE,,,0.0,out-of-corpus topic: CDC MMWR on potential indirect effects of COVID-19 on health services use; no relation to ABCD or corpus papers,"CDC MMWR 'Potential Indirect Effects of the COVID-19 Pandemic on Use...' — health services utilization, non-ABCD. Provisional paper 177 tag from COVID keyword overlap.",177,
A0557,Centers for Disease Control and Prevention | CDC (.gov),"Impact of Hospital Strain on Excess Deaths During the COVID-19 Pandemic — United States, July 2020–July 2021",https://www.cdc.gov/mmwr/volumes/70/wr/mm7046a5.htm,"11/19/2021, 08:00 AM, +0000 UTC",EXCLUDE,,,0.0,out-of-corpus topic: CDC MMWR on hospital strain and excess deaths during COVID-19; no relation to ABCD or corpus papers,"CDC MMWR 'Impact of Hospital Strain on Excess Deaths During the COVID-19 Pandemic' — hospital capacity/mortality, non-ABCD. Provisional paper 177 tag from COVID keyword overlap.",177,
A0558,Centers for Disease Control and Prevention | CDC (.gov),Impact of the COVID-19 Pandemic on Administration ...,https://www.cdc.gov/mmwr/volumes/70/wr/mm7023a2.htm,"06/11/2021, 07:00 AM, +0000 UTC",EXCLUDE,,,0.0,out-of-corpus topic: CDC MMWR on COVID-19 pandemic impact on administration of health services; no relation to ABCD or corpus papers,"CDC MMWR 'Impact of the COVID-19 Pandemic on Administration...' — health services, non-ABCD. Provisional paper 177 tag from COVID keyword overlap.",177,
A0559,Centers for Disease Control and Prevention | CDC (.gov),"Delay or Avoidance of Medical Care Because of COVID-19–Related Concerns — United States, June 2020 | MMWR",https://www.cdc.gov/mmwr/volumes/69/wr/mm6936a4.htm,"09/11/2020, 07:00 AM, +0000 UTC",EXCLUDE,,,0.0,out-of-corpus topic: CDC MMWR on delay or avoidance of medical care due to COVID-19 concerns; no relation to ABCD or corpus papers,"CDC MMWR 'Delay or Avoidance of Medical Care Because of COVID-19-Related Concerns' — healthcare avoidance, non-ABCD. Provisional paper 177 tag from COVID keyword overlap.",177,
A0560,Centers for Disease Control and Prevention | CDC (.gov),Decline in Child Vaccination Coverage During the COVID-19 Pandemic ...,https://www.cdc.gov/mmwr/volumes/69/wr/mm6920e1.htm,"05/22/2020, 07:00 AM, +0000 UTC",EXCLUDE,,,0.0,out-of-corpus topic: CDC MMWR on decline in child vaccination during COVID-19 pandemic; no relation to ABCD screen time or corpus papers,"CDC MMWR 'Decline in Child Vaccination Coverage During the COVID-19 Pandemic' — vaccination, non-ABCD. Provisional paper 177 tag from COVID keyword overlap.",177,
A0561,Centers for Disease Control and Prevention | CDC (.gov),Notes from the Field: Update on Excess Deaths Associated...,https://www.cdc.gov/mmwr/volumes/70/wr/mm7015a4.htm,"04/16/2021, 07:00 AM, +0000 UTC",EXCLUDE,,,0.0,out-of-corpus topic: CDC MMWR on excess deaths during COVID-19; no relation to ABCD or corpus papers,"CDC MMWR 'Notes from the Field: Update on Excess Deaths Associated...' — mortality surveillance, non-ABCD. Provisional paper 177 tag from COVID keyword overlap.",177,
A0562,Drexel,Medical Care and Education in the Age of the COVID-19 Pandemic,https://drexel.edu/medicine/academics/md-program/scholars-programs/womens-health-education-program/whep-scholars/maureen-farrell/,"06/04/2025, 12:54 AM, +0000 UTC",EXCLUDE,,,0.0,out-of-corpus topic: Drexel medical education/COVID page for a WHEP scholar; no relation to ABCD or corpus papers,"Drexel University page 'Medical Care and Education in the Age of the COVID-19 Pandemic' — medical education, non-ABCD. Provisional paper 177 tag from COVID keyword overlap.",177,
A0563,Office of Advocacy (.gov),Issue Brief No. 16 – The Effects of the COVID-19 Pandemic on Small Businesses,https://advocacy.sba.gov/2021/03/02/the-effects-of-the-covid-19-pandemic-on-small-businesses/,"03/02/2021, 08:00 AM, +0000 UTC",EXCLUDE,,,0.0,out-of-corpus topic: SBA issue brief on COVID-19 effects on small businesses; no relation to ABCD or corpus papers,"SBA 'The Effects of the COVID-19 Pandemic on Small Businesses' — business economics, non-ABCD. Provisional paper 177 tag from COVID keyword overlap.",177,
A0564,Duke Health,Analysis Details Lasting Effects of the Covid-19 Pandemic on Cancer Care,https://corporate.dukehealth.org/news/analysis-details-lasting-effects-covid-19-pandemic-cancer-care,"03/15/2023, 07:00 AM, +0000 UTC",EXCLUDE,,,0.0,out-of-corpus topic: Duke Health news on COVID pandemic effects on cancer care; no relation to ABCD or corpus papers,"Duke Health 'Analysis Details Lasting Effects of the Covid-19 Pandemic on Cancer Care' — oncology/health systems, non-ABCD. Provisional paper 177 tag from COVID keyword overlap.",177,
A0565,Legislative Analyst’s Office (.gov),An Initial Look at Effects of the COVID-19 Pandemic on Local Government Fiscal Condition,https://lao.ca.gov/Publications/Report/4428,"05/12/2021, 07:00 AM, +0000 UTC",EXCLUDE,,,0.0,out-of-corpus topic: California LAO report on COVID-19 effects on local government fiscal condition; no relation to ABCD or corpus papers,"LAO 'An Initial Look at Effects of the COVID-19 Pandemic on Local Government Fiscal Condition' — public finance, non-ABCD. Provisional paper 177 tag from COVID keyword overlap.",177,
A0566,Children's Hospital Association,7 Effects of the COVID-19 Pandemic on Kids,https://www.childrenshospitals.org/news/childrens-hospitals-today/2021/04/7-effects-of-the-covid19-pandemic-on-kids,"04/28/2021, 07:00 AM, +0000 UTC",EXCLUDE,,,0.0,out-of-corpus topic: Children's Hospital Association general article on 7 effects of COVID-19 on kids; does not reference ABCD or any corpus paper,"Children's Hospital Association '7 Effects of the COVID-19 Pandemic on Kids' — general pediatric COVID overview, no reference to ABCD Study or any corpus paper (paper 177 Kiss 2023). Provisional tag from COVID+kids keyword overlap.",177,
A0567,National Institute of Mental Health (NIMH) (.gov),COVID-19 Pandemic Associated With Worse Mental Health and Accelerated Brain Development in Adolescents,https://www.nimh.nih.gov/news/science-updates/2023/covid-19-pandemic-associated-with-worse-mental-health-and-accelerated-brain-development-in-adolescents,"01/26/2023, 08:00 AM, +0000 UTC",EXCLUDE,,,0.0,"ABCD coverage of out-of-corpus topic: NIMH science update about COVID-19 pandemic effects on adolescent brain development and mental health in ABCD; covers accelerated brain development findings, not screen time or social media as IV; no link to paper 177 or corpus paper","NIMH 'COVID-19 Pandemic Associated With Worse Mental Health and Accelerated Brain Development in Adolescents' — uses ABCD cohort but covers brain maturation/mental health changes during pandemic (a different ABCD paper on cortical thinning), not Kiss 2023 (paper 177) which is about screen time and sleep. No L1-L4 match to any corpus paper.",177,
A0568,National Academy of Medicine,A Path to Improved Health Care Worker Well-Being: Lessons from the COVID-19 Pandemic,https://nam.edu/perspectives/a-path-to-improved-health-care-worker-well-being-lessons-from-the-covid-19-pandemic/,"04/07/2025, 03:47 PM, +0000 UTC",EXCLUDE,,,0.0,out-of-corpus topic: National Academy of Medicine perspective on healthcare worker well-being after COVID-19; no relation to ABCD or corpus papers,"NAM 'A Path to Improved Health Care Worker Well-Being: Lessons from the COVID-19 Pandemic' — healthcare workforce, non-ABCD. Provisional paper 177 tag from COVID keyword overlap.",177,
A0569,National Academy of Medicine,"Patients, Families, and Communities COVID-19 Impact Assessment: Lessons Learned and Compelling Needs",https://nam.edu/perspectives/patients-families-and-communities-covid-19-impact-assessment-lessons-learned-and-compelling-needs/,"02/26/2025, 11:48 PM, +0000 UTC",EXCLUDE,,,0.0,out-of-corpus topic: National Academy of Medicine perspective on patient/community COVID-19 impact; no relation to ABCD or corpus papers,"NAM 'Patients, Families, and Communities COVID-19 Impact Assessment' — community health assessment, non-ABCD. Provisional paper 177 tag from COVID keyword overlap.",177,
A0570,Bureau of Labor Statistics (.gov),Employment recovery in the wake of the COVID-19 pandemic,https://www.bls.gov/opub/mlr/2020/article/employment-recovery.htm,"12/29/2020, 07:26 PM, +0000 UTC",EXCLUDE,,,0.0,out-of-corpus topic: Bureau of Labor Statistics article on employment recovery after COVID-19; no relation to ABCD or corpus papers,"BLS 'Employment recovery in the wake of the COVID-19 pandemic' — labor economics, non-ABCD. Provisional paper 177 tag from COVID keyword overlap.",177,
A0571,Bureau of Labor Statistics (.gov),What the long-term impacts of the COVID-19 pandemic could mean for the future of IT jobs : Beyond the Numbers,https://www.bls.gov/opub/btn/volume-11/what-the-long-term-impacts-of-the-covid-19-pandemic-could-mean-for-the-future-of-it-jobs.htm,"02/24/2022, 08:00 AM, +0000 UTC",EXCLUDE,,,0.0,out-of-corpus topic: Bureau of Labor Statistics article on long-term COVID-19 impacts on IT jobs; no relation to ABCD or corpus papers,"BLS 'What the long-term impacts of the COVID-19 pandemic could mean for the future of IT jobs' — labor economics/technology workforce, non-ABCD. Provisional paper 177 tag from COVID keyword overlap.",177,
A0572,Bureau of Labor Statistics (.gov),How did employment change during the COVID-19 pandemic? Evidence from a new BLS survey supplement,https://www.bls.gov/opub/btn/volume-11/how-did-employment-change-during-the-covid-19-pandemic.htm,"01/04/2022, 08:00 AM, +0000 UTC",EXCLUDE,,,0.0,out-of-corpus topic: Bureau of Labor Statistics article on employment changes during COVID-19 pandemic; no relation to ABCD or corpus papers,"BLS 'How did employment change during the COVID-19 pandemic?' — labor economics, non-ABCD. Provisional paper 177 tag from COVID keyword overlap.",177,
A0573,Bureau of Labor Statistics (.gov),"Unemployment rises in 2020, as the country battles the COVID-19 pandemic",https://www.bls.gov/opub/mlr/2021/article/unemployment-rises-in-2020-as-the-country-battles-the-covid-19-pandemic.htm,"06/11/2021, 01:40 AM, +0000 UTC",EXCLUDE,,,0.0,out-of-corpus topic: Bureau of Labor Statistics article on unemployment rising during COVID-19; no relation to ABCD or corpus papers,"BLS 'Unemployment rises in 2020, as the country battles the COVID-19 pandemic' — labor economics, non-ABCD. Provisional paper 177 tag from COVID keyword overlap.",177,
A0574,NOAA National Centers for Environmental Information (NCEI) (.gov),Exploring the Effects of COVID-19 Pandemic on Ocean Observing,https://www.ncei.noaa.gov/news/exploring-effects-covid-19-pandemic-ocean-observing,"01/03/2023, 08:00 AM, +0000 UTC",EXCLUDE,,,0.0,out-of-corpus topic: NOAA article on COVID-19 pandemic effects on ocean observing; no relation to ABCD or corpus papers,"NOAA NCEI 'Exploring the Effects of COVID-19 Pandemic on Ocean Observing' — oceanography/environmental science, non-ABCD. Provisional paper 177 tag from COVID keyword overlap.",177,
A0575,Unicef,Effects of the COVID-19 pandemic on adolescent and youth nutrition and physical activity,https://www.unicef.org/lac/en/effects-of-covid-19-pandemic-on-adolescent-and-youth-nutrition-and-physical-activity,"03/03/2021, 02:43 PM, +0000 UTC",EXCLUDE,,,0.98,"out-of-corpus topic; UNICEF report on pandemic effects on adolescent nutrition and physical activity, not screen time or ABCD study","Provisional paper 177 (Kiss 2023 Health Psychology — COVID-19 effects on screen time and sleep in ABCD adolescents). UNICEF article addresses nutrition and physical activity during COVID-19 in Latin America/Caribbean; no mention of screen time, ABCD Study, or any corpus author/finding. No L1-L4 criteria met.",177,
A0576,Bureau of Economic Analysis (BEA) (.gov),COVID-19 and Recovery: Estimates From Payment Card Transactions,https://www.bea.gov/recovery/estimates-from-payment-card-transactions/old,"05/08/2023, 07:54 AM, +0000 UTC",EXCLUDE,,,0.99,out-of-corpus topic; Bureau of Economic Analysis article on COVID-19 economic recovery via payment card transactions,"Provisional paper 177 (Kiss 2023). BEA article is about macroeconomic recovery data; entirely unrelated to adolescent screen time, sleep, or any ABCD research. No L1-L4 criteria met.",177,
A0577,Federal Reserve (.gov),"The Fed - The Effects of COVID-19, as Reported by Local Communities",https://www.federalreserve.gov/econres/notes/feds-notes/the-effects-of-covid-19-as-reported-by-local-communities-20210212.htm,"02/12/2021, 08:00 AM, +0000 UTC",EXCLUDE,,,0.99,out-of-corpus topic; Federal Reserve FEDS Notes article on local community COVID-19 economic effects,"Provisional paper 177 (Kiss 2023). Federal Reserve note covers economic impacts on local communities; no adolescent screen time, mental health, or ABCD content. No L1-L4 criteria met.",177,
A0578,Philadelphia Federal Reserve Bank,The Lingering Fiscal Effects of the COVID-19 Pandemic on Higher Education,https://www.philadelphiafed.org/consumer-finance/education-finance/the-lingering-fiscal-effects-of-the-covid-19-pandemic-on-higher-education,"05/12/2021, 02:39 PM, +0000 UTC",EXCLUDE,,,0.99,out-of-corpus topic; Philadelphia Fed article on COVID-19 fiscal effects on higher education,"Provisional paper 177 (Kiss 2023). Article addresses university budget impacts from the pandemic; no screen time, adolescent health, or ABCD study content. No L1-L4 criteria met.",177,
A0579,World Health Organization (WHO),The cost of inaction: COVID-19-related service disruptions could cause hundreds of thousands of extra deaths from HIV,https://www.who.int/news/item/11-05-2020-the-cost-of-inaction-covid-19-related-service-disruptions-could-cause-hundreds-of-thousands-of-extra-deaths-from-hiv,"05/11/2020, 07:00 AM, +0000 UTC",EXCLUDE,,,0.99,out-of-corpus topic; WHO article on COVID-19 service disruptions and HIV mortality projections,"Provisional paper 177 (Kiss 2023). WHO press release concerns HIV service disruption during COVID-19; no adolescent screen time, ABCD, or corpus author/finding. No L1-L4 criteria met.",177,
A0580,ReliefWeb,The effects of the COVID-19 pandemic on trafficking in persons and the responses to the challenges,https://reliefweb.int/report/world/effects-covid-19-pandemic-trafficking-persons-and-responses-challenges,"07/09/2021, 07:00 AM, +0000 UTC",EXCLUDE,,,0.99,out-of-corpus topic; ReliefWeb report on COVID-19 pandemic and human trafficking,"Provisional paper 177 (Kiss 2023). Article is about trafficking in persons during COVID-19; entirely unrelated to adolescent screen time, sleep, or ABCD research. No L1-L4 criteria met.",177,
A0581,Welcome to the United Nations,"COVID-19 could reverse decades of progress toward eliminating preventable child deaths, agencies warn",https://www.un.org/development/desa/en/news/population/igmereport.html,"09/09/2020, 07:00 AM, +0000 UTC",EXCLUDE,,,0.99,out-of-corpus topic; UN news item on COVID-19 reversing progress on preventable child deaths (global health/mortality focus),"Provisional paper 177 (Kiss 2023). UN article addresses under-5 child mortality and vaccination disruption during COVID-19; no screen time, adolescent mental health, or ABCD content. No L1-L4 criteria met.",177,
A0582,Gallup News,"Pandemic Hurt Children's Social Skills, Mental Health Most",https://news.gallup.com/poll/658100/pandemic-hurt-children-social-skills-mental-health.aspx,"03/13/2025, 07:00 AM, +0000 UTC",EXCLUDE,,,0.92,"general ABCD coverage, no specific paper from corpus; Gallup poll on pandemic harm to children's social skills and mental health","Provisional paper 177 (Kiss 2023, Health Psychology — COVID-19 effects on screen time and sleep in ABCD adolescents). Gallup poll article covers parental survey data on pandemic effects on children's social development and mental health. No mention of ABCD Study, Kiss et al., Health Psychology journal, screen time, or any corpus-specific finding. No L1-L4 criteria met.",177,
A0583,KMUW,'Far from over': Kansas schools still see COVID's effects on learning and behavior,https://www.kmuw.org/2025-05-22/far-from-over-kansas-schools-still-see-covids-effects-on-learning-and-behavior,"05/22/2025, 07:00 AM, +0000 UTC",EXCLUDE,,,0.97,"out-of-corpus topic; local news article on Kansas schools experiencing COVID learning/behavior effects, no ABCD or screen time content","Provisional paper 177 (Kiss 2023). KMUW article reports on Kansas school administrators' ongoing observations of COVID-related learning and behavioral impacts; no screen time research, no ABCD Study, no corpus author or finding. No L1-L4 criteria met.",177,
A0584,Center for Global Development,"Exploring the Effects of the COVID-19 Pandemic on Low-Cost Private Schools in Nairobi, Kenya",https://www.cgdev.org/publication/exploring-effects-covid-19-pandemic-low-cost-private-schools-nairobi-kenya,"10/19/2022, 07:00 AM, +0000 UTC",EXCLUDE,,,0.99,"out-of-corpus topic; CGDev report on COVID-19 effects on private schools in Nairobi, Kenya","Provisional paper 177 (Kiss 2023). Article is an education economics working paper about low-cost private schools in Kenya during COVID-19; no screen time, adolescent mental health, or ABCD content. No L1-L4 criteria met.",177,
A0585,BMJ Global Health,The impact of the COVID-19 pandemic on hospital utilisation in Sierra Leone,https://gh.bmj.com/content/6/10/e005988,"10/12/2021, 02:21 AM, +0000 UTC",EXCLUDE,,,0.99,out-of-corpus topic; BMJ Global Health study on COVID-19 impact on hospital utilization in Sierra Leone,"Provisional paper 177 (Kiss 2023). Academic article on emergency and inpatient hospital service utilization in Sierra Leone during COVID-19 pandemic; entirely unrelated to adolescent screen time, ABCD Study, or corpus authors. No L1-L4 criteria met.",177,
A0586,American College of Surgeons,The Importance of Advocacy Increased during the Pandemic,https://www.facs.org/for-medical-professionals/news-publications/news-and-articles/bulletin/2022/august-2022-volume-107-number-8/the-importance-of-advocacy-increased-during-the-pandemic/,"08/01/2022, 07:00 AM, +0000 UTC",EXCLUDE,,,0.99,out-of-corpus topic; American College of Surgeons article on surgical advocacy during the pandemic,"Provisional paper 177 (Kiss 2023). ACS Bulletin article on surgeon advocacy efforts during COVID-19; no screen time, adolescent mental health, ABCD Study, or corpus content. No L1-L4 criteria met.",177,
A0587,Reason Magazine,Parents share blame for problematic phone use among teens,https://reason.com/2024/06/17/parents-not-lax-regulation-to-blame-for-tweens-excessive-screen-time/,"06/17/2024, 07:00 AM, +0000 UTC",INCLUDE,184,L4,0.72,,"Reason Magazine article (June 2024) titled 'Parents share blame for problematic phone use among teens' aligns closely with paper 184 (Nagata 2025 Pediatric Research — 'Associations between media parenting practices and early adolescent screen use,' UCSF). The article topic — parental responsibility for children's problematic phone/screen use — uniquely matches the Nagata Pediatric Research study on how parental media practices predict problematic social media use (SMAQ) and mobile phone use (MPIQ) in ABCD adolescents. L4: topic (parental media practices + problematic screen use) + ABCD configuration. Confidence moderate because no article text/summary is available to confirm author or journal naming.",184,
A0588,Shorenstein Asia-Pacific Research Center,When Children Stop Going to School in Japan: Rethinking Compulsory Education and the Role of Journalism,https://aparc.fsi.stanford.edu/events/when-children-stop-going-school-japan-rethinking-compulsory-education-and-role-journalism,"03/30/2026, 07:00 AM, +0000 UTC",EXCLUDE,,,0.98,"out-of-corpus topic; Stanford event page on Japanese compulsory education policy and journalism, no screen time or ABCD content","Provisional paper 190 (Sauce 2022 Scientific Reports — digital media impact on children's intelligence in ABCD). Article is a Stanford Asia-Pacific Research Center event announcement about school non-attendance in Japan and the role of journalism; no screen time research, no ABCD Study, no corpus author. No L1-L4 criteria met.",190,
A0589,The Fast Mode,Proximus Launches Mobile Kids: A Safe First Smartphone Experience for Children,https://www.thefastmode.com/services-and-innovations/47938-proximus-launches-mobile-kids-a-safe-first-smartphone-experience-for-children,"04/03/2026, 05:34 AM, +0000 UTC",EXCLUDE,,,0.99,"out-of-corpus topic; telecom industry article on Proximus launching a smartphone product for children, no research content","Provisional paper 190 (Sauce 2022). The Fast Mode article is a product launch press release for a Belgian mobile operator's 'Mobile Kids' service; no ABCD Study, no Sauce/Klingberg research, no corpus finding. No L1-L4 criteria met.",190,
A0590,Issuewire,Vadodara Student Hani Prajapati Leads Digital Transformation Through Devotional Content,https://www.issuewire.com/vadodara-student-hani-prajapati-leads-digital-transformation-through-devotional-content-1852814928338514,"05/01/2026, 09:22 AM, +0000 UTC",EXCLUDE,,,0.99,"out-of-corpus topic; Issuewire PR about an Indian student creating devotional digital content, completely unrelated to corpus","Provisional paper 190 (Sauce 2022). Issuewire article is a promotional piece about a student in Vadodara producing religious video content; no screen time research, no ABCD, no corpus linkage. No L1-L4 criteria met.",190,
A0591,"University of Washington, College of Arts and Sciences",A Closer Look at Teens & Digital Technology,https://artsci.washington.edu/news/2024-02/closer-look-teens-digital-technology,"02/01/2024, 08:00 AM, +0000 UTC",EXCLUDE,,,0.82,"general digital technology overview; UW article on teens and digital technology, no confirmed link to a specific corpus paper","Provisional paper 190 (Sauce 2022 Scientific Reports). University of Washington College of Arts & Sciences article from February 2024 on teens and digital technology. Title suggests a general overview or commentary, not a press release for a specific corpus paper. Sauce 2022 is affiliated with Karolinska Institute/Stockholm, not UW; no author or journal overlap identifiable from title alone. Without article text confirming Sauce/Klingberg authorship or Scientific Reports journal or ABCD-specific finding, L1-L4 cannot be confirmed. Excluded as general digital technology coverage.",190,
A0592,"Fundación ""la Caixa""","María Angustias Salmerón: “If your child needs to carry a mobile to go and buy a loaf of bread, it’s better not to let them go”",https://mediahub.fundacionlacaixa.org/en/social/social-programmes/childhood/2025-12-09/maria-angustias-salmeron-digital-health-childhood-adolescence-7844.html,"12/09/2025, 08:00 AM, +0000 UTC",EXCLUDE,,,0.93,"out-of-corpus topic; interview with Spanish pediatrician about child digital health policy, not coverage of a specific corpus paper","Provisional paper 190 (Sauce 2022). Fundación la Caixa article is an interview with a Spanish pediatrician (María Angustias Salmerón) about when children should have mobile phones; it is a general policy/parenting advice piece, not coverage of Sauce et al. or any ABCD paper. No L1-L4 criteria met.",190,
A0593,Newsweek,Prince Harry and Meghan Appear to Step Back From Major Project,https://www.newsweek.com/entertainment/harry-meghan-markle-step-back-archewell-parents-network-11345707,"01/13/2026, 08:00 AM, +0000 UTC",EXCLUDE,,,0.99,out-of-corpus topic; celebrity news article about Prince Harry and Meghan Markle stepping back from the Archewell Parents Network,"Provisional paper 190 (Sauce 2022). Newsweek article is celebrity/entertainment news about the Duke and Duchess of Sussex; no screen time research, no ABCD Study, no corpus content. No L1-L4 criteria met.",190,
A0594,newsweek.com,"Neurons Different in Children with Autism, Study Finds",https://www.newsweek.com/neurons-different-children-autism-study-1967219,"Oct 10, 2024",EXCLUDE,,,0.95,"ABCD coverage of out-of-corpus topic; Newsweek article on neuron differences in autistic children using ABCD data, not smartphone/social media research","Summary confirms use of ABCD Study data (University of Rochester neuroscientists), but the topic is autism neuroscience (neuronal differences), not smartphone or social media use. This is an out-of-corpus ABCD topic. No provisional paper mapping; no L1-L4 match to any corpus paper.",,The University of Rochester neuroscientists used data from the Adolescent Brain Cognitive Development (ABCD) study database: a large long-term study of brain ...
A0595,newsweek.com,Neuroscientists Reveal Key Brain Differences Between ...,https://www.newsweek.com/neuroscientists-brain-sex-gender-1924056,"Jul 12, 2024",EXCLUDE,,,0.95,"ABCD coverage of out-of-corpus topic; Newsweek article on brain sex/gender differences using ABCD fMRI data, not smartphone/social media research","Summary confirms ABCD Study (4,757 participants, fMRI) used to study brain sex/gender differences. This is an out-of-corpus ABCD topic (brain sex differences unrelated to phone/social media). No provisional paper mapping; no L1-L4 match to any corpus paper.",,"""Using data from the Adolescent Brain Cognitive Development Study with 4,757 participants, we analyzed functional MRI data to see how different brain ..."
A0596,Dentsu,dentsu,https://www.dentsu.com/ie/en/blog/sound-affects-4,"01/30/2026, 08:00 AM, +0000 UTC",EXCLUDE,,,0.97,"out-of-corpus topic; Dentsu marketing blog post about audio/sound in advertising, no screen time or ABCD research content","Provisional paper 190 (Sauce 2022). Dentsu 'Sound Affects' blog is an advertising industry piece about how sound influences consumers; no ABCD Study, no screen time research, no corpus author or finding. No L1-L4 criteria met.",190,
A0597,South China Morning Post,Can banning PUBG fight extremism? Indonesia proposes video game curbs,https://www.scmp.com/week-asia/health-environment/article/3333280/indonesia-mulls-violent-video-game-ban-after-mosque-bombing-can-fight-extremism,"11/19/2025, 08:00 AM, +0000 UTC",EXCLUDE,,,0.99,"out-of-corpus topic; South China Morning Post article on Indonesia considering a video game ban to fight extremism, no ABCD or corpus paper content","Provisional paper 190 (Sauce 2022). SCMP article covers Indonesian government policy debate about banning violent video games after a mosque bombing; no ABCD Study, no Sauce/Klingberg research, no corpus finding. No L1-L4 criteria met.",190,
A0598,PR Newswire,The Impact Of Digital Media On Children's Health,https://www.prnewswire.com/news-releases/the-impact-of-digital-media-on-childrens-health-300727235.html,"10/08/2018, 07:00 AM, +0000 UTC",EXCLUDE,,,0.97,out-of-corpus topic; 2018 PR Newswire release on digital media and children's health predates corpus papers and lacks ABCD-specific content,"Provisional paper 190 (Sauce 2022 Scientific Reports). This October 2018 PR Newswire release predates Sauce 2022 by four years and is a general advocacy/awareness piece about digital media and children's health, not coverage of any specific corpus paper. No ABCD Study mention, no corpus author, no corpus finding. No L1-L4 criteria met.",190,
A0599,PR Newswire,Children's Hospital of Philadelphia Study Links Smartphone Ownership in Childhood to Increased Risk of Depression and Obesity in Youth,https://www.prnewswire.com/news-releases/childrens-hospital-of-philadelphia-study-links-smartphone-ownership-in-childhood-to-increased-risk-of-depression-and-obesity-in-youth-302627044.html,"12/01/2025, 08:00 AM, +0000 UTC",INCLUDE,431,L4,0.95,,"PR Newswire press release titled 'Children's Hospital of Philadelphia Study Links Smartphone Ownership in Childhood to Increased Risk of Depression and Obesity in Youth' (December 2025) directly maps to paper 431 (Barzilay 2026 Pediatrics — 'Smartphone Ownership, Age of Smartphone Acquisition, and Health Outcomes in Early Adolescence,' affiliated with Children's Hospital of Philadelphia). L4: named institution (Children's Hospital of Philadelphia) + topic (smartphone ownership predicting depression and obesity in children/youth) + ABCD Study configuration uniquely consistent with Barzilay et al. 2026 Pediatrics. As a press release, it likely also satisfies L2 (Barzilay + Pediatrics named). Confidence high.",431,
A0600,UC Irvine News,Faculty member receives grant to study the impact of digital media on child development,https://news.uci.edu/2020/09/14/associate-professor-of-education-receives-grant-to-study-impact-of-digital-media-on-child-development/,"09/14/2020, 07:00 AM, +0000 UTC",EXCLUDE,,,0.98,"UC Irvine faculty grant announcement; no reference to any ABCD Study paper, ABCD cohort, or candidate author/finding.","Title: 'Faculty member receives grant to study the impact of digital media on child development.' Outlet: UC Irvine News. No mention of Sauce, Klingberg, Scientific Reports, ABCD Study, or any candidate paper finding. Provisional paper 190 query overlap was based on keyword 'digital media + child development' only.",190,
A0601,UC Irvine News,How a protein breaks free to cause deadly cancers,https://news.uci.edu/2022/07/18/how-a-protein-breaks-free-to-cause-deadly-cancers/,"07/18/2022, 07:00 AM, +0000 UTC",EXCLUDE,,,0.99,"Completely off-topic; article is about cancer biology (protein causing cancers), not digital media or child development.",Title: 'How a protein breaks free to cause deadly cancers.' UC Irvine News. No connection to any ABCD Study paper or candidate paper topic. Provisional paper 190 assignment is a search artifact.,190,
A0602,Rappler,Social media regulation in PH: Experts push for ‘age-appropriate’ framework for minors,https://www.rappler.com/technology/features/children-safety-social-media-bills-philippines-senate-hearing-february-11-2026/,"02/14/2026, 08:00 AM, +0000 UTC",EXCLUDE,,,0.97,Policy/advocacy article on Philippine social media regulation for minors; no reference to ABCD Study or any candidate paper.,"Title: 'Social media regulation in PH: Experts push for age-appropriate framework for minors.' Rappler. Covers Philippine Senate hearings on social media bills. No ABCD Study cohort, no candidate author, no specific research finding from corpus referenced.",190,
A0603,USC Dornsife,Is social media scrambling our sanity?,https://dornsife.usc.edu/news/stories/social-media-detox-dornsife-dialogues/,"02/21/2024, 08:00 AM, +0000 UTC",EXCLUDE,,,0.97,General opinion/commentary on social media and mental health; no reference to ABCD Study or any candidate paper.,"Title: 'Is social media scrambling our sanity?' USC Dornsife. Opinion piece about social media and mental health broadly. Does not name Sauce, Klingberg, or Scientific Reports, and no ABCD Study or candidate paper finding is cited.",190,
A0604,Ammon News,Zarqa University concludes Int'l Digital Communication Conference 2025,https://en.ammonnews.net/article/86449,"11/06/2025, 08:00 AM, +0000 UTC",EXCLUDE,,,0.99,Conference announcement (Zarqa University digital communication conference); no connection to ABCD Study or any candidate paper.,"Title: 'Zarqa University concludes Int'l Digital Communication Conference 2025.' Ammon News. Event report from Jordan. No ABCD Study, no candidate author or finding referenced.",190,
A0605,News · Lafayette College,Gloria Mark to deliver April 15 Jones Visiting Lecture,https://news.lafayette.edu/2024/04/03/gloria-mark-to-deliver-april-15-jones-visiting-lecture/,"04/03/2024, 07:00 AM, +0000 UTC",EXCLUDE,,,0.99,Lecture announcement for Gloria Mark at Lafayette College; unrelated to ABCD Study or any candidate paper.,"Title: 'Gloria Mark to deliver April 15 Jones Visiting Lecture.' Lafayette College News. Announces a lecture by attention researcher Gloria Mark. No ABCD Study, no candidate paper from corpus referenced.",190,
A0606,globaldata.com,COVID-19 Accelerates Digital Media Market,https://www.globaldata.com/data-insights/macroeconomic/covid-19-accelerates-digital-media-market/,"09/22/2022, 02:48 AM, +0000 UTC",EXCLUDE,,,0.99,Market analysis article on COVID-19 accelerating the digital media market; unrelated to ABCD Study or child cognition research.,"Title: 'COVID-19 Accelerates Digital Media Market.' GlobalData. Industry market report. No ABCD Study, no candidate author, no child/adolescent health finding from corpus.",190,
A0607,Food and Agriculture Organization,FAO hosts live conversation on how youth are reshaping African agriculture through digital innovation,https://www.fao.org/africa/news-stories/news-detail/fao-hosts-live-conversation-on-how-youth-are-reshaping-african-agriculture-through-digital-innovation/en,"05/26/2025, 07:00 AM, +0000 UTC",EXCLUDE,,,0.99,FAO article on African youth and agricultural digital innovation; no connection to ABCD Study or any candidate paper.,"Title: 'FAO hosts live conversation on how youth are reshaping African agriculture through digital innovation.' Food and Agriculture Organization. No ABCD Study, no candidate author or finding referenced.",190,
A0608,India Today,Madhuri Dixit says sons need not act; can be YouTubers like Dr Nene,https://www.indiatoday.in/movies/bollywood/story/madhuri-dixit-shriram-nene-digital-media-family-health-wellness-2830318-2025-12-03,"12/03/2025, 08:00 AM, +0000 UTC",EXCLUDE,,,0.99,Celebrity gossip/entertainment article about Madhuri Dixit; completely unrelated to ABCD Study or any candidate paper.,"Title: 'Madhuri Dixit says sons need not act; can be YouTubers like Dr Nene.' India Today. Entertainment news. No ABCD Study, no candidate author, no research finding from corpus.",190,
A0609,Idéal Investisseur,"Proximus Targets Children with Mobile Kids, Its New Family Offering",https://www.ideal-investisseur.fr/en/actions-b/proximus-targets-children-with-mobile-kids-its-new-family-offering/16933.html,"04/02/2026, 07:00 AM, +0000 UTC",EXCLUDE,,,0.99,Telecom/business article about Proximus children's mobile product; no connection to ABCD Study or any candidate paper.,"Title: 'Proximus Targets Children with Mobile Kids, Its New Family Offering.' Ideal Investisseur. Business/telecom news. No ABCD Study, no candidate author or research finding from corpus.",190,
A0610,ET Edge Insights,Government cracks down on OTT platforms streaming explicit content,https://etedge-insights.com/industry/media-and-entertainment/government-cracks-down-on-ott-platforms-streaming-explicit-content/,"07/29/2025, 07:00 AM, +0000 UTC",EXCLUDE,,,0.99,Indian government OTT regulation article; no connection to ABCD Study or any candidate paper.,"Title: 'Government cracks down on OTT platforms streaming explicit content.' ET Edge Insights. Policy news from India. No ABCD Study, no candidate author or research finding from corpus.",190,
A0611,Broadcast Law Blog,Copyright Office Initiates Study of “Ancillary Copyright Protections” Accorded to Publishers – Reviewing News Aggregation and Digital Media’s Use of News Content from Traditional Sources,https://www.broadcastlawblog.com/2021/10/articles/copyright-office-initiates-study-of-ancillary-copyright-protections-accorded-to-publishers-reviewing-news-aggregation-and-digital-medias-use-of-news-content-from-t/,"10/20/2021, 07:00 AM, +0000 UTC",EXCLUDE,,,0.99,Copyright/media law article about news aggregation; no connection to ABCD Study or any candidate paper.,"Title: 'Copyright Office Initiates Study of Ancillary Copyright Protections Accorded to Publishers.' Broadcast Law Blog. Legal analysis of copyright for news publishers. No ABCD Study, no candidate author or research finding from corpus.",190,
A0612,Education Week,"How AI Products Can Promote Child Development, Not Just a ‘Commercial Mindset’",https://marketbrief.edweek.org/product-development/how-ai-products-can-promote-child-development-not-just-a-commercial-mindset/2024/03,"03/04/2024, 08:00 AM, +0000 UTC",EXCLUDE,,,0.99,EdTech article about AI products for child development; no reference to ABCD Study or any candidate paper.,"Title: 'How AI Products Can Promote Child Development, Not Just a Commercial Mindset.' Education Week. EdTech commentary. No ABCD Study, no candidate author (Sauce, Klingberg) or research finding from corpus.",190,
A0613,vocal.media,The impact of digital media on traditional arts | Feast,https://vocal.media/feast/the-impact-of-digital-media-on-traditional-arts,"02/23/2025, 08:15 PM, +0000 UTC",EXCLUDE,,,0.99,Opinion piece about digital media's impact on traditional arts; no connection to ABCD Study or any candidate paper.,"Title: 'The impact of digital media on traditional arts.' vocal.media. Arts/culture opinion piece. No ABCD Study, no candidate author or research finding from corpus.",190,
A0614,vocal.media,Politics and Its Impact on Society: Shaping the Present and Future,https://vocal.media/humans/politics-and-its-impact-on-society-shaping-the-present-and-future,"06/28/2023, 01:24 PM, +0000 UTC",EXCLUDE,,,0.99,General opinion piece on politics and society; completely unrelated to ABCD Study or any candidate paper.,"Title: 'Politics and Its Impact on Society: Shaping the Present and Future.' vocal.media. Political opinion article. No ABCD Study, no candidate author or research finding from corpus.",190,
A0615,The London School of Economics and Political Science,"Book Review: Digital Media and Society: Transforming Economics, Politics and Social Practices by Andrew White",https://blogs.lse.ac.uk/lsereviewofbooks/2014/11/03/book-review-digital-media-and-society-transforming-economics-politics-and-social-practices-by-andrew-white/,"11/03/2014, 08:00 AM, +0000 UTC",EXCLUDE,,,0.99,Book review of 'Digital Media and Society' by Andrew White (2014 book); no connection to ABCD Study or any candidate paper.,"Title: 'Book Review: Digital Media and Society: Transforming Economics, Politics and Social Practices.' LSE Review of Books. Academic book review from 2014. No ABCD Study, no candidate author or research finding from corpus.",190,
A0616,The London School of Economics and Political Science,‘Is that appropriate?’ Parental judgements about the risks and opportunities of teenagers’ digital media use,https://blogs.lse.ac.uk/parenting4digitalfuture/2020/09/23/parental-judgements-about-risks-and-opportunities/,"09/23/2020, 07:00 AM, +0000 UTC",EXCLUDE,,,0.99,LSE parenting blog post about parental judgments on teen digital media use; no reference to ABCD Study or any candidate paper.,"Title: 'Is that appropriate? Parental judgements about the risks and opportunities of teenagers digital media use.' LSE Parenting for a Digital Future blog. Opinion/commentary. No ABCD Study, no candidate author or research finding from corpus.",190,
A0617,epha.org,Strengthening countries' cooperation to safeguard children and adolescents from screen addiction and to protect mental health,https://epha.org/strengthening-countries-cooperation-to-safeguard-children-and-adolescent-from-screen-addiction-and-protect-mental-health/,"09/24/2024, 07:00 AM, +0000 UTC",EXCLUDE,,,0.97,European Public Health Alliance advocacy piece on screen addiction and mental health; no reference to ABCD Study or any candidate paper.,"Title: 'Strengthening countries cooperation to safeguard children and adolescents from screen addiction and to protect mental health.' epha.org. Policy advocacy article. May cite research broadly but no specific ABCD Study paper from corpus (no candidate author, no ABCD cohort finding) referenced.",190,
A0618,Berkman Klein Center,The Arab Networked Public Sphere: Social Mobilization Post-Revolutions,https://cyber.harvard.edu/events/2015/04/NetworkedPublicSphere,"05/30/2024, 07:00 AM, +0000 UTC",EXCLUDE,,,0.99,Harvard Berkman Klein Center event about Arab Networked Public Sphere and social mobilization; unrelated to ABCD Study or any candidate paper.,"Title: 'The Arab Networked Public Sphere: Social Mobilization Post-Revolutions.' Berkman Klein Center. Academic event announcement. No ABCD Study, no candidate author or child/adolescent health finding from corpus.",190,
A0619,Seton Hall,Earn Adobe Badges for a Chance to Win!,https://www.shu.edu/technology/news/adobe-creative-skills-series-raffle.html,"04/27/2023, 07:00 AM, +0000 UTC",EXCLUDE,,,0.99,Seton Hall university promotional article about Adobe creative skills badges; completely unrelated to ABCD Study or any candidate paper.,"Title: 'Earn Adobe Badges for a Chance to Win!' Seton Hall. Campus promotional announcement. No ABCD Study, no candidate author or research finding from corpus.",190,
A0620,Aftermarket Matters,Digital influence on automotive parts and accessories market to reach $218 billion by 2028,https://www.aftermarketmatters.com/national-news/digital-influence-on-automotive-parts-and-accessories-market-to-reach-218-billion-by-2028/,"12/19/2022, 08:00 AM, +0000 UTC",EXCLUDE,,,0.99,Automotive parts market analysis article; completely unrelated to ABCD Study or any candidate paper.,"Title: 'Digital influence on automotive parts and accessories market to reach $218 billion by 2028.' Aftermarket Matters. Industry market report. No ABCD Study, no candidate author or research finding from corpus.",190,
A0621,The Barbell Spin,Setting the Standard: Redefining Wellness in the Digital Era,https://thebarbellspin.com/fitness/setting-the-standard-redefining-wellness-in-the-digital-era/,"06/11/2024, 07:00 AM, +0000 UTC",EXCLUDE,,,0.99,Fitness/wellness blog post about redefining wellness in the digital era; no connection to ABCD Study or any candidate paper.,"Title: 'Setting the Standard: Redefining Wellness in the Digital Era.' The Barbell Spin. Wellness blog. No ABCD Study, no candidate author or research finding from corpus.",190,
A0622,UW–Madison News,UW–Madison graduate named Knight-Hennessy Scholar,https://news.wisc.edu/uw-madison-graduate-named-knight-hennessy-scholar/,"05/04/2020, 07:00 AM, +0000 UTC",EXCLUDE,,,0.99,UW-Madison graduate scholarship announcement (Knight-Hennessy Scholar); no connection to ABCD Study or any candidate paper.,"Title: 'UW-Madison graduate named Knight-Hennessy Scholar.' UW-Madison News. Scholarship news. No ABCD Study, no candidate author or research finding from corpus.",190,
A0623,Newsroom | UCLA,Think Again,https://newsroom.ucla.edu/magazine/technology-good-or-bad,"04/01/2013, 07:00 AM, +0000 UTC",EXCLUDE,,,0.99,UCLA magazine opinion piece on whether technology is good or bad (2013); no connection to ABCD Study or any candidate paper.,"Title: 'Think Again.' UCLA Newsroom. General technology commentary from 2013, predating ABCD Study. No ABCD Study, no candidate author or research finding from corpus.",190,
A0624,Asia Society,The App Generation: What Are They Like?,https://asiasociety.org/hong-kong/app-generation-what-are-they,"03/21/2016, 05:25 AM, +0000 UTC",EXCLUDE,,,0.99,Asia Society event summary about Howard Gardner's 'App Generation' (2016); no connection to ABCD Study or any candidate paper.,"Title: 'The App Generation: What Are They Like?' Asia Society. Event summary about Howard Gardner's book on app-dependent youth. No ABCD Study, no candidate author (Sauce, Klingberg) or research finding from corpus.",190,
A0625,Justice in Conflict,Has Social Media Successfully Reinvented Social Activism?,https://justiceinconflict.org/2012/06/02/has-social-media-reinvented-social-activism-a-debate/,"06/02/2012, 07:00 AM, +0000 UTC",EXCLUDE,,,0.0,"out-of-corpus topic: opinion piece about social media and political activism (2012); no reference to ABCD, children's health, screen time research, or any corpus paper","Title 'Has Social Media Successfully Reinvented Social Activism?' (Justice in Conflict, 2012) is a political-science debate piece predating all corpus papers. No ABCD, no child/adolescent health, no connection to paper 190 (Sauce 2022) or any candidate paper.",190,
A0626,Fortune,Smartphone addiction: Do you have a problem?,https://fortune.com/well/article/phone-addiction-how-to-spot-signs/,"08/16/2024, 07:00 AM, +0000 UTC",EXCLUDE,,,0.0,"out-of-corpus topic: general consumer article on smartphone addiction signs; no ABCD study reference, no corpus paper cited","Fortune article 'Smartphone addiction: Do you have a problem?' (Aug 2024) is a general wellness/consumer piece. No mention of ABCD, Sauce, Karolinska, or any candidate paper finding. Provisional tag to paper 190 was keyword-only.",190,
A0627,Annenberg School for Communication,Annenberg Welcomes Visiting Scholars and Postdoctoral Fellows for 2024-25,https://www.asc.upenn.edu/news-events/news/annenberg-welcomes-visiting-scholars-and-postdoctoral-fellows-2024-25,"09/04/2024, 07:00 AM, +0000 UTC",EXCLUDE,,,0.0,out-of-corpus topic: institutional announcement welcoming visiting scholars at Annenberg School; no ABCD study or corpus paper content,"Annenberg School for Communication announcement (Sep 2024) lists incoming visiting scholars and postdoctoral fellows. No reference to ABCD, Sauce, digital media and children's intelligence, or any corpus paper.",190,
A0628,Salon.com,"Wait, video games might be making kids smarter?",https://www.salon.com/2022/05/20/unlike-social-media-video-games-may-actually-be-raising-kids-iqs-study-finds/,"05/20/2022, 07:00 AM, +0000 UTC",INCLUDE,190,L4,0.92,,"Salon article 'Wait, video games might be making kids smarter?' (May 20, 2022) published same date as Sauce et al. 2022 (Scientific Reports). Headline and framing — video games raise IQ while social media/socializing does not, in children from ABCD data, Karolinska-led — uniquely maps to paper 190 (Sauce 2022 Sci Rep): institution (Karolinska), topic (digital media and children's intelligence), ABCD cohort, and directional finding (video games positive, socializing/social media null-to-negative). L4 criteria satisfied.",190,
A0629,lsureveille.com,"Author, professor David Karpf lectures on analytical activism, digital media",https://lsureveille.com/195166/news/author-professor-david-karpf-lectures-on-analytical-activism-digital-media/,"02/10/2017, 08:00 AM, +0000 UTC",EXCLUDE,,,0.0,out-of-corpus topic: campus lecture on analytical activism and digital media by political scientist; no ABCD or corpus paper content,"LSU Reveille article (Feb 2017) covers a lecture by author/professor David Karpf on digital political activism. No relation to ABCD, child health, screen time, or any candidate paper.",190,
A0630,Karolinska Institutet,Video games can help boost children’s intelligence,https://news.ki.se/video-games-can-help-boost-childrens-intelligence,"05/12/2022, 07:00 AM, +0000 UTC",INCLUDE,190,L4,0.97,,"Karolinska Institutet news release 'Video games can help boost children's intelligence' (May 12, 2022) is the institutional press release for Sauce et al. 2022 (paper 190). Names Karolinska Institute + children's intelligence + ABCD Study + finding that video games boost IQ while social media (socializing) does not. All four L4 elements present: lead institution (Karolinska), study topic (digital media and cognitive development), ABCD Study explicitly named, finding uniquely consistent with paper 190.",190,
A0631,Karolinska Institutet,Using social media may impair children’s attention,https://news.ki.se/using-social-media-may-impair-childrens-attention,"08/12/2025, 07:00 AM, +0000 UTC",INCLUDE,"435,436",L4,0.95,,"Karolinska Institutet news release 'Using social media may impair children's attention' (Aug 12, 2025) is the institutional press release for Nivins et al. 2025 (papers 435/436, Pediatrics Open Science). Names Karolinska Institute + social media use predicting impaired attention/ADHD in children + ABCD cohort — uniquely consistent with Nivins 2025. L4 criteria satisfied: lead institution (Karolinska), topic (social media and ADHD/attention), ABCD Study, finding (social media impairs attention/inattention).","435,436",
A0632,Reed College,Autonomy and Authority,https://www.reed.edu/reed-magazine/articles/2022/autonomy-and-authority.html,"03/30/2022, 07:00 AM, +0000 UTC",EXCLUDE,,,0.0,out-of-corpus topic: Reed College magazine feature about parenting philosophy and adolescent autonomy; no ABCD study or corpus paper content,"Reed Magazine article 'Autonomy and Authority' (Mar 2022) is a feature on parenting and adolescent development philosophy. No mention of ABCD, digital media research, screen time, or any candidate paper.",190,
A0633,Flaunt Magazine,"The Past is Always Tense, the Future Perfect",https://www.flaunt.com/blog/people-the-berggruen-institute,"11/25/2023, 07:21 PM, +0000 UTC",EXCLUDE,,,0.0,out-of-corpus topic: Berggruen Institute philosophical/cultural feature; no ABCD or corpus paper content,"Flaunt Magazine piece 'The Past is Always Tense, the Future Perfect' (Nov 2023) is a cultural-philosophical interview with the Berggruen Institute. No relation to ABCD, child health, screen time research, or any candidate paper.",190,
A0634,reutersinstitute.politics.ox.ac.uk,"Types, sources, and claims of COVID-19 misinformation",https://reutersinstitute.politics.ox.ac.uk/types-sources-and-claims-covid-19-misinformation,"04/07/2020, 07:00 AM, +0000 UTC",EXCLUDE,,,0.0,out-of-corpus topic: Reuters Institute report on COVID-19 misinformation typology; no ABCD or corpus paper content,"Reuters Institute publication 'Types, sources, and claims of COVID-19 misinformation' (Apr 2020) is a journalism/media-studies report on COVID misinformation. No reference to ABCD, children's health, screen time, or any candidate paper.",190,
A0635,Reuters,US Senate advances two child online safety bills,https://www.reuters.com/world/us/us-senate-set-vote-two-child-online-safety-bills-2024-07-25/,"07/25/2024, 07:00 AM, +0000 UTC",EXCLUDE,,,0.0,out-of-corpus topic: legislative news about US Senate child online safety bills; no ABCD study or specific corpus paper cited,"Reuters article 'US Senate advances two child online safety bills' (Jul 2024) covers KOSA and COPPA 2.0 legislation. No mention of ABCD, Sauce 2022, or any specific candidate paper finding.",190,
A0636,Brookings,Will China’s e-commerce reshape a reopening world?,https://www.brookings.edu/articles/will-chinas-e-commerce-reshape-a-reopening-world/,"06/10/2020, 10:32 PM, +0000 UTC",EXCLUDE,,,0.0,out-of-corpus topic: Brookings economics piece on China e-commerce; no ABCD or corpus paper content,"Brookings article 'Will China's e-commerce reshape a reopening world?' (Jun 2020) is an economics/trade analysis. Completely unrelated to ABCD, children's health, or any candidate paper.",190,
A0637,nwo.nl,Professor J. (José) van Dijck,https://www.nwo.nl/en/professor-jose-van-dijck,"09/06/2021, 03:44 AM, +0000 UTC",EXCLUDE,,,0.0,out-of-corpus topic: NWO profile of Dutch media scholar Professor van Dijck; no ABCD or corpus paper content,"NWO researcher profile of Professor José van Dijck (2021), a media studies scholar. No relation to ABCD, child health, screen time research, or any candidate paper.",190,
A0638,Mi-3.com.au,Magic challenges traditional retail attribution in new whitepaper,http://www.mi-3.com.au/09-04-2025/magic-challenges-traditional-retail-attribution-new-whitepaper,"04/09/2025, 07:00 AM, +0000 UTC",EXCLUDE,,,0.0,out-of-corpus topic: marketing/retail attribution whitepaper; no ABCD or corpus paper content,"Mi-3 article 'Magic challenges traditional retail attribution in new whitepaper' (Apr 2025) is a marketing industry piece. No connection to ABCD, children's digital media health research, or any candidate paper.",190,
A0639,isas.nus.edu.sg,The Impact of Digital Media on the 2019 Indian General Election,https://www.isas.nus.edu.sg/papers/the-impact-of-digital-media-on-the-2019-indian-general-election/,"10/31/2019, 07:00 AM, +0000 UTC",EXCLUDE,,,0.0,out-of-corpus topic: political science paper on digital media in the 2019 Indian election; no ABCD or corpus paper content,"ISAS NUS paper 'The Impact of Digital Media on the 2019 Indian General Election' (Oct 2019) is a political-science analysis. No relation to ABCD, child health, screen time, or any candidate paper.",190,
A0640,isas.nus.edu.sg,Political Interviewing on YouTube: An Analysis of Indian Politicians’ Engagement with Digital Influencers and Media Houses Online – NUS Institute of South Asian Studies (ISAS),https://www.isas.nus.edu.sg/papers/political-interviewing-on-youtube-an-analysis-of-indian-politicians-engagement-with-digital-influencers-and-media-houses-online/,"08/14/2024, 07:00 AM, +0000 UTC",EXCLUDE,,,0.0,out-of-corpus topic: political media analysis of YouTube interviewing by Indian politicians; no ABCD or corpus paper content,"ISAS NUS paper on 'Political Interviewing on YouTube' (Aug 2024) is a political-communications analysis. No relation to ABCD, child health, or any candidate paper.",190,
A0641,CLNS Media Network,Emerging Sports Trends in Brazil: A Perspective from Esporte e Mídia,https://www.clnsmedia.com/emerging-sports-trends-in-brazil-a-perspective-from-esporte-e-midia/,"06/25/2024, 07:00 AM, +0000 UTC",EXCLUDE,,,0.0,out-of-corpus topic: sports media trends in Brazil; no ABCD or corpus paper content,"CLNS Media article 'Emerging Sports Trends in Brazil' (Jun 2024) covers sports industry media trends. No relation to ABCD, children's health, screen time research, or any candidate paper.",190,
A0642,Al Jazeera Centre for Studies,AJCS releases second issue of Al Jazeera li Dirasat al-Itisal wa al-I’lam,http://studies.aljazeera.net/en/news/ajcs-releases-second-issue-al-jazeera-li-dirasat-al-itisal-wa-al-i%E2%80%99lam,"07/10/2023, 07:00 AM, +0000 UTC",EXCLUDE,,,0.0,out-of-corpus topic: Al Jazeera Centre for Studies journal release announcement; no ABCD or corpus paper content,"AJCS announcement of a media-studies journal issue (Jul 2023). No relation to ABCD, child health, or any candidate paper.",190,
A0643,New Scientist,Does more than 2 hours of screen time really harm children's brains?,https://www.newscientist.com/article/2-does-more-than-2-hours-of-screen-time-really-harm-childrens-brains/,"09/28/2018, 07:00 AM, +0000 UTC",EXCLUDE,,,0.0,"out-of-corpus topic: New Scientist general piece on early ABCD study screen time guidelines (2018); predates all corpus papers, no specific corpus paper cited",New Scientist article 'Does more than 2 hours of screen time really harm children's brains?' (Sep 2018) covers early ABCD pilot findings about screen time and brain structure — predates all 69 candidate papers. No specific corpus paper is cited; this is general ABCD coverage of out-of-corpus-era findings.,190,
A0644,UK Parliament,Time for better oversight of polling and online political communications,https://committees.parliament.uk/committee/373/political-polling-and-digital-media-committee/news/94781/time-for-better-oversight-of-polling-and-online-political-communications/,"04/17/2018, 07:00 AM, +0000 UTC",EXCLUDE,,,0.0,out-of-corpus topic: UK Parliament committee report on political polling and online communications oversight; no ABCD or corpus paper content,"UK Parliament Political Polling and Digital Media Committee report (Apr 2018) on polling regulation. No relation to ABCD, children's health, screen time, or any candidate paper.",190,
A0645,Campaign Brief,Magic backs incrementality as the answer to omnichannel commerce in new whitepaper,https://campaignbrief.com/magic-backs-incrementality-as-the-answer-to-omnichannel-commerce-in-new-whitepaper/,"04/09/2025, 07:00 AM, +0000 UTC",EXCLUDE,,,0.0,out-of-corpus topic: marketing/retail incrementality whitepaper; no ABCD or corpus paper content,"Campaign Brief article 'Magic backs incrementality as the answer to omnichannel commerce' (Apr 2025) is a marketing industry piece. No connection to ABCD, children's digital media health research, or any candidate paper.",190,
A0646,Niner Times,Opinion: Cultural appropriation on social media can harm communities,https://www.ninertimes.com/opinion/opinion-cultural-appropriation-on-social-media-can-harm-communities/article_3e3b391a-a468-11ed-8bfd-5f6a37c1eed4.html,"02/04/2023, 08:00 AM, +0000 UTC",EXCLUDE,,,0.0,out-of-corpus topic: student opinion piece on cultural appropriation on social media; no ABCD or corpus paper content,"Niner Times opinion piece 'Cultural appropriation on social media can harm communities' (Feb 2023) is a social-commentary student editorial. No reference to ABCD, child health research, or any candidate paper.",190,
A0647,Chicago Tribune,Digital learning innovator works to reimagine future of education,https://www.chicagotribune.com/2015/12/15/digital-learning-innovator-works-to-reimagine-future-of-education/,"12/15/2015, 08:00 AM, +0000 UTC",EXCLUDE,,,0.0,out-of-corpus topic: 2015 Chicago Tribune feature on digital learning/education technology innovator; no ABCD or corpus paper content,"Chicago Tribune article 'Digital learning innovator works to reimagine future of education' (Dec 2015) is a profile of an education-technology entrepreneur. No relation to ABCD, child health, screen time research, or any candidate paper.",190,
A0648,"The Sentinel - of this Land, for its People",Role of public opinion in digital era and its influence on election process in democracy,https://www.sentinelassam.com/more-news/editorial/role-of-public-opinion-in-digital-era-and-its-influence-on-election-process-in-democracy,"11/08/2024, 08:00 AM, +0000 UTC",EXCLUDE,,,0.0,out-of-corpus topic: editorial on public opinion and election influence in the digital era; no ABCD or corpus paper content,"Sentinel Assam editorial 'Role of public opinion in digital era and its influence on election process' (Nov 2024) is a political commentary piece. No relation to ABCD, child health, or any candidate paper.",190,
A0649,University of Venda,The impact of digital media towards print media has cost media companies losses in both sales and revenue – Dr Mathata Tsedu,https://www.univen.ac.za/news/the-impact-of-digital-media-towards-print-media-has-cost-media-companies-losses-in-both-sales-and-revenue-dr-mathata-tsedu/,"09/25/2019, 07:00 AM, +0000 UTC",EXCLUDE,,,0.0,out-of-corpus topic: media economics piece on digital media's impact on print media revenues; no ABCD or corpus paper content,"University of Venda article on print-media revenue losses due to digital media (Sep 2019) is a media-industry economics piece. No relation to ABCD, child health, screen time, or any candidate paper.",190,
A0650,Eurasia Review,Engaging Filipinos And The World Through Digital Diplomacy – Analysis,https://www.eurasiareview.com/03112017-engaging-filipinos-and-the-world-through-digital-diplomacy-analysis/,"11/03/2017, 07:00 AM, +0000 UTC",EXCLUDE,,,0.0,"unrelated content — digital diplomacy in the Philippines, no ABCD or digital media/children research","Title: 'Engaging Filipinos And The World Through Digital Diplomacy – Analysis' (Eurasia Review, 2017). No connection to ABCD Study, children's screen use, or any candidate paper.",190,
A0651,corporate.dw.com,"Didszuweit, Simon",https://corporate.dw.com/en/didszuweit-simon/a-15904632,"04/23/2012, 07:00 AM, +0000 UTC",EXCLUDE,,,0.0,"unrelated content — DW journalist biography page, no ABCD or children's media research","Title: 'Didszuweit, Simon' (corporate.dw.com, 2012). Staff profile page for a DW journalist; no connection to any candidate paper.",190,
A0652,Creative Review,How I Work: Olafur Eliasson,https://www.creativereview.co.uk/how-i-work-olafur-eliasson/,"11/06/2018, 08:00 AM, +0000 UTC",EXCLUDE,,,0.0,"unrelated content — artist profile (Olafur Eliasson), no ABCD or children's media research","Title: 'How I Work: Olafur Eliasson' (Creative Review, 2018). Profile of a visual artist; no connection to any candidate paper.",190,
A0653,Favikon,Top 20 Journalists in Germany in 2026 [🏆Rating],https://www.favikon.com/blog/top-journalists-social-media-germany,"05/17/2025, 11:27 AM, +0000 UTC",EXCLUDE,,,0.0,"unrelated content — ranking of German journalists on social media, no ABCD or children's media research","Title: 'Top 20 Journalists in Germany in 2026' (Favikon, 2025). Social media influence ranking for journalists; no connection to any candidate paper.",190,
A0654,City University of Hong Kong,"Digital Society Seminar Explores How People Talk to AI | College of Liberal Arts and Social Sciences, CityU",https://www.cityu.edu.hk/class/media_events/news_item.aspx?ref=461,"10/26/2023, 07:00 AM, +0000 UTC",EXCLUDE,,,0.0,"unrelated content — seminar on human-AI conversation, no ABCD or children's media research","Title: 'Digital Society Seminar Explores How People Talk to AI' (City University of Hong Kong, 2023). Academic seminar announcement; no connection to any candidate paper.",190,
A0655,House of Lords Library,Political opinion polls: Should there be greater oversight?,https://lordslibrary.parliament.uk/political-opinion-polls-should-there-be-greater-oversight/,"05/13/2022, 07:00 AM, +0000 UTC",EXCLUDE,,,0.0,"unrelated content — UK political polling oversight, no ABCD or children's media research","Title: 'Political opinion polls: Should there be greater oversight?' (House of Lords Library, 2022). Policy piece on polling regulation; no connection to any candidate paper.",190,
A0656,The Israel Democracy Institute,Hacking Gantz’s Phone,https://en.idi.org.il/articles/26559,"03/25/2019, 07:00 AM, +0000 UTC",EXCLUDE,,,0.0,"unrelated content — Israeli politician phone hacking, no ABCD or children's media research","Title: 'Hacking Gantz’s Phone' (Israel Democracy Institute, 2019). Political/security analysis; no connection to any candidate paper.",190,
A0657,news.uct.ac.za,"Honour for innovative, multifaceted linguist",https://www.news.uct.ac.za/article/-2017-08-29-honour-for-innovative-multifaceted-linguist,"08/29/2017, 07:00 AM, +0000 UTC",EXCLUDE,,,0.0,"unrelated content — UCT linguist award profile, no ABCD or children's media research","Title: 'Honour for innovative, multifaceted linguist' (news.uct.ac.za, 2017). University award announcement for a linguist; no connection to any candidate paper.",190,
A0658,CSIRO,Everyday AI: Swipe right for a date with artificial intelligence,https://www.csiro.au/en/news/All/Articles/2024/December/Everyday-AI-relationships,"12/05/2024, 08:00 AM, +0000 UTC",EXCLUDE,,,0.0,"unrelated content — CSIRO article on AI companionship/dating apps, no ABCD or children's media research","Title: 'Everyday AI: Swipe right for a date with artificial intelligence' (CSIRO, 2024). Feature on AI relationships; no connection to any candidate paper.",190,
A0659,Durham University,Minorities in Russia,https://www.durham.ac.uk/research/institutes-and-centres/open-world-research-initiative/research-projects/minorities-in-russia/,"06/11/2021, 12:59 AM, +0000 UTC",EXCLUDE,,,0.0,"unrelated content — research project on ethnic minorities in Russia, no ABCD or children's media research","Title: 'Minorities in Russia' (Durham University, 2021). Research project page on linguistics/minority studies; no connection to any candidate paper.",190,
A0660,The Libya Observer,Former UN envoy Stephanie Williams to publish new book on Libya’s post-Gaddafi era,https://libyaobserver.ly/news/former-un-envoy-stephanie-williams-publish-new-book-libyas-post-gaddafi-era,"03/26/2025, 07:00 AM, +0000 UTC",EXCLUDE,,,0.0,"unrelated content — Libya post-Gaddafi book publication, no ABCD or children's media research","Title: 'Former UN envoy Stephanie Williams to publish new book on Libya’s post-Gaddafi era' (The Libya Observer, 2025). Book announcement; no connection to any candidate paper.",190,
A0661,Royal Gazette | Bermuda,Bermudian researcher named Rising Star,https://www.royalgazette.com/education/news/article/20151224/bermudian-researcher-named-rising-star/,"12/24/2015, 08:00 AM, +0000 UTC",EXCLUDE,,,0.0,"unrelated content — Bermudian researcher rising star award, no ABCD or children's media research","Title: 'Bermudian researcher named Rising Star' (Royal Gazette, 2015). Award news; no connection to any candidate paper.",190,
A0662,شفق نيوز,University of Baghdad to host international media conference on intercultural dialogue - Shafaq News,https://shafaq.com/en/Iraq/University-of-Baghdad-to-host-international-media-conference-on-intercultural-dialogue,"08/06/2024, 07:00 AM, +0000 UTC",EXCLUDE,,,0.0,"unrelated content — Baghdad international media conference on intercultural dialogue, no ABCD or children's media research","Title: 'University of Baghdad to host international media conference on intercultural dialogue' (Shafaq News, 2024). Conference announcement; no connection to any candidate paper.",190,
A0663,Trinidad and Tobago Newsday,Life Insurance: Brain rot,https://newsday.co.tt/2025/01/02/life-insurance-brain-rot/,"01/02/2025, 08:00 AM, +0000 UTC",EXCLUDE,,,0.0,"unrelated content — opinion column on 'brain rot' internet slang/life insurance, no specific ABCD paper cited","Title: 'Life Insurance: Brain rot' (Trinidad and Tobago Newsday, 2025). Opinion column using internet slang; no reference to Sauce 2022 or any candidate paper meeting L1-L4.",190,
A0664,thepatriot.in,Fragile- A group art exhibition,https://thepatriot.in/listicle/fragile-a-group-art-exhibition-54590,"07/29/2024, 07:00 AM, +0000 UTC",EXCLUDE,,,0.0,"unrelated content — art exhibition listing, no ABCD or children's media research","Title: 'Fragile- A group art exhibition' (thepatriot.in, 2024). Art event listing; no connection to any candidate paper.",190,
A0665,SKNVibes,Launch of new CAPE courses at CFBC this Thursday,https://m.sknvibes.com/news/newsdetails.cfm/88529,"08/20/2014, 07:00 AM, +0000 UTC",EXCLUDE,,,0.0,"unrelated content — launch of CAPE courses at CFBC, no ABCD or children's media research","Title: 'Launch of new CAPE courses at CFBC this Thursday' (SKNVibes, 2014). Caribbean educational course announcement; no connection to any candidate paper.",190,
A0666,Trend Hunter,"Wikipedia Screened By CIA, Vatican",https://www.trendhunter.com/trends/wikipedia-cia-vatican,"08/20/2007, 07:00 AM, +0000 UTC",EXCLUDE,,,0.0,"unrelated content — CIA/Vatican Wikipedia edits story, no ABCD or children's media research","Title: 'Wikipedia Screened By CIA, Vatican' (Trend Hunter, 2007). News story about Wikipedia edits; no connection to any candidate paper.",190,
A0667,Campaign,Archant operating profit more than doubles to £8.2m,https://www.campaignlive.co.uk/article/archant-operating-profit-doubles-82m/1058611,"03/07/2011, 08:00 AM, +0000 UTC",EXCLUDE,,,0.0,"unrelated content — Archant media company financial results, no ABCD or children's media research","Title: 'Archant operating profit more than doubles to £8.2m' (Campaign, 2011). Media industry financial news; no connection to any candidate paper.",190,
A0668,London Post,The Evolution of World Book Day Costumes: A Look Back in Time,https://london-post.co.uk/the-evolution-of-world-book-day-costumes-a-look-back-in-time/,"01/12/2024, 08:00 AM, +0000 UTC",EXCLUDE,,,0.0,"unrelated content — World Book Day costumes retrospective, no ABCD or children's media research","Title: 'The Evolution of World Book Day Costumes: A Look Back in Time' (London Post, 2024). Cultural/costume feature; no connection to any candidate paper.",190,
A0669,Bermuda Sun,Bermuda Sun to close after 50 years,https://www.bermudasun.bm/news/2014/jul/25/bermuda-sun-to-close-after-50-years/,"07/25/2014, 07:00 AM, +0000 UTC",EXCLUDE,,,0.0,"unrelated content — Bermuda Sun newspaper closure, no ABCD or children's media research","Title: 'Bermuda Sun to close after 50 years' (Bermuda Sun, 2014). Media industry news; no connection to any candidate paper.",190,
A0670,Medafrica Times,Libya: Book fair kicks off in Tripoli,https://medafricatimes.com/36885-libya-book-fair-kicks-off-in-tripoli.html,"10/17/2024, 01:49 PM, +0000 UTC",EXCLUDE,,,0.0,"unrelated content — Tripoli book fair, no ABCD or children's media research","Title: 'Libya: Book fair kicks off in Tripoli' (Medafrica Times, 2024). Cultural event news; no connection to any candidate paper.",190,
A0671,Menafn.com,Qatar working on more flexible media law,https://menafn.com/1095650840/Qatar-working-on-more-flexible-media-law,"07/24/2017, 07:00 AM, +0000 UTC",EXCLUDE,,,0.0,"unrelated content — Qatar media law reform, no ABCD or children's media research","Title: 'Qatar working on more flexible media law' (Menafn, 2017). Regulatory/policy news; no connection to any candidate paper.",190,
A0672,koreabiomed.com,[Column] Smartphones and children’s brain health,https://www.koreabiomed.com/news/articleView.html?idxno=29871,"12/05/2025, 08:00 AM, +0000 UTC",EXCLUDE,,,0.55,"insufficient evidence to confirm L1-L4 without article body; title is thematically related but no author, journal, DOI, or distinctive finding from papers 192 or 435 can be confirmed from available metadata alone","Title: 'Smartphones and children’s brain health' (KoreaBiomed, Dec 2025). Provisional IDs 192 (Nivins 2024 Scientific Reports — long-term digital media/brain development) and 435 (Nivins 2025 Pediatrics Open Science — digital media, genetics, ADHD). Title is thematically plausible but no summary text is available; cannot confirm any of L1 (DOI/PMID link), L2 (Nivins + Scientific Reports or Pediatrics Open Science named), L3 (distinctive paraphrase of sample size/effect), or L4 (Karolinska + brain development + ABCD). Flagged for human review.","192,435",
A0673,Indiatimes,"Generative AI in education: Benefits, risks, and student impact",https://enterpriseai.economictimes.indiatimes.com/news/industry/the-dangers-of-relying-on-ai-for-learning-a-threat-to-critical-thinking-and-creativity/129919675,"03/31/2026, 07:00 AM, +0000 UTC",EXCLUDE,,,0.0,"unrelated content — generative AI in education risks, no ABCD or children's screen use research","Title: 'Generative AI in education: Benefits, risks, and student impact' (Indiatimes, 2026). Article about LLM/AI tools in classrooms; no connection to Nivins 2024 or any candidate paper.",192,
A0674,The Shorenstein Center,Machines of Truth and Distortion - A Citizen's Call to Action: Preparing America for the AI Flood,https://shorensteincenter.org/resource/machines-truth-distortion-citizens-call-action-preparing-america-ai-flood/,"06/12/2025, 07:00 AM, +0000 UTC",EXCLUDE,,,0.0,"unrelated content — AI misinformation/disinformation policy report, no ABCD or children's media research","Title: 'Machines of Truth and Distortion — A Citizen’s Call to Action: Preparing America for the AI Flood' (Shorenstein Center, 2025). AI policy paper; no connection to Nivins 2024 or any candidate paper.",192,
A0675,Loughborough University,New O3C Article by Andrew Chadwick: The New Crisis of Public Communication | Online Civic Culture Centre,https://www.lboro.ac.uk/research/online-civic-culture-centre/news-events/articles/o3c-2-crisis/,"12/12/2019, 08:00 AM, +0000 UTC",EXCLUDE,,,0.0,"out-of-corpus topic — academic blog post about political communication theory (Chadwick, Loughborough), no connection to ABCD study or any corpus paper","Title 'New Crisis of Public Communication' and outlet (Loughborough University Online Civic Culture Centre) concern political communication, not smartphone/social media and child health. Provisional link to paper 192 (Nivins 2024 Scientific Reports on digital media and brain development) is a false positive with no thematic overlap.",192,
A0676,The Star,Watching short videos may be having an effect on kids’ grades at school,https://www.thestar.com.my/tech/tech-news/2025/01/24/watching-short-videos-may-be-having-an-effect-on-kids-grades-at-school,"01/24/2025, 08:00 AM, +0000 UTC",EXCLUDE,,,0.0,out-of-corpus topic — covers short-form video and school grades without referencing a specific corpus paper,"Article (The Star, Jan 2025) discusses short videos and children's school performance. Provisional paper 192 is Nivins 2024 Scientific Reports (Karolinska, cerebellum volume, digital media). No author names, journal, institution, sample size, or findings from any corpus paper are mentioned or paraphrased. Generic EdTech/parenting coverage.",192,
A0677,Patient Care Online,Smartphone Ownership in Young Adolescence Drives Physical and Emotional Health Risks,https://www.patientcareonline.com/view/smartphone-ownership-in-young-adolescence-drives-physical-and-emotional-health-risks,"12/05/2025, 08:00 AM, +0000 UTC",INCLUDE,431,L3,0.88,,"Title 'Smartphone Ownership in Young Adolescence Drives Physical and Emotional Health Risks' (Patient Care Online, Dec 2025) paraphrases the core finding of paper 431 (Barzilay 2026 Pediatrics): smartphone ownership by early adolescence linked to depression, obesity, and sleep loss. Timing (Dec 2025) matches paper 431 publication (2026 online-first Dec 2025). L3: outcome triad (physical + emotional health risks from early smartphone ownership) uniquely maps to paper 431.","196,431",
A0678,NBC Bay Area,UCSF study shows extended screen time is mentally unhealthy for kids,https://www.nbcbayarea.com/news/health/ucsf-study-extended-screen-time/3675031/,"10/09/2024, 07:00 AM, +0000 UTC",INCLUDE,"393,394",L4,0.85,,"Title 'UCSF study shows extended screen time is mentally unhealthy for kids' (NBC Bay Area, Oct 2024) names UCSF (Nagata affiliation) + screen time + mental health outcomes in kids — uniquely consistent with papers 393 and 394 (Nagata et al. 2024 BMC Public Health, screen time and mental health prospective ABCD analysis). Both papers 393 and 394 share the same DOI/publication; multi-mapped as both are listed in candidate_papers.json.","393,394",
A0679,CBC,"Screen time, lack of sleep linked to impulsive behaviour in kids, study finds",https://www.cbc.ca/news/canada/ottawa/cheo-screen-time-sleep-impulsive-behaviour-study-pediatrics-1.5246219,"08/15/2019, 07:00 AM, +0000 UTC",INCLUDE,398,L3,0.82,,"Title 'Screen time, lack of sleep linked to impulsive behaviour in kids' (CBC, Aug 2019) paraphrases the finding of paper 398 (Guerrero 2019 Int J Behav Nutr Phys Act): screen time predicts problem behaviors (including rule-breaking and aggression) mediated by sleep duration in ABCD children. Published same month as Guerrero 2019. At least two distinctive elements map to paper 398: sleep mediation + child behavioral outcomes (impulsivity/rule-breaking), uniquely consistent with Guerrero 2019 ABCD design.",398,
A0680,The Conversation,"Kids and their computers: Several hours a day of screen time is OK, study suggests",https://theconversation.com/kids-and-their-computers-several-hours-a-day-of-screen-time-is-ok-study-suggests-168022,"10/12/2021, 07:00 AM, +0000 UTC",INCLUDE,420,L3,0.85,,"Title 'Kids and their computers: Several hours a day of screen time is OK, study suggests' (The Conversation, Oct 2021) paraphrases the null/reassuring finding of paper 420 (Paulich 2021 PLOS ONE): ABCD study of 9-10 year olds showing screen time associations with mental health, academic, and social outcomes were modest. Publication date (Oct 2021) matches Paulich 2021. The 'screen time is OK' framing uniquely echoes the Paulich paper's conclusions about modest effect sizes in ABCD.",420,
A0681,CBS News,"Children who have smartphones by age 12 are at increased risk of health problems, new study finds",https://www.cbsnews.com/news/children-smartphones-increased-risk-of-health-problems-study/,"12/01/2025, 08:00 AM, +0000 UTC",INCLUDE,431,L3,0.97,,"Summary explicitly states '63.6% of the ABCD study's participants owned a [smartphone]' — this sample-specific statistic uniquely maps to paper 431 (Barzilay 2026 Pediatrics, smartphone ownership and health outcomes in ABCD). Title 'Children who have smartphones by age 12 are at increased risk of health problems' directly paraphrases paper 431's finding on age of acquisition. Published Dec 2025, matching paper 431's online-first date.",431,"... Adolescent Brain Cognitive Development Study (ABCD) between 2018 and 2020. ... According to researchers, 63.6% of the ABCD study's participants owned a ..."
A0682,cbsnews.com,"Phones, tablets, and their impact on kids' brains - 60 Minutes",https://www.cbsnews.com/news/phones-tablets-and-their-impact-on-kids-brains-60-minutes/,"Dec 9, 2018",EXCLUDE,,,0.0,"general ABCD coverage — 60 Minutes segment (Dec 2018) introduces the ABCD Study as a longitudinal research initiative, no specific corpus paper referenced","Summary describes Dr. Gaya Dowling of NIH explaining the ABCD study's 10,000-child longitudinal design. This is introductory/overview coverage of the ABCD Study launched in 2018, predating most corpus papers. No specific finding, author, or paper from candidate_papers.json is referenced or paraphrased.",,"The Adolescent Brain Cognitive Development (ABCD) study will follow more than 10,000 kids. Dr. Gaya Dowling of the National Institutes of Health explained ..."
A0683,Jefferson City News Tribune,Study links owning smartphone before age 12 to health risks,https://www.newstribune.com/news/2025/dec/23/study-links-owning-smartphone-before-age-12-to/,"12/23/2025, 08:00 AM, +0000 UTC",INCLUDE,431,L3,0.92,,"Title 'Study links owning smartphone before age 12 to health risks' (Jefferson City News Tribune, Dec 2025) directly paraphrases paper 431 (Barzilay 2026 Pediatrics): smartphone ownership/age of acquisition predicts health risks in early adolescents using ABCD data. Date (Dec 2025) matches paper 431 online-first publication. Unique combination of smartphone age-of-acquisition + health risk framing maps to paper 431.",431,
A0684,AAP,"Smartphone Ownership, Age of Smartphone Acquisition, and Health Outcomes in Early Adolescence",https://publications.aap.org/pediatrics/article-abstract/157/1/e2025072941/205716/Smartphone-Ownership-Age-of-Smartphone-Acquisition?autologincheck=redirected,"12/01/2025, 08:00 AM, +0000 UTC",INCLUDE,431,L1,0.99,,"URL is the AAP/Pediatrics journal abstract page for paper 431 (Barzilay et al., DOI 10.1542/peds.2025-072941): https://publications.aap.org/pediatrics/article-abstract/157/1/e2025072941/205716/Smartphone-Ownership-Age-of-Smartphone-Acquisition. Article title matches paper 431 title exactly. Direct journal page = L1 linkage.",431,
A0685,Diario AS,"Dr. Ran Barzilay, psychiatrist, on when it’s OK for kids to own a smartphone: “The findings do support delayin",https://en.as.com/latest_news/dr-ran-barzilay-psychiatrist-on-when-its-ok-for-kids-to-own-a-smartphone-the-findings-do-support-delaying-f202601-n/,"01/31/2026, 08:00 AM, +0000 UTC",INCLUDE,431,L2,0.95,,"Title names 'Dr. Ran Barzilay, psychiatrist' (first author of paper 431) discussing when kids should own smartphones — directly tied to paper 431's finding that early smartphone acquisition is linked to health risks. Published Jan 2026, shortly after paper 431's Dec 2025 online-first. Lead author surname (Barzilay) + smartphone timing + ABCD topic configuration uniquely maps to paper 431 (L2/L4).",431,
A0686,Futurism,Something Grim Is Happening to Kids Who Got Cell Phones Early,https://futurism.com/health-medicine/grim-happenings-kids-smartphones,"12/02/2025, 08:00 AM, +0000 UTC",INCLUDE,431,L3,0.92,,"Title 'Something Grim Is Happening to Kids Who Got Cell Phones Early' (Futurism, Dec 2025) paraphrases paper 431 (Barzilay 2026 Pediatrics): early smartphone acquisition → adverse health outcomes. Date (Dec 2025) matches paper 431. Distinctive framing of 'got cell phones early' → health risk uniquely maps to paper 431's age-of-acquisition finding.",431,
A0687,Politico,Kids’ smartphone use linked to health risks,https://www.politico.com/newsletters/future-pulse/2025/12/02/kids-smartphone-use-linked-to-health-risks-00672580,"12/02/2025, 08:00 AM, +0000 UTC",INCLUDE,431,L3,0.9,,"Title 'Kids' smartphone use linked to health risks' (Politico, Dec 2025) paraphrases paper 431 (Barzilay 2026 Pediatrics). Date, topic (smartphone + health risks in children), and framing align with paper 431. L3: exposure (smartphone ownership/use) + outcome (health risks) + child population uniquely consistent with paper 431.",431,
A0688,The Times of India,"Smartphone ownership linked to depression, obesity, and sleep loss in early adolescents: Study",https://timesofindia.indiatimes.com/technology/mobiles-tabs/smartphone-ownership-linked-to-depression-obesity-and-sleep-loss-in-early-adolescents-study/articleshow/127928562.cms,"03/07/2026, 08:00 AM, +0000 UTC",INCLUDE,431,L3,0.97,,"Title 'Smartphone ownership linked to depression, obesity, and sleep loss in early adolescents' (Times of India, Mar 2026) explicitly lists the three outcome domains from paper 431 (Barzilay 2026 Pediatrics: depression OR=1.31, obesity OR=1.40, insufficient sleep OR=1.62). The specific triad of depression + obesity + sleep loss in early adolescents from smartphone ownership is uniquely identifying of paper 431.",431,
A0689,Word on Fire,Parents Must Wake Up to the Dangers of Screen Addiction,https://www.wordonfire.org/articles/parents-must-wake-up-to-the-dangers-of-screen-addiction/,"03/12/2024, 07:00 AM, +0000 UTC",EXCLUDE,,,0.0,"general ABCD coverage of out-of-corpus topic — religious/moral opinion piece about screen addiction dangers, no specific corpus paper referenced","Word on Fire (Catholic media outlet) publishes opinion piece urging parents to address screen addiction. Provisional paper 521 (Must 2023 Frontiers in Pediatrics, autism + social screen time + obesity) has no thematic overlap. No author, journal, finding, or institution from any corpus paper is identifiable in title or outlet description. Generic screen-addiction advocacy.",521,
A0690,The Morning,Social media: Pros and cons of a teen social media ban in SL,https://www.themorning.lk/articles/PhDTyxfqXFKSEwn62aQG,"02/06/2026, 08:00 AM, +0000 UTC",EXCLUDE,,,0.0,"out-of-corpus topic — policy commentary on teen social media ban in Sri Lanka, no specific corpus paper referenced","The Morning (Sri Lanka) discusses pros and cons of a national social media ban for teens. Provisional paper 521 (Must 2023 Frontiers in Pediatrics) is unrelated. No author, finding, sample, or journal from any corpus paper appears. This is domestic policy commentary with no linkage to ABCD corpus.",521,
A0691,The Hill,Video gaming may be associated with better cognitive performance in children,https://thehill.com/changing-america/enrichment/education/3702176-video-gaming-may-be-associated-with-better-cognitive-performance-in-children/,"10/24/2022, 07:00 AM, +0000 UTC",EXCLUDE,,,0.0,"ABCD coverage of out-of-corpus topic — video gaming and cognitive performance, the referenced study (Chaarani 2022 JAMA Network Open on video games and cognition) is not in the corpus","The Hill (Oct 2022) covers an ABCD-based study finding video gaming may boost cognitive performance in children. This refers to Chaarani et al. 2022 JAMA Network Open, which is not in candidate_papers.json. Provisional paper 521 (Must 2023, autism/obesity) has no match. None of the 69 corpus papers study video gaming as the primary IV predicting cognitive outcomes in this framing.",521,
A0692,wsj.com,The Medical Case Against Rescheduling Weed,https://www.wsj.com/opinion/the-medical-case-against-rescheduling-weed-cannabis-6945c4b8,"Dec 14, 2025",EXCLUDE,,,0.0,"ABCD coverage of out-of-corpus topic — marijuana/cannabis rescheduling policy and prenatal exposure, unrelated to smartphone/social media corpus",WSJ opinion piece (Dec 2025) cites ABCD study for prenatal marijuana exposure findings. Cannabis policy/prenatal exposure is outside the smartphone-social media review corpus. No corpus paper is referenced or paraphrased.,,The National Institute on Drug Abuse's Adolescent Brain Cognitive Development longitudinal study shows prenatal marijuana exposure is also associated with later ...
A0693,cnn.com,Video gaming may have some cognitive benefits for kids ...,https://www.cnn.com/2022/10/24/health/kids-video-games-cognition-memory,,EXCLUDE,,,0.0,"ABCD coverage of out-of-corpus topic — video gaming and cognitive benefits (Chaarani 2022 JAMA Network Open), not in corpus","CNN (2022) covers ABCD data (nearly 2,000 9- and 10-year-olds) linking video gaming to cognitive/memory benefits. This is Chaarani et al. 2022 JAMA Network Open, not in candidate_papers.json. No corpus paper covers video gaming as a standalone exposure for cognitive outcomes in this configuration.",,"The research involved data from nearly 2,000 9- and 10-year-olds from the Adolescent Brain Cognitive Development (ABCD) Study, which is following about ..."
A0694,cnn.com,A detailed look at children's brains might show how sex ...,https://www.cnn.com/2024/07/12/health/sex-gender-child-brain,"Jul 12, 2024",EXCLUDE,,,0.0,"ABCD coverage of out-of-corpus topic — sex/gender differences in child brain development, unrelated to smartphone/social media",CNN (Jul 2024) covers ABCD study research on how biological sex shapes children's brain development. No smartphone or social media IV. No corpus paper covers sex/gender brain differences as the primary finding. Out-of-corpus topic.,,"... Adolescent Brain Cognitive Development (ABCD) study, the largest long-term study of brain development and child health in the United States. Over a period ..."
A0695,cnn.com,Parents' phone habits increase exposure of mature content ...,https://www.cnn.com/2025/02/04/health/parent-child-screen-time-wellness,"Feb 4, 2025",INCLUDE,184,L4,0.82,,"CNN (Feb 2025) summary states 'Nagata and other researchers analyzed data from the Adolescent Brain Cognitive Development (ABCD) Study, including more than 10,000 adolescents aged 12 to 13.' Title 'Parents' phone habits increase exposure of mature content' describes parental screen/phone behaviors linked to child screen outcomes — uniquely consistent with paper 184 (Nagata 2025 Pediatric Research: media parenting practices and early adolescent screen use, ABCD, n>10,000). L4: Nagata + ABCD + parental phone/media behavior + adolescent screen use configuration maps to paper 184.",,"Nagata and other researchers analyzed data from the Adolescent Brain Cognitive Development (ABCD) Study, including more than 10,000 adolescents aged 12 to 13."
A0696,cnn.com,"To curb kids' use of screens, parents may have to cut back ...",https://www.cnn.com/2024/06/27/health/parents-kids-screen-time-wellness,"Jun 27, 2024",INCLUDE,184,L4,0.8,,"CNN (Jun 2024) summary states 'The researchers analyzed data from the national ABCD Study, involving over 10,000 families with 12- and 13-year-olds.' Title 'To curb kids' use of screens, parents may have to cut back' describes parental screen behavior influencing child screen use — consistent with paper 184 (Nagata 2025 Pediatric Research: associations between media parenting practices and early adolescent screen use). L4: Nagata + ABCD + 10,000+ families + parental media practices predicting child screen use uniquely maps to paper 184. Note: article date (Jun 2024) is before paper 184's 2025 publication, suggesting online-first/preprint coverage.",,"The researchers analyzed data from the national Adolescent Brain Cognitive Development (ABCD) Study, involving over 10,000 families with 12- and 13-year-olds."
A0697,cnn.com,"Childhood sleep issues may raise suicide risk, study finds",https://www.cnn.com/2024/09/19/health/childhood-sleep-problems-suicide-risk-wellness,"Sep 19, 2024",EXCLUDE,,,0.0,"ABCD coverage of out-of-corpus topic — childhood sleep problems as predictor of suicide risk, sleep is the IV not a SM/phone variable","CNN (Sep 2024) covers ABCD data (8,800+ children) on childhood sleep problems predicting suicide risk. The IV is sleep disturbance, not a smartphone or social media variable. This does not match any corpus paper where SM/phone is the qualifying IV. Out-of-corpus topic.",,"That's why the authors used data from more than 8,800 children recruited by the Adolescent Brain Cognitive Development Study at 21 sites across the United ..."
A0698,cnn.com,Una mirada detallada al cerebro de los menores podría ...,https://cnnespanol.cnn.com/2024/07/12/cerebro-menores-diferencias-sexo-genero-estudio-trax,"Jul 12, 2024",EXCLUDE,,,0.0,ABCD coverage of out-of-corpus topic — sex/gender differences in child brain development (Spanish-language version of A0694 story),CNN Español (Jul 2024) is a Spanish-language version of the same sex/gender brain development story as A0694. ABCD coverage of sex/gender neurodevelopment — no smartphone or social media IV. Out-of-corpus topic.,,"... Adolescent Brain Cognitive Development (ABCD), el mayor estudio a largo plazo sobre el desarrollo cerebral y la salud infantil en Estados Unidos. Durante un ..."
A0699,usatoday.com,"Screen time among teens doubles during pandemic, study ...",https://www.usatoday.com/story/news/health/2021/11/01/covid-screen-time-among-teens-doubles-during-pandemic-study-finds/6230769001/,"Nov 1, 2021",EXCLUDE,,,0.0,"general ABCD coverage — COVID-19 pandemic screen time doubling in teens, does not link to a specific corpus paper","USA Today (Nov 2021) reports ABCD data showing teen screen time doubled during COVID-19. While papers 177 (Kiss 2023 Health Psychology) and 130 (Kiss 2022 J Adolesc Health) cover COVID + screen time in ABCD, this Nov 2021 article predates both publications by 1-2 years and likely covers an earlier descriptive report or press release not in the corpus. No author names, journal, or specific finding from any corpus paper is identifiable.",,"Using data from the Adolescent Brain Cognitive Development Study, a large, long-term study of brain development funded by the National Institutes of Health ..."
A0700,usatoday.com,"Video games linked to better cognitive skills in kids, study ...",https://www.usatoday.com/story/money/2022/10/25/video-games-linked-better-cognitive-skills-kids-study-shows/10596752002/,"Oct 27, 2022",EXCLUDE,,,0.0,ABCD coverage of out-of-corpus topic — video game benefits for cognitive skills; no phone/SM-specific paper from corpus covered,USA Today article about video games linked to better cognitive skills in ABCD kids (Oct 2022). Topic is video games only; no candidate corpus paper uniquely matches this framing.,,"The Adolescent Brain Cognitive Development Study, funded by the National Institutes of Health, tracks 12,000 children who entered the study when they were nine ..."
A0701,usatoday.com,"How anti-poverty programs help close rich, poor gap in ...",https://www.usatoday.com/story/news/health/2023/05/08/anti-poverty-programs-children-brain-development-health/70179467007/,"May 8, 2023",EXCLUDE,,,0.0,ABCD coverage of out-of-corpus topic — economic/anti-poverty programs and brain development,USA Today article about cash assistance programs and child brain development using ABCD data. No phone/SM variable or corpus paper involved.,,"Dowling is director of the Adolescent Brain Cognitive Development (ABCD) Study, which provided the data for the cash assistance study. ABCD Study is a long ..."
A0702,wired.com,We've Got the Screen Time Debate All Wrong. Let's Fix It,https://www.wired.com/story/year-in-review-tech-addiction-debate-all-wrong/,"Dec 20, 2018",EXCLUDE,,,0.0,"general ABCD coverage, no specific paper from corpus — 2018 overview discussing preliminary ABCD results predating corpus papers",Wired Dec 2018 piece arguing the screen time debate is framed wrongly. Mentions preliminary ABCD results from 60 Minutes. No specific corpus paper cited or paraphrased.,,"News outlets responded similarly in early December, when 60 Minutes reported on preliminary results from the Adolescent Brain Cognitive Development Study, a ..."
A0703,bbc.co.uk,Is an early night the key to better test results?,https://www.bbc.co.uk/news/articles/cvg7j0pg1e2o,"Apr 23, 2025",EXCLUDE,,,0.0,ABCD coverage of out-of-corpus topic — sleep timing and academic test performance; source paper published in Cell Reports by Fudan University (not in corpus),"BBC Apr 2025 article about sleep and better test results; ABCD data used by Qing Ma at Fudan University, published in Cell Reports. No phone/SM IV; not a corpus paper.",,"The study, published in Cell Reports, external, also used data from the Adolescent Brain Cognitive Development Study. Dr Qing Ma, of Fudan University, said ..."
A0704,medscape.com,Pediatric Sleep Disorders Differential Diagnoses,https://emedicine.medscape.com/article/916611-differential,"Sep 26, 2024",EXCLUDE,,,0.0,ABCD coverage of out-of-corpus topic — Medscape clinical reference page on pediatric sleep disorders differential diagnoses; no phone/SM corpus paper identified,Medscape reference article on pediatric sleep disorder differential diagnoses citing an ABCD sleep prediction study from Sleep 2024. No phone/SM-specific corpus paper linked or paraphrased.,,"Data-driven, generalizable prediction of adolescent sleep disturbances in the multisite Adolescent Brain Cognitive Development Study. Sleep. 2024 Jun 13. 47 ..."
A0705,sciencealert.com,Groundbreaking Study Reveals The Extent of Brain ...,https://www.sciencealert.com/groundbreaking-study-reveals-the-extent-of-brain-abnormalities-in-american-children,"Mar 26, 2021",EXCLUDE,,,0.0,ABCD coverage of out-of-corpus topic — brain abnormalities prevalence in US children,ScienceAlert Mar 2021 article about incidental brain abnormalities found in ABCD neuroimaging. No phone/SM IV; out-of-corpus topic.,,"The Adolescent Brain Cognitive Development (ABCD) Study is the largest long-term study of its kind in the United States, involving almost 11,700 healthy ..."
A0706,sciencealert.com,Sex And Gender Show Distinct Variations in Brain ...,https://www.sciencealert.com/sex-and-gender-show-distinct-variations-in-brain-connectivity,"Jul 23, 2024",EXCLUDE,,,0.0,ABCD coverage of out-of-corpus topic — sex and gender differences in brain connectivity,ScienceAlert Jul 2024 article about sex/gender brain connectivity using ABCD data. No phone/SM IV; out-of-corpus topic.,,... Adolescent Brain Cognitive Development (ABCD) Study. This data was cross-referenced against answers given by the kids on their feelings about their gender ...
A0707,sciencealert.com,Study of 11000 US Teens Links Cannabis Use to Slower ...,https://www.sciencealert.com/study-of-11000-us-teens-links-cannabis-use-to-slower-brain-development,"Apr 22, 2026",EXCLUDE,,,0.0,ABCD coverage of out-of-corpus topic — cannabis use and brain development,"ScienceAlert Apr 2026 article about cannabis use linked to slower brain development in 11,000 ABCD teens. Cannabis as IV, brain development as DV; no phone/SM variable; out-of-corpus topic.",,"It's based on data from the Adolescent Brain Cognitive Development study, which tracked the brain health and function of 11,036 young people from age 9 or ..."
A0708,sciencealert.com,Boosted Brain Activity Observed in Children Who Play ...,https://www.sciencealert.com/boosted-brain-activity-observed-in-children-who-play-video-games,"Oct 25, 2022",EXCLUDE,,,0.0,ABCD coverage of out-of-corpus topic — video game play and fMRI brain activity (Chaarani et al.),ScienceAlert Oct 2022 article about Chaarani et al. ABCD study showing boosted brain activity in video-game-playing children. Video games only; no phone/SM-specific corpus paper.,,"​For the new research, Chaarani and colleagues analyzed data from the large and ongoing Adolescent Brain Cognitive Development (ABCD) Study, which is funded by ..."
A0709,sciencealert.com,Playing Video Games Has an Unexpected Effect on Kids' ...,https://www.sciencealert.com/playing-video-games-has-an-unexpected-effect-on-kids-iq-study-says,"Jan 18, 2026",INCLUDE,190,L3,0.72,,"ScienceAlert Jan 2026 article 'Playing Video Games Has an Unexpected Effect on Kids IQ' — reports 9,855 ABCD kids ages 9-10, screen time and IQ outcomes. Sauce et al. 2022 Scientific Reports (paper 190) used ABCD n~9,855 baseline, examined digital media categories (video games, TV, socializing) and intelligence. Three of six L3 markers present: sample size (9,855), cognitive/IQ outcome, ABCD cohort. The article's 'unexpected effect' framing matches Sauce 2022's finding that video games predicted IQ gains while socializing predicted decline. Confidence moderate given snippet only.",,"The researchers looked at screen time records for 9,855 kids in the ABCD Study, all in the US and aged 9 or 10. On average, the youngsters reported spending ..."
A0710,sciencealert.com,Study of 6000 Scans Reveals Brain-Wide Patterns Linked ...,https://www.sciencealert.com/study-of-6000-scans-reveals-brain-wide-patterns-linked-to-adhd-symptoms,"Feb 1, 2024",EXCLUDE,,,0.0,"ABCD coverage of out-of-corpus topic — brain-wide patterns linked to ADHD symptoms (neuroimaging, no phone/SM IV)","ScienceAlert Feb 2024 article about 6,000 brain scans revealing ADHD-linked patterns in ABCD data. No phone/SM variable; out-of-corpus topic.",,"... Adolescent Brain Cognitive Development Study, a long-term US study of brain development into adulthood. The link between PNRS and ADHD symptoms was then ..."
A0711,scientificamerican.com,Massive Study Flips Our Story of Addiction and the Brain,https://www.scientificamerican.com/article/addiction-risk-shows-up-in-childrens-brain-scans-before-drug-use-starts/,"Jul 7, 2025",EXCLUDE,,,0.0,ABCD coverage of out-of-corpus topic — substance addiction risk in brain scans before drug use (JAMA Network Open Dec 2024 substance paper),Scientific American Jul 2025 article about addiction risk showing up in children's brain scans before drug use starts. JAMA Network Open Dec 2024 referenced — substance/addiction neuroimaging paper not in corpus; no phone/SM IV.,,"Published in December 2024 in JAMA Network Open, the new work is part of the ongoing NIDA-led Adolescent Brain Cognitive Development initiative, the largest ..."
A0712,scientificamerican.com,The Pandemic Disrupted Adolescent Brain Development,https://www.scientificamerican.com/article/the-pandemic-disrupted-adolescent-brain-development/,"Nov 17, 2023",EXCLUDE,,,0.0,ABCD coverage of out-of-corpus topic — COVID pandemic effects on adolescent brain development (neuroimaging),"Scientific American Nov 2023 article about pandemic disrupting adolescent brain development, using ABCD neuroimaging data from Stamoulis et al. (n=1,414). No phone/SM IV; out-of-corpus topic.",,"Stamoulis and her colleagues looked at neuroimaging data from 1,414 adolescents in the Adolescent Brain Cognitive Development Study, the largest ongoing ..."
A0713,scientificamerican.com,Is social media addictive? The science reveals what's at ...,https://www.scientificamerican.com/article/is-social-media-addictive-the-science-reveals-whats-at-stake/,"Mar 24, 2026",INCLUDE,3,L4,0.7,,"Scientific American Mar 2026 article 'Is social media addictive? The science reveals what's at stake' references ABCD Study tracking children's mental health and 'the May [2025]' paper. Xiao et al. 2025 JAMA (paper 3) — published May 2025 — uses SMAQ/MPIQ to measure addictive SM/phone use trajectories predicting suicidal behaviors and mental health in ABCD. The article's framing of social media addiction science + ABCD mental health tracking + JAMA 2025 publication timing satisfies L4 (ABCD + social media addiction topic + mental health outcomes). Confidence 0.70 — snippet only, 'the May' reference suggestive but not confirmatory.",,"... Adolescent Brain Cognitive Development (ABCD) Study, a large, long-term investigation that has been tracking children's mental health over time. The May ..."
A0714,scientificamerican.com,Is Cannabis Bad for Teens? Data Paint a Conflicting Picture,https://www.scientificamerican.com/article/is-cannabis-bad-for-teens-data-paint-a-conflicting-picture/,"Dec 13, 2023",EXCLUDE,,,0.0,ABCD coverage of out-of-corpus topic — cannabis safety for teens,"Scientific American Dec 2023 article about conflicting data on cannabis and teen health, referencing ABCD as NIDA-funded study. No phone/SM variable; out-of-corpus topic.",,"In the hope of getting a better handle on the situation, her agency funded the Adolescent Brain Cognitive Development (ABCD) study. Started in 2015, ABCD ..."
A0715,scientificamerican.com,Are Smartphones Really Destroying the Lives of Teenagers?,https://www.scientificamerican.com/article/are-smartphones-really-destroying-the-lives-of-teenagers/,"Feb 1, 2018",EXCLUDE,,,0.0,"general ABCD coverage, no specific paper from corpus — Feb 2018 overview predating all corpus papers",Scientific American Feb 2018 article about smartphones and teenagers referencing ABCD's $300M funding. Published before any corpus paper; no specific paper identifiable.,,"The ABCD (Adolescent Brain Cognitive Development) study has received funding of $300 million, “which is more than the entire history of adolescent research ..."
A0716,scientificamerican.com,Why Do So Many Mental Illnesses Overlap?,https://www.scientificamerican.com/article/why-do-so-many-mental-illnesses-overlap/,"Mar 4, 2024",EXCLUDE,,,0.0,ABCD coverage of out-of-corpus topic — genetics and mental illness comorbidity (presented at ASHG 2023),Scientific American Mar 2024 article about overlapping mental illnesses and genetics using ABCD data (ASHG 2023 meeting). No phone/SM variable; out-of-corpus topic.,,"... Adolescent Brain Cognitive Development (ABCD) Study, the scientists reported at the 2023 meeting of the American Society for Human Genetics. The researchers ..."
A0717,scientificamerican.com,Marijuana May Not Lower Your IQ,https://www.scientificamerican.com/article/marijuana-may-not-lower-your-iq/,"May 7, 2020",EXCLUDE,,,0.0,"ABCD coverage of out-of-corpus topic — marijuana and IQ (2020 article, pre-corpus); general anticipatory reference to forthcoming ABCD data",Scientific American May 2020 article about marijuana and IQ referencing the ABCD study as forthcoming data source. Pre-corpus publication date; no phone/SM-specific corpus paper referenced.,,"For now, investigators are eagerly awaiting data from the recently launched Adolescent Brain and Cognitive Development (ABCD) study. ABCD is following ..."
A0718,scientificamerican.com,Why You Shouldn't Ignore Loud Snoring in Kids,https://www.scientificamerican.com/article/why-you-shouldnt-ignore-loud-snoring-in-kids/,"Apr 15, 2025",EXCLUDE,,,0.0,ABCD coverage of out-of-corpus topic — pediatric sleep apnea/snoring and health outcomes,"Scientific American Apr 2025 article about pediatric snoring using ABCD data (nearly 12,000 children, two papers on snoring/sleep apnea). No phone/SM variable; out-of-corpus topic.",,"In two recent papers using data from nearly 12,000 children enrolled in the ongoing Adolescent Brain Cognitive Development study, pediatric ..."
A0719,livescience.com,Is there really a difference between male and female brains ...,https://www.livescience.com/health/neuroscience/is-there-really-a-difference-between-male-and-female-brains-emerging-science-is-revealing-the-answer,"Mar 7, 2025",EXCLUDE,,,0.0,ABCD coverage of out-of-corpus topic — sex/gender differences in brain structure (Dhamala et al.),LiveScience Mar 2025 article about male vs. female brain differences using ABCD data (Dhamala et al.). No phone/SM variable; out-of-corpus topic.,,"Dhamala and colleagues recently aimed to fill in that gap using data from the Adolescent Brain and Cognitive Development (ABCD) study, an enormous U.S. ..."
A0720,livescience.com,How Drug Addiction Hijacks the Brain,https://www.livescience.com/62767-drug-addiction-alters-six-brain-networks.html,"Jun 8, 2018",EXCLUDE,,,0.0,"general ABCD coverage, no specific paper from corpus — Jun 2018 article predating all corpus papers","LiveScience Jun 2018 article about drug addiction and brain networks, with ABCD mentioned as an exciting forthcoming study. Pre-corpus; no specific corpus paper.",,"Zilverstand added that she's particularly excited about an ongoing study called the Adolescent Brain Cognitive Development (ABCD) Study, which is tracking ..."
A0721,axios.com,Smartphones at age 12 linked to worse health,https://www.axios.com/2025/12/01/smartphones-age-12-worse-health-study,"Dec 1, 2025",INCLUDE,431,L3,0.92,,"Axios Dec 1, 2025 article 'Smartphones at age 12 linked to worse health' — 'Preteens who own smartphones are likelier to have depression, obesity and insufficient sleep than their peers.' This uniquely maps to Barzilay et al. 2026 Pediatrics (paper 431, 'Smartphone Ownership, Age of Smartphone Acquisition, and Health Outcomes in Early Adolescence'): smartphone ownership predicts depression (OR=1.31), obesity (OR=1.40), insufficient sleep (OR=1.62) in ABCD. L3 satisfied: smartphone ownership exposure + depression/obesity/sleep outcomes + ABCD configuration uniquely match paper 431. Published Dec 2025 consistent with ahead-of-print Pediatrics 2026 paper.",,"Preteens who own smartphones are likelier to have depression, obesity and insufficient sleep than their peers."
A0722,pbs.org,New study finds link between pre-teen use of social media ...,https://www.pbs.org/newshour/show/new-study-finds-link-between-pre-teen-use-of-social-media-and-depression,"May 24, 2025",INCLUDE,8,L3,0.88,,"PBS NewsHour May 24, 2025 segment 'New study finds link between pre-teen use of social media and depression' — ABCD Study, 12,000 kids, social media and depression in pre-teens. Nagata et al. 2025 JAMA Network Open (paper 8, 'Social Media Use and Depressive Symptoms During Early Adolescence') satisfies L3: social media as IV, depressive symptoms as DV, ABCD cohort, early adolescence sample. Publication date of May 24, 2025 is consistent with the JAMA Network Open 2025 paper's release. L3 criteria met: exposure (social media use), outcome (depression/depressive symptoms), sample (ABCD, 12,000 kids).",,"So, yeah, the data comes from the Adolescent Brain Cognitive Development Study. It is a national study that follows these 12,000 kids from over 21 different ..."
A0723,pbs.org,Second Opinion with Joan Lunden | Brain Health | Season 18,https://www.pbs.org/video/brain-health-cfmAr2/,,EXCLUDE,,,0.0,"general ABCD coverage, no specific paper from corpus — PBS 'Second Opinion with Joan Lunden' segment describes ABCD Study in general terms with no dateable specific finding",PBS TV segment with no publication date discussing ABCD as 'the largest brain study.' General overview; no specific corpus paper identifiable from snippet.,,"You are one of the researchers at this ABCD Study, which I find so fascinating. See Adolescent Brain Cognitive Development Study. It's the largest brain ..."
A0724,pbs.org,Adelante | Social Media Effect on Children,https://www.pbs.org/video/social-media-effect-on-children-okrvh7/,,EXCLUDE,,,0.0,"general ABCD coverage, no specific paper from corpus — Spanish-language PBS overview of ABCD Study and child/brain development","PBS 'Adelante' segment (Spanish-language, no date) describing ABCD Study in general terms ('investigando muchas areas del desarrollo de los ninos'). General overview; no specific corpus paper identifiable.",,El ABCD es Adolescent Brain Cognitive Development. Está investigando muchas áreas del desarrollo de los niños y del desarrollo en el cerebro. Una de las ...
A0725,pbs.org,NOVA | The Cannabis Question | Season 48 | Episode 11,https://www.pbs.org/video/the-cannabis-question-82boad/,,EXCLUDE,,,0.98,ABCD coverage of out-of-corpus topic — PBS NOVA documentary about cannabis effects on adolescent brains; no mention of smartphone or social media; no linkage to any corpus paper.,Summary references ABCD Study in context of cannabis research ('NARRATOR: N.I.H.. researchers will evaluate...'). All 69 corpus papers concern smartphone/social media use; this documentary covers cannabis neuroscience.,,"... Adolescent Brain Cognitive Development Study. And would you say that's definitely a no, kind of no... NARRATOR: N.I.H.. researchers will evaluate the ..."
A0726,pbs.org,Voices of Hope | Understanding Today's Marijuana: Part Two ...,https://www.pbs.org/video/understanding-todays-marijuana-part-two-exujgx/,,EXCLUDE,,,0.98,ABCD coverage of out-of-corpus topic — PBS segment about marijuana/cannabis exposure in adolescents; no smartphone/social media content; no linkage to any corpus paper.,Summary references ABCD Study in context of cannabis-exposed babies ('when they follow these babies that were exposed to cannabis'). No phone/SM content; out-of-corpus topic.,,"- What we're seeing, based on a lot of data, the ABCD study, the National Institute of Health, when they follow these babies that were exposed to cannabis ..."
A0727,statnews.com,Brain MRIs reveal impact of 'toxic stress' on Black children,https://www.statnews.com/2023/02/01/brain-scans-reveal-disparate-impact-of-poverty-toxic-stress-on-black-children/,"Feb 1, 2023",EXCLUDE,,,0.98,ABCD coverage of out-of-corpus topic — STAT News article about brain MRIs and the impact of poverty/toxic stress on Black children; no smartphone or social media content; no linkage to any corpus paper.,Article uses ABCD Study data for brain imaging analysis of racial disparities and toxic stress. None of the 69 corpus papers cover this topic; no L1–L4 link possible.,,"The current study took advantage of the powerful Adolescent Brain Cognitive Development, or ABCD, study established and funded by the National Institutes of ..."
A0728,statnews.com,How weed affects adolescent brains - STAT News,https://www.statnews.com/2026/04/20/health-news-how-weed-affects-adolescent-brains/,"Apr 20, 2026",EXCLUDE,,,0.98,"ABCD coverage of out-of-corpus topic — STAT News article about cannabis/weed effects on adolescent brains, citing a Neuropsychopharmacology paper; no smartphone/social media content; no linkage to any corpus paper.","Summary states 'research, published yesterday in Neuropsychopharmacology, used data from the NIH-supported Adolescent Brain Cognitive Development Study' in context of cannabis. All 69 corpus papers are about phone/SM use; this is an out-of-corpus substance-use topic.",,"The research, published yesterday in Neuropsychopharmacology, used data from the NIH-supported Adolescent Brain Cognitive Development Study, following youth ..."
A0729,statnews.com,Psilocybin desynchronizes the human brain,https://www.statnews.com/wp-content/uploads/2025/02/statmadness-25-6.pdf,,EXCLUDE,,,0.97,ABCD coverage of out-of-corpus topic — PDF document about psilocybin brain desynchronization; ABCD Study appears only as a cited methodology reference (Dev Cogn Neurosci 2018 imaging protocol); no smartphone/social media content; no linkage to any corpus paper.,ABCD Study appears only in a reference list citation for imaging acquisition methodology. No phone/SM content; psilocybin neuroscience is out-of-corpus.,,"The Adolescent Brain Cognitive Development (ABCD) study: imaging acquisition across 21 sites. Dev. Cogn. Neurosci. 32, 43–54 (2018). Article CAS PubMed ..."
A0730,statnews.com,A MacArthur 'genius' will likely use his grant to ... - STAT News,https://www.statnews.com/2020/10/29/a-macarthur-genius-will-likely-use-his-grant-to-support-his-wifes-work-in-the-name-of-science/,"Oct 29, 2020",EXCLUDE,,,0.98,"General ABCD coverage, no specific paper from corpus — STAT News profile of a MacArthur 'genius' awardee; ABCD Study mentioned as one of several large-scale data projects; no smartphone/social media findings; no linkage to any corpus paper.",Summary describes ABCD Study as 'a National Institutes of Health-funded effort to collect and compare the...' in passing reference to the researcher's portfolio. No phone/SM topic; no corpus paper identifiable.,,"He's been instrumental in many large-scale data projects, including the ABCD Study — a National Institutes of Health-funded effort to collect and compare the ..."
A0731,statnews.com,"Trans, nonbinary researchers see more than funding threatened",https://www.statnews.com/2025/12/09/how-research-funding-cuts-impacted-trans-nonbinary-scientists/,"Dec 9, 2025",EXCLUDE,,,0.98,"General ABCD coverage, no specific paper from corpus — STAT News article about trans/nonbinary researchers and funding cuts; ABCD Study mentioned only as a data source a researcher needed to access; no smartphone/social media findings; no linkage to any corpus paper.","Summary notes researcher 'needed to retrieve data from the NIH's Adolescent Brain Cognitive Development Study, which included extensive information about...' — incidental data-access mention, no phone/SM research findings, no corpus paper referenced.",,"This summer, Zubizarreta needed to retrieve data from the NIH's Adolescent Brain Cognitive Development Study, which included extensive information about ..."
A0732,kffhealthnews.org,Health Officials Confirm Wind-Down Of Federal HIV Meds ...,https://kffhealthnews.org/morning-breakout/health-officials-confirm-wind-down-of-federal-hiv-meds-program/,"Jul 24, 2024",EXCLUDE,,,0.95,"General ABCD coverage, no specific paper from corpus — KFF Health News morning briefing primarily about federal HIV medication program wind-down; ABCD Study mentioned briefly in a separate item about screen time among tweens, but no specific corpus paper named, no author, no journal, no distinctive finding linkable to any of the 69 papers.","Summary says 'A majority of the tweens' surveyed in ABCD Study context; no author surname, no journal name, no distinctive paraphrase mappable to any of the 69 corpus papers via L1–L4.",,"... Adolescent Brain Cognitive Development Study, a large, long-term study of brain development and child health in the United States. A majority of the tweens ..."
A0733,kffhealthnews.org,"Friday, October 3, 2025 - KFF Health ...",https://kffhealthnews.org/morning-briefing/friday-october-3-2025/,"Oct 3, 2025",EXCLUDE,,,0.98,"General ABCD coverage, no specific paper from corpus — KFF Health News morning briefing referencing ABCD Study as a 10-year NIH-funded longitudinal study; no specific corpus paper named; no author, journal, finding, or institution linkable to any of the 69 papers.","Summary describes ABCD as 'a 10-year national Adolescent Brain Cognitive Development (ABCD) Study, funded by the federal National Institutes of Health (NIH) and partners' in a general editorial context. No phone/SM research findings; no corpus paper identifiable.",,"Consider a 10-year national Adolescent Brain Cognitive Development (ABCD) Study, funded by the federal National Institutes of Health (NIH) and partners. My ..."
